LM,pdr,mean_tp_dbm,mean_sf,mean_toa_s,mean_energy_j,mean_toa_delivered_s,mean_energy_delivered_j,frac_tp_clamped_high,frac_tp_clamped_low,scheme
0.0,84.13558297766723,15.044929246304168,8.293919593380563,0.13078406854688587,0.036484681323745126,0.13513333769423655,0.03788319149963693,0.00045323822524860656,0.0003992812936713915,Friis
0.05,84.13558297766723,15.047391184185736,8.312917828988901,0.1347012595921935,0.03720922163730446,0.13933248567635687,0.03864849595077447,0.00045323822524860656,0.00038848990735594846,Friis
0.1,84.13558297766723,15.096337605737082,8.31332250597573,0.13486532457792189,0.037574306514711886,0.13952748638821022,0.03903019321590174,0.00045323822524860656,0.000383094214198227,Friis
0.15,84.13558297766723,15.145580859771725,8.313608477713089,0.1349783285221736,0.037938622122929665,0.13966146646914337,0.03941033919337816,0.00045323822524860656,0.000383094214198227,Friis
0.2,84.13558297766723,15.195485086218174,8.313630060485721,0.13497986314363875,0.03829623531868729,0.13966329045539372,0.039781939226976405,0.00045323822524860656,0.000383094214198227,Friis
0.25,84.13558297766723,15.245308614118269,8.313684017417298,0.13498209532031535,0.03865805626256444,0.13966577770937147,0.040157905430261855,0.00045323822524860656,0.00037230282788278395,Friis
0.3,84.13558297766723,15.268760980796692,8.32428655447222,0.1372762148996671,0.03924619135197591,0.14224257283029032,0.04078772016322452,0.00047482099787949256,0.00037230282788278395,Friis
0.35,84.13558297766723,15.294490801407534,8.333977219383488,0.13933930419299315,0.03981814752958294,0.14455273432479748,0.04139830152396519,0.0005017994636681002,0.00036690713472506246,Friis
0.4,84.13558297766723,15.344407162468812,8.33399340646296,0.13934111783654288,0.04019478872467654,0.14455472412797968,0.04178982680327268,0.0005017994636681002,0.0003615114415673409,Friis
0.45,84.13612254698299,15.394283131719279,8.334025780621907,0.1393441870794732,0.04057591256077542,0.14455761085601418,0.042185786853548374,0.0005017994636681002,0.00035611574840961944,Friis
0.5,85.32857073483945,15.443107140395549,8.334479018847157,0.13952248219151475,0.04097843049825633,0.14310756945024092,0.04205872812832921,0.0005017994636681002,0.00035611574840961944,Friis
0.55,87.33792686677494,15.49197199854098,8.334916069992932,0.1396587844798282,0.04138149266596611,0.1405660626938332,0.04159919718474169,0.0005017994636681002,0.0003453243620941764,Friis
0.6,87.33792686677494,15.541902649969309,8.334926861379246,0.13966213274484307,0.0417761895569048,0.1405698963834283,0.04199566780794328,0.0005233822362989861,0.0003399286689364549,Friis
0.65,87.33792686677494,15.59181850142999,8.33494304845872,0.13966408589943508,0.04217521376504976,0.14057213270235877,0.04239645104139002,0.0005341736226144292,0.0003399286689364549,Friis
0.7,87.33792686677494,15.641761344691028,8.334948444151879,0.13966520198777338,0.04257877431923527,0.14057341059889045,0.042801778790004665,0.0005341736226144292,0.00033453297577873344,Friis
0.75,87.38540896656289,15.691569767814501,8.335007796776614,0.1396709219405071,0.04298745486683397,0.14051746327969672,0.04318982662653996,0.0005341736226144292,0.0003291372826210119,Friis
0.8,88.60915217473413,15.732043554338492,8.338800969066492,0.1412234008190662,0.04355076656213608,0.1442639221541572,0.04445079066673985,0.0005557563952453152,0.0003291372826210119,Friis
0.85,90.07947856021323,15.77294648709528,8.342421479175322,0.14255880051582825,0.044099051840404614,0.14763584419007234,0.04570612821791139,0.0005935262473493657,0.0003237415894632904,Friis
0.9,90.07947856021323,15.822873662356432,8.342432270561638,0.1425604746483357,0.04452301515248901,0.14763770269606522,0.04614547158044519,0.0005935262473493657,0.00031834589630556887,Friis
0.95,90.07947856021323,15.872801271524978,8.342443061947954,0.14256270682501226,0.04495194074935338,0.1476401807040558,0.04658996114290758,0.0005935262473493657,0.0003129502031478474,Friis
1.0,90.07947856021323,15.922634943316815,8.342491623186373,0.1425663341121117,0.045385963973380274,0.14764420746704043,0.04703974321364354,0.0006151090199802518,0.00030215881683240436,Friis
1.05,90.08001812952901,15.972330840483911,8.34259414135637,0.14257498379673345,0.04582528811545366,0.14765277044349137,0.04749475500940278,0.0006582745652420238,0.00029676312367468287,Friis
1.1,90.08055769884479,16.002710244895752,8.350423292128223,0.14580215322689433,0.0465816213366913,0.1512308610653553,0.04830097292058457,0.0006582745652420238,0.0002913674305169614,Friis
1.15,90.08055769884479,16.035248334851826,8.357389131994841,0.14839482643673818,0.04728447428236364,0.15402478160396288,0.04903987424496997,0.0006582745652420238,0.00028057604420151836,Friis
1.2,90.08055769884479,16.085039667465974,8.357453880312734,0.1483976166575839,0.04774173481338903,0.15402772420319977,0.04951389642782983,0.0006582745652420238,0.00026978465788607533,Friis
1.25,90.08109726816056,16.13473696907982,8.357556398482732,0.14840236003302165,0.04820447772243557,0.15403222215034443,0.04999335071668345,0.0006582745652420238,0.00026978465788607533,Friis
1.3,90.08109726816056,16.145612141217818,8.373187721560651,0.1532023769539154,0.049137324504898404,0.15901137998203055,0.0509606942988384,0.0006798573378729098,0.00026978465788607533,Friis
1.35,90.08109726816056,16.15107590670839,8.390982717594817,0.15814162589501063,0.05009367510741237,0.1639103137466307,0.05193053761074426,0.0007068358036615174,0.00026978465788607533,Friis
1.4,90.08109726816056,16.20100009721953,8.390993508981131,0.15814413709377179,0.05057747153958247,0.16391310145552562,0.05243194975777071,0.0007068358036615174,0.00026978465788607533,Friis
1.45,90.08109726816056,16.25088382003198,8.39102048744692,0.1581467878035752,0.051066882399233904,0.16391604403713686,0.052939181670179705,0.0007068358036615174,0.00026978465788607533,Friis
1.5,91.23739431186027,16.281032838449022,8.398941365002456,0.16139237269131781,0.051876264480623345,0.16572210785780608,0.05316798786350722,0.0007068358036615174,0.00026438896472835385,Friis
1.55,93.48146309615665,16.311236051313056,8.40684065978536,0.16428778486292245,0.05266046432696158,0.16538172280839467,0.05280807807215929,0.0007068358036615174,0.0002589932715706323,Friis
1.6,93.48200266547242,16.320180312771434,8.423243566984834,0.16768097243340366,0.05349893304054276,0.16848044974690193,0.05361933336087879,0.0007607927352387325,0.0002589932715706323,Friis
1.65,93.48200266547242,16.31793713666073,8.444119503812058,0.17199744408173395,0.05443614737432313,0.17229647555886476,0.054508569453626095,0.000809353973658226,0.0002589932715706323,Friis
1.7,93.48200266547242,16.36782976236689,8.444141086584688,0.17199925772528368,0.05496156291722567,0.1722982664196291,0.05503446675467518,0.000809353973658226,0.0002589932715706323,Friis
1.75,93.48470051205128,16.417601056951344,8.444211230595739,0.17200162941300257,0.05549311549794775,0.17229627879809298,0.05556498620168949,0.000809353973658226,0.0002535975784129108,Friis
1.8,94.61617736722549,16.39047028105903,8.47504222129896,0.1813967215336718,0.056941148605962125,0.1834381865358843,0.057552143915979355,0.000852519518919998,0.0002535975784129108,Friis
1.85,96.21384211122682,16.352273771769106,8.510297680391512,0.19121285797996038,0.05844521768118618,0.19503302774849146,0.05969978315033751,0.0009118721436549346,0.0002428061920974678,Friis
1.9,96.21384211122682,16.40220282347844,8.51030307608467,0.19121341602412953,0.05900514988260236,0.19503360775252923,0.060271867684551984,0.0009118721436549346,0.00022661911262430328,Friis
1.95,96.21438168054259,16.452119001694303,8.510313867470984,0.1912138345572564,0.05957155193663094,0.1950374440126292,0.060851431224892845,0.0009118721436549346,0.00022122341946658177,Friis
2.0,96.21438168054259,16.46149996859177,8.526538716796253,0.19455428695375346,0.06046820040858443,0.19822512832764122,0.06174571389668654,0.0009712247683898712,0.00022122341946658177,Friis
2.05,96.21438168054259,16.45864175831543,8.547657459815575,0.19884090323903464,0.06146653165756205,0.20224366376733574,0.06273043755963711,0.0010089946204939217,0.00021043203315113877,Friis
2.1,96.21438168054259,16.456539326476523,8.568474044018064,0.20744775797078777,0.06289068671214929,0.21118437586993952,0.06419944293986957,0.0010089946204939217,0.00021043203315113877,Friis
2.15,96.21546081917414,16.459373953876945,8.587315804524827,0.21523526435119486,0.06425032407674318,0.2192688675015001,0.06560036553527986,0.0010089946204939217,0.00021043203315113877,Friis
2.2,96.21546081917414,16.508975851129136,8.587450696853772,0.21523875212725196,0.06486313717453267,0.21927234746717958,0.06622629337816463,0.0010089946204939217,0.00019964064683569574,Friis
2.25,96.21546081917414,16.556689747386887,8.588340986224795,0.21526414313694806,0.06548517169865843,0.21929859220834574,0.06686167815659898,0.0010089946204939217,0.00019424495367797423,Friis
2.3,96.2160003884899,16.53502810798211,8.61698132550598,0.2255170886566343,0.0671055773438631,0.22988292364288915,0.06852737498607489,0.0011978438810141745,0.00018345356736253123,Friis
2.35,96.2160003884899,16.509651927038814,8.647100084712383,0.23576919711006666,0.06874185272432816,0.24042455056078962,0.070205536384195,0.0014190673004807564,0.00017805787420480972,Friis
2.4,96.2160003884899,16.559558636360755,8.647105480405541,0.23577031319840497,0.0693928007472128,0.24042571054284434,0.07087049391656856,0.0014190673004807564,0.0001726621810470882,Friis
2.45,96.2160003884899,16.608966584699786,8.647310516745534,0.2357756146180119,0.0700516926806015,0.2404312204576043,0.0715435735482125,0.0014190673004807564,0.0001618707947316452,Friis
2.5,96.57373484484685,16.607251124639635,8.66796523015329,0.24424602755040928,0.07153864758534424,0.24840456096947755,0.07282223904698938,0.0014190673004807564,0.00015107940841620218,Friis
2.55,97.39118235824165,16.602460521988405,8.68985016160101,0.2521550480486476,0.07298691574287419,0.2546546263781316,0.07373417325363583,0.0014190673004807564,0.0001456837152584807,Friis
2.6,97.39118235824165,16.652340345772014,8.689866348680484,0.2521574197363664,0.07367729638487519,0.25465706159625034,0.07443161055823512,0.0018129529009944263,0.0001456837152584807,Friis
2.65,97.39118235824165,16.702176157663022,8.689887931453114,0.2521603494682544,0.07437357647253208,0.2546593535662445,0.07513490333223422,0.0020827375588805016,0.00014028802210075918,Friis
2.7,97.39118235824165,16.752011404484243,8.689909514225745,0.2521634187111847,0.07507785836446522,0.25466250502498644,0.07584634746577101,0.0020827375588805016,0.00012949663578531615,Friis
2.75,97.39118235824165,16.801253309595577,8.690168507497315,0.2521731844841447,0.0757909443104039,0.2546721026493369,0.07656665417265389,0.0020827375588805016,0.00012949663578531615,Friis
2.8,97.64693821391765,16.825416991211224,8.70045809434909,0.2563597713521067,0.07691697105031123,0.25936580332869175,0.07783946957074678,0.0025737456362331587,0.00012949663578531615,Friis
2.85,98.08021237448268,16.840627407435104,8.714314234378119,0.2603471364516843,0.07803340791637867,0.2639755713822033,0.0791530978906722,0.0028813001462232846,0.00012410094262759467,Friis
2.9,98.08183108243,16.890436669681986,8.714330421457593,0.26035076373878374,0.07877246079486827,0.26397505528721854,0.0799014737283543,0.0028813001462232846,0.00012410094262759467,Friis
2.95,98.08237065174578,16.94020546423018,8.71436279561654,0.26035690222464436,0.07952031418014668,0.2639800038508298,0.08065964654218094,0.0028813001462232846,0.00012410094262759467,Friis
3.0,98.08237065174578,16.989487133966545,8.714589414729163,0.26037029528470373,0.08027742168208413,0.2639930898068534,0.08142758301726387,0.003302164212525562,0.00012410094262759467,Friis
3.05,98.08237065174578,17.030560113509722,8.718085823895366,0.26046683692596573,0.08104896775803688,0.2640908077610725,0.08221018088750034,0.003620510108831131,0.00012410094262759467,Friis
3.1,98.08291022106155,17.08035930326015,8.718091219588525,0.2604690691026422,0.08182013985866854,0.26409177300033004,0.08299198776018578,0.0036259058019888525,0.00012410094262759467,Friis
3.15,98.08398935969309,17.130117845991354,8.718112802361155,0.26047311492286856,0.08260040369883165,0.26409313450176586,0.083782570602366,0.0036259058019888525,0.00012410094262759467,Friis
3.2,98.08398935969309,17.179188567409334,8.71840956548483,0.26048288069582864,0.08339025537272673,0.26410309104311763,0.08458374881342727,0.0036259058019888525,0.00011870524946987314,Friis
3.25,98.08452892900887,17.216254011771642,8.723508495518876,0.2606246239147912,0.08420206415433498,0.2642461494859255,0.08540690166459938,0.0036259058019888525,0.00011870524946987314,Friis
3.3,98.08506849832463,17.265919106739055,8.723562452450453,0.26063578479817406,0.08500961856014361,0.2642562168727721,0.08622556535397893,0.0073651211602898566,0.00011870524946987314,Friis
3.35,98.08560806764041,17.314091557441635,8.724085834686752,0.2607397205246772,0.08581322019602772,0.264327444750667,0.08703691363907827,0.010467644725979722,0.00011870524946987314,Friis
3.4,98.08560806764041,17.363535261477082,8.724096626073068,0.26074306878969206,0.08661555544751903,0.26433085836565173,0.08785059631511638,0.010467644725979722,0.00011870524946987314,Friis
3.45,98.08668720627195,17.411576219097803,8.724668569547786,0.26076204229144295,0.08742869739818242,0.26434757829767797,0.08867428916625299,0.010467644725979722,0.00011330955631215164,Friis
3.5,98.34999703236876,17.459779183491616,8.725175764704613,0.2607811553042362,0.08825125713904798,0.26372850481964066,0.08928160252297868,0.010467644725979722,0.00011330955631215164,Friis
3.55,99.07949474729271,17.48965021219854,8.733015706862782,0.2609941886658069,0.08910215434663322,0.2621933884668377,0.08952689158910748,0.010473040419137445,0.00011330955631215164,Friis
3.6,99.07949474729271,17.538998715465706,8.733053476714886,0.26100200128417494,0.08994090345349527,0.2621990207540285,0.09036929645796761,0.0182644213388873,0.00011330955631215164,Friis
3.65,99.08003431660848,17.585450787984843,8.73399232732433,0.2611963401660794,0.09076245504964507,0.26233065493279895,0.09118794565259106,0.024296806289219944,0.00010251816999670863,Friis
3.7,99.08003431660848,17.634068950967148,8.734057075642223,0.26120192060777087,0.09157365832627706,0.26233600557649156,0.0920026852307995,0.024296806289219944,0.00010251816999670863,Friis
3.75,99.08057388592425,17.680879512413565,8.73484484684325,0.26122480041870577,0.09239592942078484,0.262357528277124,0.09282805216838615,0.024302201982377668,0.00010251816999670863,Friis
3.8,99.13291210955416,17.707362081629604,8.743753136246648,0.2645616255281034,0.09354703076248473,0.26579443353689725,0.09401091667992545,0.03189933794844955,9.712247683898712e-05,Friis
3.85,99.32014266212708,17.69376762158702,8.768427641056908,0.26933736752763937,0.09480463187185698,0.27072140674623657,0.09531683220922331,0.03848747929402751,9.712247683898712e-05,Friis
3.9,99.32122180075864,17.741797932379924,8.768443828136382,0.2693382045938931,0.0956076874324142,0.27072366250713026,0.09612497618129408,0.038492874987185226,9.172678368126562e-05,Friis
3.95,99.32122180075864,17.789787766894015,8.768476202295329,0.26934364552454226,0.09642047001018197,0.2707290001575445,0.09694210862341858,0.038492874987185226,9.172678368126562e-05,Friis
4.0,99.3217613700744,17.83428350353779,8.769895269595809,0.2693870334586933,0.09724444056251008,0.2707710731654317,0.09777009785226301,0.04632742145219686,9.172678368126562e-05,Friis
4.05,99.32230093939017,17.850770388239756,8.782246011233832,0.2698869015232042,0.09807473480352821,0.2712357987581284,0.09860072098156365,0.05307203789934874,9.172678368126562e-05,Friis
4.1,99.32230093939017,17.85711858857251,8.798643522740148,0.27666881231081353,0.09952150441399328,0.27805948927894303,0.10005567565031485,0.05307743359250646,8.63310905235441e-05,Friis
4.15,99.32338007802173,17.852270558270305,8.819519459567374,0.2853017556074741,0.10116420081894231,0.28673937255200205,0.10170649390791339,0.05307743359250646,8.63310905235441e-05,Friis
4.2,99.32338007802173,17.89433807997448,8.821629175592042,0.28535937366793823,0.10198587029104751,0.2867971022006856,0.10253244785871837,0.05307743359250646,8.63310905235441e-05,Friis
4.25,99.3239196473375,17.903653744211287,8.83683963460366,0.2857555850280306,0.10284989831083037,0.2871944524989135,0.10340067958886574,0.05307743359250646,8.63310905235441e-05,Friis
4.3,99.32499878596904,17.910530421585683,8.853005131304194,0.292407332013187,0.10432632131767061,0.2938809798242087,0.10488477470110652,0.06774832328835124,8.63310905235441e-05,Friis
4.35,99.32553835528482,17.90086608809982,8.87527315696611,0.3012895815424128,0.10594608058721448,0.30281464322072105,0.1065129429595091,0.08074115241214462,8.63310905235441e-05,Friis
4.4,99.32661749391636,17.946797735458908,8.875283948352426,0.30129083714179333,0.10671135041387277,0.30281275784556044,0.10728092348896569,0.08074115241214462,8.63310905235441e-05,Friis
4.45,99.3276966325479,17.988507252922073,8.876983591697106,0.3013353411642826,0.10748968387303186,0.3028542732077768,0.10806201206294373,0.08074115241214462,8.63310905235441e-05,Friis
4.5,99.36762476191504,17.984029636955135,8.897158088413828,0.30811836804023035,0.10893008690663757,0.3095624240094265,0.10946828370547479,0.08074115241214462,8.63310905235441e-05,Friis
4.55,99.56456756217187,17.92825246829116,8.937852406209364,0.31719774667220624,0.11060956280289881,0.31811107915415715,0.11095073019753503,0.08074115241214462,8.63310905235441e-05,Friis
4.6,99.56510713148765,17.974100242900633,8.937868593288837,0.3172013739593057,0.1114147049011008,0.3181128582375479,0.11175753463955274,0.10154154953516104,8.63310905235441e-05,Friis
4.65,99.56510713148765,18.018080953896874,8.937895571754625,0.31720486173536283,0.11210038970729164,0.31811566064586755,0.11244498460550018,0.12036172726929364,8.63310905235441e-05,Friis
4.7,99.56618627011919,18.061721424333168,8.93803046408357,0.31721183728747715,0.11278938740750093,0.3181192187244281,0.11313459097720266,0.12036172726929364,8.09353973658226e-05,Friis
4.75,99.56618627011919,18.098630949759073,8.940857807298215,0.3173127037710499,0.1134954814488117,0.31821982409269,0.1138425102045252,0.12036172726929364,7.553970420810109e-05,Friis
4.8,99.5678049780665,18.109677268576554,8.954001715830424,0.3206418557731218,0.11451755617283645,0.32156245706977654,0.11486817763379431,0.14129162102809537,7.553970420810109e-05,Friis
4.85,99.60233741427592,18.06957062907517,8.986856091467791,0.3255868246669508,0.11557676271997308,0.32655028746018333,0.11593336476546075,0.1607916561001009,7.553970420810109e-05,Friis
4.9,99.60233741427592,18.111513780052068,8.986861487160947,0.3255890568436274,0.11615911085945164,0.32655252854883093,0.1165173463615561,0.1607916561001009,7.553970420810109e-05,Friis
4.95,99.60233741427592,18.152930850946078,8.987077314887257,0.32559993870492576,0.11674904194075938,0.3265631737199073,0.11710890594165103,0.1607916561001009,7.553970420810109e-05,Friis
5.0,99.60233741427592,18.180693419712807,8.99272660562339,0.3257529823183135,0.11735465633193785,0.32671640815618974,0.11771619133811725,0.18125212455418085,6.474831789265808e-05,Friis
5.05,99.6028769835917,18.15844630421205,9.017649312318907,0.32648234604738496,0.11789533932337849,0.327445929543817,0.11825761254042592,0.20017482045831017,6.474831789265808e-05,Friis
5.1,99.60341655290746,18.198393858074557,9.01766549939838,0.3264870894228226,0.11836645077208958,0.32744947823920084,0.1187294400831814,0.20017482045831017,6.474831789265808e-05,Friis
5.15,99.60449569153901,18.238341307617954,9.017681686477854,0.3264884845332455,0.11884268138979878,0.32744733122426867,0.11920557232625084,0.2001802161514679,6.474831789265808e-05,Friis
5.2,99.60557483017057,18.25965996106877,9.02514932580814,0.32668714825746087,0.11934356769887741,0.32764393434524,0.11970663914901568,0.2001802161514679,6.474831789265808e-05,Friis
5.25,99.60611439948633,18.237260010709143,9.050104406662602,0.32734522184392406,0.11989474731149183,0.3283010145663939,0.12025848971593832,0.2001802161514679,6.474831789265808e-05,Friis
5.3,99.6066539688021,18.276714766858166,9.050304047309437,0.3273570802825184,0.12038680968059653,0.32831086130311365,0.12075110357900495,0.2102863494358803,6.474831789265808e-05,Friis
5.35,99.60773310743365,18.3045027784062,9.054809451096135,0.3275950861206584,0.12084337814534717,0.32854610749379753,0.1212076499431769,0.21963708567821166,6.474831789265808e-05,Friis
5.4,99.60827267674942,18.343490752972983,9.054820242482451,0.32759787634150417,0.12127967299883416,0.3285467088030248,0.12164432815912132,0.21964248137136938,5.935262473493657e-05,Friis
5.45,99.6088122460652,18.3734676586941,9.058435356898125,0.32769846380299245,0.12173049409781121,0.3286460516553995,0.12209570344132781,0.2196478770645271,5.935262473493657e-05,Friis
5.5,99.62176190964372,18.38933451789188,9.067694366356774,0.3279458168809656,0.12220069493144192,0.3288540044196023,0.12255188473406067,0.21966406414400025,5.935262473493657e-05,Friis
5.55,99.80845289290089,18.375093064971225,9.088996562943459,0.3285992866030334,0.12271558411190427,0.3289449080431186,0.12285324011688323,0.21966406414400025,5.3956931577215064e-05,Friis
5.6,99.80899246221666,18.414093583949157,9.089001958636617,0.32859942611407567,0.12317260792350554,0.3289476026575989,0.12331147862846761,0.219669459837158,5.3956931577215064e-05,Friis
5.65,99.80953203153243,18.453066879783794,9.08901814571609,0.3286030534011751,0.12363524501736238,0.3289536518975024,0.12377534490524762,0.2196748555303157,5.3956931577215064e-05,Friis
5.7,99.8100716008482,18.491325216706624,9.089320304532922,0.3286183996158266,0.12410435799718991,0.32896710922743416,0.12424417423071643,0.21968025122347343,4.856123841949356e-05,Friis
5.75,99.8100716008482,18.507663092190352,9.098390464731052,0.3289915916539418,0.12461360599105559,0.3293401727528773,0.12475381261263006,0.21969643830294658,4.316554526177205e-05,Friis
5.8,99.81061117016398,18.5185912913706,9.109624297885428,0.3292943306157025,0.12512163211295,0.3296417057659664,0.12526161983326387,0.21970722968926204,4.316554526177205e-05,Friis
5.85,99.817625571269,18.521398670520558,9.124106338320752,0.32986311713510275,0.12566121654293394,0.33020989081867075,0.12580093564247163,0.21970722968926204,4.316554526177205e-05,Friis
5.9,99.81924427921633,18.560397407820016,9.12411173401391,0.3298653493117793,0.12615163815942185,0.3302071915155839,0.12628980628374692,0.21971262538241976,4.316554526177205e-05,Friis
5.95,99.81978384853211,18.59799299820531,9.124678281795472,0.32989450711961715,0.12665033590519914,0.33023461705198404,0.1267882789512452,0.2197234167687352,4.316554526177205e-05,Friis
6.0,99.82032341784787,18.609324277348094,9.135750244155115,0.3301972460813778,0.1271812971610626,0.33053667494054045,0.12731927053271358,0.21973420815505063,4.316554526177205e-05,Friis
6.05,99.82032341784787,18.58457128753785,9.161255685711666,0.33106709743003143,0.12777325905451875,0.3314072534486487,0.12791176890951078,0.2197503952345238,4.316554526177205e-05,Friis
6.1,99.82032341784787,18.623487184868594,9.161293455563769,0.3310827226667674,0.12828858652743916,0.3314229068108108,0.1284275707211382,0.2197503952345238,4.316554526177205e-05,Friis
6.15,99.82248169511097,18.66016397532439,9.162226910480054,0.3314669360772231,0.12884575073914145,0.33180287388380786,0.12898322438106477,0.21975579092768152,3.7769852104050545e-05,Friis
6.2,99.82248169511097,18.667137182848467,9.175041681729644,0.3318034367112171,0.12940438458803907,0.3321392741346133,0.12954232720474265,0.21976118662083924,3.7769852104050545e-05,Friis
6.25,99.8235608337425,18.6552658485475,9.195394236320569,0.3323550633724161,0.12999018055630726,0.33269149964866007,0.13012894056507499,0.21976118662083924,3.7769852104050545e-05,Friis
6.3,99.82517954168982,18.691955578192623,9.196311504157382,0.3324170062751911,0.13053296570230358,0.3327488550719153,0.13067033864105973,0.2277522081874248,3.237415894632904e-05,Friis
6.35,99.82625868032137,18.693926412452242,9.210782753206392,0.33352207324113886,0.1311250278388495,0.3338519687586143,0.13126164096020795,0.2379608596418339,3.237415894632904e-05,Friis
6.4,99.82733781895291,18.731986464572127,9.210798940285864,0.3335237473736463,0.13161263818448923,0.3338498970775026,0.13174833250597456,0.2379608596418339,2.6978465788607532e-05,Friis
6.45,99.82733781895291,18.753495218373374,9.21743564286986,0.3336967410660811,0.13212253734619125,0.33402291047656113,0.1322586626113092,0.23797165102814932,2.6978465788607532e-05,Friis
6.5,99.82787738826869,18.7494009664053,9.234313371067215,0.3341832160705325,0.1326686269017703,0.3345074406044947,0.13280445053374207,0.23797165102814932,2.6978465788607532e-05,Friis
6.55,99.86510767105696,18.73861590093483,9.253867363070796,0.3353648745986954,0.13328833588664818,0.33557800312292324,0.1333789924866599,0.23797704672130704,2.6978465788607532e-05,Friis
6.6,99.86510767105696,18.77664844745182,9.253872758763954,0.3353659906870337,0.13379604711759993,0.33557912071881263,0.1338869889323636,0.254369162534465,2.6978465788607532e-05,Friis
6.65,99.86564724037274,18.81295664185605,9.25388355015027,0.33536822286371026,0.13419002933287433,0.33557968247930675,0.1342804508248575,0.27523430797537407,2.1582772630886026e-05,Friis
6.7,99.86672637900428,18.84390606802408,9.255998661868096,0.3354835984956807,0.13459265862785819,0.3356917255762186,0.13468182330872555,0.27523430797537407,2.1582772630886026e-05,Friis
6.75,99.86672637900428,18.825498391031854,9.277856614850027,0.33644789881996195,0.13508232895677283,0.336656893681856,0.13517174977723526,0.27523430797537407,2.1582772630886026e-05,Friis
6.8,99.86780551763582,18.824600351740532,9.292689375340602,0.33684620284568856,0.1355184011176215,0.3370512489626556,0.13560656561621395,0.29129189081275325,2.1582772630886026e-05,Friis
6.85,99.86780551763582,18.854935361993434,9.294345853140024,0.3371243878640069,0.13582819375819763,0.33732882434301514,0.13591640317541923,0.3124430079910216,2.1582772630886026e-05,Friis
6.9,99.86996379489891,18.889285153989476,9.294356644526339,0.337126899062768,0.13610759992251042,0.3373268426944438,0.1361938812116409,0.3124430079910216,2.1582772630886026e-05,Friis
6.95,99.87050336421468,18.919412839431498,9.296056287871021,0.33721590710774657,0.13639864590962097,0.33741372460330754,0.13648425823356825,0.3124430079910216,1.618707947316452e-05,Friis
7.0,99.87104293353045,18.91486250143881,9.311606675551575,0.3377267965445981,0.1367303832870319,0.3379231714047997,0.1368153947747208,0.3285815262257666,1.618707947316452e-05,Friis
7.05,99.87320121079355,18.878903547505697,9.339043775258588,0.33898295396934164,0.1370196617333211,0.33917404013009333,0.13710217311480438,0.34924163532668223,1.618707947316452e-05,Friis
7.1,99.87320121079355,18.911413607177163,9.339054566644904,0.3389857441901874,0.13718302784827213,0.3391762751407363,0.13726549411835598,0.34924703101983995,1.618707947316452e-05,Friis
7.15,99.87320121079355,18.94389653150217,9.339076149417535,0.33898825538894856,0.13734823519727993,0.33917878952770963,0.13743071030933884,0.34925242671299767,1.0791386315443013e-05,Friis
7.2,99.87320121079355,18.942440503703548,9.352673296174993,0.33935028654368093,0.13755024767550614,0.3395407215637121,0.1376327218297079,0.34925242671299767,1.0791386315443013e-05,Friis
7.25,99.87374078010932,18.948605567979882,9.363221876298338,0.339743010127716,0.13775737240426558,0.3399312691262514,0.1378391625336567,0.34926321809931316,1.0791386315443013e-05,Friis
7.3,99.87374078010932,18.96750583617332,9.36866613069448,0.3400263570545991,0.13795422959930867,0.3402142758199666,0.1380359964226882,0.3569682679285394,1.0791386315443013e-05,Friis
7.35,99.87374078010932,18.94338811357041,9.390982717594817,0.3411930879012373,0.13818039464599477,0.3413812244474578,0.13826218507426008,0.3675114523587273,1.0791386315443013e-05,Friis
7.4,99.87428034942509,18.975011932221143,9.390982717594817,0.3411930879012373,0.13829169192704666,0.34137951982712045,0.1383727484091588,0.367516848051885,1.0791386315443013e-05,Friis
7.45,99.87535948805663,18.987507818005113,9.398633810492464,0.341407097840104,0.13842506316209013,0.3415910860822682,0.13850495888676898,0.367516848051885,1.0791386315443013e-05,Friis
7.5,99.87589905737241,18.978475072801857,9.414896429669838,0.34198760328705624,0.13859541362759403,0.34217032774185185,0.13867461914152102,0.367516848051885,5.395693157721506e-06,Friis
7.55,99.8818343198459,18.94583603700506,9.440601511873222,0.34345791016170896,0.13885378128638354,0.34362483485851963,0.1389258825094775,0.36752763943820044,5.395693157721506e-06,Friis
7.6,99.88291345847745,18.977431984578224,9.440612303259538,0.34345860771692044,0.13897151577637984,0.3436223793945418,0.1390422788798521,0.36753843082451587,5.395693157721506e-06,Friis
7.65,99.88345302779321,19.009000836320777,9.440633886032169,0.3434615374488084,0.13909082176566007,0.34362387532209365,0.13916099495919393,0.36753843082451587,5.395693157721506e-06,Friis
7.7,99.88399259710899,19.02198134593708,9.44809073397614,0.34384993619053267,0.13924892210879952,0.3440111482621895,0.13931850197521234,0.3675492222108313,5.395693157721506e-06,Friis
7.75,99.88453216642476,18.971737321624445,9.480837195750352,0.3453588876238986,0.13951741631150974,0.3455190080326708,0.1395863647239215,0.36756001359714674,5.395693157721506e-06,Friis
7.8,99.8856113050563,18.9788624105723,9.490635774524774,0.34562646980300327,0.13966751867525268,0.34578274473452497,0.13973508244778438,0.36756540929030446,5.395693157721506e-06,Friis
7.85,99.8877695823194,18.996387621948582,9.496274273874594,0.3461317787981633,0.1398422783695818,0.3462821278163403,0.13990708783235223,0.36756540929030446,5.395693157721506e-06,Friis
7.9,99.88884872095095,19.027981974992944,9.496285065260908,0.3461330343975439,0.1399698118868574,0.3462802024556116,0.1400333151071419,0.3675708049834622,5.395693157721506e-06,Friis
7.95,99.88884872095095,19.05060535221356,9.499883992597109,0.3463208162604609,0.1401169047319479,0.34646819327272627,0.1401804387607642,0.3675869920629354,5.395693157721506e-06,Friis
8.0,99.88992785958249,19.040827130737224,9.516443374898156,0.3469999560143094,0.14031324615039578,0.3471444780666454,0.14037571494138823,0.3675923877560931,5.395693157721506e-06,Friis
8.05,99.89046742889826,18.996583556990927,9.546788753217182,0.3485320662806947,0.14059426605410277,0.3486742982336735,0.1406559464241278,0.36760317914240853,5.395693157721506e-06,Friis
8.1,99.89046742889826,19.028189639016258,9.54679414891034,0.3485323453027793,0.14072886196891912,0.3486742982336735,0.14079052825657187,0.36760317914240853,5.395693157721506e-06,Friis
8.15,99.8915465675298,19.059782219458274,9.546804940296655,0.34853513552362503,0.14086525958680407,0.34867402303221484,0.1409257387279263,0.36760857483556625,5.395693157721506e-06,Friis
8.2,99.89262570616134,19.07081695153513,9.555038768055338,0.34877090918508835,0.1410258351670451,0.348906143744531,0.1410848584411403,0.36760857483556625,5.395693157721506e-06,Friis
8.25,99.89370484479288,19.056599450266564,9.573373333405275,0.3497481840363022,0.14126014320898558,0.34987971169302573,0.14131776798914675,0.3676193662218817,5.395693157721506e-06,Friis
8.3,99.89424441410866,19.06020037922721,9.584580188093863,0.3503313401930579,0.14145821460240782,0.35046271265063167,0.14151553310490753,0.3676463446876703,5.395693157721506e-06,Friis
8.35,99.89424441410866,19.05683263085233,9.598565824758678,0.35105819272336813,0.14167064792232056,0.35118837945953546,0.14172786713482752,0.3681427484581807,0.0,Friis
8.4,99.89478398342443,19.08842544222984,9.598565824758678,0.35105819272336813,0.1418142870999026,0.3511866222169409,0.1418707639417977,0.3681481441513384,0.0,Friis
8.45,99.89586312205597,19.098880407076898,9.607020875936827,0.351320473482866,0.14198506398248684,0.35144580162039535,0.14204021862730073,0.3681481441513384,0.0,Friis
8.5,99.89694226068751,19.087334263862743,9.62427630265522,0.3520815062185364,0.1422060496390758,0.3522053591729591,0.14226031481461598,0.3681535398444961,0.0,Friis
8.55,99.89856096863483,19.053868016621287,9.650299730754911,0.35383460197590283,0.14252547869461968,0.3539546677469011,0.14257765038777498,0.3681535398444961,0.0,Friis
8.6,99.89856096863483,19.08546002228954,9.650299730754911,0.35383460197590283,0.14267730914165438,0.3539546677469011,0.14272949927090595,0.3681913096966002,0.0,Friis
8.65,99.8991005379506,19.11699724064681,9.65030512644807,0.353835160020072,0.1428280642008424,0.35395289563911725,0.14287949643314013,0.3691193689197283,0.0,Friis
8.7,99.9012588152137,19.116504344076848,9.663119897697658,0.3545081612880599,0.1430453856211854,0.35461961350256543,0.1430939853828925,0.3691193689197283,0.0,Friis
8.75,99.90233795384525,19.077068032141035,9.691512035093588,0.3558192860634642,0.14332682429782964,0.35592749118562045,0.14337405861674463,0.3691193689197283,0.0,Friis
8.8,99.90395666179256,19.095770104398138,9.696648734979739,0.3560219956079058,0.14350306312643926,0.3561258854473279,0.14354859500256126,0.3691571387718323,0.0,Friis
8.85,99.90449623110833,19.09347999527089,9.710164946339832,0.3574246396270496,0.14379469682873858,0.3575272487199983,0.1438395244055245,0.37013375923337993,0.0,Friis
8.9,99.9050358004241,19.124932839610548,9.710181133419304,0.35742798789206454,0.14395250784234975,0.357528250295695,0.14399653196889636,0.37013375923337993,0.0,Friis
8.95,99.90611493905564,19.13980741672309,9.716828627389617,0.35777425429901855,0.14414547202666717,0.3578713991758436,0.14418819864091464,0.37013375923337993,0.0,Friis
9.0,99.9071940776872,19.119528730115704,9.737537297728952,0.35882463293639016,0.1444087727725698,0.35891888801637495,0.14445034349975205,0.3701607376991685,0.0,Friis
9.05,99.90827321631873,19.08376350351611,9.764424036733878,0.36062502293709153,0.14474445485424503,0.36071635598904744,0.14478469495471186,0.37109958830861206,0.0,Friis
9.1,99.90881278563451,19.115195034867785,9.764429432427036,0.36062725511376803,0.14490787362423294,0.36071692138860684,0.14494745646315202,0.37109958830861206,0.0,Friis
9.15,99.90881278563451,19.146613076986572,9.764440223813352,0.36063171946712125,0.14507339972863045,0.36072138981659496,0.14511299654667023,0.37109958830861206,0.0,Friis
9.2,99.90881278563451,19.165350748763778,9.769522966767926,0.36092622727738716,0.14526896650769264,0.36101588714868976,0.14530857606355013,0.3711157753880852,0.0,Friis
9.25,99.91043149358183,19.12178133586915,9.799528416418015,0.3630654895998014,0.14564578110527046,0.36315233535133146,0.14568355784066894,0.3711157753880852,0.0,Friis
9.3,99.91151063221336,19.116197589173268,9.81433959413596,0.3638442402378422,0.14589351971835213,0.36392785332318056,0.1459297951526054,0.37113735816071614,0.0,Friis
9.35,99.91205020152914,19.144679392545015,9.815515855244344,0.36400328282604827,0.14608197811428872,0.3640849309067344,0.14611747891933105,0.37161757485175334,0.0,Friis
9.4,99.9131293401607,19.176084860836763,9.815521250937502,0.3640038408702174,0.14625688942512866,0.36408225520057036,0.14629109238317828,0.37162297054491106,0.0,Friis
9.45,99.91474804810801,19.182063019070856,9.825697528232965,0.3644010288076057,0.14647236450698303,0.36447681581206964,0.1465052403951899,0.37162297054491106,0.0,Friis
9.5,99.91528761742377,19.168414343443743,9.843724539072912,0.3654868432497181,0.14675692105042668,0.3655608844342678,0.1467890507379945,0.37162297054491106,0.0,Friis
9.55,99.91528761742377,19.13124044564896,9.871161638779926,0.3679991580992052,0.14718266670681268,0.36807449155398103,0.1472149411389699,0.37162297054491106,0.0,Friis
9.6,99.91582718673955,19.16264554314896,9.871167034473084,0.3680002741875434,0.1473679754352348,0.36807362089244333,0.14739981932698967,0.3716283662380688,0.0,Friis
9.65,99.91636675605533,19.194010167905486,9.871188617245714,0.36800529658506576,0.14755580901008014,0.36807679944701843,0.14758689001118605,0.3716283662380688,0.0,Friis
9.7,99.91636675605533,19.19143588269993,9.884785764003173,0.3687293588945303,0.14781562461541553,0.36880146782015144,0.14784678704169715,0.3716283662380688,0.0,Friis
9.75,99.91744589468686,19.17483260211736,9.90399443164466,0.36973439644315903,0.14810536754779077,0.3698046092234582,0.1481354037386246,0.3716337619312265,0.0,Friis
9.8,99.91906460263418,19.186569979662924,9.911866747961778,0.37035954542364274,0.14836088775585307,0.37042580953975257,0.1483892863184235,0.3716391576243842,0.0,Friis
9.85,99.91960417194996,19.16220983977504,9.934177939168956,0.37268854276356617,0.14878440415938451,0.37275398237428714,0.14881213892471604,0.3716445533175419,0.0,Friis
9.9,99.9206833105815,19.19362761210917,9.934177939168956,0.37268854276356617,0.1489853065539538,0.3727512132450617,0.14901178934850082,0.3716445533175419,0.0,Friis
9.95,99.9206833105815,19.20591765219917,9.941829032066604,0.3731165626412997,0.1492301337926255,0.37317901439633655,0.14925662598217093,0.3716445533175419,0.0,Friis
10.0,99.92122287989727,19.19209243918906,9.959926186917603,0.3743206824472706,0.1495528443197616,0.3743816495110348,0.1495786170639842,0.37164994901069964,0.0,Friis
10.05,99.92122287989727,19.13839278074455,9.993973010742826,0.37746833058332835,0.15006730384623948,0.3775312207444367,0.1500932938957016,0.3716607403970151,0.0,Friis
10.1,99.92176244921303,19.169782765258912,9.99398380212914,0.37746972569375126,0.15028029829964223,0.3775304386893319,0.15030549690805087,0.3716607403970151,0.0,Friis
10.15,99.92284158784457,19.201145771307488,9.994005384901772,0.3774755851575272,0.15049619200710462,0.3775341801177169,0.150520577582252,0.3716607403970151,0.0,Friis
10.2,99.92392072647613,19.21015693205787,10.002967631236746,0.3782869813794628,0.15079278158352527,0.37834281498120853,0.15081589033935078,0.37166613609017285,0.0,Friis
10.25,99.92446029579189,19.140417867778975,10.0434299342265,0.3815043850366636,0.15132600552399741,0.3815600494619127,0.1513486683530512,0.37166613609017285,0.0,Friis
10.3,99.92553943442344,19.147338114038412,10.053228513000922,0.382039549394873,0.1516029782543249,0.3820926088933286,0.15162460412053896,0.37166613609017285,0.0,Friis
10.35,99.92715814237076,19.164738848614885,10.058834638191795,0.3830233812650742,0.15192636154427347,0.38307334187194236,0.15194644619894115,0.37169851024911915,0.0,Friis
10.4,99.92769771168653,19.196126944636642,10.058845429578112,0.38302589246383534,0.15215755617276427,0.3830736468339461,0.15217686204634376,0.37169851024911915,0.0,Friis
10.45,99.92769771168653,19.19937650084088,10.070111636891433,0.3835997013807579,0.15244694880204093,0.3836478709280287,0.15246634267650416,0.37169851024911915,0.0,Friis
10.5,99.92769771168653,19.18630408524301,10.087906632925598,0.3849899289171384,0.15281856431729385,0.38503728940221066,0.15283792785247916,0.37169851024911915,0.0,Friis
10.55,99.92769771168653,19.141909127226974,10.118230428471994,0.3880319671941857,0.1533540315429112,0.3880781780463177,0.1533733316792514,0.37172548871490774,0.0,Friis
10.6,99.92823728100231,19.173309363558335,10.11823582416515,0.38803252523835485,0.15359849572520498,0.3880762222030237,0.15361698499404347,0.37172548871490774,0.0,Friis
10.65,99.92823728100231,19.204709428275955,10.118241219858309,0.38803364132669316,0.15384583270009572,0.3880773390928725,0.15386436960175362,0.3717308844080655,0.0,Friis
10.7,99.92877685031807,19.21553831465884,10.126475047616992,0.38850518864961986,0.15414169662119206,0.3885464290149621,0.15415941990463025,0.3717308844080655,0.0,Friis
10.75,99.93039555826539,19.185332653257092,10.151122573961464,0.3906099917445895,0.15459937016997327,0.39064780043627567,0.15461530594076156,0.37174707148753866,0.0,Friis
10.8,99.93093512758117,19.18597633797626,10.163430150054227,0.39180043946841625,0.15497217516677897,0.39183807849680097,0.1549877233986556,0.3717524671806964,0.0,Friis
10.85,99.9320142662127,19.182424622955192,10.17741578671904,0.3932541445290369,0.15537411870293413,0.3932861678878227,0.15538796005313732,0.3717524671806964,0.0,Friis
10.9,99.9320142662127,19.213836999596165,10.17741578671904,0.3932541445290369,0.15563872054785105,0.3932861678878227,0.15565261168101666,0.3717524671806964,0.0,Friis
10.95,99.93255383552848,19.224111748291755,10.185870837897191,0.3937787060480324,0.15595736584666084,0.39380909956373367,0.15597051254874716,0.3717524671806964,0.0,Friis
11.0,99.93309340484426,19.210159834709174,10.204016553986607,0.3953237908413504,0.1563784215395738,0.3953529529126555,0.15639086297278101,0.3717524671806964,0.0,Friis
11.05,99.93471211279157,19.160919210128014,10.236277403376624,0.39896098322478996,0.15700655981871267,0.39898849094011174,0.15701750910667583,0.3717902370328004,0.0,Friis
11.1,99.93471211279157,19.192329698276374,10.236277403376624,0.39896098322478996,0.15728653901256578,0.39898849094011174,0.15729754231040197,0.3717902370328004,0.0,Friis
11.15,99.93579125142311,19.22372669719185,10.236282799069782,0.39896209931312826,0.15756986864431402,0.39898599734361334,0.15757939485836236,0.3717902370328004,0.0,Friis
11.2,99.93633082073889,19.221332968852842,10.249804406123033,0.40032205295333256,0.15798839884173152,0.40034578002861526,0.15799751724337277,0.3717956327259581,0.0,Friis
11.25,99.93687039005465,19.16763961688638,10.283845834255098,0.4030903705654147,0.15854780622431183,0.4031131264685557,0.15855650302403412,0.3717956327259581,0.0,Friis
11.3,99.93740995937043,19.186221347188194,10.288977138448091,0.4034913253009447,0.15888206975493324,0.40351215588201933,0.15889021344821563,0.3718010284191159,0.0,Friis
11.35,99.93848909800197,19.183894270758234,10.302471767035552,0.4062787559258199,0.15945165045569754,0.4062970845971525,0.15945847171103583,0.37182261119174675,0.0,Friis
11.4,99.93848909800197,19.215276157183094,10.302482558421868,0.4062809881024965,0.15975569463782036,0.4062993181477062,0.1597625767893643,0.37182800688490447,0.0,Friis
11.45,99.93848909800197,19.215875348908256,10.314806321594103,0.4071202865328894,0.16014459149550173,0.4071385747682472,0.16015153113472427,0.37182800688490447,0.0,Friis
11.5,99.93902866731774,19.19475667180107,10.335817150750271,0.4092245315836899,0.16066021317102128,0.4092407886837274,0.1606666033676782,0.3718334025780622,0.0,Friis
11.55,99.93956823663352,19.159095272057357,10.362644537130462,0.41277620369820794,0.16132105453619017,0.4127908634118161,0.1613267035692992,0.37189275520279713,0.0,Friis
11.6,99.93956823663352,19.190486959525256,10.36264993282362,0.4127763432092502,0.16164242060559417,0.4127910030072184,0.16164813290917873,0.37189815089595485,0.0,Friis
11.65,99.93956823663352,19.22189184297977,10.36264993282362,0.4127763432092502,0.1619674737973299,0.4127910030072184,0.16197325008339492,0.3719089422822703,0.0,Friis
11.7,99.94118694458083,19.24058953847922,10.367732675778194,0.4133653588297821,0.162353456522421,0.4133775880447458,0.16235799994466357,0.3719089422822703,0.0,Friis
11.75,99.94118694458083,19.18496115153872,10.402545688031813,0.4177508884440439,0.16311229262100838,0.4177651400682418,0.1631171055315398,0.37193052505490115,0.0,Friis
11.8,99.94172651389661,19.1788780470727,10.417540319317121,0.4193131330955631,0.16360298743758217,0.41932659854771215,0.16360737088409058,0.37193052505490115,0.0,Friis
11.85,99.94172651389661,19.207340868048995,10.418716580425505,0.41963121827197525,0.16397764374226986,0.4196443108219733,0.16398206839014062,0.37193052505490115,0.0,Friis
11.9,99.94334522184393,19.23873085256336,10.418721976118663,0.41963233436031355,0.164325671612216,0.4196394684173018,0.164327767142711,0.37193052505490115,0.0,Friis
11.95,99.9438847911597,19.244706950622998,10.428892857720967,0.4204222458817371,0.16475437513105887,0.4204286746459787,0.1647560984899227,0.3719359207480589,0.0,Friis
12.0,99.94604306842278,19.230907735156784,10.446973825492492,0.42259526987638446,0.1653217807690714,0.42259616582358445,0.16532111877459907,0.3719359207480589,0.0,Friis
12.05,99.94712220705433,19.182817799247058,10.478770645270945,0.42769370091672826,0.1661785077186839,0.42769440643506895,0.1661771658469071,0.3719844819864784,0.0,Friis
12.1,99.9476617763701,19.214205085914834,10.478776040964103,0.42769593309340487,0.16654714557720415,0.4276944704485089,0.1665450180334415,0.3719844819864784,0.0,Friis
12.15,99.94820134568587,19.24556524385336,10.478792228043575,0.4277015135350963,0.16692036659821785,0.4276978844615276,0.16691744538797276,0.3719898776796361,0.0,Friis
12.2,99.94820134568587,19.24294590460994,10.49240016618735,0.42914991717610995,0.1674379785273822,0.4291470387449591,0.16743521731827804,0.3719898776796361,0.0,Friis
12.25,99.94928048431741,19.216194327718615,10.515660999390287,0.4312647650661242,0.16802560435299385,0.4312605596877546,0.16802197807026792,0.3719898776796361,0.0,Friis
12.3,99.94982005363319,19.22791404304184,10.523533315707402,0.4325150630270917,0.16853466461578204,0.43250859892031956,0.16853056890120202,0.3719898776796361,0.0,Friis
12.35,99.95035962294895,19.203710609588533,10.545774362903531,0.43711502111334716,0.16937401413571754,0.43710864631480073,0.16936934039340673,0.37206002169068647,0.0,Friis
12.4,99.95035962294895,19.23510760850401,10.545774362903531,0.43711502111334716,0.16977357143407681,0.43710864631480073,0.16976899413364563,0.37206002169068647,0.0,Friis
12.45,99.95089919226473,19.23825815373881,10.557072944375799,0.43806537033339976,0.17027011862628605,0.4380572423100592,0.1702647808687803,0.37206002169068647,0.0,Friis
12.5,99.95197833089627,19.224398479053733,10.575175494919955,0.44045645008714046,0.17091161791429105,0.4404480912094319,0.17090576353645673,0.3720816044633174,0.0,Friis
12.55,99.95305746952783,19.17081115468766,10.6091683618136,0.44670710282572434,0.17193381867464294,0.4466972034159981,0.17192653732758148,0.3721355613948946,0.0,Friis
12.6,99.95305746952783,19.202177398152124,10.609179153199916,0.4467098930465701,0.17235732031461826,0.44669999494725926,0.1723501424465659,0.3721355613948946,0.0,Friis
12.65,99.9535970388436,19.23354341983671,10.609189944586232,0.4467126832674158,0.17278570921994107,0.44670093339163375,0.1727780161396999,0.37214635278121005,0.0,Friis
12.7,99.95413660815937,19.24254381371899,10.618146795228048,0.448331011357934,0.1733758813108881,0.44831870927621337,0.17336777835396922,0.37215174847436777,0.0,Friis
12.75,99.95413660815937,19.16549520026704,10.661522772522972,0.4548065558966831,0.1744436131566113,0.45479722508205217,0.1744359080286238,0.3721949140196295,0.0,Friis
12.8,99.95575531610669,19.172389007629995,10.671321351297394,0.45587688461310183,0.17499479707507345,0.45586303521168575,0.17498529681134053,0.3721949140196295,0.0,Friis
12.85,99.95575531610669,19.189763948951832,10.676927476488267,0.457844548353504,0.17563886021685685,0.4578315699240488,0.1756295595719376,0.3721949140196295,0.0,Friis
12.9,99.95683445473823,19.221140594867755,10.676932872181425,0.4578451063976732,0.17609820932771755,0.45782899986504927,0.17608782915744003,0.3722003097127873,0.0,Friis
12.95,99.95683445473823,19.22439170860446,10.688188288108432,0.4589837955248119,0.17667345384637637,0.45896818072581813,0.1766632417106809,0.3722111010991027,0.0,Friis
13.0,99.95683445473823,19.21132043707561,10.705972492756281,0.4617553218908666,0.17741308061481093,0.46174090395297235,0.17740310657007652,0.37222189248541815,0.0,Friis
13.05,99.95683445473823,19.161448562255856,10.738476148338396,0.46783088827138153,0.17848035824729505,0.467814627736123,0.17847032912769983,0.37230282788278396,0.0,Friis
13.1,99.95899273200132,19.192806442395923,10.738486939724712,0.46783214387076216,0.17896637117518335,0.4678092721786491,0.17895372638088433,0.37230282788278396,0.0,Friis
13.15,99.96007187063286,19.224177811768897,10.73849233541787,0.46783437604743877,0.17945810623503178,0.4678098045223172,0.17944467460119537,0.37230282788278396,0.0,Friis
13.2,99.96007187063286,19.234964611745152,10.74673155886971,0.4687776102043348,0.1800468884740893,0.4687534154454032,0.18003362539812331,0.37230282788278396,0.0,Friis
13.25,99.96007187063286,19.20052141702046,10.77306254147939,0.4730177693125346,0.18096221077941488,0.472995268246077,0.18094924592324907,0.3723190149622571,0.0,Friis
13.3,99.96007187063286,19.201149835321527,10.785364721878997,0.4753898755645243,0.18170400300197606,0.4753683220140451,0.18169126627019483,0.37232980634857255,0.0,Friis
13.35,99.96007187063286,19.197609207949725,10.799334171464338,0.4782795677833952,0.18250313915340138,0.4782580519596887,0.1824905441796711,0.37235138912120347,0.0,Friis
13.4,99.96007187063286,19.22897814926078,10.799339567157494,0.47827970729443753,0.18302924224773898,0.47825819152645743,0.1830167870630192,0.37235138912120347,0.0,Friis
13.45,99.96007187063286,19.235054778895,10.80946188752138,0.479371939244495,0.18366757254022686,0.47935085975850006,0.18365530115793013,0.37235138912120347,0.0,Friis
13.5,99.96061143994864,19.221153180059147,10.82757522945185,0.4824353227110119,0.18450387218770534,0.48241453766598286,0.1844914382007485,0.37238376328014977,0.0,Friis
13.55,99.9611510092644,19.17198864838083,10.859792913296607,0.4896739926510658,0.1857533937055254,0.4896524399198967,0.1857402905273215,0.37242692882541156,0.0,Friis
13.6,99.96223014789595,19.20336730193955,10.859792913296607,0.4896739926510658,0.1863100800455868,0.48964840996853115,0.18629556203360453,0.37242692882541156,0.0,Friis
13.65,99.96223014789595,19.234732466265392,10.859798308989765,0.4896762248277424,0.18687342937291246,0.48965064298861616,0.18685905940007935,0.37242692882541156,0.0,Friis
13.7,99.96276971721171,19.232440935265682,10.873265959111437,0.4923514885746196,0.1877027609889818,0.4923243996890923,0.18768764729531343,0.3724808857569888,0.0,Friis
13.75,99.96330928652749,19.175743566382188,10.9084944397382,0.497840969066491,0.18881328834758176,0.4978132376433755,0.18879779222420945,0.37257800823382775,0.0,Friis
13.8,99.96384885584327,19.19428640548801,10.913625743931194,0.49864287853755124,0.1894778772409837,0.49861288966135164,0.18946155973090809,0.37257800823382775,0.0,Friis
13.85,99.96384885584327,19.191907444374774,10.927125768211813,0.5042178792983439,0.19061313765703275,0.5041899065775696,0.19059716655131465,0.37257800823382775,0.0,Friis
13.9,99.96384885584327,19.2232380762644,10.927141955291287,0.5042224831627393,0.19121736815489718,0.5041945121069165,0.19120155066785505,0.37257800823382775,0.0,Friis
13.95,99.96384885584327,19.223826224038856,10.939454927077207,0.5058878264745078,0.19198995779408978,0.5058593411851068,0.19197424574247673,0.3725941953133009,0.0,Friis
14.0,99.96384885584327,19.20280318864831,10.960411799301797,0.5100516730425773,0.1930128264989603,0.5100246935757234,0.19299741736122766,0.37264815224487813,0.0,Friis
14.05,99.96384885584327,19.16504886891359,10.988059331041962,0.5170551273653369,0.19432056393957203,0.5170295641510043,0.19430545178679337,0.3727992316532943,0.0,Friis
14.1,99.96384885584327,19.196368439632238,10.988075518121436,0.5170556854095061,0.19495892418123564,0.5170301223969858,0.19494397373853337,0.3727992316532943,0.0,Friis
14.15,99.96438842515903,19.22772847804958,10.988075518121436,0.5170556854095061,0.1956046217916672,0.5170295646391424,0.19558948715511837,0.3727992316532943,0.0,Friis
14.2,99.9649279944748,19.24639488417413,10.993152865382852,0.5182292522972162,0.19637172047752469,0.5182029855128787,0.19635645126370743,0.3728046273464521,0.0,Friis
14.25,99.9649279944748,19.189614505713003,11.028408324475404,0.5269728278504098,0.197882187008553,0.52694962868925,0.19786739006586485,0.37285318858487154,0.0,Friis
14.3,99.96546756379058,19.183685921456316,11.043322020363346,0.5300303518531508,0.19885238460815055,0.530005504212793,0.19883681646909912,0.37293412398223735,0.0,Friis
14.35,99.96546756379058,19.213649922291047,11.043872381065434,0.5301443323746984,0.19954511026367014,0.5301184076343046,0.199529614276113,0.3735654200816908,0.0,Friis
14.4,99.96546756379058,19.244958162054076,11.043877776758592,0.530146564551375,0.20023366744729096,0.5301206405820725,0.20021834918578713,0.3735654200816908,0.0,Friis
14.45,99.96546756379058,19.250137556426257,11.054334630098255,0.5317294568371526,0.2010837967382108,0.5317040796679422,0.2010687113205274,0.3735708157748485,0.0,Friis
14.5,99.96546756379058,19.23647052849011,11.072329266779256,0.5360040751727971,0.20220388635153955,0.5359801746433562,0.20218912632940186,0.37365714686537205,0.0,Friis
14.55,99.96654670242214,19.189284735282396,11.103726805264039,0.5458619254207291,0.20387585204648218,0.5458379103475449,0.20386005680065747,0.3740672195453589,0.0,Friis
14.6,99.96654670242214,19.220554323302647,11.103737596650353,0.5458622044428137,0.2046032602243451,0.5458381894630028,0.20458765155463876,0.3740726152385166,0.0,Friis
14.65,99.96654670242214,19.25182327424537,11.103748388036669,0.5458645761305325,0.2053392500160377,0.545840561944395,0.20532383013598196,0.3740834066248321,0.0,Friis
14.7,99.96654670242214,19.24943384712568,11.1172214338515,0.5486497745787312,0.2063537506528716,0.5486266924451207,0.20633861209882412,0.3742182989537751,0.0,Friis
14.75,99.9670862717379,19.22427840358804,11.139791618330248,0.5521609884909865,0.20744755021877123,0.5521362407703267,0.20743163031514253,0.375092401245326,0.0,Friis
14.8,99.9670862717379,19.235842992732977,11.147663934647364,0.5546615844129217,0.20845174789941107,0.5546365435467852,0.20843599115702965,0.375092401245326,0.0,Friis
14.85,99.96816541036945,19.211472265447497,11.16991037753665,0.5638616400964748,0.2101165607396366,0.5638380075347863,0.2101004202920257,0.375092401245326,0.0,Friis
14.9,99.96816541036945,19.242717645385238,11.16991037753665,0.5638616400964748,0.2109019212459254,0.5638380075347863,0.21088598318699786,0.375092401245326,0.0,Friis
14.95,99.96816541036945,19.246223278157743,11.181003922668925,0.5655926931091602,0.21186420445073947,0.5655696117965822,0.21184852456862263,0.3752974375853194,0.0,Friis
15.0,99.96816541036945,19.23261718248663,11.198939206725193,0.5702364576626935,0.21311871328780715,0.5702148551442726,0.2131033840821362,0.37546470407320875,0.0,Friis
0.0,50.23174502112414,13.196985306012902,7.965429793938478,0.09556018107946236,0.027411740575963076,0.1343761560539658,0.04052298581358533,0.0024010834551860703,0.030528831886388285,SPLMSF
0.05,50.77994744594865,13.226617594582866,7.972924411734554,0.09663706681486835,0.02776829307382393,0.13541926147568856,0.04086338970280843,0.0025089973183405005,0.029773434844307275,SPLMSF
0.1,51.31034408335267,13.256366899635795,7.9803866553716825,0.09767656359094172,0.02812439709399287,0.13636779860139858,0.041194030146599586,0.0026115154883372092,0.02896947656380677,SPLMSF
0.15,51.87851057286075,13.286201251169402,7.987827316236181,0.09871745547743793,0.028483782768007906,0.13721283421392022,0.041493478983515034,0.0026978465788607534,0.028273432146460695,SPLMSF
0.2,52.43426696810606,13.315380574344985,7.995543157451722,0.09983619452552973,0.028853957455540192,0.13823932297433578,0.0418309739360597,0.0028003647488574618,0.02753961787701057,SPLMSF
0.25,52.98462767019365,13.345897723861208,8.002735616430964,0.1008362096766361,0.029215789441817828,0.13906519448461271,0.042155205948840195,0.0029136743051696137,0.02678961652808728,SPLMSF
0.3,53.50639119854532,13.375810210301374,8.01018167298862,0.1019054223047164,0.02958757393297035,0.13997622031966925,0.04249117799052052,0.0030323795546394867,0.026196090280737914,SPLMSF
0.35,54.06052888584332,13.40579894276478,8.017606146773645,0.10299500354497039,0.02996457844157711,0.14088464516129034,0.04281534305747877,0.0031564804972670814,0.025554002794969055,SPLMSF
0.4,54.6054938947732,13.435615391792588,8.025111555956036,0.10407733021102554,0.030344109251082715,0.1418303872255489,0.04315904040595699,0.0032913728262101193,0.024874145457096146,SPLMSF
0.45,55.11700560612519,13.464767602199911,8.03289214548947,0.10522215782402486,0.030733080844665008,0.142837251257954,0.04351379999599807,0.003377703916733663,0.024286014902904503,SPLMSF
0.5,55.65981233779197,13.495481926282658,8.040057626002925,0.10626653748657822,0.031115796113350015,0.14363193981930283,0.04384492968879052,0.0035233876319921437,0.0237086757350283,SPLMSF
0.55,56.222583134142326,13.525061446126474,8.047687136127943,0.10745363694539016,0.03151558540576616,0.14464163871054425,0.04418937829750774,0.0036798627335660676,0.02299104854505134,SPLMSF
0.6,56.72546173644197,13.554179795756287,8.055510891206639,0.10863780667231415,0.03191845379970081,0.14572384640115668,0.04456338093968791,0.00386871199408632,0.022386730911386533,SPLMSF
0.65,57.28067856237151,13.584273541894394,8.062951552071137,0.10978668010553977,0.03232116805990037,0.1466534004521477,0.04490887800019255,0.0040629569477642945,0.021895722834033873,SPLMSF
0.7,57.81053563045977,13.613926578006426,8.070575666502997,0.11101061047951527,0.03273454073329206,0.14781927953556961,0.045293892471088136,0.004241014821969104,0.021291405200369064,SPLMSF
0.75,58.3484862382846,13.64450156620463,8.07783826949329,0.1121939431401855,0.033147332845951505,0.14886537186398988,0.04565901629238126,0.004419072696173914,0.020768022964070078,SPLMSF
0.8,58.90586134147723,13.675201691676445,8.085057706938322,0.11334281657341111,0.03356025251107629,0.1498145030593925,0.04602009386823665,0.004597130570378724,0.020244640727771095,SPLMSF
0.85,59.44866807314402,13.705042491878935,8.092627864438604,0.11456228259403343,0.03398344809277215,0.15086796943128392,0.04638990811845478,0.004802166910372141,0.019753632650418435,SPLMSF
0.9,59.97744600260072,13.73513885949291,8.10010089946205,0.1158025357599564,0.03441206887312203,0.1519809343816909,0.046776895201911445,0.005061160181942774,0.019219459027804007,SPLMSF
0.95,60.531583689898724,13.764546157869544,8.107854510529695,0.1170566005190657,0.03484528128360927,0.1530688567633819,0.04715364681154227,0.0053147577603556845,0.018669098325716414,SPLMSF
1.0,61.06198032730275,13.794113261001904,8.115548768972607,0.11832559295969956,0.035283426547727634,0.15416978142231022,0.04754002626852523,0.005530585486664545,0.01833456534993768,SPLMSF
1.05,61.608024474864166,13.824352350762759,8.122978638450789,0.11954840724533677,0.03572076602311542,0.155194423962165,0.047917211152039535,0.00569245628139619,0.0179137012836354,SPLMSF
1.1,62.1421980974786,13.853784132280598,8.130737645211592,0.12085227744654219,0.03616961538060716,0.15630453764001043,0.04830357538841317,0.005919075394020493,0.017330966422601478,SPLMSF
1.15,62.66611990309335,13.885333372771496,8.137654923839792,0.12201161420793921,0.036607960083648514,0.1572422640755633,0.04868130560219574,0.006178068665591125,0.01680218849314477,SPLMSF
1.2,63.187343862129254,13.915076365846675,8.145300621044283,0.12337993851068078,0.037070120927034024,0.15845645380720197,0.04908843770771389,0.006464040402950365,0.016332763188423,SPLMSF
1.25,63.6783519394819,13.94440697958228,8.153113584736664,0.12474477503736521,0.03753540072113089,0.15970571832871533,0.0495165103633167,0.006744616447151883,0.015917294815278444,SPLMSF
1.3,64.20659029962285,13.973729712828861,8.160931944122202,0.12605715541215004,0.037999095377256854,0.16078626911828967,0.049913239086421264,0.007052170957142009,0.01543168243108351,SPLMSF
1.35,64.70946890192249,14.00350395427475,8.168572245633536,0.12737134943048461,0.03846641128269121,0.16192425642051897,0.0503224639470999,0.0074514522508134,0.015021609751096674,SPLMSF
1.4,65.22098061327448,14.03343108369657,8.176153194520134,0.128678149363578,0.038936399752062624,0.16297541017240808,0.050720029215918366,0.0077428196813303625,0.01461153707110984,SPLMSF
1.45,65.73033404736339,14.063415962448156,8.183712560634103,0.13002233825600407,0.03941366484159655,0.1640877538663602,0.05112569854936939,0.008039582805005045,0.014217651470596171,SPLMSF
1.5,66.23105437239995,14.093878820302436,8.19108307748755,0.13134239173811468,0.03989224993668524,0.1651788236060873,0.051539224716940744,0.008406489939730108,0.01379139171113617,SPLMSF
1.55,66.70047967712172,14.123602793561298,8.198750357464672,0.1327306661199031,0.04038085215654178,0.16640284748175832,0.05197515701120539,0.008794979847086055,0.013370527644833893,SPLMSF
1.6,67.21684751231567,14.153663121757544,8.206282745112851,0.13407890083255547,0.04086903059521773,0.16752404909492277,0.05239521247139969,0.009178074061284283,0.012992829123793388,SPLMSF
1.65,67.7353736247727,14.183455656535788,8.213923046624185,0.1354807077854457,0.04136603221036164,0.16867386184042826,0.05281500829745139,0.009518002730220737,0.01257196505749111,SPLMSF
1.7,68.24634576680893,14.21387205426285,8.221315146250262,0.13683954533731177,0.0418624938277628,0.1698010821375204,0.053246145311753056,0.009911888330734408,0.012183475150135162,SPLMSF
1.75,68.72116676468842,14.242181641196478,8.229548974008946,0.13832352429410846,0.042374754842840805,0.1710905789593524,0.05370147508537171,0.010268004079144027,0.0118921077196182,SPLMSF
1.8,69.2003043170941,14.271700344721484,8.237297189383435,0.13973174875494382,0.04288336056630529,0.17229860520385804,0.054152413401486466,0.010651098293342254,0.011557574743839467,SPLMSF
1.85,69.70102464213065,14.301272831293158,8.245023821985292,0.14119354545601703,0.043400764285523884,0.17350915402658326,0.05459152005847202,0.011115127904906303,0.011185271915956684,SPLMSF
1.9,70.16181683780007,14.33143027168803,8.252513044088209,0.1426353920780433,0.04391965952651495,0.1747131714564764,0.05503622510748178,0.011611531675416682,0.010899300178597443,SPLMSF
1.95,70.63879611294264,14.36184898026324,8.259894352327972,0.14398209216923052,0.044432695685818445,0.175791649121199,0.05547523516639466,0.01214030960487339,0.010478436112295165,SPLMSF
2.0,71.09850916998052,14.391978417171481,8.267388970124047,0.1453717616614418,0.04495340042151116,0.17695943804688508,0.05593172759802318,0.012582756443806553,0.010203255761251369,SPLMSF
2.05,71.56145964291302,14.421828129605306,8.274991501783276,0.1468458353342362,0.045485867121196386,0.17820047139722683,0.05639479126030299,0.013073764521159211,0.009944262489680738,SPLMSF
2.1,72.03735977942407,14.451086346879377,8.282826048248289,0.14838994355025822,0.04602862433604317,0.17948722414219265,0.0568525441292825,0.013597146757458196,0.009642103672848332,SPLMSF
2.15,72.5094829307247,14.480979659592268,8.29040160144173,0.14985201927341593,0.04656693563606501,0.18066395142278843,0.05730328063824842,0.014125924686914905,0.009372319014962258,SPLMSF
2.2,72.98754134449882,14.509981321626057,8.298327874690422,0.1513273485455909,0.04710991422581155,0.1817953767132402,0.05774481545375625,0.01468707677531794,0.009113325743391625,SPLMSF
2.25,73.43916086180012,14.538794039857807,8.306324291950165,0.15296632427036738,0.047672455307561985,0.18325490104109268,0.05824371995228379,0.015161897773197434,0.008865123858136436,SPLMSF
2.3,73.91344229036383,14.568767988671834,8.313851283905187,0.1544052411605057,0.04821918952580786,0.18433512610047745,0.058680625799926125,0.015771611100019962,0.00859533920025036,SPLMSF
2.35,74.35480999066544,14.599274383919163,8.321157052440741,0.15585908573216858,0.04877061650253237,0.18552004597834607,0.05914766304497096,0.01637053304052705,0.008347137314995172,SPLMSF
2.4,74.7665013785996,14.628012695628602,8.3291642610868,0.1574277478916329,0.049336813039765115,0.18688804947786994,0.05965536215961352,0.01690470666314148,0.008098935429739981,SPLMSF
2.45,75.208408648217,14.657085669078455,8.337031181710758,0.15897938970393832,0.04990489310637207,0.18819326681302279,0.060146759877819894,0.017611542466802996,0.00784533785132707,SPLMSF
2.5,75.65679074962365,14.687201331046186,8.344471842575256,0.16044690635774528,0.05046811634097161,0.1893523224145432,0.0606185342488875,0.018237442873098694,0.007645697204491375,SPLMSF
2.55,76.08682749429406,14.717092440670148,8.35199343883712,0.16199157261793637,0.051042117720599564,0.19065329955890906,0.061113013901088246,0.018998235608337424,0.0073813082397630216,SPLMSF
2.6,76.50121672880707,14.746513169280604,8.359693092973188,0.16355339873632865,0.05162094899596133,0.19195702879067866,0.06161242374973234,0.019651114480421727,0.007170876206611883,SPLMSF
2.65,76.94582184500331,14.776057864311026,8.367333394484522,0.16507811491747285,0.05219946424999407,0.19314652836486543,0.06208891808878775,0.020352554590925522,0.006938861400829857,SPLMSF
2.7,77.36344849541096,14.80470411511085,8.375324416051107,0.16673020468022423,0.05279377628500286,0.19458145772074215,0.06260481115142734,0.02109176455353337,0.00669605520873239,SPLMSF
2.75,77.75085926413536,14.834744081695526,8.382748889836133,0.16824320193381645,0.05337808624546246,0.1957990269955169,0.06310822102509694,0.02170687357351362,0.006453249016634922,SPLMSF
2.8,78.1841334247004,14.86426500680247,8.390373004267992,0.16976777860391837,0.053967095281344205,0.1970074420466387,0.06360627197550055,0.022478457695067795,0.006215838517695175,SPLMSF
2.85,78.56560893095131,14.893874955647865,8.397948557461435,0.17134104462777816,0.05456384324985179,0.198322381407615,0.06411967463667397,0.02323925043030653,0.006064759109278973,SPLMSF
2.9,78.96866720983311,14.923025831502546,8.405696772835922,0.17291514771789157,0.055164054168490205,0.19960079401455363,0.06462832350886552,0.0239838560860721,0.005821952917181506,SPLMSF
2.95,79.34798443882093,14.951476189258697,8.413714772868296,0.17456653992543153,0.05577514274493555,0.20099032142419998,0.065155511928079,0.0247878143665726,0.005643895042976696,SPLMSF
3.0,79.72568295986144,14.981471689123046,8.421101476801217,0.1760339170681962,0.05637165614171975,0.20210177788004713,0.06565666755684858,0.02557018987444222,0.005503607020875937,SPLMSF
3.05,80.11363329790161,15.01056999687891,8.428833505096232,0.17765391929122173,0.05698613640098072,0.20340348212854517,0.06617080791979671,0.026514436177043483,0.00533634053298657,SPLMSF
3.1,80.4605763679431,15.039009421703302,8.436813735276502,0.17927378200320504,0.05760334504386264,0.20478170472103005,0.06671484842716283,0.027453286786487025,0.005115117113519988,SPLMSF
3.15,80.82856264129971,15.068425144885387,8.444389288469944,0.180870067349042,0.058221251531589586,0.20608872746692303,0.06723938830560985,0.02833278477119563,0.004915476466684293,SPLMSF
3.2,81.1738870033939,15.097775786826517,8.451975633049699,0.1825298302191191,0.0588482127502781,0.20744592494117337,0.06776728586540774,0.029314800925900945,0.004742814285637205,SPLMSF
3.25,81.53485887564545,15.127425947336187,8.459427085300513,0.18414453102253783,0.059473826649574395,0.20884549153933202,0.06831745336440186,0.03025904722850221,0.0045755477977478375,SPLMSF
3.3,81.89475160926548,15.15676678542845,8.466986451414481,0.18571151904949468,0.06009772680389602,0.21012936009171287,0.06885525878163991,0.031181710758472588,0.004408281309858471,SPLMSF
3.35,82.24223424862275,15.185731290544162,8.474680709857392,0.187401137282621,0.06073653056972226,0.21153380840036215,0.06940155616958212,0.03212056136791613,0.0042572019014422684,SPLMSF
3.4,82.60482482882163,15.215313551661195,8.482110579335574,0.18899825969471168,0.06136924091570787,0.2128297354566476,0.06993621571167735,0.03322128277209132,0.00411691387934151,SPLMSF
3.45,82.94960962160005,15.243839002664943,8.489945125800586,0.19066946247025623,0.06201178669817895,0.2142245444244241,0.07048946320432203,0.034268047244689286,0.003949647391452143,SPLMSF
3.5,83.31004192453584,15.27185814801661,8.49796312583296,0.19233787502495509,0.06265670860855495,0.21557735776322692,0.07103372724156251,0.035363372955706754,0.003814755062509105,SPLMSF
3.55,83.63971877647262,15.301327661218181,8.505382203924826,0.19389663190041712,0.06329364453466879,0.2168303121822827,0.07157013691318975,0.03646949005303966,0.0036474885746197385,SPLMSF
3.6,83.99799280214533,15.330248740328875,8.51300092266353,0.19549738159960722,0.06393706083322193,0.21810282401911663,0.07211127746359243,0.03772129086563105,0.003491013473045815,SPLMSF
3.65,84.35464811987072,15.360168305588259,8.520198777335931,0.19696699091904843,0.06456999774114427,0.21919954600638367,0.072629618118669,0.03878963811085991,0.0033723082235759417,SPLMSF
3.7,84.68000841728133,15.389320817414031,8.52768260374569,0.1986009442463026,0.06522120340507773,0.22056317961004204,0.07319734303392479,0.04016014417292117,0.003205041735686575,SPLMSF
3.75,84.9827068034295,15.417402702031808,8.535571107142278,0.200303257984277,0.06588099393605858,0.22199886314372608,0.0737742976268953,0.04144431914445889,0.0031079192588475877,SPLMSF
3.8,85.3102253781032,15.445104226029377,8.543589107174654,0.20202063891481817,0.06654466048541231,0.22337979406481642,0.07432756448371114,0.04258281040073813,0.0030269838614817653,SPLMSF
3.85,85.64907490840811,15.473128722341444,8.551456027798611,0.20371207079149425,0.06720836289562279,0.22475007438766254,0.07488181029947573,0.04375907150912142,0.0029568398504313856,SPLMSF
3.9,85.96202511155595,15.501664758315504,8.559096329309945,0.20531951702071402,0.06786642089341074,0.22607202591076858,0.07544471067838203,0.045016268014870534,0.0028273432146460695,SPLMSF
3.95,86.29817679528202,15.530479670204974,8.566601738492336,0.20696421269822432,0.06853030757489148,0.22739567860246715,0.07599802084268445,0.046316630065881416,0.0027625948967534113,SPLMSF
4.0,86.59116293374628,15.559380619573945,8.57404779504999,0.20853803676625318,0.06918928691975103,0.2286916009521317,0.07656799452888925,0.04764936627583863,0.002654681033598981,SPLMSF
4.05,86.8852282108421,15.58801556044442,8.581574787005012,0.21016055018803992,0.06985495663987198,0.22998764838194843,0.07712724564416246,0.04908462065579255,0.0025737456362331587,SPLMSF
4.1,87.16310640846476,15.616070244101955,8.589306815300027,0.21179394547112493,0.07052342030979228,0.2313623984846046,0.07771228479939792,0.05041735686574976,0.0024874145457096145,SPLMSF
4.15,87.43612848224546,15.644569337611545,8.596833807255049,0.21335339990179833,0.07118636510117965,0.23265693048973143,0.0782911160439054,0.05196592080201583,0.0023902920688706275,SPLMSF
4.2,87.69188433792146,15.67279613956856,8.604441734607436,0.21491327286559864,0.07185092150827797,0.23397260206002873,0.07887613286288647,0.05341736226144292,0.0023255437509779693,SPLMSF
4.25,87.9627481344391,15.69933553090005,8.61269714513875,0.21667515781862923,0.07253671254432906,0.23547843203454702,0.0794772037272974,0.054922760652447215,0.002217629887823539,SPLMSF
4.3,88.22443925258858,15.726871874723942,8.620526295910604,0.21836491556279775,0.07321728235905346,0.23690920343222693,0.08007263342419063,0.05633103656661253,0.0021312987972999953,SPLMSF
4.35,88.48882821731694,15.754838959523815,8.628155806035622,0.219979895388301,0.0738923787055372,0.23824715028750174,0.08065437964213572,0.05796053590024443,0.0020503633999341725,SPLMSF
4.4,88.76400856836074,15.783126663703927,8.635623445365908,0.22154395368336993,0.07456323864480688,0.23951687973302377,0.08122031618564052,0.059606222313349486,0.00196942800256835,SPLMSF
4.45,89.0300162410364,15.811485254412602,8.643037127764618,0.2231526555119703,0.07524045539364249,0.2408012175367571,0.08179234124968326,0.06096054129593758,0.0018777012188870843,SPLMSF
4.5,89.29764262165939,15.839461669991206,8.650574911105956,0.22477837768772968,0.0759210183186822,0.2421116357176522,0.08236636974316444,0.06240119136904922,0.0018399313667830338,SPLMSF
4.55,89.54962149212498,15.867205310178301,8.658177442765185,0.2263987984438821,0.07660277977638368,0.24347529505618654,0.08295908423391501,0.06405766916846972,0.0017697873557326542,SPLMSF
4.6,89.7913485455909,15.894783954138475,8.66581234858336,0.22804168047784257,0.07728756815223004,0.24485039875490494,0.08355332700114126,0.065854434989991,0.0017212261173131607,SPLMSF
4.65,90.03739215358301,15.922776298105532,8.6732476137547,0.22956960541295934,0.07796197242238169,0.24607476360498357,0.08412755686745138,0.06759184818677731,0.001651082106262781,SPLMSF
4.7,90.2818170536278,15.948958102367149,8.68137352765023,0.23121932348799187,0.07864897845705741,0.24740119558695212,0.08470921583398563,0.0692213475204092,0.0015701467088969584,SPLMSF
4.75,90.51383185940982,15.976644473727768,8.688862749753147,0.2328320711368186,0.0793330284181241,0.24873884458009446,0.08530307611795822,0.07128250230665882,0.001510794084162022,SPLMSF
4.8,90.77066685371736,16.004014480408696,8.696443698639746,0.23444412123043384,0.08001767734729778,0.25003754713840737,0.08587809212621438,0.07286344040187123,0.0014514414594270853,SPLMSF
4.85,90.97300534713192,16.03205945240311,8.703722488709513,0.2360060868598684,0.08069858686750617,0.25134375867570574,0.08647000686692631,0.07454150097392262,0.0014082759141653132,SPLMSF
4.9,91.20232230633508,16.058922836185893,8.711438329925054,0.23759623371984478,0.08138283844263706,0.25260676261921106,0.08704321845805485,0.07646236773807147,0.0013705060620612627,SPLMSF
4.95,91.42786228032784,16.085834118059985,8.719100214209018,0.2392280943814647,0.08207187052617636,0.25396791482832287,0.08763455805459708,0.07829150771853906,0.001300362051010883,SPLMSF
5.0,91.63829431347898,16.113549769290135,8.726405982744573,0.24075406616198952,0.0827513708382037,0.25524617047033604,0.08823082364942565,0.08004510799479855,0.001246405119433668,SPLMSF
5.05,91.85196376252476,16.14096808714202,8.733792686677495,0.24227431798978052,0.08343044869474925,0.2564821880727478,0.08881081191681293,0.08199834891789373,0.001214030960487339,SPLMSF
5.1,92.06887062746516,16.167993387169968,8.741298095859884,0.2438014058586436,0.08411031658460737,0.25773068176330627,0.08939316561755786,0.08398396399993525,0.001160074028910124,SPLMSF
5.15,92.2598781652485,16.195036419301676,8.748760339497014,0.24533686439004387,0.08479144272960945,0.2589958024656701,0.08998167323741903,0.08586706091198006,0.0011007214041751873,SPLMSF
5.2,92.4573605348211,16.22136061304354,8.756470785019397,0.24692115178624424,0.08547725835042191,0.26033434261236965,0.09057876245168123,0.08800375540243778,0.0010791386315443013,SPLMSF
5.25,92.64567022602559,16.248595304560393,8.763776553554953,0.24839145866089685,0.0861518364872548,0.26154023969295814,0.0911644967353461,0.0899408092460598,0.0010467644725979722,SPLMSF
5.3,92.84746915012437,16.274764640033204,8.771470811997863,0.24998495378588817,0.0868386554881582,0.2628698592374344,0.09175696032355715,0.09175915784021195,0.0010359730862825292,SPLMSF
5.35,93.03739754927616,16.301244159215017,8.779003199646043,0.25152585324793747,0.0875206689224021,0.2641467458026202,0.09234517445770116,0.09376096000172662,0.0010035989273362003,SPLMSF
5.4,93.22408853253333,16.326820366183796,8.786859328883684,0.2531069318901652,0.08820682589845814,0.26544770018810593,0.0929304903187396,0.09571959661797953,0.0009604333820744282,SPLMSF
5.45,93.4010672681066,16.353141738233386,8.794375529452392,0.25463653095778943,0.08888755338677108,0.266744604079652,0.09352807537430256,0.09791564373317219,0.0009118721436549346,SPLMSF
5.5,93.58074385025871,16.379341347266152,8.801902521407413,0.25615203941014286,0.08956706579403402,0.26799935718074674,0.09411574614543063,0.09969082678206256,0.0008741022915508841,SPLMSF
5.55,93.75070818472695,16.40586110253037,8.809262246874544,0.2576438309853075,0.0902442860598984,0.26924400973807344,0.09470508888848032,0.1018598954314666,0.0008471238257622766,SPLMSF
5.6,93.90826242493242,16.431223618428746,8.81704283640798,0.2592090053687147,0.09092817360832761,0.2705727900346465,0.09530753346933873,0.1039426329903471,0.0008417281326045551,SPLMSF
5.65,94.07121235829561,16.457492923295316,8.824418748954585,0.2606794517544096,0.09160245967714652,0.2717950627089965,0.09589312229420888,0.10608472317396254,0.000809353973658226,SPLMSF
5.7,94.25466592565814,16.483810416822852,8.831729913183297,0.2620889318146255,0.09226968094144357,0.2729298881071644,0.09645931791781058,0.10845882816336,0.00078777120102734,SPLMSF
5.75,94.40358705681126,16.510526056068333,8.838836041072016,0.2634410728364619,0.09293013653221924,0.2740593243065597,0.0970400844268319,0.1107897676074957,0.000766188428396454,SPLMSF
5.8,94.56060172770094,16.53676457647862,8.846087852675995,0.264785261728888,0.09358867636133571,0.2751902713806405,0.09762232369393552,0.11301279318847696,0.0007230228831346818,SPLMSF
5.85,94.70736458159097,16.562860667834126,8.853350455666288,0.2661898589026239,0.09425171457875507,0.27637050677969954,0.09820629618953841,0.11546243788208252,0.0007122314968192389,SPLMSF
5.9,94.83794035600783,16.588916796478408,8.860580684497634,0.2675452086784328,0.09490825066714427,0.27752385184848033,0.09879126346469322,0.11775021178095645,0.0006744616447151884,SPLMSF
5.95,94.97984708605591,16.614419434661652,8.867988971203186,0.2690212355058193,0.09557561474967091,0.2787718012827432,0.09937591849562692,0.12006496414561897,0.0006366917926111377,SPLMSF
6.0,95.12175381610398,16.63937368221234,8.875569920089784,0.2704654538155644,0.0962384908983715,0.2799859607469426,0.09995491951642016,0.12241209066922783,0.0006151090199802518,SPLMSF
6.05,95.25610657573125,16.66412223388237,8.883188638828488,0.2718971161315038,0.09689907000938512,0.2812221708498309,0.10054090326160826,0.12452180669389692,0.0005935262473493657,SPLMSF
6.1,95.39207804330583,16.689008849802445,8.890710235090351,0.2733445431952215,0.09756059903249432,0.2824423544371101,0.10112067523397152,0.12670706242277413,0.0005719434747184797,SPLMSF
6.15,95.53290563472237,16.714748851291873,8.897848737138016,0.27466041134606356,0.09820876589121846,0.2835256273905137,0.10168414398766386,0.1287304473569197,0.0005611520884030367,SPLMSF
6.2,95.65430873077109,16.74052609331299,8.904927886560946,0.27595437626326663,0.09885369831954831,0.2846083750923685,0.10225487983138457,0.13118009205052528,0.0005395693157721507,SPLMSF
6.25,95.78542407450374,16.765561573444398,8.912255237869132,0.2772988441777773,0.0995017064119741,0.2857233503903741,0.10281950931442181,0.13373225491412755,0.0005395693157721507,SPLMSF
6.3,95.8981940615001,16.789511609403256,8.919965683391517,0.2787146022348961,0.10015439043043525,0.28696419753447633,0.10340606616133499,0.13624125223246805,0.0005179865431412646,SPLMSF
6.35,96.00772663260186,16.81371126481113,8.927525049505485,0.2800568379727302,0.10079761598183232,0.2881108560252678,0.10397889965041232,0.13877722801659714,0.0005071951568258216,SPLMSF
6.4,96.12049661959824,16.837954736394835,8.93501966730156,0.28144720502015286,0.10144385410691889,0.28931918110731264,0.10455572803029445,0.1410488148359979,0.0004856123841949356,SPLMSF
6.45,96.2375831611208,16.863195261777104,8.942066442565544,0.2827266607889583,0.10207732829226061,0.2903998751289527,0.10511590594973556,0.14354162507486523,0.0004802166910372141,SPLMSF
6.5,96.34279917769636,16.887294036404374,8.949523290509516,0.2839889566995624,0.10270752675188025,0.2914833018397693,0.10568189491243803,0.14589414729163183,0.0004640296115640496,SPLMSF
6.55,96.44855476358771,16.911853838111707,8.956748123647705,0.285297291254121,0.10334034862806424,0.29260699032732684,0.10624361280001633,0.1483006264399756,0.00044244683893316354,SPLMSF
6.6,96.55754776537367,16.935591614789935,8.964253532830096,0.2865471706819616,0.10396553254179623,0.2936614420099132,0.10679669095852079,0.1508096237583161,0.000426259759459999,SPLMSF
6.65,96.66869904442275,16.959279759065286,8.971731963546697,0.28787866406953966,0.10459692147767752,0.29479785674177683,0.10735138793777953,0.1530380450324551,0.000415468373144556,SPLMSF
6.7,96.77283592236677,16.98301678430577,8.979145645945406,0.2890818072982145,0.10521439612081022,0.2958115427093091,0.10789779262674326,0.155422941408168,0.000404676986829113,SPLMSF
6.75,96.86672098331111,17.006262592847595,8.986705012059375,0.290420834282076,0.10584257935147992,0.29696622581687326,0.10845935880707026,0.15812618368018647,0.00038848990735594846,SPLMSF
6.8,96.96384346015012,17.029589861165352,8.99417804708282,0.2917022432054734,0.1064621722533315,0.29807850457970236,0.10901287183423804,0.16073230347536596,0.0003615114415673409,SPLMSF
6.85,97.05934722904178,17.05251086661605,9.001764391662576,0.29297625804362953,0.1070787998385379,0.29917442995724997,0.10956021235388441,0.1631711567826561,0.00035611574840961944,SPLMSF
6.9,97.14675745819686,17.07622517644945,9.008983829107606,0.29414745324362096,0.10768312484576263,0.3001790480379905,0.11010324828461601,0.16560461439678847,0.0003453243620941764,SPLMSF
6.95,97.23740510324659,17.099557804337245,9.016305784722634,0.2953427838539277,0.10828728951701463,0.3012078444951252,0.11064487354830349,0.16812440310144441,0.0003453243620941764,SPLMSF
7.0,97.31726136198087,17.12308639813442,9.023498243701876,0.29652667455876713,0.1088876727605757,0.3022507494635758,0.11119202444057963,0.17069275304451986,0.0003399286689364549,SPLMSF
7.05,97.3960384820836,17.146180369686117,9.030814803623748,0.2976582486227493,0.10948049770108591,0.3032337110915366,0.1117278811166694,0.1733150599191725,0.00033453297577873344,SPLMSF
7.1,97.4678012010813,17.16954713661325,9.037969492750886,0.2988426973717578,0.110075396216545,0.3042916549158547,0.1122740829853479,0.175921179714352,0.0003237415894632904,SPLMSF
7.15,97.54226176665786,17.19256121232834,9.045215908661707,0.3000080331079732,0.11066594703544383,0.3053190008518735,0.11281353053736497,0.17827370193111858,0.0003129502031478474,SPLMSF
7.2,97.6167223322344,17.213783207234883,9.053131390524083,0.3013342250759444,0.11126986269938825,0.30650170253598347,0.11336067332390067,0.18072874231788186,0.0002913674305169614,SPLMSF
7.25,97.70359299207372,17.236642938927467,9.060340036582799,0.3024246433824521,0.11184796062115213,0.30742833548159065,0.11387389356051184,0.18338342335148083,0.0002751803510437968,SPLMSF
7.3,97.77643484970297,17.259545583736678,9.067478538630466,0.3035138060895793,0.11242266825577031,0.30837345058826127,0.11439536724351203,0.1860327086919221,0.00026978465788607533,SPLMSF
7.35,97.8417227369114,17.282723821102056,9.074455169883398,0.3045453507362423,0.11298873225615948,0.30929583914676306,0.11491899646804875,0.18863343279394387,0.0002589932715706323,SPLMSF
7.4,97.90916890138291,17.304899676723593,9.081782521191585,0.3057088728289079,0.11356472802201614,0.3103376880159596,0.11544674738852698,0.19113703441912666,0.0002428061920974678,SPLMSF
7.45,97.97067980338095,17.327472038575436,9.08889944046662,0.3068047320660648,0.11413102077815283,0.31131380433106426,0.11596488023162618,0.19382408961167197,0.0002320148057820248,SPLMSF
7.5,98.02625544290548,17.34988566817669,9.09602715112797,0.30783669524585483,0.11468777140662623,0.3122334553020503,0.11648048860979843,0.1963384826231702,0.0002320148057820248,SPLMSF
7.55,98.0877663449035,17.371854385394577,9.103284358425105,0.3089103722272882,0.11524591777321838,0.313184602896765,0.11699113301127535,0.19878812731677575,0.0002320148057820248,SPLMSF
7.6,98.14118370716494,17.39331983870447,9.110692645130657,0.30997260930325415,0.11579997877032958,0.3141351611541168,0.11750209898773097,0.20127014616932765,0.00022661911262430328,SPLMSF
7.65,98.20377374779451,17.415052550113536,9.117944456734634,0.3110400082877846,0.11635163559526984,0.31505355011977754,0.1179998825858246,0.20376295640819497,0.00021582772630886026,SPLMSF
7.7,98.2679824963714,17.436563007506297,9.125234038190715,0.312078528486562,0.11689725483329422,0.3159641446714582,0.1184952184608092,0.20640684605547852,0.00021043203315113877,SPLMSF
7.75,98.32301856658016,17.45798714739438,9.132507432567325,0.3131153745528319,0.11743953439513957,0.3168816860913705,0.11899061133926599,0.20878095104487598,0.00020503633999341726,SPLMSF
7.8,98.37427765157851,17.478935361654305,9.139921114966034,0.31417161265397947,0.11798054809087936,0.3178532310662571,0.11949518333842302,0.21143023638531724,0.00018884926052025274,SPLMSF
7.85,98.42661587520841,17.500239482472043,9.147140552411065,0.315147771416855,0.11851031791767758,0.3187155218208828,0.11997974361959111,0.21404714756681217,0.00018345356736253123,SPLMSF
7.9,98.47247926704904,17.521239497790397,9.154430133867148,0.31615880794030204,0.11903999983580058,0.31963021100042743,0.12047142821083974,0.21671261998672658,0.00017805787420480972,SPLMSF
7.95,98.51564481231081,17.542067178012996,9.161735902402702,0.317231787366524,0.11957197434387218,0.3206164109057848,0.12096925113482966,0.21918384745296304,0.00017805787420480972,SPLMSF
8.0,98.5588103575726,17.5633622557375,9.168804260439318,0.31821826994652863,0.12009227267258035,0.32151695787848594,0.12145395008847429,0.22171982323709216,0.00017805787420480972,SPLMSF
8.05,98.60575288804476,17.58432945003963,9.175953553873299,0.3191550865954795,0.12060436052527088,0.32237012750822164,0.12193085418603933,0.22426659040753671,0.00016726648788936672,SPLMSF
8.1,98.64945800262231,17.604211021755305,9.183485941521477,0.3202030935451322,0.12112365205700626,0.3233316629437181,0.1224155958273351,0.22685652312324303,0.0001618707947316452,SPLMSF
8.15,98.68992570130521,17.625340380659598,9.19046796846757,0.32111410065126017,0.12162603021491712,0.32416303545556435,0.12288665696227674,0.22937631182789897,0.0001564751015739237,SPLMSF
8.2,98.72931426135658,17.645487572402775,9.197795319775755,0.3220564977419023,0.12212840327344758,0.3250170616358251,0.12335409918095276,0.2317180426583501,0.00015107940841620218,SPLMSF
8.25,98.7697819600395,17.665830805681566,9.204998570141314,0.3229382075291503,0.12262212957372054,0.32580780429711603,0.1238132363445171,0.2339950251709086,0.0001456837152584807,SPLMSF
8.3,98.80701224282777,17.685565136795724,9.212401461153707,0.3239178540680828,0.1231228647321361,0.3267142144799641,0.12428373836192645,0.23613171966136628,0.00014028802210075918,SPLMSF
8.35,98.84100510972142,17.705588642993547,9.21964248137137,0.32482788459691475,0.12361395093368928,0.3275509246281082,0.12474572741476468,0.23850042895760604,0.00014028802210075918,SPLMSF
8.4,98.8760771152466,17.725336883179725,9.226948249906924,0.3257284283748711,0.1241013277858625,0.32837190548431106,0.12520165271198827,0.24076122439069134,0.00014028802210075918,SPLMSF
8.45,98.91276782871911,17.745274424943823,9.234129917499851,0.32665492120669276,0.12458784845165857,0.3292207675841979,0.12565512255952963,0.2432810130953473,0.00013489232894303767,SPLMSF
8.5,98.94622112629699,17.7646411468069,9.241489642966984,0.32756550977969384,0.1250691140875732,0.33005033133384226,0.12610435281059781,0.2457414491752683,0.00012949663578531615,SPLMSF
8.55,98.97319959208559,17.78349262180809,9.24900584353569,0.3284497307657027,0.12554415239925376,0.330867996205637,0.12655286951519448,0.24820728094834704,0.00012949663578531615,SPLMSF
8.6,99.00827159761079,17.802775530529804,9.25630082068493,0.3293492979663632,0.12601713913904208,0.3316850149813347,0.1269922525374511,0.25068929980089893,0.00012949663578531615,SPLMSF
8.65,99.04118532587289,17.821780337841513,9.263660546152062,0.3301962695040818,0.12648182896832116,0.33245503262219706,0.12742593505318067,0.2529231167681956,0.00012949663578531615,SPLMSF
8.7,99.07841560866116,17.841200024473533,9.270809839586043,0.33105175121537983,0.12694444834509483,0.333230438295439,0.12785538039539293,0.25508678972444193,0.00012949663578531615,SPLMSF
8.75,99.11456675281791,17.859660731574785,9.27829906168896,0.33195438765897056,0.12740882169044485,0.3340640749079981,0.1282895534662627,0.2573206066917387,0.00012410094262759467,SPLMSF
8.8,99.14478263450114,17.877707018405474,9.285906989041347,0.33286302307737964,0.12787036700057183,0.33489899993469324,0.12872274873973086,0.259716294453767,0.00010791386315443013,SPLMSF
8.85,99.17445894686861,17.895436651780393,9.2935958517911,0.33375603325905256,0.12832716670352431,0.33572061287356564,0.12915126125472842,0.26195550711422144,0.00010251816999670863,SPLMSF
8.9,99.20251655128877,17.913252399312984,9.301203779143489,0.33463244162669353,0.12877895492174332,0.3365434285931848,0.12957997454574022,0.2643350077967766,9.712247683898712e-05,SPLMSF
8.95,99.22733673981428,17.932066101929856,9.308369259656942,0.3354601606405766,0.12922312708228095,0.33731576672231256,0.1300011529769181,0.2664986807530229,9.172678368126562e-05,SPLMSF
9.0,99.2521569283398,17.949261947005077,9.31613905780406,0.336314805285621,0.12966705543946422,0.33811175471195504,0.13042137288655037,0.2685922096982189,8.63310905235441e-05,SPLMSF
9.05,99.27373970097068,17.9676296564588,9.323396265101197,0.3371461515866036,0.13010568033087336,0.3389001276829341,0.13084099112928244,0.27082063097235787,8.63310905235441e-05,SPLMSF
9.1,99.29532247360157,17.984085605675237,9.331376495281466,0.3380277218628091,0.13054648983700542,0.3397423913664842,0.1312648627904686,0.27285480729281886,8.63310905235441e-05,SPLMSF
9.15,99.32499878596904,18.00165882411843,9.338865717384383,0.3388659042048637,0.1309799467303093,0.3405103252680871,0.13166918238234668,0.27513178980537734,8.63310905235441e-05,SPLMSF
9.2,99.3508981131261,18.017847926971548,9.346867530337285,0.339773702557019,0.13141747906932483,0.3413628114049857,0.13208282615985034,0.27702028241057985,8.09353973658226e-05,SPLMSF
9.25,99.36384777670465,18.034582925551174,9.354610350018616,0.3406876393950348,0.1318530174058465,0.3422486414631233,0.13250712452568247,0.27922712091208796,7.553970420810109e-05,SPLMSF
9.3,99.38273270275666,18.051434712530742,9.362261442916264,0.3415078248126345,0.1322760515577766,0.34302783718897434,0.13291301778929393,0.2814069809478075,7.014401105037959e-05,SPLMSF
9.35,99.41025073786103,18.06772066965117,9.370095989381277,0.34232801023023424,0.132695986215215,0.3437813703864525,0.13330443295780522,0.2835706539040538,7.014401105037959e-05,SPLMSF
9.4,99.43129394117616,18.084577900669156,9.377660751188401,0.34314401031656533,0.13311266860237728,0.34455102916772934,0.13370192711461076,0.28548612497504494,7.014401105037959e-05,SPLMSF
9.45,99.44694145133354,18.101297671319546,9.385241700075,0.3439368515698769,0.1335246539126184,0.34530444742496247,0.1340975755440157,0.2874879271365596,7.014401105037959e-05,SPLMSF
9.5,99.46097025354362,18.11779968904084,9.392871210200019,0.34475466529975773,0.13393662055131395,0.346080934304035,0.1344933740320715,0.28943577236649703,7.014401105037959e-05,SPLMSF
9.55,99.47931561027987,18.133611981489384,9.400738130823976,0.34557889653758367,0.13434674869767393,0.346853090341057,0.1348824711017218,0.2912487252674915,6.474831789265808e-05,SPLMSF
9.6,99.49766096701613,18.15078688611329,9.4080223165869,0.3463596003302164,0.13475031464457146,0.3475855611110509,0.13526667165176937,0.293234340349533,6.474831789265808e-05,SPLMSF
9.65,99.51492718512084,18.166745968292727,9.415754344881915,0.34720643235689275,0.13515777143905625,0.34839219527852777,0.13565693934880296,0.29510125018210465,6.474831789265808e-05,SPLMSF
9.7,99.53057469527823,18.181403473450764,9.423966589867968,0.348093304052705,0.13556626357424978,0.3492382898250598,0.13604803276530586,0.29731348437677046,6.474831789265808e-05,SPLMSF
9.75,99.54892005201448,18.19687703124632,9.431811927719295,0.34890232858692194,0.13596431431096392,0.3500035782478847,0.1364271027264286,0.2990455018803991,6.474831789265808e-05,SPLMSF
9.8,99.5699632553296,18.212010229973803,9.439759783740618,0.34972628080266327,0.13636204312984793,0.3507707100186414,0.13680147898953077,0.3007613323045545,5.935262473493657e-05,SPLMSF
9.85,99.58453162685544,18.22773386339929,9.447437855104056,0.3504970793112937,0.1367528411150126,0.3514957911173962,0.13717487073933124,0.30239622733134414,5.935262473493657e-05,SPLMSF
9.9,99.60017913701283,18.2434363652981,9.455088948001706,0.3513490732465346,0.1371493991812302,0.35231083158533416,0.13755568911189386,0.3042469500844426,5.935262473493657e-05,SPLMSF
9.95,99.61097052332828,18.258456496326616,9.462977451398293,0.3521854419450394,0.13754230235445844,0.35312014213593923,0.13793675927993515,0.30596278050859804,5.935262473493657e-05,SPLMSF
10.0,99.62392018690682,18.272813296833196,9.471097969600665,0.3530121843816266,0.13793249237733202,0.35390900634762446,0.13831206672144877,0.3075383229106527,5.3956931577215064e-05,SPLMSF
10.05,99.63740941980112,18.287413599060017,9.47908899116725,0.3537988871490777,0.1383171892807366,0.35466031995927666,0.13868217583050482,0.3092595490279659,5.3956931577215064e-05,SPLMSF
10.1,99.64981951406388,18.302132715888334,9.48699907733647,0.3546518576616145,0.13870646545052445,0.35548681969201434,0.13905960593601405,0.31086206989580917,5.3956931577215064e-05,SPLMSF
10.15,99.65737348448468,18.31625860643422,9.495114199845684,0.35549855017724846,0.1390934913512897,0.35631171733316,0.1394379861269096,0.31249696492259876,5.3956931577215064e-05,SPLMSF
10.2,99.66924400943167,18.33034444776601,9.503213135275423,0.3563336632763728,0.13947773980591127,0.3571169635339974,0.13980955623203326,0.31407250732465347,5.3956931577215064e-05,SPLMSF
10.25,99.67949582643134,18.34451258787875,9.51124732238727,0.3571641725111016,0.13985992587621018,0.3579227917440281,0.14018085095030175,0.3156480497267081,5.3956931577215064e-05,SPLMSF
10.3,99.68704979685215,18.358331136694826,9.519389423362272,0.3579677561146692,0.1402378428387455,0.3587086332995945,0.14055081950837672,0.31730452752612864,5.3956931577215064e-05,SPLMSF
10.35,99.6956829059045,18.37209845413281,9.527520732950958,0.358788918109565,0.14061587986912522,0.35951257451195806,0.14092102986612937,0.31874517759924026,5.3956931577215064e-05,SPLMSF
10.4,99.70593472290417,18.385993334505084,9.535571107142278,0.3596456554202434,0.14099603865169524,0.36034047024698573,0.14128911792504784,0.320223597524456,5.3956931577215064e-05,SPLMSF
10.45,99.71186998537767,18.399653365477477,9.543686229651492,0.36048913918190495,0.14137369078147188,0.3611671810345294,0.1416596635137018,0.32187467963071875,5.3956931577215064e-05,SPLMSF
10.5,99.71888438648271,18.4136610672105,9.551628689979658,0.36131699770683035,0.1417478249414862,0.3619746264095405,0.1420250440640926,0.3233315167833036,5.3956931577215064e-05,SPLMSF
10.55,99.72643835690353,18.42661798647952,9.559965035908338,0.3621833612794268,0.14212490844584624,0.3628225230649367,0.142393859974213,0.3246264831411567,5.3956931577215064e-05,SPLMSF
10.6,99.73561103527165,18.438816058542912,9.568576562188062,0.3630703724862814,0.1425028883412295,0.3636845317593849,0.14276102897008927,0.32616965138426507,5.3956931577215064e-05,SPLMSF
10.65,99.74370457500822,18.451915855063632,9.576799598560429,0.3639254356644527,0.14287675027202415,0.36451829585952455,0.14312577012918187,0.32741605650369876,5.3956931577215064e-05,SPLMSF
10.7,99.75233768406059,18.464357794088468,9.585260045431736,0.36476696627152205,0.1432486294088517,0.36533652212858486,0.14348750545935263,0.3287541884068137,5.3956931577215064e-05,SPLMSF
10.75,99.7598916544814,18.476764274660034,9.593709700916728,0.3656068227460841,0.14361977086772915,0.3661539526632339,0.14384963480828783,0.32994663659467016,5.3956931577215064e-05,SPLMSF
10.8,99.76906433284952,18.489225910728507,9.6021107951633,0.3664674663659467,0.14399210843914848,0.3669899162488845,0.14421134524692772,0.3313495168156777,5.3956931577215064e-05,SPLMSF
10.85,99.77499959532301,18.502053781630888,9.610339227228826,0.3673053696859166,0.1443614469301292,0.3678110941616734,0.14457362789801365,0.33260671332142683,5.3956931577215064e-05,SPLMSF
10.9,99.78255356574383,18.514631072815504,9.618643198998559,0.36818080147626164,0.14473388826812925,0.36866674066944255,0.14493782689746995,0.3337937658161256,5.3956931577215064e-05,SPLMSF
10.95,99.79118667479618,18.526891069457427,9.627049688938289,0.3690361436765173,0.14510389941782115,0.3694972911876981,0.1452971286833474,0.3350779407876633,5.3956931577215064e-05,SPLMSF
11.0,99.79496366000659,18.53825314252904,9.635790711853799,0.36997616907944075,0.14548158776400022,0.37042763997339867,0.1456708322694405,0.33622182773710024,4.316554526177205e-05,SPLMSF
11.05,99.79874064521698,18.549060436732557,9.644731375416143,0.3708948492928944,0.14585710448917158,0.3713372290657439,0.14604259305407122,0.3373279448344332,4.316554526177205e-05,SPLMSF
11.1,99.80575504632203,18.560459259397042,9.653413045706916,0.3718086466198679,0.14623202364735988,0.37222754577154504,0.14640809853254896,0.33847722747702785,4.316554526177205e-05,SPLMSF
11.15,99.81061117016398,18.5718181633126,9.662089320304533,0.37271058550824726,0.1466058704338487,0.3731163007860224,0.14677692592596736,0.33950780487015264,4.316554526177205e-05,SPLMSF
11.2,99.81600686332169,18.583499239060647,9.670614515493734,0.3735921557844528,0.14697763664582783,0.37398463795191145,0.14714249535405466,0.34058694350169694,4.316554526177205e-05,SPLMSF
11.25,99.82302126442674,18.59454800011686,9.679371725488714,0.37451334719666757,0.14735336564983773,0.37488719288667866,0.14750971162855667,0.3417308304511339,4.316554526177205e-05,SPLMSF
11.3,99.8257191110056,18.605107341475545,9.688301597664744,0.3754738807228069,0.1477326797100205,0.3758392718231447,0.14788542911096245,0.34284234324162455,3.7769852104050545e-05,SPLMSF
11.35,99.8311148041633,18.615449482328813,9.697296218158666,0.3764330191385236,0.14811177536883538,0.37678628749324394,0.14825905755872498,0.3439160861800111,3.237415894632904e-05,SPLMSF
11.4,99.83651049732104,18.62621049263875,9.706101989392067,0.3773648133899521,0.1484883105522968,0.37770161967248556,0.14862885010329455,0.34497903773208227,3.237415894632904e-05,SPLMSF
11.45,99.83866877458412,18.63804084024853,9.714459918093377,0.3782639620574856,0.14886195759367354,0.3785946152166628,0.14899970148211553,0.34596105388678755,3.237415894632904e-05,SPLMSF
11.5,99.84082705184721,18.64754447771608,9.723729718938344,0.379255188012928,0.14924505496871193,0.37958426770717363,0.14938176430860295,0.3469053001893888,3.237415894632904e-05,SPLMSF
11.55,99.84460403705762,18.65832094418526,9.732470741853852,0.38018209937787656,0.1496223074812931,0.38049924063876356,0.14975385225349724,0.347871129264621,3.237415894632904e-05,SPLMSF
11.6,99.85161843816266,18.66714588881748,9.7419725575046,0.3812190849551887,0.15001061689565026,0.38152095779701495,0.1501351785818329,0.3488261669535377,3.237415894632904e-05,SPLMSF
11.65,99.85377671542575,18.67717873778702,9.75097257369168,0.3821992895382905,0.15039402457942577,0.3824946308588472,0.15051573586855388,0.34974343479035036,3.237415894632904e-05,SPLMSF
11.7,99.85809326995192,18.686273978854032,9.760328705627169,0.3832238586328393,0.15078228125126686,0.38350943085319056,0.15089949394549546,0.35077401218347515,3.237415894632904e-05,SPLMSF
11.75,99.86025154721501,18.695924031307932,9.76944203137056,0.38425679838992516,0.15117158871697922,0.38453566707371106,0.1512862502712448,0.35180998526975765,3.237415894632904e-05,SPLMSF
11.8,99.86294939379388,18.705001685956823,9.778765789147103,0.385291691301603,0.1515617394016736,0.3855621506491822,0.15167285141310013,0.35261933924341593,3.237415894632904e-05,SPLMSF
11.85,99.86402853242542,18.71413417104447,9.78805177707154,0.386325189102858,0.1519528839311832,0.38659316861266146,0.15206273789322242,0.35342329752391644,3.237415894632904e-05,SPLMSF
11.9,99.8661868096885,18.72335991919961,9.797283808064403,0.3873515718409566,0.15234433083736657,0.387615225955642,0.15245237340802104,0.35423265149757466,3.237415894632904e-05,SPLMSF
11.95,99.86888465626737,18.732453334842692,9.806553608909368,0.38838409306491556,0.15273765035944856,0.38864058747636276,0.15284294627489542,0.3549772571533402,3.237415894632904e-05,SPLMSF
12.0,99.87050336421468,18.741871799155653,9.815677726039075,0.3894009890521386,0.1531306495228043,0.3896501281409885,0.15323353646751633,0.3557974025133139,3.237415894632904e-05,SPLMSF
12.05,99.872122072162,18.7508602428308,9.824958318270356,0.39047187581272624,0.1535301310175559,0.3907164897782771,0.15363094839577152,0.3565635909417103,3.237415894632904e-05,SPLMSF
12.1,99.87481991874087,18.760780399010596,9.833850420594281,0.391486679134315,0.15392537963843525,0.3917252236562742,0.15402347808807773,0.35729740521116043,3.237415894632904e-05,SPLMSF
12.15,99.87913647326704,18.769853671947423,9.84306626450767,0.3925440333238009,0.15432610842437863,0.3927693024110118,0.15441866120979,0.358139133343765,3.237415894632904e-05,SPLMSF
12.2,99.88129475053013,18.777683657871084,9.852762325112096,0.39365984264000475,0.1547335364982642,0.39387809037722904,0.15482312809488927,0.3590078399421582,3.237415894632904e-05,SPLMSF
12.25,99.88345302779321,18.786176282782947,9.86217780967232,0.3947605847636416,0.1551408476689081,0.39497425978165157,0.15522825208226193,0.35970388435950423,3.237415894632904e-05,SPLMSF
12.3,99.88507173574052,18.794161565947636,9.871782143493064,0.39587611505776077,0.15555116894343432,0.39608453310285224,0.15563640862167344,0.3604215115494812,2.1582772630886026e-05,SPLMSF
12.35,99.88669044368785,18.803177202937157,9.880960217554348,0.39694183990978404,0.15595823809902834,0.39714351180566415,0.1560411321099552,0.36106359903525004,2.1582772630886026e-05,SPLMSF
12.4,99.8877695823194,18.81238736366181,9.890046564831952,0.39806448526705984,0.15637249322618302,0.3982631279837947,0.15645426467758508,0.36183518315680424,2.1582772630886026e-05,SPLMSF
12.45,99.88992785958249,18.82092674436683,9.899386509687966,0.3991735980532339,0.1567869915675332,0.39936667348713584,0.1568663044352475,0.3625851845057275,2.1582772630886026e-05,SPLMSF
12.5,99.89100699821402,18.82867373851778,9.909028613360816,0.40031717006685263,0.15720638788682456,0.4005060615456083,0.15728422350742124,0.36327043753675814,2.1582772630886026e-05,SPLMSF
12.55,99.89262570616134,18.83655017073398,9.918605968715772,0.4014428846670588,0.1576259513751872,0.40162663584214675,0.15770159720924778,0.36388015086358066,2.1582772630886026e-05,SPLMSF
12.6,99.89316527547712,18.845135138790706,9.927886560947051,0.4025917581002843,0.15804962239772952,0.4027747082723418,0.1581247477163194,0.3646193608261885,2.1582772630886026e-05,SPLMSF
12.65,99.89478398342443,18.85283319953184,9.93750708184727,0.40374021300038304,0.1584748793567915,0.4039178461904093,0.15854780987464562,0.3653477794024809,2.1582772630886026e-05,SPLMSF
12.7,99.89856096863483,18.86053746731156,9.947111415668013,0.4049520059136797,0.15890812146511568,0.40511755331226873,0.15897580037295908,0.36596828411561894,1.618707947316452e-05,SPLMSF
12.75,99.90071924589793,18.86845215848659,9.956618627011919,0.4060975310818903,0.15933695338237622,0.4062561628958299,0.1594016398250448,0.36665893283980727,1.618707947316452e-05,SPLMSF
12.8,99.90341709247679,18.875607460642275,9.96641720578634,0.40730639426329895,0.1597740543698094,0.40745634116465207,0.15983506517687132,0.36720929354189485,1.618707947316452e-05,SPLMSF
12.85,99.90449623110833,18.88303283895185,9.976097079311293,0.40850437558340924,0.1602125689881215,0.4086512061180841,0.16027213634450435,0.36781361117555966,1.618707947316452e-05,SPLMSF
12.9,99.90557536973988,18.89095060541524,9.985566520803095,0.4097269108469619,0.16065547589297807,0.40987118098056796,0.16071380528598705,0.3684718857408017,1.618707947316452e-05,SPLMSF
12.95,99.90557536973988,18.89881015841489,9.995046753681212,0.41092154390205743,0.16109789189908355,0.41106638455805306,0.16115642147339707,0.36913016030604373,1.618707947316452e-05,SPLMSF
13.0,99.90935235495027,18.90650181728459,10.004580943490906,0.41212538468594356,0.16154330705226527,0.41226066489887386,0.16159741249049828,0.369745269326024,1.618707947316452e-05,SPLMSF
13.05,99.91043149358183,18.913609854862372,10.014336356720065,0.41335419794639916,0.1619934513530059,0.41348626655937604,0.16204638818192277,0.37041973097073916,1.618707947316452e-05,SPLMSF
13.1,99.91151063221336,18.920212258903433,10.024280619209748,0.4146263991410056,0.16244994787618905,0.414754290664204,0.1625013185429872,0.3710887969222966,1.618707947316452e-05,SPLMSF
13.15,99.9131293401607,18.927427161104422,10.033965888427858,0.41585102707019245,0.1629038883933465,0.41597382239215425,0.16295314353698218,0.37174167579438094,1.618707947316452e-05,SPLMSF
13.2,99.91582718673955,18.93402965857404,10.04388317245175,0.41710034845386407,0.1633625051270404,0.4172147796324597,0.1634081561143263,0.37232980634857255,1.618707947316452e-05,SPLMSF
13.25,99.91636675605533,18.94025584287211,10.053940744497742,0.418406450831746,0.16382939862252285,0.4185198618410394,0.16387443088083245,0.3728477928917138,1.0791386315443013e-05,SPLMSF
13.3,99.91744589468686,18.946495326315524,10.06398212946426,0.4197419900395504,0.16430189052547756,0.4198511466033048,0.16434530884818666,0.37338196651432826,1.0791386315443013e-05,SPLMSF
13.35,99.91798546400264,18.95448933884072,10.073311282933963,0.42100079817409736,0.16476976938791843,0.42110830186682213,0.16481251879671976,0.37393772290957356,1.0791386315443013e-05,SPLMSF
13.4,99.91798546400264,18.961590189918056,10.082985760765757,0.4222767661668456,0.16524189234982836,0.42238336243999114,0.1652846844358964,0.3745744147021847,1.0791386315443013e-05,SPLMSF
13.45,99.9185250333184,18.968498912369153,10.092724986915444,0.4235505019829172,0.16571638760767368,0.4236569729671349,0.1657588341147399,0.3751625452563764,1.0791386315443013e-05,SPLMSF
13.5,99.91960417194996,18.975038786833547,10.102599105394074,0.42494086903033984,0.1662047436021909,0.42504304544669075,0.16624557767453155,0.3758100284353029,1.0791386315443013e-05,SPLMSF
13.55,99.92122287989727,18.980088983968972,10.113055958733739,0.42630277582513626,0.16669286071479134,0.4263996988125516,0.16673145331054912,0.3764521159210718,1.0791386315443013e-05,SPLMSF
13.6,99.92338115716035,18.985930052196114,10.123183674790782,0.4276141796226251,0.1671786693893895,0.4277075056131236,0.1672153348903127,0.37714276464526014,1.0791386315443013e-05,SPLMSF
13.65,99.92553943442344,18.991643108680215,10.133349160699929,0.42900677884672445,0.16767485941682939,0.42909539492966875,0.16770932841917655,0.3777039167336632,5.395693157721506e-06,SPLMSF
13.7,99.926618573055,18.997504553050096,10.143444502598026,0.43034343414286713,0.16816863988201478,0.4304285374817085,0.16820157356407595,0.3782866515946971,5.395693157721506e-06,SPLMSF
13.75,99.92823728100231,19.003391716531645,10.153518261723493,0.43173980016510805,0.16867116067554028,0.43181935274298044,0.16870169071619665,0.3788855735352042,5.395693157721506e-06,SPLMSF
13.8,99.92823728100231,19.00886904509141,10.163743100257374,0.4331623942632989,0.16917897623652756,0.4332429684665227,0.16920975240953798,0.37954924379360394,5.395693157721506e-06,SPLMSF
13.85,99.92877685031807,19.014098129224607,10.17405426988178,0.434621679765611,0.1696931183010761,0.43470109435694193,0.16972325362756263,0.3801643528135842,5.395693157721506e-06,SPLMSF
13.9,99.92877685031807,19.020010974241014,10.184079467768827,0.4360280905828967,0.17020503680404991,0.43610711147348014,0.17023528016423223,0.3807740661404067,5.395693157721506e-06,SPLMSF
13.95,99.92985598894963,19.02669016969811,10.193786319759568,0.4373639088127856,0.17071312402793334,0.43744153120629786,0.17074242751945895,0.3813945708535447,5.395693157721506e-06,SPLMSF
14.0,99.93147469689694,19.03088122422217,10.204475187905015,0.43886407105048747,0.1712399456211572,0.43893605520339524,0.1712668005569004,0.38204205403247127,5.395693157721506e-06,SPLMSF
14.05,99.93309340484426,19.03691575344275,10.214414054701537,0.4402428586814004,0.17175796885647743,0.44031047095983444,0.17178295415443176,0.3826733501319247,5.395693157721506e-06,SPLMSF
14.1,99.93471211279157,19.04113529786276,10.22506515299488,0.44178431618761893,0.17229458223635521,0.4418471995335075,0.17231742670860042,0.3833747902424285,5.395693157721506e-06,SPLMSF
14.15,99.93525168210734,19.046319545107732,10.23531696999455,0.4432408114690853,0.17282589211692057,0.44330392808280195,0.17284879709655596,0.38404385619398596,5.395693157721506e-06,SPLMSF
14.2,99.93579125142311,19.050432412907913,10.245984255367366,0.44481351944877595,0.17337147420736065,0.44487664906540536,0.17339432511728595,0.3846805479865971,5.395693157721506e-06,SPLMSF
14.25,99.93740995937043,19.055292485702573,10.256338590537034,0.44628438436759776,0.17391009588692813,0.4463399730262341,0.173930283595092,0.3854629234944667,5.395693157721506e-06,SPLMSF
14.3,99.9379495286862,19.06014184394157,10.266682134320385,0.44778370953904595,0.17445421438745853,0.4478368421211761,0.17447360999293224,0.38620752915023226,5.395693157721506e-06,SPLMSF
14.35,99.9379495286862,19.06453621066597,10.277192944591627,0.4493287943323639,0.17500559792683465,0.4493828862421579,0.17502523335620465,0.38689817787442066,5.395693157721506e-06,SPLMSF
14.4,99.93848909800197,19.06923518966301,10.287568862533925,0.45086188117604525,0.17555899803997183,0.45091281529432725,0.17557776739940545,0.3875834309054513,5.395693157721506e-06,SPLMSF
14.45,99.93848909800197,19.074005068540597,10.297901614930963,0.45234460453346126,0.17611041878355435,0.45239533447432484,0.1761293132020082,0.38834422364069,5.395693157721506e-06,SPLMSF
14.5,99.93902866731774,19.07919717860007,10.308050913760637,0.45382969957859626,0.17666502500723555,0.4538779159054097,0.17668311017535404,0.38906185083066697,5.395693157721506e-06,SPLMSF
14.55,99.93902866731774,19.084122019856597,10.318291939373992,0.455399477826399,0.17723074605990924,0.4554486518518518,0.1772490671066322,0.38980645648643253,5.395693157721506e-06,SPLMSF
14.6,99.94064737526507,19.089552283217635,10.328317137261038,0.4568875026034218,0.17779175600251798,0.45693367342068747,0.17780864137751795,0.3905186879832518,5.395693157721506e-06,SPLMSF
14.65,99.94118694458083,19.094133819726945,10.338666076737548,0.45840873100850893,0.17835882687815116,0.45845374888783297,0.17837528706170525,0.39129566779796365,5.395693157721506e-06,SPLMSF
14.7,99.94172651389661,19.098150659892788,10.349225448247209,0.46005286864184997,0.1789407963234134,0.46009623046564985,0.17895655864611687,0.3920564605332024,5.395693157721506e-06,SPLMSF
14.75,99.94172651389661,19.1026124499412,10.359590574803192,0.4615955817474491,0.179515842650905,0.46163984308813605,0.17953184173564254,0.3929089800521224,5.395693157721506e-06,SPLMSF
14.8,99.94226608321239,19.107047025927027,10.369950305666018,0.46315419911186884,0.18009532402563108,0.4631991019835227,0.18011122251054532,0.39377229095735783,5.395693157721506e-06,SPLMSF
14.85,99.94280565252815,19.111900375093715,10.38012658296148,0.4647103052775274,0.1806775451044815,0.4647526208166195,0.1806926284354208,0.3945222923062811,5.395693157721506e-06,SPLMSF
14.9,99.94334522184393,19.117733048191493,10.389892787576956,0.46620335245207273,0.18125624352511582,0.4662451219901957,0.18127089852288064,0.3954827256883556,5.395693157721506e-06,SPLMSF
14.95,99.94334522184393,19.12233425335003,10.400133813190312,0.4677356022295004,0.18184147647111293,0.4677765652709092,0.18185620599387142,0.3963676193662219,5.395693157721506e-06,SPLMSF
15.0,99.9438847911597,19.126715476549013,10.410444982814717,0.46930914727544476,0.18243346398627838,0.4693480496466536,0.18244740192657705,0.3972794915098768,5.395693157721506e-06,SPLMSF
0.0,50.34991070127825,13.190136782645478,7.959413596067619,0.08779290380018669,0.024721965724814936,0.11429784519101965,0.033631549669247376,0.0009334549162858207,0.022672702648745772,SPLMSFT
0.05,50.98714206320515,13.220008245187417,7.9669999406473755,0.08876278456615931,0.02504686909109128,0.11510921774466643,0.03391141158815984,0.0009820161547053141,0.021965866845084253,SPLMSFT
0.1,51.61627988539548,13.250665151963261,7.974284126410299,0.08971383134142327,0.02537298535792682,0.11591954406138277,0.034191201435029565,0.0010089946204939217,0.021350757825104,SPLMSFT
0.15,52.26538177226937,13.280425630563695,7.981940615001106,0.09070603387416167,0.025706148784283265,0.11676240210602386,0.0344742962109486,0.0010737429383865797,0.020536008158288054,SPLMSFT
0.2,52.89775701035434,13.310852974606568,7.9893435060135,0.09170577000318347,0.026043190063377412,0.11763231204545221,0.03476722558705998,0.0010791386315443013,0.019958668990411852,SPLMSFT
0.25,53.519880431439624,13.341077735555357,7.996838123809575,0.09276591441351514,0.02638932851694794,0.1186453873172699,0.03508467339560788,0.0011223041768060734,0.019381329822535653,SPLMSFT
0.3,54.15819093199807,13.371826425298359,8.004133100958814,0.09376634809774838,0.026732860777125448,0.11953656955555779,0.03538940033430314,0.0011654697220678455,0.018852551893078943,SPLMSFT
0.35,54.77060210539947,13.402292947907178,8.011552179050682,0.09483681632520922,0.027086490737296416,0.12052327572211056,0.035714449781717846,0.001203239574171896,0.018199673020994643,SPLMSFT
0.4,55.378696724274675,13.432721784528544,8.018998235608338,0.09589835584596376,0.027442516583382173,0.12150569143079847,0.03604933349111548,0.001267987892064554,0.017568376921541225,SPLMSFT
0.45,55.99920143741266,13.463233420166706,8.026422709393362,0.09698975072976748,0.027804745273250234,0.12254426100110805,0.036383968628816016,0.001300362051010883,0.016980246367349582,SPLMSFT
0.5,56.57708017460463,13.494432818734833,8.03358279421366,0.09800497258448307,0.028163006475374886,0.12341742275120164,0.03670662702625634,0.0013435275962726551,0.016375928733684774,SPLMSFT
0.55,57.19057048663757,13.524136125838993,8.041352592360777,0.0991724009863327,0.028539391812216684,0.12457877603237949,0.03706735087623413,0.0014190673004807564,0.015771611100019962,SPLMSFT
0.6,57.83049969514333,13.554472261895004,8.048879584315799,0.10026853924557418,0.028912250361739694,0.1255410012782355,0.03739548369900131,0.0014838156183734144,0.015226646091090092,SPLMSFT
0.65,58.457479240070576,13.585169530789303,8.056271683941878,0.10137848909800196,0.029289970391613466,0.12652951403439144,0.0377362578105087,0.0015161897773197433,0.01471945093426427,SPLMSFT
0.7,59.0596385964723,13.615671117168027,8.063750114658479,0.10252889715269273,0.02967519621335183,0.12758133754807824,0.03809234377340871,0.00157554240205468,0.014309378254277435,SPLMSFT
0.75,59.64291302682199,13.64512506300056,8.071654805134541,0.10373217989240988,0.030069117215429327,0.12868820640865583,0.03845798523065443,0.001629499333631895,0.013856140029028829,SPLMSFT
0.8,60.23374142759249,13.675030914146076,8.079386833429556,0.10492723148063218,0.03046591402386721,0.12977056289806777,0.03881679094535174,0.0016780605720513886,0.013375923337991615,SPLMSFT
0.85,60.83590078399421,13.705173622769028,8.087032530634048,0.10611419142840188,0.03086561648559026,0.13085247152524637,0.03918751549422402,0.0017320175036286036,0.012976642044320223,SPLMSFT
0.9,61.411081674607324,13.734727232782408,8.094921034030637,0.10736769814334197,0.031275507065994426,0.1320426834424285,0.03957963367396284,0.0017859744352058187,0.012523403819071617,SPLMSFT
0.95,62.02079500142986,13.764380666542953,8.102777163268279,0.10862804089935413,0.031689895261832204,0.13322863825307757,0.039975038062153224,0.0018345356736253122,0.012145705298031112,SPLMSFT
1.0,62.61432124877923,13.795276785767687,8.11014228442857,0.10984862300831479,0.032104210574875086,0.13436163033306042,0.0403548363231118,0.0019262624573065778,0.011751819697517442,SPLMSFT
1.05,63.19273955528697,13.82597265126615,8.117593736679382,0.11108371426567312,0.03252379246216097,0.1354412682018836,0.04072716414198272,0.001991010775199236,0.011379516869634657,SPLMSFT
1.1,63.79435934237292,13.856076358797122,8.125287995122294,0.11234712626461558,0.03294993941398268,0.1365581779552067,0.041114449313800004,0.002098924638353666,0.010953257110174659,SPLMSFT
1.15,64.39705826809042,13.8876387779239,8.132404914397329,0.11355487335768588,0.03337447260327467,0.13760966630637878,0.04149655357276963,0.0021798600357194886,0.01056476720281871,SPLMSFT
1.2,64.99436150065017,13.91708477558649,8.140374353191282,0.11493463756589486,0.03381966964477943,0.13886717194660292,0.04189439948001515,0.0022553997399275896,0.010197860068093648,SPLMSFT
1.25,65.56846325263174,13.94672231755381,8.148273647974188,0.11629235902942273,0.03426681942649176,0.14013496668861092,0.042314950960997466,0.0023147523646625265,0.009825557240210864,SPLMSFT
1.3,66.15119811366567,13.977979727138523,8.155530855271323,0.11757460501907377,0.03471076921543233,0.14127456887438827,0.0427142288899812,0.0024010834551860703,0.009469441491801244,SPLMSFT
1.35,66.75497617801472,14.00859006773319,8.163052451533186,0.11891112080417413,0.03516402725535371,0.1424643258998214,0.043114644674793645,0.0025089973183405005,0.009037786039183524,SPLMSFT
1.4,67.33177577657514,14.038633627938648,8.170806062600832,0.120298139586582,0.035626242270143604,0.14373733884668397,0.04353774788182485,0.0026169111814949306,0.008751814301824284,SPLMSFT
1.45,67.9058775285567,14.06948210074457,8.178241327772172,0.12163451586064003,0.03608773506867265,0.1449246345230906,0.043950594001944024,0.002708637965176196,0.008465842564465044,SPLMSFT
1.5,68.41469139332985,14.099623837328396,8.185962564680871,0.12306296942260687,0.03656236082062418,0.1463044411530423,0.04440367060764545,0.0028273432146460695,0.008190662213421247,SPLMSFT
1.55,69.00120323957417,14.129830906849914,8.19366221881694,0.12446826415155424,0.037039046783484894,0.14757483555152406,0.04483828606689864,0.002908278612011892,0.007823755078696185,SPLMSFT
1.6,69.57530499155574,14.160627751342997,8.201129858147226,0.12585221369103186,0.037517925257348504,0.14880805149442403,0.04526990042268463,0.0030917321793744235,0.007548574727652388,SPLMSFT
1.65,70.10732033690708,14.190729528147758,8.208878073521715,0.12734749304225368,0.03801178213978284,0.15018039269771882,0.0457166282327108,0.0032104374288442965,0.007284185762924034,SPLMSFT
1.7,70.63501912773225,14.221323468805187,8.216432043942525,0.12878975819740682,0.03850484825542439,0.1515476430524788,0.04618499917675765,0.0033615168372604985,0.007025192491353402,SPLMSFT
1.75,71.18591939913561,14.252488242566786,8.223759395250712,0.13019672705886165,0.0389988040739665,0.1528381200476006,0.04663950910580426,0.003501804859361258,0.006782386299255934,SPLMSFT
1.8,71.71253905132923,14.283078082856461,8.231318761364678,0.13167749726168573,0.03950432432985164,0.1541514226940643,0.04709280506921904,0.0036474885746197385,0.006544975800316187,SPLMSFT
1.85,72.27207243178495,14.313768201211296,8.238840357626543,0.13312980721188347,0.04001153064174666,0.15542227223317207,0.04754645231363161,0.0038255464488245483,0.006242816983483783,SPLMSFT
1.9,72.78897983629466,14.343881410665666,8.246593968694189,0.13464308348756027,0.040528890545426785,0.15680540267749923,0.04802138154260567,0.004030582788817965,0.0059784280187554295,SPLMSFT
1.95,73.31991604301447,14.374213421411072,8.25426124867131,0.13617058988955016,0.04105207666356543,0.15813571917636843,0.048482781405882885,0.004235619128811383,0.005778787371919733,SPLMSFT
2.0,73.82063636805101,14.403463842358702,8.26236018410105,0.1377947774438443,0.041588948684807774,0.15959910535471517,0.048968188617082624,0.00447842532090885,0.005562959645610873,SPLMSFT
2.05,74.34401860435,14.43300011422132,8.270345809974478,0.13939427154365383,0.04212803307054426,0.16107118527550365,0.049465282730467866,0.004634900422482774,0.0053147577603556845,SPLMSFT
2.1,74.84419936007079,14.462765251384873,8.278239709064225,0.14098595302509537,0.04267083841821607,0.16252348182912676,0.049971874846286554,0.004904685080368849,0.005136699886150875,SPLMSFT
2.15,75.33143045221304,14.492891297604636,8.285987924438713,0.14260121187268324,0.0432203328450072,0.16408857564427634,0.05049987561338131,0.0052230309766744185,0.004926267852999736,SPLMSFT
2.2,75.82028025230261,14.524614752367093,8.293094052327433,0.14405979981978387,0.043758831839226575,0.16538915889553088,0.050989980903071434,0.00555216825929543,0.004742814285637205,SPLMSFT
2.25,76.28323072523511,14.555660280959861,8.300469964874038,0.1456971014120529,0.044319075059764956,0.16690285934162316,0.05150528526458427,0.005784183065077455,0.0045161951730129015,SPLMSFT
2.3,76.76074956969347,14.5866357130795,8.307872855886432,0.147235908208468,0.044874386921121126,0.1682634683086959,0.05200463605623541,0.006059363416121252,0.004338137298808092,SPLMSFT
2.35,77.23988712209913,14.61672856764346,8.315626466954077,0.1488828360626548,0.04544473473321991,0.1697639094941705,0.052532332951554246,0.006329148074007328,0.004181662197234167,SPLMSFT
2.4,77.70067931776856,14.647290034248407,8.323191228761203,0.15049404909001635,0.046016423406743855,0.17121338486858095,0.053058334924301974,0.006593537038735681,0.004019791402502523,SPLMSFT
2.45,78.15445711233293,14.677372001863363,8.330944839828849,0.15215729973615064,0.04659776150088611,0.17274873319249406,0.05359948577063399,0.006863321696621756,0.00386871199408632,SPLMSFT
2.5,78.60499749100268,14.708608898166514,8.33823442128493,0.15373363500294066,0.04717548046758483,0.17417360946176924,0.05414201688940562,0.007224833138189097,0.0036906541198815108,SPLMSFT
2.55,79.0539191617251,14.738136102547976,8.346203860078885,0.1554454354917905,0.04777082462503389,0.17575049203824922,0.05469569603061086,0.00752159626186378,0.003512596245676701,SPLMSFT
2.6,79.48125805981665,14.768707321405959,8.353752434806538,0.15709487454473836,0.04836495249711895,0.1772404621160178,0.05523994133456779,0.00784533785132707,0.003404682382522271,SPLMSFT
2.65,79.9415106861703,14.798000809595178,8.361808204691016,0.15883876257331397,0.04897305446211781,0.17877599082061044,0.055783973407835065,0.008158288054474917,0.0033075599056832834,SPLMSFT
2.7,80.41039642157631,14.828215018737213,8.36949167174761,0.16056004981303926,0.04958374443468954,0.1802541097653445,0.05631783238442757,0.008514403802884537,0.0031133149520053095,SPLMSFT
2.75,80.82586479472086,14.858069052854392,8.377315426826307,0.1623385365801018,0.050204744196805165,0.18188886559810943,0.05689272391434086,0.00895145494865998,0.0029838183162199934,SPLMSFT
2.8,81.27316775749597,14.88840437763258,8.384939541258168,0.16400625157958917,0.05081949037054333,0.18336103758979191,0.057450606035919664,0.009377714708119978,0.0028705087599078414,SPLMSFT
2.85,81.67244905116736,14.9181173822386,8.392806461882126,0.16580413038152947,0.05145150066736904,0.18499921366753436,0.05802726166546521,0.009820161547053141,0.0027248250446493608,SPLMSFT
2.9,82.09385268678541,14.948014720380538,8.400592447108718,0.16755541249534622,0.052083585985322096,0.186560113995018,0.05860291469644801,0.010294982544932635,0.002638493954125817,SPLMSFT
2.95,82.52928512461354,14.978055047538687,8.408313684017417,0.16934798987767968,0.05272432098605682,0.18812904983197565,0.05917082100796402,0.010791386315443014,0.0025413714772868296,SPLMSFT
3.0,82.91669589333793,15.008239959351403,8.415970172608224,0.17106690542968606,0.05336266990475572,0.1896508794835754,0.0597522052805506,0.011196063302272127,0.0024226662278169567,SPLMSFT
3.05,83.32946641990362,15.037449228536945,8.424009755413229,0.17291570576206072,0.05401829184818777,0.19126629312923715,0.06033047742204757,0.011811172322252378,0.0023093566715048047,SPLMSFT
3.1,83.7077045102599,15.066823909183144,8.431973798514026,0.1747430213939234,0.05467638764904811,0.19291984622723,0.06093523823511396,0.012280597626974149,0.0022338169672967037,SPLMSFT
3.15,84.07461164498497,15.09658139607534,8.439775970820092,0.1765237403376625,0.05533467171731225,0.19451073637192115,0.06153525942165909,0.012841749715377186,0.0021366944904577167,SPLMSFT
3.2,84.44745404218354,15.126624142858116,8.447454042183528,0.17831073727830443,0.05599795241766814,0.19609681784434124,0.06214003909542928,0.013489232894303767,0.0020071978546724006,SPLMSFT
3.25,84.80141151333007,15.155238469683871,8.45569326563537,0.18025886947278683,0.05668134086053649,0.1978468907962969,0.06276449519838267,0.01407196775533769,0.0019046796846756918,SPLMSFT
3.3,85.159145969687,15.184299185335497,8.46374363982669,0.18212957303880045,0.05736182816950314,0.19952326917910634,0.06338531569684733,0.014730242320579713,0.0018291399804675908,SPLMSFT
3.35,85.50878688630735,15.213356376458961,8.471783222631695,0.18399469616312258,0.05804620783480033,0.2012185329261213,0.06401863214668836,0.015377725499506294,0.0017859744352058187,SPLMSFT
3.4,85.84817598592804,15.241657660293386,8.480114172867218,0.1859855187365445,0.05874747960434108,0.2030194496464599,0.06465924183980078,0.01603600006474832,0.001715830424155439,SPLMSFT
3.45,86.19889604117994,15.270333019142083,8.488283252308008,0.18791314280781082,0.05944715230751313,0.20473329625989797,0.06529049079858588,0.016786001413671606,0.0016456864131050596,SPLMSFT
3.5,86.55177437369491,15.299969071022574,8.496053050455126,0.1897506427457603,0.06014222297407058,0.20634412642682148,0.0659116925061035,0.01755218984206806,0.001597125174685566,SPLMSFT
3.55,86.89817787442064,15.329570544306847,8.503822848602246,0.1916192536461397,0.06084465830970339,0.2079249386591825,0.06652518198958852,0.018312982577306795,0.0015377725499506295,SPLMSFT
3.6,87.20357410714767,15.358027946560684,8.512035093588297,0.19354534309594085,0.061556830309757456,0.2096798620937154,0.06718635366008936,0.01907917100570325,0.0014676285389002498,SPLMSFT
3.65,87.53756751361064,15.388204312472196,8.519545898463846,0.19533959461078168,0.06226067690016516,0.2111942546906975,0.0678045813279193,0.019866942206730586,0.0014298586867961993,SPLMSFT
3.7,87.86886307349474,15.416704358406738,8.527709582211479,0.19728675022796804,0.06298321236955653,0.21287942602394844,0.06844638207824058,0.020886728213539953,0.0013866931415344272,SPLMSFT
3.75,88.1699427516956,15.445307893502456,8.535813913334376,0.1992506471702287,0.0637113029346168,0.21465331322823852,0.06911581033832062,0.021830974516141216,0.0013327362099572122,SPLMSFT
3.8,88.49098649458003,15.474742081095508,8.543567524402022,0.20104085286484327,0.06442639486491138,0.21621463763467744,0.06975605747765513,0.02281299067084653,0.001300362051010883,SPLMSFT
3.85,88.83469214872689,15.503565902198435,8.551547754582293,0.20298186999616902,0.06516009473562498,0.2178883109815355,0.07039798860115168,0.02374104989397463,0.001235613733118225,SPLMSFT
3.9,89.11580776224419,15.531949481689296,8.559684459864137,0.20488786985588103,0.06589413873042489,0.21959917646417737,0.07107178205566084,0.024836375604992095,0.001203239574171896,SPLMSFT
3.95,89.40285863823496,15.561035094974955,8.567519006329148,0.20672760197050713,0.06662528670372969,0.22119423888758125,0.07172662776761991,0.02588853577074779,0.0011762611083832885,SPLMSFT
4.0,89.70609659369892,15.589688418206967,8.575504632202575,0.20863123014250023,0.06736608712575892,0.22283578089080028,0.07238617522008789,0.027086379651761965,0.001138491256279238,SPLMSFT
4.05,89.99746402421587,15.617692674079732,8.583727668574943,0.21059903339394495,0.06811650810098573,0.22454717956773293,0.07305412417754494,0.028154726896990823,0.0010899300178597443,SPLMSFT
4.1,90.24998246399724,15.646834039303762,8.591475883949432,0.2124746198464386,0.06886183727075658,0.2262030160406067,0.07373113702742118,0.029277031073796894,0.0010467644725979722,SPLMSFT
4.15,90.52624195367258,15.675442373898978,8.59941294858444,0.21440615022688891,0.06961571849875792,0.22792424234838318,0.07441452663949645,0.030604371590596386,0.0010035989273362003,SPLMSFT
4.2,90.8143719682949,15.704351213510853,8.60720432950419,0.21626750655306937,0.07036578364151677,0.22951480298736257,0.07507702853348387,0.03188854656213411,0.0009874118478630357,SPLMSFT
4.25,91.06796954670781,15.733860342679684,8.614731321459212,0.2180745930838005,0.07111381966540647,0.23108259032225575,0.07574930719873053,0.033151138761040935,0.0009550376889167067,SPLMSFT
4.3,91.3258836796469,15.762724944694753,8.622490328220016,0.21996440966260733,0.07187287966657972,0.23273134435798815,0.07643248419661369,0.034494666357313596,0.0009280592231280992,SPLMSFT
4.35,91.57408556490209,15.79132161368587,8.630330270378185,0.22177442592522653,0.0726271537828654,0.23428933049723952,0.07711018023680064,0.03587056811253258,0.0008848936778663271,SPLMSFT
4.4,91.82390615810459,15.819592789889105,8.63827273070635,0.22366842783530194,0.07339227945219844,0.23595172509108003,0.07779859956131863,0.03728963541301333,0.0008687065983931626,SPLMSFT
4.45,92.05430225593932,15.848063879851363,8.646107277171362,0.22558168226921274,0.07416203506041297,0.23763901982919808,0.07849288152851343,0.03871949409980953,0.0008255410531313905,SPLMSFT
4.5,92.2733673981428,15.875518745067106,8.654319522157413,0.22757013315491575,0.07494167699882213,0.23946551038809913,0.07921662504847428,0.04029503650186421,0.00078777120102734,SPLMSFT
4.55,92.51077789708255,15.903057398923192,8.662467018825573,0.22953640178489532,0.07572141548483277,0.24120172091476963,0.07991741039348157,0.04183820474497256,0.000755397042081011,SPLMSFT
4.6,92.73092217791759,15.930510298731042,8.67061991118689,0.23148523153458914,0.07650217946349633,0.2429146985529003,0.08061882141189491,0.043386768681238634,0.0007284185762924034,SPLMSFT
4.65,92.94674990422645,15.95824320133078,8.67862711983295,0.23335579558956043,0.07727724931601652,0.2445744858325448,0.08132154883155876,0.045091807719078635,0.0007176271899769604,SPLMSFT
4.7,93.15394452148296,15.987312861748869,8.686067780697448,0.23505336595209705,0.07803774563100141,0.24603928310695358,0.08201131883157096,0.04662418457587154,0.0006906487241883528,SPLMSFT
4.75,93.35196646037133,16.01617528521214,8.693557002800365,0.23679125500585432,0.07880386919221527,0.24755836256444644,0.08270556097466625,0.04854505134002039,0.0006690659515574669,SPLMSFT
4.8,93.54836969131239,16.044479967449952,8.701235074163803,0.23858285581089175,0.07957698118034981,0.24911290217792545,0.08339970316549045,0.05015836359417913,0.0006474831789265808,SPLMSFT
4.85,93.73452110525379,16.072631992546256,8.70894012399303,0.24042663374574413,0.08035704279380379,0.2507432636008312,0.0841119059116144,0.05196592080201583,0.0006366917926111377,SPLMSFT
4.9,93.93308261345794,16.100653978217874,8.716661360901728,0.24219130891962035,0.08113102260195096,0.2522582228630183,0.08480422138215216,0.0537896650893257,0.0006205047131379733,SPLMSFT
4.95,94.09873039339999,16.12835392163921,8.724474324594109,0.24397537612837433,0.08190825203916582,0.253859259524301,0.08552362687388768,0.05571592754663228,0.0005935262473493657,SPLMSFT
5.0,94.2708530051313,16.157417098999325,8.731704553425455,0.24569498923559213,0.08268052965902428,0.25535765341270067,0.08622476556906719,0.0575019019818381,0.0005773391678762012,SPLMSFT
5.05,94.45592528044115,16.184136337366496,8.739835863014141,0.24755285778571542,0.08346771108746719,0.2569905438426121,0.0869349947991928,0.059460538598091,0.0005665477815607582,SPLMSFT
5.1,94.6312853080671,16.2119323532798,8.747497747298107,0.2492847478646544,0.0842438510238099,0.25848835100323286,0.08763463004219334,0.06141917521434391,0.0005503607020875936,SPLMSFT
5.15,94.78668127100947,16.238980419763873,8.755418624853641,0.25110397185606453,0.08502936787159007,0.26012530423348185,0.08836059693595744,0.06349651708006669,0.0005449650089298722,SPLMSFT
5.2,94.95178948163576,16.266585500482382,8.76307511344445,0.2528461857521327,0.08580809227693992,0.2616496081192428,0.08906709126449935,0.06561702449105124,0.0005287779294567077,SPLMSFT
5.25,95.10556673663082,16.294268212215744,8.770656062331048,0.2545415239379927,0.08658240309297253,0.26314584534386315,0.08977258067225258,0.06793177685571376,0.0005071951568258216,SPLMSFT
5.3,95.25017131325775,16.321316165542665,8.778447443250798,0.2562551380703922,0.08735879620436399,0.2646740146603976,0.09048442098919426,0.06996055748301705,0.0005017994636681002,SPLMSFT
5.35,95.40448813756859,16.349194599371064,8.785861125649507,0.25791029707607377,0.08812950959973456,0.26612117202063157,0.09118376192033385,0.07236703663136085,0.0004910080773526571,SPLMSFT
5.4,95.54747400624821,16.37616267672836,8.79359315394452,0.25959503242272014,0.08890296833970344,0.2676028323309671,0.09189146422881768,0.07463322775760388,0.0004802166910372141,SPLMSFT
5.45,95.70556781576946,16.40314063554145,8.801276621001117,0.2612416812548224,0.08967282146245945,0.269032340343004,0.09258431694688564,0.07705049829226311,0.0004640296115640496,SPLMSFT
5.5,95.83992057539672,16.43027040906622,8.808852174194557,0.26290855918805606,0.09044428637693601,0.2705225286364942,0.09329775494100301,0.07925733679377121,0.00044244683893316354,SPLMSFT
5.55,95.97157548844513,16.456675380709243,8.816670533580096,0.2645937130678293,0.09121714973663748,0.2720355249709053,0.09400883683345251,0.08176093841895399,0.00043705114577544205,SPLMSFT
5.6,96.11294264917743,16.483458498620944,8.824289252318799,0.26621971426567315,0.09198372108443079,0.27347580093078616,0.09471139866010003,0.08428072712360994,0.00042086406630227754,SPLMSFT
5.65,96.2219356509634,16.510559619864598,8.831729913183297,0.26778237745031913,0.09274312433083017,0.2748847254150989,0.09541974103336989,0.08676274597616183,0.000415468373144556,SPLMSFT
5.7,96.34064090043327,16.53733695055833,8.83925150944516,0.26939317194455387,0.09350652333189312,0.27633486867057594,0.09612790895660925,0.08920699497660967,0.0004100726799868345,SPLMSFT
5.75,96.45287131811389,16.563484623902067,8.84697274635386,0.271061724010295,0.09427427077242785,0.2778262702297506,0.09683557393722605,0.09196958987336308,0.000404676986829113,SPLMSFT
5.8,96.56294345853141,16.589388244105564,8.854737148807821,0.2727241375901755,0.09503979480831248,0.27932131490866824,0.09754373463502328,0.09455412689591168,0.000404676986829113,SPLMSFT
5.85,96.67733215347509,16.615312534430178,8.862442198637048,0.27433088626418395,0.09579883877537777,0.280738942731966,0.09823648738879856,0.0971926208500375,0.0003992812936713915,SPLMSFT
5.9,96.79226041773457,16.640732352572797,8.870292932181533,0.27593442618421976,0.09655556441584258,0.28218321243338457,0.0989343471595144,0.10014406500731117,0.00039388560051367,SPLMSFT
5.95,96.9017929888363,16.666305521973253,8.878024960476548,0.2775597298268522,0.09731217747630999,0.2836454641045486,0.0996332649220589,0.1029120555972223,0.00039388560051367,SPLMSFT
6.0,96.99729675772798,16.692514158963665,8.885449434261572,0.2790590549983003,0.09805500519063323,0.2850035448355658,0.10032702075938857,0.10561529786924077,0.000383094214198227,SPLMSFT
6.05,97.09549837319851,16.718475889440132,8.892917073591859,0.28053954617903987,0.09879395302821817,0.2863124898249514,0.10100784385763373,0.10842105831125595,0.0003776985210405055,SPLMSFT
6.1,97.18992300345865,16.743809052913782,8.900578957875824,0.2820507297890823,0.0995335085142776,0.28765164244829977,0.10168688955566298,0.11132394123011012,0.00036690713472506246,SPLMSFT
6.15,97.28542677235032,16.770269125972586,8.907733647002962,0.2833940816152547,0.10025453525870034,0.2888266720502268,0.10235078696178582,0.11411351459265215,0.00036690713472506246,SPLMSFT
6.2,97.37391614013694,16.795831544416696,8.915190494946934,0.28488712878979994,0.10098765255309924,0.2901707244134629,0.10303211475534338,0.1170865415225567,0.0003453243620941764,SPLMSFT
6.25,97.46564292381821,16.821554571564455,8.922523241948277,0.2863687360588777,0.10171675583805657,0.2915006493500742,0.10370694489767382,0.12011352538403847,0.0003399286689364549,SPLMSFT
6.3,97.54172219734208,16.846887422703666,8.929953111426459,0.28772645752240555,0.1024310250428899,0.2927486125779275,0.10437946610984875,0.12287612028079187,0.00031834589630556887,SPLMSFT
6.35,97.62319716402368,16.872910065412494,8.937048447928863,0.2890253053260887,0.10313675219948906,0.293917788468341,0.10503777463662724,0.126070370630163,0.00031834589630556887,SPLMSFT
6.4,97.70359299207372,16.897378869465882,8.94470493651967,0.2904591998187047,0.1038524399170899,0.29521435729551515,0.10570390171378881,0.12902181478743666,0.00031834589630556887,SPLMSFT
6.45,97.77481614175565,16.922265155304878,8.952134805997852,0.29177548650267354,0.1045536795118041,0.2964031993995883,0.10636002384376675,0.13195707186523717,0.0003129502031478474,SPLMSFT
6.5,97.84819756870067,16.94747175796232,8.959375826215515,0.2930983302056298,0.10525228173053941,0.29758388927182994,0.10700855964988701,0.13503261696513844,0.0003129502031478474,SPLMSFT
6.55,97.9210394263299,16.971954633772448,8.966843465545802,0.29442814946070056,0.10594785237839263,0.2987749988097862,0.1076548010132937,0.1382592414734559,0.0003129502031478474,SPLMSFT
6.6,97.98956472943297,16.997343853096293,8.973884845116627,0.29570886082888637,0.10663475606607296,0.29994295462179327,0.10830080799188654,0.14131859949388398,0.00030215881683240436,SPLMSFT
6.65,98.05431304732562,17.022080838811128,8.98112586533429,0.29698496833267685,0.10731766796345392,0.30110124201687144,0.10893835396956802,0.14452364122957057,0.00030215881683240436,SPLMSFT
6.7,98.12445705837601,17.046894150592294,8.988275158768271,0.29823889358074385,0.10799486866323561,0.30222488746652587,0.10956718583166306,0.14758299924999865,0.00030215881683240436,SPLMSFT
6.75,98.1940615001106,17.072578957356917,8.995014379522265,0.29939348696670315,0.10865871679800347,0.3032445941995538,0.11018139313668077,0.1506261701909536,0.0002913674305169614,SPLMSFT
6.8,98.2507162782667,17.097672683174338,9.001926262457307,0.30052603760798124,0.10931626688003888,0.3042612123388855,0.11079869314543501,0.15390135593769053,0.00028597173735923985,SPLMSFT
6.85,98.31870201205398,17.12193379722705,9.009107930050234,0.30176768588432706,0.10998027703930266,0.30539075181788744,0.11142118904663902,0.15684740440180647,0.00028597173735923985,SPLMSFT
6.9,98.36726325047347,17.146247349690803,9.016208662245795,0.30296064480691504,0.11063597322397842,0.3064923184737832,0.11204400403989508,0.16005784183065078,0.0002751803510437968,SPLMSFT
6.95,98.41852233547182,17.171199337950885,9.022985652851894,0.30402650916998036,0.11127424883212553,0.307463451146369,0.11264810248267385,0.16346791990633078,0.0002751803510437968,SPLMSFT
7.0,98.47679582157521,17.19514541815219,9.03009717643377,0.3052113764521159,0.11191898229100251,0.30854604718645556,0.11325462288976426,0.1669157678341148,0.00026978465788607533,SPLMSFT
7.05,98.5372275849417,17.21847649545658,9.037386757889852,0.30638843111588326,0.11255779179269675,0.30960373264995456,0.11384698993292049,0.1703258459097948,0.00026438896472835385,SPLMSFT
7.1,98.59496150172932,17.241985518917488,9.044536051323833,0.30752251637862654,0.11318701516687192,0.3106321153620936,0.11443489805560662,0.17374131967863252,0.00026438896472835385,SPLMSFT
7.15,98.6419040322015,17.264885135556312,9.05186340263202,0.3085949377606794,0.11380536726290914,0.311610510764922,0.11501776432604989,0.1770488795843158,0.0002535975784129108,SPLMSFT
7.2,98.68506957746327,17.289257624685074,9.05853787506812,0.3095829549621492,0.11441086891105494,0.3125231752252646,0.11559406087994939,0.18002730220737806,0.0002535975784129108,SPLMSFT
7.25,98.72823512272504,17.313007215705746,9.065401196764743,0.31050819219459025,0.11500612932757244,0.3133516698146205,0.11615467915718405,0.18318917839780288,0.00024820188525518933,SPLMSFT
7.3,98.76276755893446,17.33662613900952,9.072253727075049,0.3114837929132966,0.11560158658265952,0.3142618531468532,0.1167252741195383,0.18641580290612034,0.0002428061920974678,SPLMSFT
7.35,98.80431439624891,17.360671132110934,9.078868846886415,0.31246609016203264,0.1161922403424243,0.3151593328418443,0.11728495660027066,0.18975573697074996,0.00022661911262430328,SPLMSFT
7.4,98.849098649458,17.384002959355534,9.085705190117249,0.3134598273162362,0.11677903533753448,0.31606024384279474,0.11783492920767107,0.19289063469538614,0.00022661911262430328,SPLMSFT
7.45,98.88632893224629,17.40686961859776,9.092665634290709,0.3144542620256512,0.11736126481282803,0.3169880786821557,0.11839056335652756,0.19607409365844183,0.00022661911262430328,SPLMSFT
7.5,98.93489017066578,17.431421949209216,9.098886868501562,0.3153287172387001,0.11792662276542586,0.3177606356055606,0.11891545144593532,0.19924136554202435,0.00022661911262430328,SPLMSFT
7.55,98.96834346824365,17.45388233568792,9.105879686833969,0.3162946916954887,0.11849548345737088,0.31865478469749925,0.11945758872484616,0.2026352565382312,0.00022122341946658177,SPLMSFT
7.6,99.00503418171616,17.476624788327094,9.11269444729217,0.3172238352371137,0.1190553600720946,0.3195119524331158,0.11998775455118917,0.20577015426286738,0.00022122341946658177,SPLMSFT
7.65,99.0368687713467,17.499275256936055,9.119482229284586,0.31820780661835724,0.11961533785276932,0.3204194108135202,0.12051927786133282,0.20904534000960434,0.00022122341946658177,SPLMSFT
7.7,99.0660055143984,17.521762622055252,9.126270011276999,0.3190662180615432,0.12015759406672538,0.3212033639720701,0.12103433274298514,0.2122935472905527,0.00022122341946658177,SPLMSFT
7.75,99.10593364376554,17.544426926371504,9.13292290094047,0.31990286578213273,0.12069228745473723,0.32194996580935986,0.12153416687152536,0.21545002778781977,0.00021582772630886026,SPLMSFT
7.8,99.13614952544879,17.566557109351333,9.139726870012357,0.32079183014357937,0.12122678458431106,0.3227719093462217,0.12204150227173809,0.21858492551245595,0.00021043203315113877,SPLMSFT
7.85,99.16366756055317,17.588892863896778,9.146385155368984,0.3215871825956521,0.12174673916106596,0.3235057846264344,0.12253828010369691,0.22169824046446127,0.00020503633999341726,SPLMSFT
7.9,99.19712085813104,17.610305000960246,9.153350995235604,0.32245438323450226,0.12226836414808141,0.3242931260572765,0.12302848341865248,0.2247953683369934,0.00019964064683569574,SPLMSFT
7.95,99.22248061597233,17.631969756158504,9.16015496430749,0.3232597804816196,0.12277884683548236,0.32503868200900526,0.1235155406798911,0.22787091343689467,0.00019424495367797423,SPLMSFT
8.0,99.25107778970825,17.653775378708783,9.166840228129907,0.3240664333281175,0.12328396862497601,0.3257861622550218,0.12399704255590285,0.23099501977521542,0.00018345356736253123,SPLMSFT
8.05,99.2812936713915,17.675236518732383,9.173601031656531,0.3248750393292074,0.1237837139961248,0.3265336493606013,0.12447121442145827,0.23415689596564024,0.00018345356736253123,SPLMSFT
8.1,99.30341601333815,17.696247744657178,9.180480540432626,0.3257292654411249,0.12428246603649966,0.3273379827648037,0.12495010997653487,0.23712452720238705,0.00016726648788936672,SPLMSFT
8.15,99.33201318707407,17.717140040039403,9.187349257822406,0.3265562868997966,0.12477360720758636,0.32810413579945136,0.1254160098063882,0.239973453189664,0.00016726648788936672,SPLMSFT
8.2,99.3530563903892,17.73826409436328,9.19406689580377,0.3273265273642579,0.1252541839521322,0.32882871474035213,0.1258777915599014,0.24300583274430348,0.0001618707947316452,SPLMSFT
8.25,99.3703226084939,17.7591832177373,9.200806116557764,0.32811253257649736,0.12573083941260382,0.3295777272243519,0.12633898661655235,0.24615691754841285,0.0001564751015739237,SPLMSFT
8.3,99.38704925728284,17.78004877461684,9.207502171766496,0.32888402864033933,0.12619982591378703,0.33030735744881834,0.1267916604570158,0.2493080023525222,0.0001564751015739237,SPLMSFT
8.35,99.4091715992295,17.80031300685191,9.214376284849433,0.3296541295937582,0.1266627083455891,0.33103379064036736,0.12723622414229102,0.25232959052084625,0.0001564751015739237,SPLMSFT
8.4,99.42751695596574,17.820063287930683,9.22139608164763,0.3304005136699885,0.12711771903750316,0.3317402309629244,0.12767478336985824,0.2553727614618012,0.0001564751015739237,SPLMSFT
8.45,99.4480205899651,17.839860377270043,9.22833494304846,0.33113517881866694,0.12756552185131187,0.33242671030329335,0.12810300460573054,0.2584860764138065,0.0001564751015739237,SPLMSFT
8.5,99.46582637738557,17.860220969404505,9.23498783271193,0.3318130629731348,0.12800196808830347,0.33305700126394816,0.12852109970584813,0.26135658517371435,0.0001564751015739237,SPLMSFT
8.55,99.48363216480605,17.879673533375758,9.24194827688539,0.33249903876805526,0.12843411608053248,0.333700809649846,0.12893642106025274,0.2641785326952027,0.0001564751015739237,SPLMSFT
8.6,99.50035881359499,17.898971354761073,9.248914116752008,0.3332458413774125,0.1288668630116957,0.3344092862418455,0.1293528832424657,0.2669950845235333,0.00015107940841620218,SPLMSFT
8.65,99.51870417033123,17.917545926131254,9.256117367117566,0.3339486980084496,0.12929083199443075,0.3350712798130567,0.12975954183573363,0.2694717076829275,0.00015107940841620218,SPLMSFT
8.7,99.53327254185709,17.9371898205205,9.262840400792088,0.3346539263272056,0.12971033220460143,0.33573175288939,0.13016254824649132,0.27229365520441584,0.0001456837152584807,SPLMSFT
8.75,99.54892005201448,17.95617780350793,9.269768470806602,0.3353620843778496,0.13012451841431175,0.33640338138831527,0.13056105792340095,0.2750940199532733,0.0001456837152584807,SPLMSFT
8.8,99.56079057696147,17.974063048073877,9.277085030728472,0.33603759684459866,0.13053068631782602,0.3370482106666522,0.13095495219837888,0.27763539143056015,0.00014028802210075918,SPLMSFT
8.85,99.57320067122423,17.992563377813177,9.284104827526669,0.33671743415365846,0.1309326856860042,0.337703245786867,0.13134651257416216,0.28002568349943074,0.00014028802210075918,SPLMSFT
8.9,99.58615033480275,18.009871324491765,9.291550884084323,0.33740438652587496,0.13133075939825592,0.33836370919887737,0.13173269339895716,0.2827397171577647,0.00013489232894303767,SPLMSFT
8.95,99.6028769835917,18.027551803923895,9.298797299995144,0.33809468716310637,0.1317244999292678,0.3390122654647692,0.13210890727075258,0.2851569876924239,0.00013489232894303767,SPLMSFT
9.0,99.61582664717022,18.04517545415819,9.306016737440176,0.3387720132734051,0.1321124334335301,0.33965121454222436,0.13248173966151852,0.2876120280791872,0.00013489232894303767,SPLMSFT
9.05,99.62931588006452,18.062610992343057,9.313263153350995,0.33943217952550275,0.13249432416918988,0.3402784925099921,0.13284990839691696,0.2900994426248968,0.00012949663578531615,SPLMSFT
9.1,99.64010726637997,18.080395660048392,9.320320720001295,0.34005649143973277,0.13286813856132929,0.34086862603836116,0.1332105389313042,0.292516713159556,0.00012410094262759467,SPLMSFT
9.15,99.65035908337964,18.09792441762976,9.327432243583171,0.3406721536693411,0.13323659770450252,0.3414544606004819,0.13356713720076957,0.29492858800105753,0.00012410094262759467,SPLMSFT
9.2,99.66061090037933,18.11510516488427,9.33463549394873,0.3413130673976032,0.1336031047473764,0.34207111157311154,0.13392390727548334,0.29725952744519324,0.00012410094262759467,SPLMSFT
9.25,99.67410013327363,18.133080098430057,9.341477232872721,0.34192956669346525,0.13396342930618238,0.3426536905412794,0.13427022085247142,0.2993746391630201,0.00012410094262759467,SPLMSFT
9.3,99.68489151958907,18.150734488137278,9.348405302887235,0.3425602961156405,0.1343216153706908,0.34325435803170784,0.13461670227863154,0.3014142111766388,0.00011870524946987314,SPLMSFT
9.35,99.69082678206256,18.16757784230162,9.355613948945951,0.3432105570837357,0.13467777712461584,0.3438950158908854,0.13496818571495423,0.3037019850755127,0.00011870524946987314,SPLMSFT
9.4,99.69945989111491,18.18438014458583,9.362795616538879,0.3438556561432664,0.13502958418437416,0.34451703892280394,0.13531047482976258,0.3058764494180745,0.00011870524946987314,SPLMSFT
9.45,99.70809300016727,18.200958703243593,9.370025845370225,0.3444897338304565,0.13537685508641842,0.3451304191523442,0.13564933809832394,0.3077595463301193,0.00011870524946987314,SPLMSFT
9.5,99.71456783195653,18.217285126392387,9.377315426826307,0.3451471098617084,0.13572276290929658,0.34577104391679836,0.13598822524900114,0.30990163651373476,0.00011870524946987314,SPLMSFT
9.55,99.72104266374579,18.23290326288282,9.384847814474487,0.34578620994642084,0.1360634299441154,0.3463922791100337,0.13632182526106792,0.3120491223905079,0.00011870524946987314,SPLMSFT
9.6,99.72805706485084,18.248618413142665,9.3922992667253,0.34642740269676736,0.13640048999166296,0.34701253539217325,0.1366500492883476,0.3140886944041266,0.00011870524946987314,SPLMSFT
9.65,99.73399232732433,18.263138330679524,9.400187770121889,0.34707738464277815,0.13673474862096818,0.3476444392122917,0.13697686818099822,0.3159717913161714,0.00011870524946987314,SPLMSFT
9.7,99.74478371363978,18.27877059721897,9.40759605682744,0.3477143920618562,0.13706505832441854,0.3482556752569513,0.13729592436362056,0.31766603896769596,0.00011870524946987314,SPLMSFT
9.75,99.75233768406059,18.293742645391593,9.415236358338774,0.3483394015312976,0.13739203183715068,0.34886173804861687,0.1376158135865316,0.3192199985971198,0.00011330955631215164,SPLMSFT
9.8,99.75719380790254,18.30856423060075,9.422903638315896,0.34898394254665926,0.13771847520317387,0.34949436173147336,0.137937087296818,0.32087647639654027,0.00010791386315443013,SPLMSFT
9.85,99.76312907037602,18.323925223518373,9.430322716407764,0.3496156485461305,0.13804139670867244,0.35010551637154264,0.13825241857585496,0.3225653283549071,0.00010791386315443013,SPLMSFT
9.9,99.76744562490221,18.339417713081097,9.437655463409106,0.35024065801557197,0.13836109828997997,0.35072019106337404,0.13856740895419967,0.32428115877906255,9.172678368126562e-05,SPLMSFT
9.95,99.7696039021653,18.35355627459382,9.445495405567277,0.35092021630254727,0.13868338526959598,0.35139582914561995,0.13888767583910444,0.3259430322716408,9.172678368126562e-05,SPLMSFT
10.0,99.7733808873757,18.369506609418675,9.452579950683365,0.3514977920176115,0.13899372903311014,0.3519650499424053,0.1391948226487348,0.3274322435831719,9.172678368126562e-05,SPLMSFT
10.05,99.77877658053342,18.38323325534905,9.46052241101153,0.3521871160775468,0.13931265442642884,0.3526350516052627,0.13950649905013668,0.32901318167838434,9.172678368126562e-05,SPLMSFT
10.1,99.78471184300692,18.39708598059939,9.468383935942331,0.35284853792902504,0.13962679704443626,0.35327888288794923,0.13981335464499783,0.3305401628420195,8.63310905235441e-05,SPLMSFT
10.15,99.78794925890155,18.41231602432572,9.475662726012096,0.35350144960692376,0.1399377947829028,0.35392535559640964,0.14012147302569056,0.33219664064144,8.63310905235441e-05,SPLMSFT
10.2,99.79442409069081,18.425800798007387,9.483610582033421,0.35418003131660303,0.14024940042686157,0.3545879638392664,0.14042669134694302,0.3335293768513972,7.553970420810109e-05,SPLMSFT
10.25,99.79820107590122,18.439327656334278,9.491515272509483,0.35486070569191663,0.14055978313847883,0.3552585518736584,0.1407325391843706,0.3348081561297772,7.014401105037959e-05,SPLMSFT
10.3,99.80197806111161,18.452559532455304,9.499511689769227,0.35554933219664053,0.14086951531102634,0.35593593875631196,0.14103767672378786,0.3362056406576271,6.474831789265808e-05,SPLMSFT
10.35,99.8062946156378,18.46568545365907,9.507524294108443,0.35624521327556335,0.14117852460158492,0.3566197333679328,0.14134137029806745,0.3373657146865372,6.474831789265808e-05,SPLMSFT
10.4,99.8100716008482,18.477982469789225,9.51584445295765,0.35694639577409315,0.14148702297366017,0.3573137869943399,0.14164629613225158,0.3386984508964944,6.474831789265808e-05,SPLMSFT
10.45,99.81492772469015,18.489944970768015,9.52427252567001,0.35764339294135417,0.1417937315260567,0.3579981869722687,0.14194803775732828,0.3398908990843509,6.474831789265808e-05,SPLMSFT
10.5,99.81870470990056,18.502384215221912,9.532484770656062,0.35832309073937185,0.14209750612357142,0.3586685082244576,0.1422474849496209,0.3411049300448382,6.474831789265808e-05,SPLMSFT
10.55,99.82140255647943,18.515119528371212,9.540556727620014,0.35905733735492323,0.14240585299612393,0.35939661106366416,0.14255283067126606,0.3422488169942752,5.935262473493657e-05,SPLMSFT
10.6,99.8257191110056,18.527374062774793,9.548795951071854,0.3597716338914278,0.1427110112393242,0.36009996813145234,0.1428532700652522,0.3435329919658129,5.935262473493657e-05,SPLMSFT
10.65,99.82841695758445,18.5399298315455,9.556889490808437,0.36049723082235763,0.14301597154398676,0.3608205743318109,0.14315586630094473,0.34473083584682707,5.935262473493657e-05,SPLMSFT
10.7,99.83057523484754,18.552067998101798,9.565128714260277,0.3611991108760987,0.14331798583143127,0.3615176615590831,0.14345577413275368,0.3458261615578445,5.935262473493657e-05,SPLMSFT
10.75,99.83381265074217,18.564188312418562,9.573351750632645,0.36192721900578956,0.14362154970476992,0.3622358173868395,0.14375492404099788,0.34692688296201973,5.935262473493657e-05,SPLMSFT
10.8,99.8370500666368,18.576280569460025,9.581563995618698,0.3626530949588039,0.1439241062643997,0.3629507126481509,0.14405342676748165,0.3479952302072486,5.3956931577215064e-05,SPLMSFT
10.85,99.83974791321567,18.587823956180927,9.589975881251585,0.36341998715825025,0.14423023242517613,0.3637133599948118,0.1443573023360087,0.34900962052090023,5.3956931577215064e-05,SPLMSFT
10.9,99.84190619047875,18.598993761473825,9.598517263520257,0.3642082245471664,0.1445380386558893,0.3644942844790315,0.14466242075900357,0.34993767974402834,5.3956931577215064e-05,SPLMSFT
10.95,99.84406446774184,18.610037941179648,9.607091019947877,0.36498027865517757,0.14484423340415387,0.3652612023086401,0.14496612291461006,0.3508603432739987,5.3956931577215064e-05,SPLMSFT
11.0,99.84676231432071,18.622075898595728,9.615249308002353,0.36572191935597004,0.14514742207573345,0.3659969064193809,0.1452668054380988,0.3516750929408146,5.3956931577215064e-05,SPLMSFT
11.05,99.85215800747844,18.632711384342734,9.623952561065757,0.36649885635046103,0.14545431306757317,0.36676485695913186,0.1455691559950127,0.3524736555281574,5.3956931577215064e-05,SPLMSFT
11.1,99.85593499268883,18.643980606502716,9.632386029471276,0.36730383506445147,0.14576415326413916,0.36755991864524007,0.14587450671590527,0.35338013197865464,4.856123841949356e-05,SPLMSFT
11.15,99.85809326995192,18.65434068913072,9.641164822238888,0.3680929095196214,0.1460723399170341,0.3683437070081591,0.1461801247449106,0.3542002773386283,4.856123841949356e-05,SPLMSFT
11.2,99.85863283926768,18.665333907688897,9.649673830348616,0.3688921682808781,0.14638172762462245,0.36914224668370504,0.1464889046195376,0.35502042269860196,4.856123841949356e-05,SPLMSFT
11.25,99.86079111653079,18.675975453331212,9.65830693940097,0.3696649199441006,0.14668875066401377,0.3699086561880318,0.14679299994633568,0.3558783379106797,4.856123841949356e-05,SPLMSFT
11.3,99.86294939379388,18.685351841154706,9.667431056530678,0.3705480248417714,0.14700694531214417,0.37078665486630025,0.1471091129524908,0.35652042539644857,4.856123841949356e-05,SPLMSFT
11.35,99.86888465626737,18.695479026392366,9.676242223457237,0.3713788130985846,0.1473210089173811,0.37160110769895716,0.14741595330023882,0.3572380525864255,4.856123841949356e-05,SPLMSFT
11.4,99.87158250284622,18.704665221793253,9.685414901825363,0.3722697306146234,0.14764146285116908,0.3724869043031956,0.14773368330627137,0.3578963271516675,4.856123841949356e-05,SPLMSFT
11.45,99.87481991874087,18.713953343000526,9.694533623261913,0.37316246177421175,0.1479629690019613,0.3733699374935845,0.14805101754944672,0.358565393103225,4.856123841949356e-05,SPLMSFT
11.5,99.87535948805663,18.723208145166726,9.703652344698462,0.3740342662774573,0.1482833007816753,0.3742405335004482,0.14837066279052985,0.35922906336162475,4.316554526177205e-05,SPLMSFT
11.55,99.87913647326704,18.732446110802943,9.712765670441854,0.3749401114750206,0.14860798670655703,0.37513555762280587,0.14869064982116242,0.35980640252950097,4.316554526177205e-05,SPLMSFT
11.6,99.88129475053013,18.741897924194156,9.721781873708405,0.37579391905381115,0.1489288122759833,0.37598381027804634,0.14900903940071464,0.36036215892474627,4.316554526177205e-05,SPLMSFT
11.65,99.88345302779321,18.750824586584987,9.730997717621793,0.3766774424846087,0.14925391013281825,0.3768605197361668,0.14933114971469488,0.36086395838841434,4.316554526177205e-05,SPLMSFT
11.7,99.88453216642476,18.759725092300638,9.740213561535183,0.3775658488018863,0.14958089447784328,0.3777460211863719,0.14965672383488704,0.3614197147836597,4.316554526177205e-05,SPLMSFT
11.75,99.88615087437208,18.769557098185576,9.749046311234373,0.37844811663330324,0.14990869813227564,0.3786223350223096,0.14998224294519466,0.36192151424732777,4.316554526177205e-05,SPLMSFT
11.8,99.88669044368785,18.77897218870172,9.758035536035138,0.37935200867627455,0.15024007145842488,0.3795261848608763,0.15031328029876043,0.36243410509731133,3.7769852104050545e-05,SPLMSFT
11.85,99.8877695823194,18.788025795857077,9.767159653164844,0.38028254732832245,0.15057561688476817,0.38045492582849416,0.15064774485861962,0.36295748733361033,3.7769852104050545e-05,SPLMSFT
11.9,99.89100699821402,18.7971083381235,9.77626218752192,0.3812288507281487,0.15091428068285337,0.38139062972705806,0.15098194197569859,0.36344849541096297,3.7769852104050545e-05,SPLMSFT
11.95,99.89208613684556,18.80605790950221,9.785407887424258,0.38219189545304927,0.1512561759597743,0.38235282924168024,0.15132322935926265,0.36389094224989615,3.7769852104050545e-05,SPLMSFT
12.0,99.8953235527402,18.814836649384745,9.79461293995133,0.3831366642314104,0.15159810435692786,0.3832880122286498,0.15166087575491802,0.3644143244861951,3.7769852104050545e-05,SPLMSFT
12.05,99.89586312205597,18.822539274975885,9.804238856544705,0.38413598182730535,0.1519470627268796,0.3842847650858809,0.15200903683872335,0.3648297928593397,3.7769852104050545e-05,SPLMSFT
12.1,99.89802139931906,18.830113151282788,9.813907938683343,0.3851470183507524,0.1522991376851237,0.3852921622952944,0.15235920226839214,0.3652398655393265,3.7769852104050545e-05,SPLMSFT
12.15,99.90071924589793,18.8366965262234,9.823965510729336,0.3862262757738772,0.15265997044070678,0.3863664164969835,0.15271771086853123,0.3655851899014207,3.7769852104050545e-05,SPLMSFT
12.2,99.90287752316101,18.844866797743734,9.83338099528956,0.38724080007338135,0.153016768877002,0.38737385941356606,0.15307142969867218,0.36597367980877665,3.7769852104050545e-05,SPLMSFT
12.25,99.90395666179256,18.852344051254157,9.84306626450767,0.38827122863170604,0.15337733366782483,0.38839802206799706,0.1534302213972808,0.3663136084777131,3.7769852104050545e-05,SPLMSFT
12.3,99.90611493905564,18.859386384095487,9.85291880021367,0.3893313730420378,0.15374316141615477,0.3894523082107811,0.15379350122844815,0.3666697242261227,3.237415894632904e-05,SPLMSFT
12.35,99.9071940776872,18.867650875665365,9.862274932149159,0.3903378057010893,0.15410606188718604,0.39045672589800223,0.1541553913600919,0.36705281844032095,3.237415894632904e-05,SPLMSFT
12.4,99.90773364700296,18.875804274093095,9.871668833936752,0.39139892668871706,0.15447672176950333,0.39151629919745945,0.15452537497072433,0.3673549772571533,3.237415894632904e-05,SPLMSFT
12.45,99.90773364700296,18.882780768772477,9.88152676533591,0.39248153237685673,0.1548519447428939,0.392599904688867,0.15490077584274475,0.36776504993714015,3.237415894632904e-05,SPLMSFT
12.5,99.90773364700296,18.89123742498929,9.890785774794558,0.39349396401072656,0.15522285618668924,0.3936104785215109,0.15527158778037056,0.36801325182239536,3.237415894632904e-05,SPLMSFT
12.55,99.90881278563451,18.898086791214684,9.90068147604582,0.3946376755353876,0.15560911452396264,0.39475056352206694,0.15565631894972645,0.36836936757080496,3.237415894632904e-05,SPLMSFT
12.6,99.91043149358183,18.90487849311899,9.910593364376554,0.39574106836882794,0.1559940475083748,0.39584910849125376,0.1560391038941515,0.3687092962397414,3.237415894632904e-05,SPLMSFT
12.65,99.91043149358183,18.912691718532795,9.920089784334145,0.3968360905397313,0.1563807694269327,0.39694455379198235,0.15642594199493623,0.36904382921552015,3.237415894632904e-05,SPLMSFT
12.7,99.91097106289759,18.919058862466997,9.930158147766452,0.39797129189081265,0.15677408818934888,0.39807778518966563,0.15681868874135024,0.36938915357761437,3.237415894632904e-05,SPLMSFT
12.75,99.9131293401607,18.92598977075673,9.939994496392979,0.39913606958285897,0.15717303069268782,0.3992394447540663,0.1572158822942833,0.36969670808760446,3.237415894632904e-05,SPLMSFT
12.8,99.91420847879223,18.932661632559977,9.949927967496345,0.400316891044768,0.15757629915720542,0.40041934180824523,0.15761829060653235,0.3700042625975946,2.6978465788607532e-05,SPLMSFT
12.85,99.91528761742377,18.93902251058797,9.95998014384918,0.40152352204950004,0.1579850365698091,0.40162434665399394,0.15802615602860656,0.3703010257212693,2.6978465788607532e-05,SPLMSFT
12.9,99.91690632537109,18.94481589378776,9.970253543621482,0.40275582308601265,0.15839928792008087,0.40285228299105197,0.15843848829256163,0.37057620607231306,2.6978465788607532e-05,SPLMSFT
12.95,99.91744589468686,18.950313639333324,9.980640252950096,0.4040058420248957,0.1588184481687223,0.40410129888756874,0.1588570206601209,0.37081901226441055,2.6978465788607532e-05,SPLMSFT
13.0,99.91798546400264,18.956581226025463,9.99071401207556,0.4052447000803958,0.15923975910407373,0.40533927087552174,0.15927783908699236,0.3710294442975617,2.6978465788607532e-05,SPLMSFT
13.05,99.91960417194996,18.962579305592588,10.000890289371023,0.40649081271009474,0.1596649832459703,0.40658219319163647,0.15970138484198668,0.37137476865965585,2.6978465788607532e-05,SPLMSFT
13.1,99.9206833105815,18.968857948431065,10.010947861417018,0.4077372043618783,0.16009329427828478,0.4078243454256801,0.16012810105168634,0.3716607403970151,2.6978465788607532e-05,SPLMSFT
13.15,99.92122287989727,18.9753101859336,10.020929893758801,0.40899503591912933,0.16052586777312516,0.40907943058638024,0.1605598643585037,0.3719628992138475,2.6978465788607532e-05,SPLMSFT
13.2,99.92230201852881,18.9813448512402,10.031073796895319,0.41024045099361683,0.16096059362124354,0.4103225130650307,0.1609935051300012,0.37222189248541815,2.6978465788607532e-05,SPLMSFT
13.25,99.92338115716035,18.987121619054598,10.041314822508674,0.41150232837109413,0.16140015449423678,0.4115837190360222,0.16143252042185005,0.37252944699540824,2.6978465788607532e-05,SPLMSFT
13.3,99.92446029579189,18.993113752500527,10.051464121338348,0.4127879226257601,0.1618453759752958,0.4128631875286862,0.1618759574213844,0.3727992316532943,2.6978465788607532e-05,SPLMSFT
13.35,99.92553943442344,18.998646533778107,10.061791478042228,0.4141117429060124,0.16229771151225603,0.41418479211641773,0.16232710555261665,0.3731229732427576,2.6978465788607532e-05,SPLMSFT
13.4,99.92553943442344,19.004177251690283,10.072113439052949,0.41548774031607966,0.16275849116873764,0.4155606979454089,0.16278799353485154,0.37343052775274777,2.6978465788607532e-05,SPLMSFT
13.45,99.9260790037392,19.009517294656817,10.082505544074719,0.4168366725839434,0.16322006307052433,0.4169085238126093,0.16324891852156911,0.37373268656958014,2.1582772630886026e-05,SPLMSFT
13.5,99.92769771168653,19.01554617776201,10.09261707305229,0.41820178813271225,0.16368686438476124,0.4182694094028584,0.16371409086426633,0.3739431186027313,2.1582772630886026e-05,SPLMSFT
13.55,99.92823728100231,19.02077891322677,10.103041552233007,0.4195882488709511,0.16415936678329754,0.4196555846220303,0.16418628138871352,0.37420750756745963,2.1582772630886026e-05,SPLMSFT
13.6,99.92931641963385,19.026240851860383,10.113368908936886,0.4210049835053659,0.16463849775561806,0.42107241934752315,0.1646651421915278,0.37450966638429206,2.1582772630886026e-05,SPLMSFT
13.65,99.92985598894963,19.03106884787101,10.123944467526021,0.42243497168879796,0.16512267811604042,0.4225012773227215,0.16514867448435722,0.37475247257638955,2.1582772630886026e-05,SPLMSFT
13.7,99.93039555826539,19.037042712924965,10.13405599650359,0.4238067837675966,0.16560497957068682,0.4238739973650677,0.16563102996777865,0.3750870055521683,2.1582772630886026e-05,SPLMSFT
13.75,99.93255383552848,19.04190851843201,10.144604576626936,0.4251855713985096,0.16609164762773393,0.4252472135112953,0.16611502356513513,0.37535679021005436,2.1582772630886026e-05,SPLMSFT
13.8,99.93363297416002,19.04599198943419,10.155460711260272,0.4267327488574618,0.16659852412479983,0.42679040760218134,0.1666205728179163,0.3756859274926753,1.618707947316452e-05,SPLMSFT
13.85,99.9341725434758,19.05074872241785,10.166041665542563,0.42820654350817167,0.16710220065994846,0.42826300830944164,0.16712361245670285,0.3759772949231923,1.618707947316452e-05,SPLMSFT
13.9,99.93471211279157,19.05469145092946,10.176940965721162,0.4297648818505068,0.1676177729543121,0.42982033164157823,0.16763859700269193,0.37631182789897105,1.0791386315443013e-05,SPLMSFT
13.95,99.93525168210734,19.05935921043679,10.187543502776084,0.43129894527148427,0.16813484003793888,0.4313532079065724,0.1681550131790633,0.37667333934053837,1.0791386315443013e-05,SPLMSFT
14.0,99.93633082073889,19.06324092027575,10.198453594340997,0.4328250565630513,0.16865500969340327,0.43287661081445883,0.1686739243124076,0.3770024766231594,1.0791386315443013e-05,SPLMSFT
14.05,99.93633082073889,19.067565267975947,10.209180232338547,0.4344059956942368,0.16918449909582906,0.4344579987581999,0.16920359832487508,0.37734240529209584,1.0791386315443013e-05,SPLMSFT
14.1,99.93740995937043,19.072223909900313,10.219766582313998,0.43590336771109284,0.1697099125991061,0.43595189642419435,0.1697274330760318,0.3776553554952437,1.0791386315443013e-05,SPLMSFT
14.15,99.93740995937043,19.076570687387008,10.230471637538917,0.4374667284509504,0.17024587785970635,0.4375156778913381,0.1702635786884925,0.3779575143120761,1.0791386315443013e-05,SPLMSFT
14.2,99.93740995937043,19.08100916162231,10.241133527218574,0.43902143950618616,0.17078514716158308,0.43907136265029667,0.17080308328482077,0.3782812559015394,1.0791386315443013e-05,SPLMSFT
14.25,99.93902866731774,19.086522036687008,10.251358365752456,0.44049760584461467,0.17132081620094555,0.4405442494762985,0.1713374906011384,0.3786859328883685,1.0791386315443013e-05,SPLMSFT
14.3,99.9401078059493,19.091003685715453,10.261987881273168,0.4420364126410299,0.17186653784760247,0.4420792215179622,0.17188158788893165,0.37907442279572445,1.0791386315443013e-05,SPLMSFT
14.35,99.94118694458083,19.095304137699614,10.272682145111771,0.44362669901204854,0.1724213030246185,0.44366804336371096,0.1724354171537019,0.3794629127030804,1.0791386315443013e-05,SPLMSFT
14.4,99.94118694458083,19.100041352362997,10.283192955383013,0.44518810659731395,0.17297721757187492,0.44523036980088965,0.17299157140111246,0.37992154662148675,1.0791386315443013e-05,SPLMSFT
14.45,99.94226608321239,19.104850443325237,10.29366599580215,0.4467463054286068,0.1735367634164226,0.4467849405159103,0.17354952841818455,0.3804233460851548,1.0791386315443013e-05,SPLMSFT
14.5,99.94334522184393,19.109622497630042,10.304144431914446,0.44834007957568256,0.17410364866237069,0.44837605027317684,0.17411520728360627,0.38083341876514165,1.0791386315443013e-05,SPLMSFT
14.55,99.9438847911597,19.112699567076202,10.3152919339783,0.45000179560035164,0.17468120099039977,0.4500373953538592,0.17469284399177568,0.3813028440698634,5.395693157721506e-06,SPLMSFT
14.6,99.94550349910702,19.116725019822354,10.326050946134796,0.45166713891212035,0.17526317784282602,0.45169677671244696,0.17527227255704855,0.3817830607609006,5.395693157721506e-06,SPLMSFT
14.65,99.94604306842278,19.119498532934152,10.337300966368645,0.45344995052149367,0.1758606160872981,0.45347867060404984,0.17586927086400644,0.3822902559177265,5.395693157721506e-06,SPLMSFT
14.7,99.94658263773856,19.123136616896055,10.348194870854083,0.45510636512655595,0.17644983103850354,0.4551331035986913,0.17645777202829746,0.38280284676771004,5.395693157721506e-06,SPLMSFT
14.75,99.9476617763701,19.12632067344755,10.359261437520571,0.45688289873902654,0.17705497504200457,0.4569080263447709,0.17706190460074123,0.38320212806138143,5.395693157721506e-06,SPLMSFT
14.8,99.9476617763701,19.12960201811976,10.370279442948638,0.45859218802911506,0.17765785416328714,0.4586182107149798,0.17766502671814838,0.383752488763469,5.395693157721506e-06,SPLMSFT
14.85,99.9476617763701,19.13384029535318,10.380903562776192,0.4602096790533795,0.17825582396281028,0.46023654874862324,0.17826323609403108,0.38428666238608344,0.0,SPLMSFT
14.9,99.94928048431741,19.13830676793627,10.391425164433748,0.4618896710245881,0.17886387589764832,0.46191133538833606,0.17886906232622402,0.38487479294027505,0.0,SPLMSFT
14.95,99.94928048431741,19.141853844991708,10.402302881839715,0.4636228167029077,0.17948107991467968,0.46364536055582234,0.1794865083927892,0.38544673641499355,0.0,SPLMSFT
15.0,99.94928048431741,19.14712556362792,10.412479159135179,0.4651913393513297,0.18008639384960232,0.46521467915503745,0.1800920575196896,0.38604565835550064,0.0,SPLMSFT
0.0,49.883183243135335,13.231869945028317,7.960913598765465,0.09336190558616113,0.026682697971202242,0.12670362929150894,0.03796933482327486,0.0019316581504642994,0.04257201901442269,MLR
0.05,50.62940760684821,13.260170412337725,7.968710375378373,0.09447464565943461,0.027037263510870053,0.1277156834802255,0.03827790642983365,0.002034176320461008,0.04176266504076446,MLR
0.1,51.42958890213831,13.290301917254764,7.9757895248013035,0.09543741136225065,0.027380303810611867,0.12832405824835283,0.03852492807266354,0.0021528815699308813,0.04080762735184776,MLR
0.15,52.22275579632337,13.318600404462837,7.983618675573157,0.09656954347040195,0.0277427727740299,0.1293545337548819,0.03884035022818042,0.0022500040467698683,0.039949712139770034,MLR
0.2,52.966821882773175,13.347599240067593,7.9911834373802835,0.09761629482067415,0.028100211805709988,0.1301484075994499,0.0391270770561133,0.002330939444135691,0.03904323568927282,MLR
0.25,53.72653547938035,13.376395795577826,7.998845321664247,0.09871229356887333,0.02846555364702017,0.13095797969329034,0.03940359686166702,0.0024550403867632854,0.03812596785246017,MLR
0.3,54.494342615724136,13.406117871280435,8.006151090199802,0.09976030051852613,0.028829369130949693,0.1317540819834449,0.039688331779457,0.0026115154883372092,0.037300426799328774,MLR
0.35,55.26484759864676,13.435592445167353,8.01357016829167,0.10083202434536753,0.029198598251199873,0.13262988986956184,0.03999699018199683,0.0027194293514916394,0.036480281439355104,MLR
0.4,56.050460522411015,13.465196375830597,8.020951476531433,0.1019570413903622,0.02957633444988125,0.13353225167500962,0.04030149769005664,0.0028057604420151836,0.03567092746569688,MLR
0.45,56.79182876228195,13.495255485780488,8.028165518283306,0.1030203945546665,0.02995141284268765,0.13439057274782906,0.04061541378656571,0.0029352570778004997,0.03480222086730372,MLR
0.5,57.53913226462638,13.523745686740943,8.036021647520949,0.10418168447065554,0.030339374534342094,0.13525525543187766,0.04091362506533721,0.0030269838614817653,0.034046823825222707,MLR
0.55,58.28319835107617,13.55353774531462,8.043370581601765,0.10532107115300571,0.030728660919463826,0.13621447684645152,0.04124015387965845,0.0030917321793744235,0.03325365693103764,MLR
0.6,59.01323563531589,13.583098744765724,8.050827429545736,0.10650900767807137,0.031126204525509293,0.13715658710261402,0.04156076424644185,0.0031888546562134105,0.032384950332644484,MLR
0.65,59.744352058187154,13.61177342354083,8.058651184624432,0.10773642582810401,0.031530988707077726,0.1381913367411448,0.04189009063379732,0.0033399340646296126,0.03168890591529841,MLR
0.7,60.450108723217134,13.640897874532532,8.06630767321524,0.10895868206957209,0.0319389049021689,0.13920338297302604,0.042227833532842235,0.0034208694619954354,0.030890343327955625,MLR
0.75,61.19687265624578,13.671162024457587,8.073521714967113,0.11009988239547193,0.03234250002824311,0.1400422767461955,0.04253942715870087,0.003577344563569359,0.03016192475166322,MLR
0.8,61.91396027690698,13.701008963741025,8.080913814593192,0.1113009329585125,0.03275540132889663,0.1409920039042415,0.04286529364435657,0.0037014455061969535,0.02943890186852854,MLR
0.85,62.65748679404099,13.7310579543928,8.08823577020822,0.11248342855292907,0.033170031795255614,0.14189015767491925,0.04319884219819479,0.003922668925663535,0.028769835916971073,MLR
0.9,63.39777589528038,13.760401126618536,8.095849093253765,0.11367568992030565,0.03358895188039513,0.1427877393295148,0.04352880344089984,0.004106122493026066,0.028133144124359934,MLR
0.95,64.13644628857246,13.790618771144446,8.103122487630374,0.11484869876384671,0.03400953856516985,0.1436240698601787,0.0438476010038661,0.004267993287757712,0.02743709970701386,MLR
1.0,64.83680726044471,13.820445851043266,8.11056314849487,0.11609802014751824,0.03444119129245946,0.14453745853999533,0.04417039323786756,0.004429864082489357,0.02675184667598323,MLR
1.05,65.5538948811059,13.85012095329748,8.11807395337042,0.11735361952809266,0.03487705656819766,0.14557021853110882,0.04453400278934748,0.004629504729325053,0.026125946269687537,MLR
1.1,66.24562274392581,13.880477260147954,8.12532036928124,0.11860601015469456,0.03531617732378082,0.1465670341356139,0.04489145477148855,0.004866915228264799,0.02550004586339184,MLR
1.15,66.91576783411482,13.910016307317802,8.13290131816784,0.1199070901350542,0.03576346332006312,0.14760918261206124,0.04526009027889149,0.005142095579308596,0.024841771298149816,MLR
1.2,67.61451009803974,13.93998897627184,8.140315000566547,0.121194079500143,0.03621280159580323,0.14864641470888662,0.0456274291361971,0.005395693157721507,0.024302201982377668,MLR
1.25,68.30300054496502,13.970597536810564,8.147480481080002,0.12243140293417794,0.036660863909136115,0.14957173520396883,0.04597609539682325,0.005687060588238468,0.02370328004187058,MLR
1.3,68.996886685048,14.001521663797531,8.154527256343986,0.12368797889204838,0.037114286497683016,0.15049593643743062,0.04632231998631767,0.005951449552966822,0.023001839931366782,MLR
1.35,69.67080876044741,14.03157516678054,8.16193014735638,0.12500747432998985,0.037577411038236794,0.1515638619300977,0.0466992659102378,0.006205047131379733,0.022408313684017418,MLR
1.4,70.34634954379413,14.06127039738234,8.16948411777719,0.1263891916927908,0.03805026163773508,0.15268039891083415,0.04708386463867328,0.006420874857688593,0.021793204664037166,MLR
1.45,70.95120674677472,14.090658734197607,8.177167584833786,0.1277600271942935,0.038525888631813957,0.1537786661799599,0.04747629301979865,0.006706846595047833,0.021183491337214637,MLR
1.5,71.59976906433285,14.120343485484254,8.184737742334068,0.12913253682830364,0.03900533604338194,0.1548447015629474,0.04785830527936178,0.00698202694609163,0.020654713407757926,MLR
1.55,72.2208133467866,14.150113618406774,8.192280921368564,0.13054201688851957,0.03949216435647265,0.15598364270185058,0.04825866412519753,0.007273394376608591,0.020055791467250842,MLR
1.6,72.86236126323968,14.180823795185137,8.199451797575176,0.13185216508662786,0.0399731099763612,0.15690692480635082,0.04861605986127585,0.007580948886598717,0.01958636616252907,MLR
1.65,73.48664296158806,14.210948429782615,8.206860084280727,0.13320877046181737,0.040462234074864975,0.15796830415213486,0.04900786158285124,0.007910086169219729,0.019073775312545525,MLR
1.7,74.11038509062067,14.241446041887873,8.21412268727102,0.13452980052122396,0.04095163327196044,0.1588742214035573,0.04937064070678395,0.008217640679209855,0.018577371542035148,MLR
1.75,74.72063798675896,14.271849667436381,8.221428455806576,0.1358801278995106,0.04144778543572204,0.15991223327219423,0.04977079541740747,0.008482029643938209,0.018043197919420717,MLR
1.8,75.27963179789892,14.302409304800413,8.228674871717395,0.1373062097737586,0.04195516859070914,0.16104819851201999,0.05018156998361915,0.008859728164978714,0.01758995969417211,MLR
1.85,75.86074795098551,14.332502125298868,8.236110136888735,0.13877637713736898,0.042470555263836404,0.16223488300437425,0.0505992554503033,0.009221239606546056,0.01711513869629262,MLR
1.9,76.45913032217683,14.362940790531916,8.243410509731133,0.140163953963946,0.042981846345280704,0.16324327849601988,0.05098660564463059,0.00952879411653618,0.016602547846309077,MLR
1.95,77.06938321831515,14.393641557130085,8.250608364403533,0.14155739025429898,0.04349752203648697,0.16428728801764272,0.051389438276917526,0.00987951417178808,0.016127726848429582,MLR
2.0,77.65049937140175,14.42454680124402,8.257725283678568,0.14297803119789784,0.044019502582209484,0.16537045705709047,0.05180067804827682,0.010375917942298458,0.01565290585055009,MLR
2.05,78.21057232117325,14.454402453279565,8.265263067019905,0.1444834948552066,0.04455334359177945,0.16657953203173512,0.05224085189971657,0.0108129690880739,0.01511333653477794,MLR
2.1,78.77550139478669,14.484277639399638,8.272795454668083,0.14601100125719646,0.045093337976631884,0.16775044528312227,0.0526586814038918,0.011158293450168076,0.014697868161633385,MLR
2.15,79.28755267545445,14.51462533154169,8.280138993055743,0.14746080000863312,0.04562969834611551,0.16887462833966219,0.05309122845930791,0.011579157516470354,0.014309378254277435,MLR
2.2,79.80014352543799,14.54448438773754,8.28767677639708,0.14904620349317177,0.04618299417864487,0.17017082274030398,0.05354951252307957,0.012064769900665288,0.013899305574290602,MLR
2.25,80.30895739021113,14.575393778838976,8.294793695672114,0.15052027716596614,0.04672929791557569,0.17138070919584247,0.05400610403867253,0.012550382284860225,0.013489232894303767,MLR
2.3,80.81183599251078,14.605852381868244,8.302088672821354,0.15201262678529998,0.04728096221030208,0.17255506243531787,0.05445791342534587,0.013073764521159211,0.013025203282739718,MLR
2.35,81.322808134547,14.635996279168118,8.309507750913221,0.15355924620008313,0.047841675198768446,0.17376313464881432,0.05490266339235154,0.01357556398482731,0.012674483227487819,MLR
2.4,81.82568673684665,14.66589127838898,8.317023951481927,0.15512037476326396,0.048407720685659995,0.17501281065611604,0.05536427880374706,0.014093550527968575,0.012291389013289591,MLR
2.45,82.30374515062078,14.696304001014855,8.324329720017483,0.15673326192313294,0.04898247177648919,0.17630681197881157,0.055830598405585526,0.014638515536898447,0.011935273264879974,MLR
2.5,82.79313452002611,14.727127195771894,8.331468222065148,0.15824849135340172,0.049551611850495295,0.17749264485183427,0.05629344113348327,0.01522125039793237,0.011562970436997189,MLR
2.55,83.24205619074854,14.756316974853172,8.33925420729174,0.15988983876589705,0.05013622957327513,0.17884005678172096,0.05677789622957251,0.015949668974224774,0.011115127904906303,MLR
2.6,83.73576211468007,14.787023106946222,8.34643047919151,0.16141567103537954,0.050713212747505156,0.1800133406533926,0.05724148106773694,0.016451468437892875,0.010618724134395924,MLR
2.65,84.19007947856021,14.81600779724095,8.354292004122309,0.1630969186059687,0.05130903051201349,0.18140213125512716,0.05773467211079152,0.017179887014185276,0.01024102561335542,MLR
2.7,84.66274219917662,14.845380705479926,8.361991658258377,0.16473547579761832,0.05190414915395808,0.1826726367043108,0.05820754728634951,0.017751830488903757,0.009890305558103522,MLR
2.75,85.10626817674132,14.874594867868879,8.36975066501918,0.16641965310009552,0.052507578574728556,0.18400052829518795,0.05869074014661056,0.018388522281514896,0.009544981196009345,MLR
2.8,85.52497396578052,14.904681200098828,8.377153556031576,0.16794729901312772,0.053099458773083544,0.1852165636632052,0.05917922655465234,0.019100753778334135,0.009237426686019219,MLR
2.85,85.93558621508312,14.934385275302459,8.384702130759228,0.16954483995834524,0.053701658399580084,0.18648003003760982,0.05967288016779087,0.019786006809364765,0.008886706630767321,MLR
2.9,86.34511932575418,14.964566246747113,8.392051064840045,0.1711453106354508,0.054307444548661564,0.18772380848112175,0.06016450926043332,0.02059536078302299,0.00859533920025036,MLR
2.95,86.75303372847793,14.994778736666067,8.399378416148231,0.17268676814166933,0.05491093955266151,0.18894923859636029,0.06066324597824814,0.021329175052473115,0.008293180383417956,MLR
3.0,87.12533655636071,15.023322041027415,8.407364042021658,0.17442019284207344,0.055536515268595994,0.19043355846214824,0.06120248958372444,0.022068385015080964,0.00798562587342783,MLR
3.05,87.51220775576934,15.053422072249163,8.414718371795633,0.17605902905580767,0.05615649724550909,0.19174273569724212,0.061709366245744864,0.022866947602423745,0.007705049829226311,MLR
3.1,87.88720843023098,15.083234887959977,8.422175219739604,0.17773427765157854,0.056783253644777466,0.19312027425652611,0.06223453995296713,0.02374104989397463,0.007505409182390616,MLR
3.15,88.25843211948224,15.111776224173488,8.430128471454085,0.17950048744691982,0.05742223504678716,0.19458690181693689,0.0627692009779492,0.024604360799210072,0.007278790069766313,MLR
3.2,88.6096917440499,15.140644694471321,8.437936039453309,0.18121368304619254,0.05805911785532075,0.19599078813564483,0.06330263133063499,0.025521628636022725,0.007052170957142009,MLR
3.25,88.94746213572327,15.170425272570332,8.44536590893149,0.18283131358149923,0.058689903051220585,0.19731972779938,0.06383721847280309,0.02635796107546956,0.0067769906060982125,MLR
3.3,89.27282243313387,15.199743634091822,8.45296844059072,0.18451660697231467,0.05933067739423423,0.19872342257573197,0.06438105850396911,0.027259041832809052,0.006571954266104795,MLR
3.35,89.62570076564886,15.229247100253732,8.460484641159427,0.18622491968510738,0.05997716810628036,0.20011789984708556,0.06491915556713602,0.028084582885940443,0.0063723136192691,MLR
3.4,89.95699632553296,15.25819072484677,8.468211273761284,0.18791174769738792,0.06062500786923789,0.2015108575815739,0.06547191879069492,0.028958685177491325,0.006161881586117961,MLR
3.45,90.28235662294357,15.28760046829718,8.475738265716306,0.18960262152989485,0.06127672791501813,0.20290924929627127,0.06602488840400259,0.029784226230622716,0.005973032325597708,MLR
3.5,90.59206941019679,15.31696302228407,8.483270653364485,0.19132083952668982,0.061934440270053834,0.2043304214369524,0.06658475177932366,0.03076084669217031,0.00569245628139619,MLR
3.55,90.87696200892448,15.345726051500918,8.491029660125289,0.19303403512596246,0.0625950065435095,0.205768626177824,0.06715646412925212,0.03176444561950651,0.005476628555087329,MLR
3.6,91.18181867233575,15.374987106566387,8.498572839159783,0.19470747007818356,0.06325473408841409,0.20716517550150898,0.06771706872899372,0.032811210092104484,0.005282383601409355,MLR
3.65,91.46131557790571,15.403726560611,8.506304867454798,0.19643991820129172,0.0639228350042191,0.20864578426976899,0.06829667352563282,0.03390114010996423,0.0051313041929931524,MLR
3.7,91.74782688458073,15.432960451464428,8.513821068023503,0.19811265559830146,0.06458819547415025,0.2100450453837061,0.06886958201286236,0.03502883997992802,0.005001807557207837,MLR
3.75,92.01221584930909,15.462442139193854,8.52121856334274,0.19974995719057045,0.06525286498162987,0.21139454642905314,0.06943800208948443,0.03608100014568372,0.004839936762476191,MLR
3.8,92.28038179924785,15.492392288957173,8.528411022321983,0.20135000933454916,0.06591695239235366,0.21269918501280505,0.07000270200201829,0.03722488709512067,0.004645691808798217,MLR
3.85,92.53020239245035,15.521359699900549,8.535975784129109,0.2030633444448641,0.06659458472905935,0.21413352721165793,0.07058318113502239,0.0383849611240308,0.004521590866170623,MLR
3.9,92.78541867881057,15.55039681578283,8.543491984697814,0.2047705410693185,0.0672743236894018,0.21556670538839973,0.07116799181027632,0.03970151025451485,0.004365115764596699,MLR
3.95,93.01797305390836,15.578577121569298,8.551326531162825,0.20652140465000834,0.06796044009082003,0.21707053367596132,0.0717698003316471,0.040942519680790795,0.004235619128811383,MLR
4.0,93.26617493916356,15.60671771402949,8.55915568193468,0.20826975703193712,0.0686489289679432,0.21855098387647298,0.0723648517461208,0.04219432049338218,0.0040629569477642945,MLR
4.05,93.50088759152445,15.635461323235585,8.566720443741806,0.20995184166877995,0.06933325127446793,0.21999026305341396,0.07296862968688726,0.04361338779386294,0.0039118775393480925,MLR
4.1,93.72588799620144,15.66447053571708,8.574155708913146,0.21154533679377122,0.0700111758345922,0.22133408802279728,0.07356169074859618,0.04490295845855838,0.003696049813039232,MLR
4.15,93.9298451975633,15.692721003980658,8.581871550128687,0.21321556299201977,0.0706989350458362,0.2227767622570843,0.07417066976600872,0.0462141118958847,0.0035989273362002448,MLR
4.2,94.14081680003021,15.721304841776996,8.589430916242655,0.21486625764434827,0.07138735788325895,0.22419514508752017,0.07478000411628506,0.04746051701531837,0.003491013473045815,MLR
4.25,94.33775960028706,15.749384686563134,8.597168340230828,0.21656173534125067,0.07208266547526512,0.2256609947208575,0.07539456364675243,0.048728504907382925,0.0033938909962068276,MLR
4.3,94.52175273696535,15.777937957833597,8.604689936492692,0.21814086082888642,0.07276860592377767,0.22700883151044643,0.0760025531140752,0.050325630082068494,0.003237415894632904,MLR
4.35,94.70520630432789,15.8062425137431,8.612281676765607,0.21979211352538405,0.07346300424603429,0.22844833691886976,0.07662406937512238,0.05193894233622722,0.0031348977246361954,MLR
4.4,94.87840805469074,15.834518408067403,8.619857229959047,0.22147154745242348,0.07416198266613581,0.22990535094773124,0.07724874020508436,0.053314844091446205,0.003016192475166322,MLR
4.45,95.06401989931636,15.862499569903955,8.627524509936169,0.22310285006987418,0.07485848999936107,0.23129441984277896,0.07785982200273965,0.05477168124403101,0.0029460484641159424,MLR
4.5,95.23074681788995,15.891541886082411,8.634738551688043,0.2246448656202619,0.07554801655468155,0.2326336810089861,0.07848038721634609,0.05639578488450519,0.0028165518283306263,MLR
4.55,95.40664641483168,15.918917380914298,8.642589285232527,0.22634048282820649,0.07625386544169559,0.23410632462391137,0.07910774460589333,0.05804686699076797,0.0027248250446493608,MLR
4.6,95.5766107492999,15.946872432202571,8.650175629812283,0.227999966676199,0.07695738996771533,0.2355240972139894,0.07972733624568085,0.05978967588071202,0.0026169111814949306,MLR
4.65,95.74765422239967,15.973993777183226,8.658064133208873,0.22965080083956987,0.07766138002251251,0.236936497171066,0.08034808828556642,0.0613652182827667,0.0025413714772868296,MLR
4.7,95.89873363081588,16.00190854607694,8.66560191655021,0.23129493847291094,0.07836581865402632,0.23838300362343304,0.08098367601881011,0.06326989796744238,0.0024874145457096145,MLR
4.75,96.0552087323898,16.030031841973393,8.673020994642076,0.23287559858201187,0.07906483037924597,0.23973959389288965,0.08160399101051026,0.06498572839159783,0.002395687762028349,MLR
4.8,96.21114426464797,16.057373898719202,8.680720648778145,0.23446518739781905,0.0797659732289605,0.2411028389723573,0.08222844667609432,0.06673932866785731,0.0022823782057161974,MLR
4.85,96.34225960838059,16.084521545527025,8.688463468459476,0.23609635050422756,0.08047195790705693,0.24256222086315618,0.08287344091035405,0.06857386434148263,0.002223025580981261,MLR
4.9,96.4852454770602,16.11134967679272,8.696298014924487,0.23771746881559142,0.08117759605780596,0.24397662548163224,0.08350697079051571,0.07045696125352743,0.002142090183615438,MLR
4.95,96.60395072653009,16.139704946122663,8.703485078210573,0.23921888665267385,0.08187215436702709,0.2453116142963265,0.08414251845247188,0.07260444713030059,0.0020611547862496157,MLR
5.0,96.73830348615735,16.167377838239755,8.710904156302439,0.2407688543324718,0.08257115590565876,0.24667568319128996,0.08477510524438586,0.0744605655765568,0.0019748236957260715,MLR
5.05,96.86995839920576,16.19366361435028,8.718841220937447,0.24242498991544953,0.08328086430111617,0.24814037706926895,0.08541717680039114,0.0764947418970178,0.0019046796846756918,MLR
5.1,96.98596580209676,16.220679502515374,8.726449148289834,0.24399141989823725,0.08398236668219718,0.2495293086393653,0.08605539188340361,0.07836165172958943,0.0018237442873098692,MLR
5.15,97.08740483346193,16.24647800837598,8.734504918174313,0.24566792409338864,0.08469467738947827,0.2510643680884763,0.08671779726721875,0.08047136775425855,0.0017751830488903757,MLR
5.2,97.19693740456367,16.272043355676523,8.742614644990368,0.24735112481856975,0.0854077844327451,0.2525705964982402,0.08736796943660002,0.08247316991577323,0.001705039037839996,MLR
5.25,97.30970739156005,16.298180595792665,8.750454587148537,0.24895703642632447,0.0861132544684611,0.25399917519005033,0.08800986963667866,0.0846746127241236,0.0016564777994205026,MLR
5.3,97.43057091829301,16.324412770839796,8.758218989602499,0.250555553948838,0.08681845405331803,0.25541325187322433,0.08864683276252201,0.0865037527045912,0.001597125174685566,MLR
5.35,97.5104271770273,16.350138708470297,8.766145262851191,0.25209533732254913,0.0875179311999081,0.25682509743856485,0.08930165348866265,0.08858109457031398,0.001564751015739237,MLR
5.4,97.59891654481393,16.37620747403368,8.77389347822568,0.2536155891503402,0.08821535923705229,0.25821422033026875,0.08995110829602064,0.09069081059498309,0.0014946070046888574,MLR
5.45,97.68093108081129,16.401357656131157,8.78197083088279,0.25513932875418843,0.08891340879221143,0.2596088936614466,0.09060192442632999,0.09266023859755143,0.0014622328457425283,MLR
5.5,97.77103915654524,16.426144813317695,8.790150701709894,0.2568077413088872,0.08962509059330767,0.2611415760973941,0.0912624582070871,0.0949102426443213,0.0014298586867961993,MLR
5.55,97.87139904927886,16.451917859172603,8.797893521391225,0.2582574005492816,0.09031514588825391,0.2624161344300615,0.09188872457237345,0.09720341223635294,0.0013705060620612627,MLR
5.6,97.95125530801315,16.47810163586946,8.805425909039405,0.25973719417480956,0.09100700173876376,0.2637646423409131,0.09253301372089137,0.09953974737364636,0.0013165491304840476,MLR
5.65,98.02139931906352,16.50194474588759,8.813848586058608,0.2614004448209439,0.0917156121004069,0.26532552002025694,0.09320318904295805,0.10188687389725522,0.0012841749715377187,MLR
5.7,98.0974785925874,16.52615826774284,8.822077018124133,0.26294776179093843,0.0924119799784037,0.2667462803522416,0.09385409179287299,0.10424479180717951,0.001235613733118225,MLR
5.75,98.167083034322,16.55119067605512,8.829933147361777,0.2644251837287477,0.09310070582062613,0.2681069204115733,0.0945005405146789,0.10645163030868761,0.001192448187856453,MLR
5.8,98.23614790674084,16.575948923996126,8.837854024917311,0.2659097207297136,0.09378915554429745,0.2694695266719395,0.0951448197785055,0.10881494391176963,0.0011223041768060734,MLR
5.85,98.30952933368586,16.601223554352803,8.845521304894433,0.267366774055349,0.09447357865930057,0.27080456149286497,0.09578365197951665,0.11126458860537519,0.0010737429383865797,MLR
5.9,98.37319851294697,16.625421667047412,8.853571679085753,0.26887614402184173,0.0951616634028786,0.2722138252503867,0.09643604355689418,0.1136009237426686,0.0010251816999670863,MLR
5.95,98.43902596947117,16.650148756546116,8.861363060005504,0.2703444977419024,0.09584444310594895,0.2735673643499232,0.09707644835192876,0.11599661150469695,0.0010089946204939217,MLR
6.0,98.49945773283764,16.674862670307043,8.869111275379991,0.27171058986796737,0.09651574658202557,0.2748182956308339,0.09770544324524641,0.11858654422040328,0.0009712247683898712,MLR
6.05,98.54855854057291,16.699049866318735,8.877021361549211,0.273173084124252,0.09719474054550639,0.27619428379954336,0.09835247938880529,0.12104158460716656,0.0009496419957589851,MLR
6.1,98.60791116530785,16.723466427133232,8.88479115969633,0.2745493605564039,0.09786377055276109,0.2774612392464147,0.09898066893202313,0.12350741638024529,0.0009226635299703777,MLR
6.15,98.65755154235889,16.747854436030934,8.892523187991346,0.27595995670495804,0.09853437952671691,0.27878111860865756,0.09961761335794231,0.126070370630163,0.0008956850641817702,MLR
6.2,98.71906244435692,16.77241189643531,8.90013651103689,0.27728824133856356,0.0991948322022782,0.2800035256860826,0.10023833461429747,0.12859015933481896,0.000852519518919998,MLR
6.25,98.77949420772339,16.79658622066962,8.907852352252432,0.2786119221077736,0.09985275678013525,0.28120898090904617,0.10085267021276358,0.13103440833526678,0.000830936746289112,MLR
6.3,98.82481803024825,16.820524497862813,8.915616754706393,0.27995415784560757,0.10051119076017169,0.2824585361251398,0.10147751144195494,0.1333707434725602,0.0007931668941850615,MLR
6.35,98.8685231448258,16.844447128602994,8.923337991615092,0.281291650208004,0.1011672052956796,0.2837146950162632,0.10210290074726602,0.1359822589608974,0.000766188428396454,MLR
6.4,98.91006998214026,16.868630184485887,8.930902753422219,0.2825794766393464,0.10181596395122343,0.2849210942159039,0.10272128612187398,0.1386369399944964,0.0007392099626078464,MLR
6.45,98.95593337398088,16.891281013131742,8.939028667317746,0.28399551371854986,0.10247479334581339,0.28623876919050373,0.10334332969320208,0.1412484554828336,0.0007068358036615174,MLR
6.5,98.99963848855843,16.914018616835033,8.947068250122753,0.28532226373069014,0.1031225769569055,0.28747919454542487,0.10395826097079683,0.14396248914116752,0.0006852530310306313,MLR
6.55,99.04927886560947,16.936732899564163,8.955064667382496,0.2866432937900967,0.10376726805568415,0.28869713983145484,0.10456439914117077,0.14652544339108522,0.0006636702583997453,MLR
6.6,99.08650914839775,16.959497385016967,8.962990940631189,0.28793139924352384,0.10440664135311496,0.2899135679372685,0.1051764125032596,0.14891033976679816,0.0006582745652420238,MLR
6.65,99.11456675281791,16.98111217940183,8.971327286559868,0.28924224499684364,0.10504612888491802,0.29117291605513573,0.10579691717653181,0.15146250263040043,0.0006366917926111377,MLR
6.7,99.14586177313268,17.00381408657556,8.979178020104353,0.29050984232705457,0.1056790545928339,0.29238246225850345,0.1064071673781217,0.15400926980084498,0.0006151090199802518,MLR
6.75,99.1803942093421,17.025786966204414,8.987271559840934,0.2918124569288794,0.10631336233578088,0.29361331119501227,0.10701400624879927,0.1566261809823399,0.0006043176336648087,MLR
6.8,99.20791224444649,17.04698346310519,8.995624092849088,0.29303736388015084,0.10693760939787839,0.29477991561199796,0.107616659354753,0.15906503428963,0.0005881305541916443,MLR
6.85,99.23920726476126,17.069632760813366,9.003345329757787,0.2942197199635251,0.10755536759304524,0.2958931382371971,0.10820939623209787,0.16171431963007127,0.0005611520884030367,MLR
6.9,99.26942314644451,17.09185112850234,9.011185271915958,0.2953970536493771,0.1081695761670637,0.29700804443985446,0.10880045690153357,0.16444454036787837,0.0005125908499835431,MLR
6.95,99.29154548839117,17.113456256228755,9.019219459027804,0.2965845716413159,0.10878211740995304,0.2981507881317248,0.10939606966314272,0.16704526446990012,0.0004856123841949356,MLR
7.0,99.31960309281132,17.135229733296026,9.027134940890182,0.2977578595069416,0.1093906245658823,0.2992636189317223,0.10998127630921785,0.16945174361824392,0.0004802166910372141,MLR
7.05,99.34334414270529,17.156860223184538,9.035055818445716,0.29893658830321634,0.10999691335514011,0.3003876088552869,0.11056712134692522,0.17221433851499732,0.0004640296115640496,MLR
7.1,99.37302045507276,17.17907074480863,9.042690724263892,0.3001073649700809,0.11059926927770967,0.30149291291245633,0.11114407317658448,0.1748959980143849,0.00045323822524860656,MLR
7.15,99.38974710386171,17.200594909889837,9.050546853501535,0.30124577507513506,0.11119538065442108,0.30258939833443715,0.1117255506616398,0.17759384459324568,0.0004478425320908851,MLR
7.2,99.41079030717681,17.222401843050594,9.058235716251287,0.302323637387837,0.11178232215193992,0.3036177368555315,0.11229381440947801,0.18035643948999908,0.00042086406630227754,MLR
7.25,99.43399178775502,17.244009575489624,9.06595155746683,0.3033777828233503,0.11236380730658185,0.30461868333658915,0.1128547172332222,0.1829949334441249,0.0004100726799868345,MLR
7.3,99.4534162831228,17.26478204307024,9.073947974726574,0.30445843535689815,0.11294460950723989,0.30565265277777776,0.1134182650758484,0.18562263601193527,0.0004100726799868345,MLR
7.35,99.47445948643792,17.28566216829222,9.081847269509478,0.3055537365498859,0.113523448962594,0.3067035272701631,0.11397977828935855,0.18833127397711147,0.000404676986829113,MLR
7.4,99.49927967496345,17.305655884540737,9.090048723109215,0.30666466297960965,0.11410064071811375,0.307756296239256,0.11453444531318833,0.19100214209018362,0.00038848990735594846,MLR
7.45,99.51007106127888,17.32722951235048,9.09756492367792,0.30765630746817896,0.11466291598839906,0.30872617781754097,0.11508835968394314,0.19352193079483956,0.0003776985210405055,MLR
7.5,99.53057469527823,17.348516376068964,9.105145872564519,0.308684503849827,0.11522588589290526,0.3097072589733443,0.11563271916922102,0.19611186351054588,0.00037230282788278395,MLR
7.55,99.54784091338294,17.36859352322579,9.113158476903735,0.3097757592225885,0.1157917545039096,0.31075984376812377,0.11618416354447313,0.19888524979361474,0.00037230282788278395,MLR
7.6,99.56564670080343,17.388990421163825,9.12098762767559,0.3107778670393292,0.11634513035032563,0.31171929593340847,0.11672093324640237,0.20155072221352915,0.00036690713472506246,MLR
7.65,99.57859636438195,17.408413876009142,9.129151311423222,0.31181987501416364,0.11689856015446416,0.3127370847457627,0.11726458691691309,0.20443741805291016,0.00035072005525189795,MLR
7.7,99.59262516659203,17.427385795388243,9.137439096113482,0.31288141453491825,0.11744976562314145,0.31376899955574333,0.11780397167283274,0.20731871819913344,0.00035072005525189795,MLR
7.75,99.60611439948633,17.447469898830377,9.145225081340074,0.31390347243070577,0.11799293981838542,0.3147660527293706,0.11833667664458326,0.21004893893694054,0.00035072005525189795,MLR
7.8,99.62284104827526,17.467214482891446,9.153092001964032,0.3149061382916157,0.11853027520657951,0.3157287679625637,0.1188583665358783,0.21278995106106305,0.0003399286689364549,MLR
7.85,99.63255329595917,17.485533065096106,9.161476909131132,0.3159389385376592,0.11906697182161205,0.3167465019171198,0.11938859081071194,0.2153583010041385,0.00033453297577873344,MLR
7.9,99.64604252885347,17.504774352400574,9.169440952231929,0.31690909832571634,0.11959410772377878,0.3176815696161406,0.11990197585247268,0.2179482337198448,0.0003291372826210119,MLR
7.95,99.65629434585314,17.522415617874465,9.177993125886918,0.31795780283058056,0.12012531279545009,0.3187072302161389,0.12042435111714463,0.22045723103818532,0.0003291372826210119,MLR
8.0,99.66600659353703,17.54124730528443,9.18601652161245,0.3189638169565052,0.12064868823662203,0.3196938169927563,0.12093998062443596,0.2233601139570395,0.0003237415894632904,MLR
8.05,99.6746397025894,17.560524685966488,9.193807902532198,0.3199052374698516,0.12116179995211646,0.32061384013424993,0.12144453023847061,0.22580436295748732,0.0003129502031478474,MLR
8.1,99.68435195027328,17.579998788102767,9.201469786816164,0.3208138728882606,0.12166822015073399,0.3214969143698443,0.12194149149218435,0.22836731720740505,0.0003129502031478474,MLR
8.15,99.69730161385182,17.598764954163386,9.209358290212752,0.321674376997081,0.12216539364836308,0.3223224699846297,0.12242545577447121,0.23142667522783314,0.0003129502031478474,MLR
8.2,99.70701386153571,17.616849110819473,9.21746262133565,0.32261203071228545,0.12266533296910066,0.323230782618107,0.1229149069749172,0.23411373042037845,0.00030215881683240436,MLR
8.25,99.71456783195653,17.63518278308751,9.225415873050132,0.32351941053131394,0.12315854806643438,0.324118371810134,0.12340021635919807,0.23667128897713846,0.00029676312367468287,MLR
8.3,99.72212180237734,17.653684440060182,9.233250419515143,0.3244016783627308,0.12364546942091095,0.3249809243688385,0.12387917897672668,0.2392720130791602,0.0002913674305169614,MLR
8.35,99.72805706485084,17.672257206305225,9.241004030582788,0.3252637170930164,0.12412632568140214,0.32583030931293244,0.12435482576487922,0.24183496732907794,0.00028597173735923985,MLR
8.4,99.73992758979783,17.689543077513388,9.249221671262,0.32624113145527234,0.12461455333715603,0.32677778803468743,0.12483113100930622,0.2443871301926802,0.00028057604420151836,MLR
8.45,99.74856069885017,17.707751191082405,9.257018447874906,0.32705880567411094,0.12508323920924402,0.32757063982214235,0.1252902819085998,0.24703101983996373,0.0002751803510437968,MLR
8.5,99.75935208516562,17.725134784024913,9.265095800532015,0.32793981790614735,0.12555438004407643,0.32842323728547707,0.12575027425082186,0.249351167897784,0.00026978465788607533,MLR
8.55,99.76420820900756,17.742879078831688,9.272978908235446,0.32877521002735616,0.12601723614974283,0.3292468549671166,0.1262083394023073,0.2519572876929635,0.0002535975784129108,MLR
8.6,99.7712226101126,17.760850430230136,9.280721727916777,0.32958953598117985,0.12647423267019364,0.3300459132654441,0.126659135590894,0.2543745582276227,0.00024820188525518933,MLR
8.65,99.77823701121764,17.778768422843473,9.288437569132318,0.3304425064937167,0.12693129950164414,0.3308828905592628,0.12710982450689126,0.256829598614386,0.00023741049893974628,MLR
8.7,99.78471184300692,17.796490585661882,9.296185784506807,0.3312904546087313,0.12738459847559544,0.33171385423989097,0.1275562817942977,0.2590903940474713,0.00023741049893974628,MLR
8.75,99.79118667479618,17.81369441074719,9.304095870676026,0.3321177550894875,0.12783267886299912,0.33252723471716067,0.12799865746110742,0.2613673765600298,0.0002320148057820248,MLR
8.8,99.79712193726968,17.83110342886357,9.311876460209461,0.33288241511225736,0.12827106016593948,0.33327772677973794,0.1284316704229252,0.26376306432205815,0.00022661911262430328,MLR
8.85,99.79928021453276,17.848245801114043,9.31971640236763,0.33366618814782034,0.12870762082758713,0.3340558686425787,0.1288661826873572,0.26612637792514016,0.00022122341946658177,MLR
8.9,99.80683418495357,17.86560932976871,9.327421452196857,0.3344895823193927,0.1291444852244777,0.3348611643303149,0.12929561278969526,0.2683170293471751,0.00022122341946658177,MLR
8.95,99.8122298781113,17.882182636135944,9.335396286683968,0.3353239978633055,0.12957889537005313,0.3356826816444576,0.1297247144717911,0.2708044438928847,0.00021582772630886026,MLR
9.0,99.81924427921633,17.898165717859616,9.3435599704316,0.3361512983440617,0.13000885019534372,0.3364933422415377,0.13014754393698788,0.2730868220986009,0.00021582772630886026,MLR
9.05,99.82032341784787,17.914439283347694,9.351561783384502,0.33697273936104194,0.13043474410875977,0.3373116457513513,0.13057280453616876,0.2753584089180017,0.00021582772630886026,MLR
9.1,99.82248169511097,17.9304380491487,9.359628344655297,0.33778804189216166,0.1308565582882542,0.3381212448595706,0.13099239247533914,0.277559851726352,0.00020503633999341726,MLR
9.15,99.82625868032137,17.94574589024232,9.367926920731872,0.3386139472624951,0.13127601280929657,0.3389374716962775,0.13140787381999422,0.27979906438680646,0.00019964064683569574,MLR
9.2,99.82895652690023,17.96143187791689,9.37603125185477,0.33943441170217925,0.13169177494516368,0.339752418212479,0.13182141545985793,0.2819465502635796,0.00019964064683569574,MLR
9.25,99.83219394279486,17.977222017531215,9.384049251887143,0.34021692913836177,0.13210037437183808,0.34052677048134816,0.13222669215436766,0.2842181370829804,0.00019964064683569574,MLR
9.3,99.83597092800527,17.991391399127945,9.392671569553183,0.3410216288302677,0.13250768982963348,0.3413204684671052,0.1326296083334921,0.28627929186922996,0.00019424495367797423,MLR
9.35,99.83974791321567,18.007200898417523,9.400597842801876,0.34180442528853466,0.13291010227651115,0.34209761767439845,0.1330294072169108,0.2882595112581138,0.00019424495367797423,MLR
9.4,99.84244575979453,18.022115518972694,9.408842461946874,0.3426126127564977,0.13331222445665633,0.34289825584600164,0.1334284795659702,0.2902019607948935,0.00018345356736253123,MLR
9.45,99.84622274500494,18.03740678457881,9.416898231831352,0.343375040602591,0.1337073713620152,0.3436486073235053,0.13381935490823885,0.29221455434272364,0.00017805787420480972,MLR
9.5,99.84999973021534,18.05217958184115,9.42512126820372,0.3441466761774752,0.13410051293811498,0.3444109180081597,0.1342085930052475,0.2941893780384497,0.00017805787420480972,MLR
9.55,99.8526975767942,18.066801250195624,9.433365887348717,0.34492096246216264,0.13449118700460416,0.34517871773478864,0.134596586626954,0.2961749931204912,0.00016726648788936672,MLR
9.6,99.85485585405729,18.082642551511796,9.44108172856426,0.3456514422795724,0.1348744741114506,0.34590321774088967,0.13497741048222286,0.29818758666832135,0.0001618707947316452,MLR
9.65,99.85701413132037,18.097380202102492,9.449202246766632,0.3464516776181252,0.13526210731213367,0.3466990786521711,0.13536310273653712,0.30003830942141985,0.0001618707947316452,MLR
9.7,99.85755370063615,18.112283218210102,9.457220246799006,0.3471887144545224,0.13564124359566107,0.3474351538074988,0.13574189875702142,0.3018188881634679,0.0001618707947316452,MLR
9.75,99.85917240858348,18.12692204177143,9.465308390842429,0.3479270068903001,0.13601820524323266,0.34816927466067266,0.13611715561495505,0.3035401142807811,0.0001564751015739237,MLR
9.8,99.86079111653079,18.140501814784294,9.47378502479321,0.3487297534276141,0.13639921119789097,0.3489672171389976,0.1364963645850726,0.3052505490117788,0.0001564751015739237,MLR
9.85,99.86510767105696,18.154709918831546,9.481975687006631,0.34949204176266496,0.13677416552061103,0.34971531172500986,0.1368658198052506,0.30704191914014234,0.0001564751015739237,MLR
9.9,99.8661868096885,18.168170046435602,9.49043073818478,0.35029757852082466,0.13715112408719526,0.3505181488721399,0.13724167557307662,0.3088171021890327,0.0001564751015739237,MLR
9.95,99.86942422558313,18.182743631483053,9.498405572671894,0.35103852166640587,0.13751959690760238,0.35125191115721455,0.13760696727450622,0.31038185320477196,0.0001564751015739237,MLR
10.0,99.87158250284622,18.197279165809434,9.506364220079533,0.3517683039286042,0.13788531802146267,0.3519776951727491,0.13797103745537542,0.3120491223905079,0.00015107940841620218,MLR
10.05,99.87428034942509,18.21098491467617,9.514619630610847,0.35255151891999803,0.13825386274633933,0.352756578887088,0.13833755616737994,0.3138027226667674,0.0001456837152584807,MLR
10.1,99.87589905737241,18.22422989308464,9.523026120550577,0.35331645796485245,0.13861859892939857,0.3535160527922291,0.1387003396953643,0.3153674736825066,0.0001456837152584807,MLR
10.15,99.87859690395126,18.23702114701471,9.531583689898723,0.3541261800542807,0.13898612559421894,0.3543183276357586,0.13906492173397533,0.3169699945503499,0.00014028802210075918,MLR
10.2,99.87913647326704,18.24964801031084,9.540173633405816,0.3549077209131671,0.13934882044249608,0.35509848108952025,0.1394271508607,0.318653450815559,0.00013489232894303767,MLR
10.25,99.87967604258282,18.26305466405979,9.548418252550814,0.3557008411885633,0.13971053784255658,0.3558904988385284,0.13978844889950653,0.3202289932176137,0.00013489232894303767,MLR
10.3,99.88021561189858,18.276522892836876,9.556608914764235,0.3564992628835663,0.14007136197633602,0.35668809516452293,0.14014886453078024,0.32174518299493343,0.00013489232894303767,MLR
10.35,99.88021561189858,18.287944519197456,9.565587348178683,0.35737357858557295,0.14043785136805753,0.3575634594162421,0.14051568170795667,0.32325058138593776,0.00013489232894303767,MLR
10.4,99.88075518121435,18.300721290488475,9.573993838118414,0.3581619554855314,0.14079449343074138,0.35835084593111194,0.14087221703496985,0.3247020228453648,0.00013489232894303767,MLR
10.45,99.88291345847745,18.312060243201692,9.582945293067073,0.3589938598306831,0.14115374188879143,0.3591773789407724,0.14122929950668378,0.32629375232689267,0.00013489232894303767,MLR
10.5,99.88399259710899,18.324493527132216,9.591427322711013,0.359806790674084,0.14150926584341206,0.35998835112738903,0.1415840434157647,0.3278045464110547,0.00013489232894303767,MLR
10.55,99.88723001300363,18.3372495827511,9.599752877253376,0.36061790787393494,0.1418634625803623,0.3607899735960761,0.14193416549424878,0.3291588653936428,0.00013489232894303767,MLR
10.6,99.89046742889826,18.349667532078335,9.608186345658895,0.3613868927390158,0.14221240574715707,0.36155062254631876,0.14227956472603695,0.3304916016036,0.00013489232894303767,MLR
10.65,99.89208613684556,18.36167483071935,9.616760102086515,0.36225200071223135,0.14257007519605858,0.36241094599018003,0.14263522822694408,0.33158153162145976,0.00012949663578531615,MLR
10.7,99.89208613684556,18.37309386336891,9.625544290547285,0.36311124922167126,0.14292643122943127,0.36326916748499727,0.14299168262564152,0.3328711022861552,0.00012949663578531615,MLR
10.75,99.89424441410866,18.38477545274919,9.63419898237227,0.36393645703679317,0.1432788192385787,0.3640880985648466,0.14334146966158787,0.3341282987919043,0.00012410094262759467,MLR
10.8,99.8953235527402,18.396531032740626,9.642799717265678,0.3647606882746191,0.14363040604278188,0.3649095396647924,0.14369186085513042,0.3353261426729185,0.00011870524946987314,MLR
10.85,99.89640269137175,18.408982063959478,9.651098293342255,0.3655430661997592,0.1439772962492087,0.365688507677932,0.1440374766829005,0.3365185908607749,0.00011870524946987314,MLR
10.9,99.89802139931906,18.420263852138845,9.659839316257763,0.36640859270610204,0.144331401099264,0.3665494112258566,0.14438956297431157,0.3378944926159939,0.00011870524946987314,MLR
10.95,99.90071924589793,18.431309414347215,9.668650483184322,0.36726142370759657,0.14468360674227032,0.36739472714408394,0.14473854197744399,0.33890348723648783,0.00011870524946987314,MLR
11.0,99.9012588152137,18.44290831779575,9.677218843918784,0.3681236019489244,0.14503653599520927,0.36825633183904943,0.1450911921770123,0.34004197849276707,0.00011870524946987314,MLR
11.05,99.90287752316101,18.453793853072654,9.686051593617973,0.36902316914958483,0.14539299731558983,0.36915332042148935,0.14544629128109585,0.34103478603378784,0.00011330955631215164,MLR
11.1,99.90395666179256,18.46522225197249,9.694646932818225,0.3698910673436463,0.14574642331699575,0.3700183447597958,0.14579841722463188,0.3420114064953354,0.00011330955631215164,MLR
11.15,99.9050358004241,18.476856457666493,9.703139753848479,0.37074780465432494,0.14609879830536027,0.3708714807001625,0.14614954135607225,0.34309594082003747,0.00010791386315443013,MLR
11.2,99.90611493905564,18.488237390334024,9.711713510276098,0.371643326034759,0.14645491920514223,0.37176607192737043,0.1465050043718696,0.34412112252000454,0.00010251816999670863,MLR
11.25,99.90827321631873,18.49912245117909,9.720465324577923,0.3725455439452229,0.14681172476952634,0.3726616456203452,0.14685894059739332,0.34508695159523667,9.712247683898712e-05,MLR
11.3,99.90881278563451,18.510245326477463,9.729103829323433,0.373413721161369,0.14716562254673576,0.3735281837074161,0.14721224472370528,0.3459394711141567,9.712247683898712e-05,MLR
11.35,99.91043149358183,18.521177195360487,9.73780168669368,0.3743157995607906,0.14752338403450552,0.3744279514168291,0.14756861774097046,0.3467973863262344,9.172678368126562e-05,MLR
11.4,99.91205020152914,18.53244182591193,9.746348464655512,0.3751972303259538,0.14787960514606838,0.37530492965383155,0.14792302093982826,0.3477794024809397,9.172678368126562e-05,MLR
11.45,99.91205020152914,18.54333254249118,9.755024739253129,0.37610140139100967,0.14823812762660896,0.3762096173678242,0.14828175333916205,0.3487560229424873,9.172678368126562e-05,MLR
11.5,99.9125897708449,18.55312697509239,9.764121877917047,0.37706653878154456,0.14860309287295634,0.3771737070707616,0.14864617426308846,0.34964631231351134,9.172678368126562e-05,MLR
11.55,99.9125897708449,18.563710141173683,9.772884483605186,0.3779852189949982,0.14896386061008626,0.37809319100723116,0.14900717722051077,0.35057437153663945,8.63310905235441e-05,MLR
11.6,99.91366890947646,18.573628888236453,9.781895291178582,0.3789525885622096,0.14932990758344222,0.37905703349840414,0.14937183397185486,0.3514322867487172,8.63310905235441e-05,MLR
11.65,99.91420847879223,18.58289724105968,9.791148904944073,0.37998036641073085,0.14970244277721786,0.38008364681866774,0.1497439193733202,0.3522416407223754,8.63310905235441e-05,MLR
11.7,99.91582718673955,18.592813563557428,9.800127338358521,0.380951921309211,0.15007042340165,0.3810508399639264,0.15011022804716329,0.35310495162761085,8.63310905235441e-05,MLR
11.75,99.91744589468686,18.602701045431804,9.809100376079813,0.3819275220279172,0.1504395268075516,0.3820234471973215,0.15047796323547818,0.3538711400560073,8.63310905235441e-05,MLR
11.8,99.91744589468686,18.610746211818157,9.818796436684238,0.38300677945104206,0.15081996475604142,0.38310275857004006,0.1508585641216223,0.3545671844733534,8.63310905235441e-05,MLR
11.85,99.91744589468686,18.621047704829707,9.82757522945185,0.38400191171566844,0.15119340754828506,0.3840987130359649,0.15123224427479956,0.35530639443596124,8.63310905235441e-05,MLR
11.9,99.91906460263418,18.63011103799492,9.836834238910502,0.38501308775015775,0.1515694954364453,0.3851068592689394,0.1516069795589487,0.35609416563698854,8.09353973658226e-05,MLR
11.95,99.92014374126572,18.639748191863188,9.845850442177055,0.38608271891136486,0.1519526914544229,0.38617346536706526,0.1519888200900777,0.3566930875774956,8.09353973658226e-05,MLR
12.0,99.9206833105815,18.64916085197332,9.854942185147815,0.38709054668083925,0.15233118672182386,0.38717944933202286,0.15236684127668573,0.35738913199484174,8.09353973658226e-05,MLR
12.05,99.92122287989727,18.657531738943497,9.864438605105406,0.3881698041039641,0.15271830438882944,0.3882576065058563,0.15275338609527295,0.3580150324011374,8.09353973658226e-05,MLR
12.1,99.92284158784457,18.66797574538421,9.87309329693039,0.38917930600594597,0.15310029421106602,0.38926173793401364,0.15313315918298648,0.3586085586484868,8.09353973658226e-05,MLR
12.15,99.92338115716035,18.677038195137484,9.882287558071148,0.3902799086185406,0.15349269342305896,0.390361920222905,0.15352525535339273,0.3592668332137288,8.09353973658226e-05,MLR
12.2,99.92392072647613,18.686665234249567,9.891244408712966,0.3913544226662278,0.1538844078638257,0.3914351444986824,0.1539163715312503,0.35979561114318553,7.014401105037959e-05,MLR
12.25,99.92499986510767,18.695419602510253,9.90054118802372,0.39244274830710135,0.15427972142378005,0.3925207577783297,0.15431044782606698,0.3603189933794845,7.014401105037959e-05,MLR
12.3,99.92499986510767,18.70340276024938,9.910134730458148,0.3936013875132869,0.15468374858595954,0.39367970815469183,0.15471466130947253,0.36091251962683385,7.014401105037959e-05,MLR
12.35,99.92553943442344,18.712193393534513,9.9193937399168,0.39471677829636376,0.1550855410799201,0.3947936647101703,0.15511583524826342,0.3614574846357637,5.935262473493657e-05,MLR
12.4,99.9260790037392,18.720186890463463,9.92896030388544,0.3958808584331986,0.15549403928602282,0.39595605537916573,0.15552370366648136,0.3620510108831131,5.3956931577215064e-05,MLR
12.45,99.9260790037392,18.729394018431943,9.93803046408357,0.39696723091948,0.1558971000388389,0.3970432315168793,0.1559269971281184,0.3625797888125698,5.3956931577215064e-05,MLR
12.5,99.92715814237076,18.73835884921543,9.947186955372223,0.39806420624497524,0.15630336001558157,0.39813643948638755,0.15633177322731803,0.36307079688992244,5.3956931577215064e-05,MLR
12.55,99.92715814237076,18.74697497371135,9.95647294329666,0.3992507476596181,0.15672062231156378,0.3993227289279582,0.15674916388083898,0.3635779920467483,5.3956931577215064e-05,MLR
12.6,99.92715814237076,18.75493299805267,9.966012528799512,0.4004250121025398,0.15713912732616492,0.4004978493504248,0.15716790543044032,0.3640582087377855,5.3956931577215064e-05,MLR
12.65,99.92715814237076,18.76277102460701,9.975589884154468,0.4016686135334775,0.15756670428215996,0.40174151962764165,0.1575956435109925,0.3645600082014536,4.316554526177205e-05,MLR
12.7,99.92715814237076,18.770249914472146,9.985302131838367,0.4029190510054874,0.1579976066165222,0.40299286860549244,0.1580267893691393,0.3649862679609136,4.316554526177205e-05,MLR
12.75,99.92769771168653,18.778324323726036,9.99476617763701,0.4041216361899931,0.1584263616700856,0.4041958232603847,0.158455474800146,0.3655042545040549,4.316554526177205e-05,MLR
12.8,99.92823728100231,18.786655783821118,10.004116913879342,0.4053419392768693,0.15885924229678167,0.40541705399568045,0.1588884148962692,0.36601144966088067,3.7769852104050545e-05,MLR
12.85,99.92877685031807,18.79311423380966,10.01420686008428,0.4066522269860197,0.15930339747347558,0.40672622614348725,0.15933197841099625,0.3665941845219146,3.7769852104050545e-05,MLR
12.9,99.92985598894963,18.801044273506786,10.023697884348714,0.40791968480518837,0.15974596100983124,0.4079904606296874,0.15977310053829394,0.3670150485882169,3.7769852104050545e-05,MLR
12.95,99.93093512758117,18.807604557935296,10.033728477928918,0.4092827076883231,0.16020070919455662,0.40935029892281527,0.16022642963856415,0.3674251212682037,3.7769852104050545e-05,MLR
13.0,99.93255383552848,18.814953101317272,10.043435329919658,0.41057695162761076,0.16065175500897,0.4106396233424043,0.16067542647187424,0.3678783594934523,3.7769852104050545e-05,MLR
13.05,99.93255383552848,18.822724523355028,10.052964124036194,0.41186268539331905,0.1611048748861225,0.4119262248714959,0.1611287917621183,0.36833699341185866,3.237415894632904e-05,MLR
13.1,99.93255383552848,18.830258441180767,10.062579249243255,0.4131500932915345,0.1615610979363533,0.41321450166299506,0.16158526161385772,0.36868771346711054,3.237415894632904e-05,MLR
13.15,99.93255383552848,18.837274490413165,10.07239401509715,0.4145404603389575,0.1620305421804443,0.4146058070925661,0.16205496087503043,0.3691517430786746,3.237415894632904e-05,MLR
13.2,99.93309340484426,18.843890568561456,10.08235986035946,0.4159651471027825,0.16250636041993288,0.416029348724954,0.16253017080542304,0.3695564200655037,3.237415894632904e-05,MLR
13.25,99.93471211279157,18.850797474592003,10.092201604679145,0.4173608155698122,0.162982676634525,0.417420586311902,0.16300446772121088,0.3699125358139133,3.237415894632904e-05,MLR
13.3,99.93633082073889,18.857431499363404,10.102145867168826,0.41878020091403045,0.16346480751072853,0.4188352316173095,0.16348463210955186,0.37024167309653433,3.237415894632904e-05,MLR
13.35,99.93633082073889,18.864523359562483,10.111901280397987,0.4201490832609411,0.16394576761791804,0.42020442767594407,0.1639657873789679,0.3705330405270513,3.237415894632904e-05,MLR
13.4,99.93687039005465,18.87113663989121,10.12184014719451,0.4215305216016575,0.16443130459964866,0.42158558673116797,0.16445108820070248,0.3710078615249308,3.237415894632904e-05,MLR
13.45,99.93740995937043,18.87759243170037,10.13183297092261,0.42294669819190317,0.16492344696947323,0.4230002344925142,0.1649425783411698,0.3714071428186022,3.237415894632904e-05,MLR
13.5,99.93848909800197,18.884635071720542,10.141582988458612,0.42436859473488253,0.16541958230491174,0.4244176010452491,0.1654371006399347,0.37182261119174675,2.6978465788607532e-05,MLR
13.55,99.9401078059493,18.8916014985926,10.151354588767246,0.42582871730344835,0.16592276362570413,0.4258721432227272,0.16593789768486567,0.3722758494169954,2.6978465788607532e-05,MLR
13.6,99.94064737526507,18.898211579258973,10.161261081404822,0.4273259498092622,0.1664331809775113,0.42736810525690655,0.16644768075857397,0.3726157780859318,2.6978465788607532e-05,MLR
13.65,99.94064737526507,18.905195369908267,10.171011098940825,0.4287605418570895,0.1669413039174115,0.4288035492784373,0.1669560480974491,0.37300426799328773,2.6978465788607532e-05,MLR
13.7,99.94118694458083,18.911752968244873,10.18092298727156,0.43020127239077754,0.1674535401370501,0.43024267300133884,0.16746761450493494,0.373484484684325,2.6978465788607532e-05,MLR
13.75,99.94118694458083,18.91862331407713,10.190699983273351,0.43169055276718127,0.1679738648170519,0.4317328297844771,0.1679881866293561,0.37391074444378497,2.6978465788607532e-05,MLR
13.8,99.94226608321239,18.925287011895097,10.20055251897935,0.43320313148764655,0.16850034291287588,0.4332428769179272,0.1685135415335003,0.37422909034009055,2.6978465788607532e-05,MLR
13.85,99.94280565252815,18.93194672342516,10.210399658992193,0.4347083161228706,0.16903005073545604,0.4347467235338261,0.16904259636838667,0.3746391630200774,2.6978465788607532e-05,MLR
13.9,99.94280565252815,18.939057471480613,10.220057949744515,0.4361712289122822,0.16955943049944988,0.4362093567784392,0.16957211425356153,0.3750492357000642,2.6978465788607532e-05,MLR
13.95,99.94334522184393,18.945892687695405,10.229818758666832,0.4377135234847544,0.17010042138770223,0.4377503102338738,0.1701124574177471,0.37541614283478925,2.1582772630886026e-05,MLR
14.0,99.9438847911597,18.951481033274508,10.240070575666502,0.43932766624400393,0.1706523775851971,0.43936522941871947,0.17066438053369248,0.375847798287407,2.1582772630886026e-05,MLR
14.05,99.9438847911597,18.957237806858018,10.250246852961967,0.440911814129162,0.17120542772771105,0.44095026675088667,0.1712176884189052,0.3762093097289743,2.1582772630886026e-05,MLR
14.1,99.94496392979124,18.9630824778069,10.260379964712167,0.44252525933320014,0.17176538328492377,0.44255900180855257,0.17177596443832874,0.3766463608747498,2.1582772630886026e-05,MLR
14.15,99.94604306842278,18.96878345340269,10.270561637700787,0.44420692543691614,0.17233592510595577,0.44423707654683553,0.1723449274822142,0.37714276464526014,2.1582772630886026e-05,MLR
14.2,99.9476617763701,18.974757686138542,10.280624605439938,0.4458104653569521,0.17290283251775665,0.4458360760975187,0.17291008454610826,0.3776013985636665,1.618707947316452e-05,MLR
14.25,99.94874091500165,18.980643611153273,10.290714551644877,0.4474834817760464,0.1734806531184016,0.447505416037746,0.1734863156432992,0.3779844927778647,1.618707947316452e-05,MLR
14.3,99.94928048431741,18.984442933025843,10.301630038902948,0.4493102393637399,0.17407748809339196,0.4493312431183498,0.17408278267205132,0.37843773100311334,1.0791386315443013e-05,MLR
14.35,99.9514387615805,18.990850490830418,10.311493365995263,0.45096525885837907,0.17466189522661565,0.45097889954276277,0.1746641010599248,0.3788909692283619,1.0791386315443013e-05,MLR
14.4,99.95251790021204,18.996277828845432,10.321739787301775,0.4526412050093615,0.17525254901841444,0.45265314566115133,0.17525375865275847,0.37935499883992596,1.0791386315443013e-05,MLR
14.45,99.95305746952783,19.001990143887973,10.33186210766566,0.45438523254897945,0.1758538947800521,0.4543956883279531,0.17585443601015696,0.3798837767693827,1.0791386315443013e-05,MLR
14.5,99.95305746952783,19.007664983252333,10.341989823722704,0.45609466135011023,0.17645611597644914,0.4561059199550866,0.17645690394297217,0.3802992451425272,1.0791386315443013e-05,MLR
14.55,99.9535970388436,19.012535195258838,10.352430489982895,0.45786673060922756,0.1770688261553251,0.45787648931426683,0.17706891829097154,0.3808118359925108,5.395693157721506e-06,MLR
14.6,99.95521574679091,19.018608147783766,10.362380148165734,0.45951700672842927,0.17767399191747185,0.45951995025101205,0.1776714504455074,0.38131363545617886,5.395693157721506e-06,MLR
14.65,99.95521574679091,19.024584751974974,10.372356784814361,0.4612886574544197,0.17829497301230726,0.4612918364588395,0.178292618273613,0.38187478754458193,5.395693157721506e-06,MLR
14.7,99.95521574679091,19.030669976260487,10.382279464531411,0.46301287442603295,0.17891564372128843,0.4630165468070175,0.17891350189154012,0.38243593963298494,5.395693157721506e-06,MLR
14.75,99.95629488542247,19.035999737213924,10.392493511678978,0.46479805772312527,0.1795464876215729,0.464797791030596,0.17954268164530188,0.3829539261761262,5.395693157721506e-06,MLR
14.8,99.95683445473823,19.040558478427865,10.403004321950219,0.4666503458315573,0.18018805425003034,0.4666494866156013,0.1801838329351515,0.38356363950294875,5.395693157721506e-06,MLR
14.85,99.957374024054,19.045939255993126,10.413175203552525,0.46847222053277066,0.18083106439238297,0.468470177550822,0.18082643765391107,0.3841032088187209,5.395693157721506e-06,MLR
14.9,99.95791359336977,19.050859833007692,10.423518747335876,0.47034473774233404,0.18148336081362387,0.4703399773933228,0.18147789944420617,0.3846967350660703,5.395693157721506e-06,MLR
14.95,99.95791359336977,19.056183165948116,10.43368962893818,0.4721091338941256,0.18212956914083442,0.47210511642870623,0.18212434564090602,0.38524170007500014,5.395693157721506e-06,MLR
15.0,99.95845316268554,19.061224341214558,10.443963028710483,0.4739038039420934,0.18278335310797159,0.47389812359113864,0.18277739841279467,0.38577587369761457,5.395693157721506e-06,MLR
0.0,51.630848256921325,13.204468402568585,7.951163581229463,0.08729819764424036,0.024747497617836907,0.11343982576889715,0.033669170497054306,0.0006690659515574669,0.019705071411998943,ANN
0.05,52.94793695672114,13.238629783897327,7.957098843702957,0.0880768087712388,0.025055414949043762,0.11314035438703761,0.03363198254428128,0.0006690659515574669,0.01901981838096831,ANN
0.1,54.263946517889416,13.265592880687032,7.965926197708988,0.08917503969611457,0.02539745711286456,0.11309136580854938,0.03361227464023888,0.0006744616447151884,0.018323773963622236,ANN
0.15,55.57617909384729,13.287247701867575,7.976890246205479,0.09064381194930207,0.025778801296250476,0.1142131270958534,0.03383266220376414,0.0006744616447151884,0.017687082171011097,ANN
0.2,56.93157721506693,13.308693045659313,7.987951417178808,0.09242257773844917,0.026193783152437637,0.1158446232028281,0.03410436158814756,0.0006798573378729098,0.016969454981034138,ANN
0.25,58.139133343765,13.333045694339868,7.997863305509543,0.09402276939347012,0.026595220071542244,0.11685603734536106,0.034235480804518444,0.0006798573378729098,0.016375928733684774,ANN
0.3,59.370970091672824,13.36414656223071,8.005088138647732,0.0950407814690314,0.026943773110045567,0.11657828758383773,0.03418895112039575,0.0006798573378729098,0.015771611100019962,ANN
0.35,60.750648832102215,13.394574819539349,8.012593547830122,0.09601498707731487,0.02729146730972459,0.11667476654439521,0.0342879121404239,0.0006906487241883528,0.01518348054582832,ANN
0.4,62.11414049305844,13.431085007596467,8.017676290784696,0.0966565983607884,0.027610289782689645,0.1166159100748797,0.03440229131224718,0.0006906487241883528,0.014762616479526043,ANN
0.45,63.28662461623132,13.46879324257349,8.022289608434548,0.09731718314601284,0.027934248632862875,0.11628377283849571,0.034401734623959984,0.0006906487241883528,0.014244629936384777,ANN
0.5,64.3565905694075,13.504828322885086,8.027582783422272,0.098026875818122,0.028266340651126133,0.11589134637892583,0.03437035266328419,0.0006906487241883528,0.01360793814377364,ANN
0.55,65.49292354842365,13.539235508589185,8.033539628668397,0.09893941754571503,0.028621553884160312,0.11561986066897349,0.03432366324670528,0.0006906487241883528,0.013014411896424273,ANN
0.6,66.57637873449413,13.568089699006702,8.041730290881818,0.10039828451490021,0.02903339485620873,0.11630946127662331,0.03443549394803948,0.0006906487241883528,0.012372324410655415,ANN
0.65,67.83735222545364,13.595314759679994,8.05058462335364,0.10205469911996243,0.029468363737032162,0.1177641314297077,0.0347611247508009,0.0006906487241883528,0.01182196370856782,ANN
0.7,69.1091171027286,13.618815719262251,8.060938958523307,0.1040589147534438,0.029941151050827848,0.11974241801346014,0.03519047583177685,0.0006960444173460744,0.011298581472268835,ANN
0.75,70.28160122590148,13.640926439165563,8.071859841474534,0.10592138716796254,0.030404458486682114,0.12111974278146712,0.035477763508523476,0.0007014401105037959,0.010796782008600734,ANN
0.8,71.36883339718237,13.670563023085315,8.07978071903007,0.1074148528756347,0.030836161628790524,0.12197827498298934,0.03567805814820388,0.0007176271899769604,0.010262608385986305,ANN
0.85,72.53592182719754,13.704635690769653,8.085937204923031,0.10847722946264292,0.031230056789828833,0.12242695695253399,0.035869004513165964,0.0007176271899769604,0.009760808922318205,ANN
0.9,73.55247041811226,13.741717361267106,8.090901242628135,0.10916348427964802,0.031591325363898776,0.12244048985819818,0.03603413423688511,0.0007230228831346818,0.009161886981811118,ANN
0.95,74.55714848408,13.780067801283813,8.095368876562727,0.10975598767623683,0.03194721465146352,0.12251543913329811,0.036241917280556334,0.0007338142694501249,0.008600734893408082,ANN
1.0,75.72045992888476,13.816905676420301,8.100451619517301,0.11053585440261582,0.0323249871760182,0.12307168578045394,0.03655580943382616,0.000766188428396454,0.008169079440790362,ANN
1.05,77.14060636799707,13.852007284218663,8.106235802582379,0.11162111080055899,0.03273625358395865,0.12386273151146769,0.03688409926987194,0.00078777120102734,0.007780589533434413,ANN
1.1,78.30877393664377,13.88113786406353,8.114415673409484,0.11333709662067737,0.0332128077006125,0.12536914014827877,0.037263302309719616,0.0008147496668159475,0.007348934080816692,ANN
1.15,79.34744486950515,13.907106403550278,8.123868927821812,0.11518199064386807,0.03370629744199715,0.1270013341765438,0.03767707809840432,0.0008579152120777195,0.006890300162410364,ANN
1.2,80.38072010920882,13.930451986912859,8.134379738093054,0.11732404318712807,0.034233128075240475,0.12920380592326075,0.03819641614499817,0.0008956850641817702,0.006469436096108086,ANN
1.25,81.49277246901522,13.958091131220822,8.143180113633298,0.11916544943426158,0.03473538549100956,0.13081201845954196,0.038610414697439525,0.0009604333820744282,0.0060539677229635306,ANN
1.3,82.3922345184074,13.989767798146671,8.150372572612541,0.12068946806019437,0.03521136969114097,0.1319245252652259,0.03895020844536962,0.0010035989273362003,0.005703247667711632,ANN
1.35,83.43198458990034,14.019287472409586,8.158433738190176,0.12200603376624777,0.03567165003875019,0.13284319080108908,0.039293348104889325,0.0010359730862825292,0.005363318998775178,ANN
1.4,84.58072766317925,14.054447454759977,8.164244899721043,0.1228266377169743,0.03608822597241695,0.1335157682002603,0.03970141023132423,0.0010629515520711368,0.005066555875100495,ANN
1.45,85.66148500267087,14.09086174079049,8.169559657481399,0.12362212968008938,0.036506579883826315,0.13402469383153084,0.04005011880366051,0.001084534324702023,0.004748209978794926,ANN
1.5,86.36238554385889,14.126508768271838,8.175187365444902,0.12449407369437716,0.03693662655511603,0.13455012797860777,0.040380861175980935,0.0011223041768060734,0.004451446855120243,ANN
1.55,87.06004866915228,14.160586954266229,8.181446369507858,0.12550580777303555,0.037384521378197616,0.13522932697039372,0.040735199367665405,0.0012086352673296174,0.004149288038287838,ANN
1.6,87.79763992381281,14.191129922603738,8.189124440871296,0.1268875251358366,0.03787255613300687,0.13639620781966347,0.04114904198790139,0.0013489232894303767,0.0037985679830359405,ANN
1.65,88.44566267205516,14.218337604366901,8.19814064413785,0.12887318580069387,0.038423593445369435,0.13832823557976806,0.04167256579413346,0.0014838156183734144,0.003491013473045815,ANN
1.7,89.11095163840223,14.246642812528833,8.206719796258627,0.13095538810681315,0.038988699791201335,0.14029500794419683,0.04219804583472593,0.0016456864131050596,0.00325899866726379,ANN
1.75,89.78217586722278,14.270902575326657,8.21691765632672,0.132684766986991,0.03952426601580575,0.14181781985143876,0.04268094830926142,0.0018669098325716413,0.003075545099901259,ANN
1.8,90.40429928830808,14.299303738792766,8.225459038595393,0.1341807438934243,0.040041503738392374,0.14318692279870365,0.04316265027336342,0.0020179892409878434,0.0028273432146460695,ANN
1.85,90.90771745992349,14.326699659791258,8.234405097850896,0.1357752155957115,0.040573151313395485,0.14470532723970514,0.04366419403629115,0.0020827375588805016,0.002633098260968095,ANN
1.9,91.32264626375228,14.362020398079485,8.240183885222816,0.1367656044849002,0.041051071404882254,0.14547408617969762,0.0440763300059057,0.002142090183615438,0.0024388533072901212,ANN
1.95,91.73649592894951,14.3978353793945,8.245768427641057,0.13765708004510802,0.04152409563010258,0.14616795943958877,0.044489580250814405,0.002190651422034932,0.0022014428083503746,ANN
2.0,92.1163527272531,14.433400757266657,8.251455488229295,0.1386109170412177,0.042007950953753724,0.146921757711367,0.044913918736741415,0.0022500040467698683,0.002055759093091894,ANN
2.05,92.4827202926624,14.46727006942875,8.257822406155407,0.13994227091775344,0.04253326974329266,0.14801010383836735,0.04535927583794362,0.002341730830451134,0.0019316581504642994,ANN
2.1,92.84585044217705,14.496578420336082,8.266013068368828,0.1418085101304139,0.043115405279058466,0.14969700496298102,0.04588128377077236,0.0025143930114982223,0.0017967658215212617,ANN
2.15,93.21707413142829,14.522596620921473,8.275514884019575,0.14351431164444542,0.043686256898511765,0.15122112723862888,0.04639346984666411,0.0031348977246361954,0.0016564777994205026,ANN
2.2,93.6023266228896,14.546921939697132,8.285685765621881,0.14542198563666484,0.04428037534920252,0.15291386492656042,0.04691180866330669,0.003512596245676701,0.0015431682431083509,ANN
2.25,93.91959338056364,14.565128368624372,8.298300896224633,0.1480948776958232,0.04495364102166214,0.15541392407390384,0.047510595847117906,0.003706841199354675,0.0014244629936384777,ANN
2.3,94.19962985544939,14.596185696029833,8.305773931248078,0.14992540208165842,0.04555058799006966,0.15701985077584876,0.04802753511568628,0.003998208629871636,0.0013489232894303767,ANN
2.35,94.47373106786164,14.62720672511074,8.313257757657837,0.1516164154252076,0.046138891455601655,0.15855696450417212,0.04856404707861705,0.004165475117761003,0.001278779278379997,ANN
2.4,94.76132151316818,14.663590236420676,8.318594098190824,0.15268813925204905,0.046672232050488587,0.15936470386735296,0.04901561234028755,0.004311158833019484,0.001224822346802782,ANN
2.45,95.00358813594988,14.699242782562202,8.324221806154327,0.15374828366238066,0.04720955868430912,0.16016819351064615,0.04947128202854436,0.004429864082489357,0.0011654697220678455,ANN
2.5,95.2339842337846,14.73404349228439,8.330189442786768,0.1548859962122234,0.04775962567820361,0.16104186198300283,0.049934716002563634,0.004559360718274673,0.001095325711017466,ANN
2.55,95.45628679188272,14.768400785746472,8.336329741600254,0.15607658344709255,0.0483195311469989,0.16197824075246453,0.0504105599354847,0.005023390329838723,0.0010413687794402508,ANN
2.6,95.67481236477045,14.796329191017744,8.34503299466366,0.15788060073489343,0.048943027214030536,0.1635597566843563,0.05095370122996315,0.005509002714033658,0.0009658290752321497,ANN
2.65,95.89225879902662,14.81810377117774,8.356191288113827,0.16059395099631477,0.04965967137681238,0.16608697330632455,0.0515942224645257,0.005794974451392898,0.0009172678368126561,ANN
2.7,96.13020886728214,14.83931347743978,8.367570804983462,0.1639348219259387,0.050442965250216826,0.16925106760738878,0.0523016132480377,0.006075550495594417,0.0008741022915508841,ANN
2.75,96.31905812780239,14.864144196038973,8.377493484700512,0.16657325475765242,0.05116365745790946,0.17172352108273442,0.05295674649601154,0.0067769906060982125,0.000852519518919998,ANN
2.8,96.53380671547971,14.89584369953332,8.38465356952081,0.16808429885665263,0.05177876965016819,0.17297010623277753,0.053482017357348074,0.007429869478182515,0.0008147496668159475,ANN
2.85,96.72157683736842,14.92640088135744,8.392261496873196,0.16959855170962537,0.05239870673324466,0.17425224949653292,0.0540235309856759,0.007974834487112387,0.0007931668941850615,ANN
2.9,96.88992246388932,14.962867293643168,8.397495319236185,0.17052671867395447,0.05296610804647468,0.17495597195507018,0.054519342782220294,0.008422677019203273,0.0007769798147118969,ANN
2.95,97.02751263941121,15.000580654254648,8.40222194644235,0.17145725732600237,0.05353817906734804,0.1757040177951775,0.0550340964992191,0.00891368509655593,0.0007500013489232894,ANN
3.0,97.16834023082775,15.036448219034847,8.407676992224806,0.17246131829733505,0.05412161558169728,0.17652073614126662,0.05555760604379013,0.009437067332854916,0.0007068358036615174,ANN
3.05,97.31995920855972,15.070271858832951,8.41394139198092,0.17400891428941423,0.054762454967819146,0.17787679682423518,0.05613249188035094,0.009793183081264535,0.0006744616447151884,ANN
3.1,97.45431196818699,15.09901829803523,8.42222917667118,0.17648802551083725,0.055498833042224485,0.1802105150513523,0.05681292945530752,0.010343543783352128,0.0006528788720843023,ANN
3.15,97.59298128234045,15.127911939954801,8.430441421657234,0.17872466654076716,0.05621585963714455,0.18228299880578527,0.0574693075008615,0.011665488606993898,0.0006366917926111377,ANN
3.2,97.73057145786234,15.15528675072782,8.439220214424846,0.1807418567011811,0.05691122071826821,0.18412580538517173,0.05810220537713867,0.014098946221126297,0.0006259004062956948,ANN
3.25,97.86762206406846,15.179473399928826,8.449234620925576,0.18323673267038254,0.05765289309551996,0.18645383249623723,0.05878123221234938,0.015604344612130597,0.0006043176336648087,ANN
3.3,98.01330577932694,15.20947764059333,8.456896505209542,0.1853346997242801,0.0583585870512677,0.18835632900451965,0.05941660717908451,0.016705066016305784,0.0005881305541916443,ANN
3.35,98.14927724690152,15.242419934365529,8.46336594130565,0.1869053150383364,0.059016938390868356,0.18973243471520534,0.0600081421624901,0.01740650612680958,0.0005827348610339228,ANN
3.4,98.27823431337107,15.277805031168691,8.468847965553895,0.18796252971678007,0.05963028458594678,0.19059597755597285,0.06055658189548072,0.017816578806796414,0.0005773391678762012,ANN
3.45,98.3980187014725,15.314777837387968,8.473687902316371,0.18886307349473652,0.06023359738088171,0.19131063727490077,0.06109796301871392,0.018183485941521478,0.0005719434747184797,ANN
3.5,98.519961366837,15.350727789750987,8.478927120372518,0.18992517105966017,0.06085728515338384,0.19218588216222135,0.06165824609491045,0.018809386347817172,0.0005611520884030367,ANN
3.55,98.61384642778135,15.385998717830148,8.484419936007079,0.19096801610074832,0.061482557154075634,0.193086305136679,0.06223555680877576,0.020206870875667044,0.0005557563952453152,ANN
3.6,98.69963794898912,15.418437433671384,8.491002681659499,0.19222222037089987,0.06212740338153082,0.19421167385183932,0.0628362526674623,0.022872343295581465,0.0005503607020875936,ANN
3.65,98.77301937593414,15.445640804188494,8.499630395018697,0.1942428983073711,0.06284478311583926,0.1961320941554362,0.06351699083010853,0.02492810238867336,0.0005449650089298722,ANN
3.7,98.83399070861638,15.46969728653397,8.509482930724696,0.19724712909195877,0.06365892669875285,0.1990667233856703,0.06430254572084934,0.026503644790728042,0.0005449650089298722,ANN
3.75,98.89442247198286,15.498105462882037,8.517560283381805,0.19942350135162112,0.06439426878444736,0.20116158163287576,0.06500780543969695,0.02835976323698424,0.0005287779294567077,ANN
3.8,98.96942260687518,15.53137280909728,8.523652020956872,0.20063529426491777,0.0650357272290099,0.20225991078545222,0.06561049549205648,0.03061516297691183,0.0005287779294567077,ANN
3.85,99.0255378157155,15.559690491543854,8.53168620806872,0.2021000206978789,0.06570187481627979,0.20363908734954533,0.06624691883802064,0.03207200012949664,0.0005179865431412646,ANN
3.9,99.08111345524003,15.591492285336193,8.538306723573244,0.20325182386299254,0.06634097024064506,0.20470185202853564,0.06685572581518116,0.03270869192210777,0.0005179865431412646,ANN
3.95,99.1399265106592,15.624103915509965,8.544592706101989,0.20443543554574736,0.06698799475698328,0.20578963473187512,0.06746964080656682,0.033248261237879925,0.0005179865431412646,ANN
4.0,99.18902731839447,15.656496141136683,8.550954228334943,0.205605793679485,0.06763834763542655,0.20688020923679484,0.06809267595187597,0.03398747120048777,0.0005071951568258216,ANN
4.05,99.24298424997168,15.68708076830459,8.558022586371559,0.20706633478117767,0.06832088551597634,0.20825122183439354,0.0687440504181349,0.034715889776780175,0.0005071951568258216,ANN
4.1,99.28399151797036,15.713732373655061,8.566650299730755,0.2092055971035919,0.0690739405250243,0.2103307177374651,0.0694748567185081,0.0355252437504384,0.0005071951568258216,ANN
4.15,99.32931534049521,15.741331610149762,8.574867940409964,0.2111235949129405,0.06980762980267549,0.21217791193437985,0.07018274254258135,0.03806121953456751,0.0005071951568258216,ANN
4.2,99.36924346986235,15.772041591544994,8.581774427651848,0.21236440612303256,0.07047112395541376,0.21335173223865686,0.07082284563259306,0.041654751177610035,0.0005017994636681002,ANN
4.25,99.41025073786103,15.79341289320064,8.592360777627299,0.21431951386962927,0.07120120072763987,0.21524067459834997,0.07152861589613133,0.04354324378281256,0.0004910080773526571,ANN
4.3,99.44963929791241,15.816836322350085,8.602100003776986,0.2165293687794402,0.07195862585650094,0.21738760998952866,0.07226248855149782,0.0445576340964642,0.0004856123841949356,ANN
4.35,99.48740915001646,15.838437771159027,8.612551461423491,0.21925555405675193,0.07277084094082625,0.22005456659236483,0.07305196202597486,0.045183534502759894,0.0004856123841949356,ANN
4.4,99.52194158622586,15.866861891215388,8.620261906945876,0.22072404728785483,0.07346655707252715,0.2214620292658595,0.07372610228013733,0.04588497461326369,0.0004802166910372141,ANN
4.45,99.55863229969837,15.895520150409812,8.627864438605105,0.2220012708799836,0.07414831877177697,0.22267254742432863,0.07438423585065064,0.046581019030609766,0.0004694253047217711,ANN
4.5,99.59100645864471,15.924523023742376,8.635315890855919,0.22338801064030686,0.07484551022625731,0.22400100277935794,0.07506057361178227,0.04728785483427128,0.0004694253047217711,ANN
4.55,99.616366216486,15.953810050553873,8.64263245077779,0.2247821444858713,0.07554700410599831,0.22535216370746713,0.07574682368282264,0.048901167088430016,0.0004694253047217711,ANN
4.6,99.64766123680079,15.981645792066361,8.650483184322274,0.22627421508312068,0.07625713030274801,0.22678685692007797,0.07643612451762495,0.05168534475781431,0.0004640296115640496,ANN
4.65,99.67571884122094,16.002501706493693,8.66108032568404,0.22853778174421174,0.07704157914698123,0.22900108801940108,0.0772019954345068,0.05315297329671456,0.0004640296115640496,ANN
4.7,99.69406419795719,16.019498019733405,8.673199052516281,0.23162502159895967,0.07790984039449698,0.2320604197742009,0.07805894793860364,0.054124198065104434,0.0004640296115640496,ANN
4.75,99.70971170811458,16.032749589203064,8.686790803580582,0.23555155988410054,0.07886365601544247,0.23596602973024164,0.07900348320630969,0.05592635957978342,0.0004640296115640496,ANN
4.8,99.7226613716931,16.06166659634035,8.69406959365035,0.23697596762584106,0.07957489382227702,0.2373669747807314,0.07970656168440413,0.058710537249167714,0.0004640296115640496,ANN
4.85,99.73776931253472,16.089941382939045,8.70154802436695,0.23817813427721993,0.08026186855163221,0.23854026320145846,0.0803834535783436,0.06142996660065935,0.0004640296115640496,ANN
4.9,99.7517981147448,16.12048421765609,8.708076813087793,0.23915443255113766,0.08092670972179612,0.23949089755670108,0.08103954802217046,0.06292457360534821,0.00045863391840632805,ANN
4.95,99.76258950106025,16.148564051044257,8.715566035190712,0.24041031095379667,0.08162144495397972,0.2407263759255353,0.08172725372592331,0.06406306486162745,0.0004478425320908851,ANN
5.0,99.77068304079684,16.177084704813684,8.722855616646793,0.24166032989267963,0.08231883486930437,0.24196141787267175,0.08241964948680065,0.06538500968526922,0.0004478425320908851,ANN
5.05,99.77553916463879,16.20488779864498,8.730404191374445,0.24308320301295502,0.08303542318007234,0.24338130858709586,0.08313522450468279,0.06662601911154517,0.0004478425320908851,ANN
5.1,99.7793161498492,16.226482389498916,8.740413202182019,0.24576488426777746,0.08387763902361191,0.24606068689840152,0.08397615962868732,0.06782386299255934,0.0004478425320908851,ANN
5.15,99.78471184300692,16.246405031939418,8.751053509089045,0.2486611335056358,0.0847424888656807,0.2489511378545859,0.08483834585475698,0.07096415641035325,0.0004478425320908851,ANN
5.2,99.7928053827435,16.27402033946122,8.758521148419332,0.2503200593094591,0.08547861652706916,0.2505952744161904,0.08556919129725858,0.07710445522384034,0.00044244683893316354,ANN
5.25,99.80197806111161,16.300459196314673,8.76633950780487,0.251792877382873,0.0861832252457129,0.2520498001146157,0.08626736815138046,0.08178252119158488,0.00043705114577544205,ANN
5.3,99.80845289290089,16.326972001473735,8.774071536099886,0.25341553031570196,0.0868996777970158,0.2536608933819157,0.08697963976363542,0.08354691285415981,0.0004316554526177205,ANN
5.35,99.81816514058478,16.349890368125134,8.783211840309065,0.2554932682684681,0.0876625390805666,0.2557191328677377,0.08773541330415545,0.08478252658727803,0.00042086406630227754,ANN
5.4,99.82302126442674,16.378696233169208,8.789978039528847,0.25673184730188364,0.08834811650528439,0.2569487255803897,0.08841795044927835,0.0856026719472517,0.000404676986829113,ANN
5.45,99.82841695758445,16.410248215338882,8.795627330264983,0.25773018832048256,0.08901425072536122,0.25793629204118584,0.08908047083729262,0.08670878904458461,0.000404676986829113,ANN
5.5,99.83165437347908,16.439397466226822,8.80221547161056,0.2589848111237609,0.08970845488244046,0.25918494544943543,0.0897728876621246,0.08768540950613221,0.00039388560051367,ANN
5.55,99.83327308142641,16.468606662663063,8.808749656024562,0.2600889015124128,0.09039012533200363,0.2602868170183327,0.09045417073223842,0.09017821974499954,0.00038848990735594846,ANN
5.6,99.83543135868949,16.49748123302707,8.815343193063297,0.26102013771967214,0.09104916895537486,0.2612145202672028,0.09111231180811857,0.09514765314326105,0.00038848990735594846,ANN
5.65,99.8370500666368,16.52622131928594,8.821888168863612,0.26208125870729976,0.09170998392225033,0.2622735571877145,0.09177268382955792,0.0993508981131261,0.00038848990735594846,ANN
5.7,99.8370500666368,16.54983562111613,8.830424155439129,0.2642021055721323,0.09247032384063592,0.26439744639546886,0.09253415139075137,0.10173039879568128,0.000383094214198227,ANN
5.75,99.83758963595258,16.571632176541566,8.83963460365936,0.2666972605634183,0.09326547651623072,0.2668941135371179,0.09332991238421381,0.10481673528189799,0.0003776985210405055,ANN
5.8,99.83974791321567,16.59929641840585,8.84642778134493,0.2679168660950829,0.09393212546814302,0.26810990708835036,0.09399553056470207,0.10850199370862178,0.0003776985210405055,ANN
5.85,99.84082705184721,16.626014085251768,8.853533909233649,0.2688991633438189,0.09457117811111414,0.26909059302413557,0.09463447432478118,0.1112160273669557,0.00037230282788278395,ANN
5.9,99.84244575979453,16.652860003809455,8.860548310338688,0.26998930262824217,0.09522043372811972,0.27017795018401325,0.09528312063387172,0.11254336788375519,0.00036690713472506246,ANN
5.95,99.84352489842607,16.681356690482104,8.866882854105853,0.27111111091926426,0.09587619121625324,0.2712987361424101,0.09593880408866494,0.11343905294793696,0.0003615114415673409,ANN
6.0,99.84352489842607,16.709543812097813,8.873319916043014,0.27214181849967367,0.09652627617968156,0.2723310590511395,0.09658982861745362,0.11484193316894455,0.00035611574840961944,ANN
6.05,99.84514360637338,16.735428027220795,8.8806472673512,0.2732153559700647,0.09718202451448511,0.27340184645979915,0.09724493819820794,0.11616387799258632,0.00035072005525189795,ANN
6.1,99.84622274500494,16.759352664206173,8.888735411394626,0.2747593246750444,0.09788633288192149,0.2749455176170507,0.09794921706584724,0.11741567880517771,0.00035072005525189795,ANN
6.15,99.84946016089957,16.781623988809404,8.897449455844345,0.2765280456691469,0.09861359085353212,0.2767082701481729,0.09867431455845042,0.12025381340613922,0.00035072005525189795,ANN
6.2,99.85215800747844,16.810078838064477,8.90359515035099,0.27750169323326124,0.09925437243476753,0.277676441956349,0.09931334813251859,0.1264156949922572,0.0003453243620941764,ANN
6.25,99.85215800747844,16.836314084864927,8.910517824672347,0.2784295811755057,0.09987811440101932,0.27860570373772686,0.09993792970220493,0.13065131412106856,0.0003453243620941764,ANN
6.3,99.85431628474151,16.861240986629742,8.917909924298424,0.27964123457776,0.10052662944672704,0.2798135221843372,0.1005851730967462,0.13220527375049235,0.0003399286689364549,ANN
6.35,99.85539542337307,16.87996946891196,8.927757064311267,0.28176556921864965,0.10126628454509116,0.28193804892335117,0.1013247332906914,0.1332682253025635,0.0003291372826210119,ANN
6.4,99.8564745620046,16.90064454250005,8.936805641736767,0.28334050937501687,0.10195642343253687,0.2835124853161287,0.1020147008476855,0.13425563715042654,0.00031834589630556887,ANN
6.45,99.85863283926768,16.922405667623828,8.945395585243858,0.2845952716893375,0.10261822392696354,0.2847644331094552,0.10267550284645043,0.13571786999616905,0.00031834589630556887,ANN
6.5,99.85863283926768,16.943950375786876,8.954044881375687,0.2860004269072426,0.10329677037583264,0.28617087902480676,0.10335485661307386,0.136958879422445,0.00031834589630556887,ANN
6.55,99.86079111653079,16.96529754646804,8.962742738745932,0.2874110230557969,0.10397758104694246,0.287577815436985,0.10403433589356889,0.13889593326606703,0.00031834589630556887,ANN
6.6,99.86133068584657,16.986506249100422,8.97144059611618,0.2886163984611483,0.10463580964386862,0.2887834505176252,0.104692838345604,0.142732271101207,0.00031834589630556887,ANN
6.65,99.86187025516233,17.008217824015208,8.979857877442226,0.2898583257595787,0.1052905901205628,0.29002553531773256,0.10534786558209103,0.14597508268899764,0.0003075545099901259,ANN
6.7,99.8624098244781,17.026682538250665,8.98953235527402,0.2913692303475366,0.10597097534882167,0.2915370942845719,0.10602856287974617,0.14727544474000853,0.0002913674305169614,ANN
6.75,99.86402853242542,17.03733780207151,9.002303960978347,0.29415959070429987,0.1067779856658233,0.2943273665476197,0.10683525620867577,0.1487430732789088,0.0002913674305169614,ANN
6.8,99.86510767105696,17.055571111960987,9.012000021582773,0.295754062406587,0.10746876518025295,0.2959206717850909,0.10752570453203678,0.15226646091090093,0.0002913674305169614,ANN
6.85,99.86510767105696,17.075646414352892,9.02086514544091,0.2970092432540345,0.10811716653693314,0.2971764304663313,0.10817478439245022,0.15745172203547128,0.0002913674305169614,ANN
6.9,99.86510767105696,17.094278743896933,9.030232068762714,0.29816830099334707,0.10874977630944992,0.29833565680262364,0.10880802248047054,0.15972330885487204,0.00028057604420151836,ANN
6.95,99.86510767105696,17.110137398468865,9.040672735022905,0.29957220061187156,0.10940649091946902,0.29974089393407277,0.10946547758930726,0.16125029001850721,0.00026978465788607533,ANN
7.0,99.86510767105696,17.12869208787674,9.050001888492606,0.30074214021248236,0.11004143728443615,0.3009124138251487,0.1101011879985206,0.16331144480475684,0.00026438896472835385,ANN
7.05,99.86510767105696,17.146455557248235,9.059600826620192,0.3018292102539753,0.11066681488704538,0.3020009522214358,0.11072731563258427,0.16550749191994948,0.00026438896472835385,ANN
7.1,99.8661868096885,17.165696926965147,9.068568468648325,0.3031512168906778,0.11131453988019366,0.3033220256638841,0.11137476206366574,0.1676172079446186,0.00026438896472835385,ANN
7.15,99.86672637900428,17.181293033920728,9.078944386590623,0.30511232361209284,0.11202242613856443,0.3052836916028225,0.11208285015867857,0.17081145829398975,0.0002589932715706323,ANN
7.2,99.86672637900428,17.19999991678774,9.087987568322964,0.30642833127397706,0.11265918068628818,0.30660145549636386,0.11272035752845462,0.176773699233272,0.0002589932715706323,ANN
7.25,99.86726594832005,17.22027095326534,9.096248374547436,0.3074833137757441,0.11324975057085908,0.30765730122590995,0.11331139010877436,0.18508306669616312,0.0002535975784129108,ANN
7.3,99.86942422558313,17.241805979536117,9.103899467445085,0.30841287585049615,0.11381608425981582,0.30858254743882746,0.11387626012721938,0.18748954584450692,0.00024820188525518933,ANN
7.35,99.86996379489891,17.26139603041539,9.1122951659985,0.3098159384027669,0.11442853644403811,0.3099854902859118,0.11448877119524146,0.1887683251228869,0.0002428061920974678,ANN
7.4,99.86996379489891,17.282535632032378,9.120048777066145,0.3109525348642713,0.1150174863861767,0.31112286819527585,0.11507832579879648,0.18982588098180034,0.00023741049893974628,ANN
7.45,99.86996379489891,17.301758939328156,9.1285415980964,0.3120630427608683,0.11560522809859175,0.31223426326367426,0.11566668266329765,0.19160645972384843,0.00023741049893974628,ANN
7.5,99.87050336421468,17.320690916089756,9.137115354524019,0.3133118061003707,0.11620632801323588,0.313482260442048,0.11626777738348483,0.1932089805916917,0.00023741049893974628,ANN
7.55,99.87050336421468,17.341582513772224,9.144868965591664,0.3143204709360988,0.11678398994611727,0.3144922331584663,0.11684608952523928,0.19550754587688107,0.00023741049893974628,ANN
7.6,99.87050336421468,17.36370118760341,9.152061424570908,0.3151520962591659,0.11733824178846675,0.31532465742086413,0.11740093293183627,0.20107050552249195,0.00023741049893974628,ANN
7.65,99.87104293353045,17.38781761608797,9.158320428633864,0.31586639279567047,0.11786351713414106,0.31603803299944894,0.11792614055349544,0.20726476126755625,0.00023741049893974628,ANN
7.7,99.87104293353045,17.41192017056032,9.164498497299455,0.31670304051625986,0.11839115556677003,0.31687548164716306,0.11845433065682791,0.21031872359482662,0.00022661911262430328,ANN
7.75,99.87158250284622,17.433100323889818,9.171793474448695,0.31787925811377354,0.11894825421300652,0.3180508012426052,0.1190113390073926,0.21250937501686154,0.00021043203315113877,ANN
7.8,99.872122072162,17.454975357624008,9.17876471000847,0.31891219787085945,0.11948913548002413,0.3190834849807668,0.1195521730477531,0.21524499144782636,0.00020503633999341726,ANN
7.85,99.87320121079355,17.47569035589461,9.186129831168762,0.3199035633373441,0.120019360190001,0.32007280104593244,0.12008204176006908,0.21913528621454356,0.00020503633999341726,ANN
7.9,99.87374078010932,17.497752762250663,9.192896030388544,0.32087135143768236,0.12054233355274284,0.32104022310223174,0.1206049325289673,0.22101838312658836,0.00019964064683569574,ANN
7.95,99.87374078010932,17.522368497580715,9.198610069442571,0.321654426918034,0.12104743357856367,0.3218240091626643,0.12111053920198836,0.2225345729039081,0.00019964064683569574,ANN
8.0,99.87374078010932,17.545381407720516,9.20493382182342,0.32254367030156533,0.12156274463051829,0.322712979843219,0.12162626000152886,0.22454716645173822,0.00019964064683569574,ANN
8.05,99.87374078010932,17.567501891122262,9.211570524407419,0.32329702992991,0.12206259085172536,0.32346673311038954,0.12212657573690212,0.22636551504589036,0.00019964064683569574,ANN
8.1,99.87428034942509,17.588536369678447,9.218611903978244,0.32409852086784324,0.12256722561038984,0.32426972041058894,0.12263179935011895,0.2277036469490053,0.00019964064683569574,ANN
8.15,99.87481991874087,17.61056108340427,9.225232419482769,0.32510690668148684,0.12309301461254207,0.32527873573886695,0.12315778465296966,0.22909573578369746,0.00019424495367797423,ANN
8.2,99.87481991874087,17.63511430212602,9.230789983435223,0.325777117728629,0.1235824306325033,0.32594880900697454,0.12364761680920078,0.23345545585513644,0.00019424495367797423,ANN
8.25,99.87481991874087,17.660026009623543,9.236093949809263,0.3263329297210966,0.12404670102621972,0.32650503826559546,0.1241123379845147,0.23886194039917338,0.00018345356736253123,ANN
8.3,99.87481991874087,17.68348203502461,9.24190511134013,0.3269043669503002,0.12450436197008427,0.3270766329733497,0.12457041294074357,0.24116050568436273,0.00018345356736253123,ANN
8.35,99.87589905737241,17.703572389627762,9.24902742630832,0.32773194645314113,0.12498570992551489,0.3279018464746654,0.1250512051633332,0.2425795729848435,0.00018345356736253123,ANN
8.4,99.87589905737241,17.724278541300933,9.25587456092547,0.3286709952787685,0.12547793792439887,0.32884066527284805,0.12554380418855654,0.24412274122795186,0.00018345356736253123,ANN
8.45,99.87697819600395,17.74617120498618,9.262214500385792,0.3294486298284709,0.12595392286482082,0.32961668242348935,0.12601923185766603,0.24595188120841943,0.00018345356736253123,ANN
8.5,99.8780573346355,17.76678815702431,9.269029260843995,0.33028290586134135,0.12643423435343284,0.3304491140799646,0.126498842775557,0.24749504945152778,0.00018345356736253123,ANN
8.55,99.8780573346355,17.78624935623546,9.276275676754814,0.3311909832355813,0.12692142305312573,0.3313573223703047,0.12698642699779383,0.24903821769463613,0.0001726621810470882,ANN
8.6,99.87913647326704,17.80633388472816,9.283236120928276,0.3320786919976475,0.12740531337046962,0.332242804574602,0.12746944308221575,0.25174685565981236,0.0001726621810470882,ANN
8.65,99.87913647326704,17.8271112762974,9.289851240739642,0.3328328886922458,0.1278693484751424,0.3329967964820727,0.12793382388399008,0.2551515380423346,0.0001618707947316452,ANN
8.7,99.87967604258282,17.849669961624997,9.29570556781577,0.33356169437714817,0.12832737577681017,0.33372496059640216,0.1283917555434731,0.25666233212649664,0.0001564751015739237,ANN
8.75,99.88075518121435,17.869034797496344,9.302811695704488,0.33444479927481885,0.12880073444012424,0.3346067712519988,0.12886457797937967,0.2578817587801417,0.0001564751015739237,ANN
8.8,99.88399259710899,17.888999913092444,9.309648038935322,0.3353140925793032,0.12927252116068005,0.3354695811320347,0.12933376211012373,0.25980262554429057,0.0001564751015739237,ANN
8.85,99.88507173574052,17.908092408400048,9.316775749596673,0.3361925936125785,0.1297400529254711,0.33634546862575626,0.12980033745070588,0.26391953942363205,0.00015107940841620218,ANN
8.9,99.8856113050563,17.925469340468602,9.324513173584844,0.33709857832118395,0.13020175589082905,0.3372508136408079,0.13026177979421472,0.26667673862722774,0.00015107940841620218,ANN
8.95,99.88669044368785,17.94139952038316,9.332784771195632,0.33798670561637706,0.13065872641565143,0.33813742223278576,0.1307181851105084,0.26868933217505786,0.00015107940841620218,ANN
9.0,99.88723001300363,17.95877393749714,9.34043586409328,0.3388163777848521,0.13110729206163127,0.3389659251960848,0.13116642350739563,0.271128185482348,0.00015107940841620218,ANN
9.05,99.8877695823194,17.976380341085356,9.347941273275671,0.33956541257088585,0.131543471998869,0.3397141102282241,0.1316023182948994,0.2736749526527925,0.0001456837152584807,ANN
9.1,99.88830915163517,17.992553888389747,9.35597546038752,0.34034583734143403,0.13197954665080738,0.3404937122608385,0.1320380912475337,0.2756875462006227,0.0001456837152584807,ANN
9.15,99.88830915163517,18.009660306453128,9.363594179126222,0.3411439800143526,0.13241452058715478,0.3412923283817508,0.1324734123417427,0.2777648880663454,0.0001456837152584807,ANN
9.2,99.88884872095095,18.02526579917111,9.371768654260169,0.34191701069965946,0.13284379843855068,0.34206451536512766,0.13290236907468003,0.28052208726994116,0.00014028802210075918,ANN
9.25,99.88938829026671,18.040139563431843,9.380148165734111,0.3427955117329347,0.13327249533580662,0.3429420018149605,0.13333070358459703,0.28624691771028365,0.00013489232894303767,ANN
9.3,99.88938829026671,18.05534989795281,9.388306453788585,0.34366117775031974,0.1336892170669919,0.34380834708958125,0.1337477573915807,0.2890958436975606,0.00013489232894303767,ANN
9.35,99.88938829026671,18.071071276011782,9.396211144264647,0.34445136829382783,0.13409431286889195,0.34459829531999475,0.13415308949779622,0.29121095541538744,0.00013489232894303767,ANN
9.4,99.88938829026671,18.08468734392744,9.404919793021211,0.3452863418819099,0.13450130921620265,0.3454340538438269,0.13456041753506767,0.293040095395855,0.00013489232894303767,ANN
9.45,99.89100699821402,18.09613821782634,9.414453982830905,0.34612884906627533,0.13490615692015565,0.3462718826344588,0.134963658226951,0.29546276162367197,0.00013489232894303767,ANN
9.5,99.89208613684556,18.10900099380353,9.423378459313776,0.3469445701305218,0.1353047245101333,0.3470854424440808,0.13536129483766174,0.29735125422887454,0.00013489232894303767,ANN
9.55,99.89370484479288,18.120909999513486,9.432648260158741,0.34776084923893746,0.13570114178747572,0.3479015746262207,0.13575716444346592,0.29903471049408364,0.00013489232894303767,ANN
9.6,99.89478398342443,18.13596856884248,9.440623094645854,0.34852815997151076,0.13609075950760058,0.3486677508021044,0.13614632312956487,0.3013440671655884,0.00012949663578531615,ANN
9.65,99.89478398342443,18.151149017293964,9.448479223883496,0.34927566013607936,0.13647026120444858,0.3494154796530155,0.13652608309894762,0.3052235705459902,0.00012949663578531615,ANN
9.7,99.8953235527402,18.16550504747654,9.456605137779025,0.35001130186205365,0.13684205355103515,0.35015014457245636,0.13689745201215908,0.3075599056832836,0.00012949663578531615,ANN
9.75,99.89640269137175,18.18046273262258,9.464450475630352,0.3507179252912325,0.13720790673058547,0.35085441655819083,0.1372623094474811,0.30929731888006995,0.00012410094262759467,ANN
9.8,99.89694226068751,18.196043726483232,9.472015237437477,0.35141143468243635,0.1375708071628304,0.35154674634604793,0.13762486677090172,0.310748760339497,0.00011330955631215164,ANN
9.85,99.8991005379506,18.21208100803867,9.479358775825137,0.35210145629758327,0.13793037316075651,0.3522305681354175,0.13798213573200405,0.3133548801346765,0.00011330955631215164,ANN
9.9,99.89964010726638,18.22815675417703,9.486637565894902,0.3527578557515391,0.13828177420572788,0.3528844677148428,0.13833294070954852,0.3153566822961912,0.00010791386315443013,ANN
9.95,99.90017967658216,18.24187723258287,9.494822832415165,0.35347452397576246,0.13863647130069795,0.3536010632791064,0.13868752654958963,0.31722359212876283,0.00010791386315443013,ANN
10.0,99.90071924589793,18.256490908805436,9.50260881764176,0.3541698470105162,0.1389854251183407,0.35429628470043045,0.13903641504809655,0.3194466177097441,0.00010791386315443013,ANN
10.05,99.90179838452947,18.27136925463891,9.510249119153093,0.35487381972989146,0.13933188507448696,0.35499740160193566,0.13938166292535825,0.3210815127365337,0.00010791386315443013,ANN
10.1,99.90287752316101,18.287201103129874,9.51747934798444,0.35550440964102453,0.13966978666172408,0.3556265853213288,0.13971886600960812,0.32237108340122916,0.00010791386315443013,ANN
10.15,99.90341709247679,18.304176220121633,9.524229360124748,0.35615425207599294,0.14000908306433557,0.35627569387644886,0.14005781674740597,0.32335849524909216,0.00010791386315443013,ANN
10.2,99.90449623110833,18.32261039889482,9.530375054631394,0.356719550819336,0.14034008869959785,0.3568379639223142,0.14038758237419874,0.3247397926974689,0.00010791386315443013,ANN
10.25,99.90449623110833,18.339590672714937,9.537065714146967,0.3573437232225238,0.14067391093341092,0.3574621744258895,0.1407215921790743,0.3268764871879266,0.00010791386315443013,ANN
10.3,99.9050358004241,18.35617265231579,9.543875078912013,0.35796524491590803,0.14100386384951258,0.3580834734630611,0.14105133790586613,0.3286732530094479,0.00010791386315443013,ANN
10.35,99.9050358004241,18.371345731926674,9.551213221606513,0.3586022523349862,0.14133267328466523,0.35872108638614786,0.14138038343268788,0.3303513135814993,0.00010251816999670863,ANN
10.4,99.90557536973988,18.388136246944253,9.557871506963142,0.35923326077924606,0.14165857368645773,0.3593508934855636,0.14170576769332535,0.33197541722197343,0.00010251816999670863,ANN
10.45,99.90611493905564,18.406016414480398,9.564065762708207,0.3597868405950371,0.141975422420986,0.3599026338228225,0.1420220265901552,0.33325419650035343,0.00010251816999670863,ANN
10.5,99.90665450837142,18.423018066597642,9.570583760042734,0.36042426654724197,0.14229891285834564,0.3605375944696479,0.14234486776893,0.3346840551871496,9.712247683898712e-05,ANN
10.55,99.90773364700296,18.438378058949482,9.577733053476715,0.36107062120615313,0.14262217966516302,0.3611798139143021,0.14266673677447833,0.33577398520500934,9.712247683898712e-05,ANN
10.6,99.90773364700296,18.452648905043983,9.585297815283841,0.36174432002935253,0.1429479331469325,0.36185399526900763,0.14299269539188297,0.33695024631339265,9.712247683898712e-05,ANN
10.65,99.90881278563451,18.469376074212292,9.591848186777314,0.3623320800505037,0.14326313866027365,0.3624390814629193,0.14330673782958325,0.3387308250554407,9.712247683898712e-05,ANN
10.7,99.90881278563451,18.486518524865915,9.59820431331711,0.3629536017438881,0.14358000451997066,0.36305921548465137,0.14362362042318152,0.3396534885854111,9.712247683898712e-05,ANN
10.75,99.90989192426605,18.50375683247863,9.604506482925329,0.3635244809289225,0.14389251326564484,0.363626408822354,0.14393474169237858,0.34036032438907265,9.172678368126562e-05,ANN
10.8,99.90989192426605,18.519182288194553,9.611520884030368,0.3641881349570772,0.1442150339037566,0.3642906613957206,0.14425746753958194,0.34099701618168377,9.172678368126562e-05,ANN
10.85,99.91043149358183,18.532664083303658,9.619296077870644,0.36493465854434987,0.14454603779539832,0.36503686432247645,0.14458833672147958,0.34215169451743616,9.172678368126562e-05,ANN
10.9,99.91097106289759,18.54774762168414,9.626402205759362,0.3656128217209025,0.14486882462720918,0.3657132415104122,0.14491050188003374,0.3436570929084405,9.172678368126562e-05,ANN
10.95,99.91205020152914,18.56291275070532,9.633448981023347,0.36623490145845583,0.14518481445485446,0.36633261698979314,0.14522547191939816,0.34484414540313924,8.63310905235441e-05,ANN
11.0,99.9125897708449,18.576847029378644,9.640965181592053,0.3669268762281947,0.14550682124740785,0.36702335843085576,0.14554690325746694,0.34608515482941515,7.553970420810109e-05,ANN
11.05,99.9131293401607,18.589894631207365,9.64881051944338,0.36768163096696216,0.1458337798901413,0.3677766477005162,0.14587325888675715,0.3474286824256878,7.553970420810109e-05,ANN
11.1,99.91366890947646,18.603288819997925,9.656488590806818,0.3684203419358668,0.14615750779657927,0.3685142900962883,0.14619650701496606,0.3487452315561719,7.553970420810109e-05,ANN
11.15,99.91474804810801,18.61683164148287,9.664085726772889,0.36916700503418165,0.1464815600946358,0.36925761010935604,0.146519459396871,0.34972724771087715,7.553970420810109e-05,ANN
11.2,99.91636675605533,18.632776320312047,9.670700846584257,0.3698139177372621,0.14679551430446092,0.36990033874434325,0.14683165773232001,0.3507632207971597,7.553970420810109e-05,ANN
11.25,99.9185250333184,18.645794205366165,9.678465249038217,0.3705808099367085,0.14712062674545365,0.3706618210409219,0.14715430726486467,0.3520312086892243,7.553970420810109e-05,ANN
11.3,99.91960417194996,18.65954203876948,9.685911305595873,0.37131017366577995,0.14744077523053326,0.3713876288232244,0.14747311351129117,0.35330998796760427,7.553970420810109e-05,ANN
11.35,99.9206833105815,18.672175851479654,9.693778226219832,0.3721131992251783,0.1477670131681368,0.37218797896169253,0.1477981869555224,0.3545240189280916,7.014401105037959e-05,ANN
11.4,99.92122287989727,18.68307622275107,9.702314212795347,0.3729900261259463,0.14809946854472786,0.3730636269716557,0.14813005839828852,0.35571646711594807,7.014401105037959e-05,ANN
11.45,99.92122287989727,18.692290044539746,9.711503078242947,0.3739207042890364,0.14843667660711463,0.37399503887421903,0.1484674592127267,0.3568010014406501,7.014401105037959e-05,ANN
11.5,99.92284158784457,18.70251688836129,9.720265683931085,0.37480436723087635,0.14876897911813905,0.374873884075814,0.14879775829892744,0.3578046003679863,7.014401105037959e-05,ANN
11.55,99.92338115716035,18.712239590320205,9.729211743186589,0.37574285801233454,0.14910675139101268,0.37581120983201116,0.1491349288082399,0.35854920602375184,7.014401105037959e-05,ANN
11.6,99.92392072647613,18.720062322281425,9.738902408097855,0.3767626837314455,0.14945309377089747,0.37682992232925827,0.14948066750290837,0.35927762460004425,7.014401105037959e-05,ANN
11.65,99.92553943442344,18.729074380203375,9.748102064931771,0.3777511194660421,0.149797111445092,0.37781466566591965,0.14982302602663708,0.3600869785737025,7.014401105037959e-05,ANN
11.7,99.92715814237076,18.736931882773696,9.757749564297777,0.3787946620623418,0.15014742879241297,0.37885466374366883,0.15017159698437293,0.36076144021841766,7.014401105037959e-05,ANN
11.75,99.92715814237076,18.744275812450038,9.767585912924304,0.37985843375977285,0.15050025724738922,0.3799192108770073,0.15052461719810661,0.3616733123620726,7.014401105037959e-05,ANN
11.8,99.92877685031807,18.75243800753208,9.777076937188736,0.38091062604069426,0.15085223983035462,0.38096739503566396,0.1508747313607867,0.36256360173309665,5.935262473493657e-05,ANN
11.85,99.92877685031807,18.76104678187345,9.78637371649949,0.3819734211608293,0.15120594833694634,0.3820309476514704,0.15122862864095749,0.363254250457285,5.935262473493657e-05,ANN
11.9,99.92985598894963,18.7672067676641,9.796636324885476,0.38319051549373284,0.15157571683073034,0.383244910374022,0.15159705815806973,0.36386935947726523,5.935262473493657e-05,ANN
11.95,99.93039555826539,18.770711089381994,9.807951093437218,0.3845236830138184,0.15195855868247463,0.3845767975637675,0.15197927594200186,0.36436576324777564,5.935262473493657e-05,ANN
12.0,99.93093512758117,18.77628131576199,9.818429529549514,0.3857887691452682,0.1523366859048256,0.38584082114413765,0.15235679003204447,0.36487295840460143,5.935262473493657e-05,ANN
12.05,99.93309340484426,18.78027471393703,9.829528470374946,0.38706641127052377,0.15271784443230002,0.38711196280958265,0.15273510354783584,0.36537475786826956,5.3956931577215064e-05,ANN
12.1,99.9341725434758,18.787722518262175,9.839235322365688,0.38822198123377916,0.15308899380071792,0.38826467214150345,0.15310512273346907,0.3659035357977263,5.3956931577215064e-05,ANN
12.15,99.9341725434758,18.79476850880521,9.849093253764845,0.3894011285631808,0.1534643505120257,0.3894440377731344,0.15348061181805936,0.36636216971613256,4.856123841949356e-05,ANN
12.2,99.93471211279157,18.80085192431976,9.859328883685043,0.39068909450556555,0.15385260102197362,0.39073088205947776,0.15386824142120628,0.36665893283980727,4.316554526177205e-05,ANN
12.25,99.93579125142311,18.808053090142668,9.869111275379991,0.39187131107789763,0.15423324462120905,0.3919108953750796,0.1542478181294911,0.36700965289505916,3.7769852104050545e-05,ANN
12.3,99.93579125142311,18.81582898892055,9.878656256576,0.39301976597799637,0.15461298391584397,0.39306008815748267,0.1546277423344733,0.36737116433662653,3.7769852104050545e-05,ANN
12.35,99.93687039005465,18.824031619891194,9.888023179897806,0.3941666862566299,0.15499498820173446,0.39420334899792675,0.15500833496830624,0.36772728008503613,3.7769852104050545e-05,ANN
12.4,99.9379495286862,18.831962922791114,9.897492621389606,0.3953069100052337,0.15537902620061336,0.3953397448628102,0.15539085841737985,0.36801325182239536,3.7769852104050545e-05,ANN
12.45,99.93848909800197,18.838020454670804,9.907706668537173,0.3966067343862128,0.15578150194368073,0.3966383744216307,0.1557926910573841,0.3682452666281774,3.7769852104050545e-05,ANN
12.5,99.93848909800197,18.844723503097264,9.917656326720012,0.3977981586873358,0.1561762307653833,0.39783053202965124,0.15618760191738648,0.36856361252448294,3.7769852104050545e-05,ANN
12.55,99.93848909800197,18.852139647427315,9.927314617472334,0.39902041492880375,0.15657675774183444,0.39905354055469466,0.15658831379549765,0.36886037564815766,3.7769852104050545e-05,ANN
12.6,99.93902866731774,18.861174642080858,9.93632002935257,0.40009395239919493,0.15696581625247275,0.40012613687506754,0.1569770169836712,0.3691517430786746,3.7769852104050545e-05,ANN
12.65,99.93956823663352,18.871407363311597,9.944839828848613,0.40115395729848424,0.15735627546487121,0.40118573924123074,0.15736712007548967,0.3695078588270842,3.7769852104050545e-05,ANN
12.7,99.9401078059493,18.882043693407095,9.953192361856766,0.40217727079365234,0.15774603474692367,0.4022076396108454,0.1577562166733464,0.3697128951670776,3.7769852104050545e-05,ANN
12.75,99.9401078059493,18.891131892233837,9.962160003884899,0.4033201452520598,0.15815058830051368,0.40335064059345,0.15816090047864392,0.36991793150707103,3.7769852104050545e-05,ANN
12.8,99.94064737526507,18.89988588925306,9.971257142548817,0.4044017743629036,0.15855246616097962,0.40443087400592787,0.15856213525512403,0.3701931118581149,3.237415894632904e-05,ANN
12.85,99.94064737526507,18.906819926507197,9.981077304095871,0.40561454385349605,0.1589702090203751,0.4056443637345253,0.15898006675463724,0.3703495869596888,3.237415894632904e-05,ANN
12.9,99.94118694458083,18.91637448142549,9.989845305477168,0.4066845935478301,0.15937752698172963,0.40671299270072997,0.15938672129866477,0.3706571414696789,3.237415894632904e-05,ANN
12.95,99.9438847911597,18.927371262336194,9.998030571997433,0.4076659142192702,0.15977927312633092,0.4076848628238559,0.15978481302180045,0.3708783648891455,3.237415894632904e-05,ANN
13.0,99.9438847911597,18.93788118982292,10.006404687778215,0.40870764317201996,0.16018992814736363,0.4087257807794675,0.16019550656920037,0.3712290849443974,3.237415894632904e-05,ANN
13.05,99.94442436047547,18.945869775770376,10.015782402486336,0.4098979513848045,0.16061828451665908,0.40991454429628027,0.160623397898654,0.3714287255912331,2.6978465788607532e-05,ANN
13.1,99.94496392979124,18.952756202477882,10.02559716834023,0.4111781047088213,0.16105893586179926,0.4111940270904977,0.16106368847353333,0.371585200692807,2.6978465788607532e-05,ANN
13.15,99.94550349910702,18.96260333563523,10.034224881699428,0.41228191607538855,0.16148632358692594,0.4122964996112982,0.1614904924972778,0.37174167579438094,2.6978465788607532e-05,ANN
13.2,99.94550349910702,18.973248021646672,10.042528853469161,0.4133677305175009,0.16191542703031078,0.413380672713138,0.16191955975139147,0.3720006690659516,2.6978465788607532e-05,ANN
13.25,99.94604306842278,18.98384053044017,10.050849012318368,0.41438867232495014,0.16234171273435016,0.41440007359379805,0.16234516904024074,0.37221649679226043,2.1582772630886026e-05,ANN
13.3,99.94604306842278,18.99252053069264,10.059929963902812,0.4156093939449531,0.162790981997399,0.41562145423331703,0.16279462563184738,0.37241613743909613,2.1582772630886026e-05,ANN
13.35,99.94712220705433,18.99947919599169,10.06969616851829,0.417019850582465,0.16326260175437463,0.4170284487488865,0.16326471182667932,0.37258340392698547,1.618707947316452e-05,ANN
13.4,99.9476617763701,19.008223657066857,10.078744745943787,0.4182836811145344,0.16372400332039572,0.41829180643071545,0.16372576341860093,0.3727614618011903,1.618707947316452e-05,ANN
13.45,99.94874091500165,19.016971638639365,10.087787927676128,0.41942809019440686,0.16417768755952508,0.4194328444919508,0.16417826809894068,0.37295031106171056,1.618707947316452e-05,ANN
13.5,99.94874091500165,19.025089090150374,10.097079311293726,0.420641696751253,0.16464194644716618,0.4206470734514515,0.16464271523857565,0.37322009571959663,1.618707947316452e-05,ANN
13.55,99.94928048431741,19.031818103900196,10.106921055613409,0.4220601055181754,0.1651298958751112,0.4220656061412553,0.16513055127699605,0.3733981535938014,1.618707947316452e-05,ANN
13.6,99.94982005363319,19.038510683788886,10.11677359131941,0.4234034573443477,0.16561470661311392,0.4234084705679118,0.16561501521633148,0.3736355640927412,1.618707947316452e-05,ANN
13.65,99.95035962294895,19.045812486653283,10.126377925140153,0.42481028669476023,0.16610970285225896,0.42481385248406117,0.16610932944024642,0.37380822627378824,1.618707947316452e-05,ANN
13.7,99.95251790021204,19.05541111572523,10.135059595430928,0.4259759014530601,0.1665854859513569,0.425973499916327,0.16658238698444158,0.3740348453864126,1.618707947316452e-05,ANN
13.75,99.9535970388436,19.062287298818422,10.144825800046403,0.4273841259138955,0.1670888787940062,0.4273780583113356,0.16708420606873228,0.37425606880587914,1.618707947316452e-05,ANN
13.8,99.9535970388436,19.070165860866478,10.15418732767505,0.4287453351534804,0.16759202325288916,0.4287398994855517,0.16758754666453252,0.3744395223732417,1.618707947316452e-05,ANN
13.85,99.95413660815937,19.076671412969752,10.164093820312626,0.4302354525961377,0.16811195389185093,0.4302285258248401,0.16810680099516115,0.3746499544063928,1.0791386315443013e-05,ANN
13.9,99.95467617747515,19.08193792387777,10.174491321027556,0.4318469446455839,0.16864800310199246,0.43183856573584745,0.16864216216738762,0.3748873649053326,1.0791386315443013e-05,ANN
13.95,99.95521574679091,19.08506247262758,10.185741341261405,0.4335886004974828,0.1692011989877596,0.4335788103859648,0.16919467627112306,0.37510319263164144,1.0791386315443013e-05,ANN
14.0,99.95521574679091,19.08924318604962,10.196565101735795,0.43524487559150277,0.1697508022408407,0.43523526926855616,0.16974443274743212,0.37530822897163485,1.0791386315443013e-05,ANN
14.05,99.95521574679091,19.093330178357437,10.20742123636913,0.43692905289397993,0.1703076145059575,0.4369202011551957,0.17030145499125515,0.3756103877884672,1.0791386315443013e-05,ANN
14.1,99.95521574679091,19.095188678509462,10.219162264680332,0.4387881770434838,0.17088573062068318,0.4387801582726044,0.17087979017237534,0.3759017552189842,1.0791386315443013e-05,ANN
14.15,99.95521574679091,19.099109672094077,10.230072356245245,0.44052815876287527,0.1714568196213163,0.4405209195789474,0.1714510946282999,0.3762524752742361,1.0791386315443013e-05,ANN
14.2,99.95521574679091,19.10119337775019,10.24171086638645,0.4424634559414674,0.17205130708156594,0.4424570838542509,0.17204580755935175,0.37650607285264903,1.0791386315443013e-05,ANN
14.25,99.957374024054,19.103130784682847,10.253403333459232,0.444474647127063,0.1726581223586474,0.4444622310125556,0.17264983408199808,0.37671110919264245,1.0791386315443013e-05,ANN
14.3,99.95845316268554,19.10610916700791,10.264674936465713,0.4464131530596278,0.17326290976487574,0.4463974421557196,0.17325316388856513,0.3769754981573708,1.0791386315443013e-05,ANN
14.35,99.95953230131708,19.109910093678174,10.275612006496415,0.44831733927579004,0.1738692660117322,0.44829785920176174,0.17385790730160025,0.3773046354399918,1.0791386315443013e-05,ANN
14.4,99.96007187063286,19.111008775434403,10.287622819465502,0.4505069650844697,0.17450798614497776,0.45048761459362296,0.1744965799176657,0.37766614688155914,1.0791386315443013e-05,ANN
14.45,99.96169057858017,19.11008964909805,10.300432195021934,0.4528573076138625,0.17516691898992923,0.4528329586423551,0.1751533374492588,0.3781085937204923,1.0791386315443013e-05,ANN
14.5,99.96276971721171,19.110993539067135,10.312502360615756,0.45500912593008264,0.17581104801603342,0.4549819459366094,0.17579612916456905,0.37863197595679127,1.0791386315443013e-05,ANN
14.55,99.96276971721171,19.10996182106233,10.325338714637976,0.45731091861676,0.17647450795726086,0.45728459590638226,0.17645981538094194,0.3790042787846741,1.0791386315443013e-05,ANN
14.6,99.96330928652749,19.112833286240317,10.336604921951299,0.45929476563806754,0.17711184769232102,0.45926684237173776,0.1770964416402791,0.3794629127030804,1.0791386315443013e-05,ANN
14.65,99.96330928652749,19.115156050006508,10.348081561297771,0.4612927032746461,0.17775518633565437,0.4612655133349526,0.17773999532558268,0.3799647121667485,1.0791386315443013e-05,ANN
14.7,99.9649279944748,19.117019437633086,10.359730862825293,0.4634208047136774,0.17841546168087433,0.4633882878424768,0.17839793030934206,0.3805690298004133,1.0791386315443013e-05,ANN
14.75,99.96546756379058,19.119261518004095,10.371218293558082,0.465496310489767,0.17907522419424016,0.46546214898337,0.1790569566031328,0.38098449817355784,1.0791386315443013e-05,ANN
14.8,99.96600713310634,19.122493149910103,10.382301047304042,0.4674567196559706,0.17972866557088352,0.4674212706644356,0.17970983795253,0.3814539234782796,1.0791386315443013e-05,ANN
14.85,99.96600713310634,19.126495838844026,10.393065455153696,0.46936718386903564,0.1803818834568562,0.4693323845198899,0.18036326104045622,0.3819773057145786,5.395693157721506e-06,ANN
14.9,99.96600713310634,19.12971810986862,10.404132021820184,0.4712910411421603,0.18104106604520978,0.47125689598963666,0.18102265065977463,0.382473709485089,5.395693157721506e-06,ANN
14.95,99.96654670242214,19.13119758260226,10.4158838415177,0.47344174337004197,0.18172672525609251,0.47340591388830416,0.1817075533054427,0.38308342281191154,5.395693157721506e-06,ANN
15.0,99.96762584105367,19.132961728988793,10.42751156027259,0.4754657695715279,0.18240492302532413,0.4754267412089187,0.18238443677261207,0.3835852222755796,5.395693157721506e-06,ANN
0.0,49.95278768486994,13.272475135310255,7.894276788267605,0.08051698441184248,0.022547195298940337,0.09769389325873037,0.028217003702739576,0.0006205047131379733,0.0178381615794273,SVR
0.05,51.766280155180134,13.302035251941819,7.902089751959986,0.08132545090189011,0.022836732689418788,0.09833365053158226,0.02850097734139545,0.0006205047131379733,0.01723384394576249,SVR
0.1,53.50261421333492,13.33047771427673,7.910361349570772,0.08223729507427172,0.02313918275279699,0.09925425781076666,0.028833238148595206,0.0006205047131379733,0.01665110908472857,SVR
0.15,55.402437774168654,13.357575042733309,7.919183307883647,0.08323228782785579,0.023452673398750727,0.10028010339017716,0.029197027921513945,0.0006259004062956948,0.01600902159895971,SVR
0.2,57.04596591001063,13.383786462680797,7.928372173331247,0.08429829170196348,0.0237760876571178,0.10101387108063374,0.02942392032486069,0.0006259004062956948,0.01539930827213718,SVR
0.25,58.61935003480222,13.410865634342628,7.937226505803068,0.0853079331149876,0.02409713671116318,0.10164784433132978,0.02964128280960902,0.0006312960994534163,0.01468707677531794,SVR
0.3,60.198129852751535,13.439270344057151,7.945562851731748,0.08629581080541511,0.024419190909003022,0.1023449574874291,0.029876035657897097,0.0006366917926111377,0.014158298845861233,SVR
0.35,61.6306863861266,13.468471525444098,7.953591643150437,0.087259971618654,0.02474204568630542,0.10294433002398837,0.030083433006584188,0.0006420874857688593,0.013640312302719969,SVR
0.4,62.96072474950495,13.498939000994147,7.961124030798617,0.08816358463954072,0.02506217434454071,0.10330722510648142,0.030239856900372328,0.0006474831789265808,0.01313851283905187,SVR
0.45,64.14507939762481,13.529971751313475,7.968440590720487,0.08907138299169602,0.025385854152934876,0.1036449728638482,0.030384442104447528,0.0006582745652420238,0.012582756443806553,SVR
0.5,65.29328290158796,13.559518778374892,7.976361468276022,0.09015719743380836,0.025729991738614663,0.10416158294355837,0.03052011356755631,0.0006636702583997453,0.012118726832242504,SVR
0.55,66.32224158676544,13.589266247520507,7.984212201820507,0.09124468600842807,0.026077613583373654,0.10465751191454395,0.030657773380830738,0.0006690659515574669,0.011573761823312632,SVR
0.6,67.36361036620569,13.61771669036397,7.992591713294448,0.0924362498205932,0.02643870914218792,0.10520817935553116,0.03080512372493097,0.0006744616447151884,0.011077358052802253,SVR
0.65,68.36828843217344,13.644450764091015,8.001667269185736,0.09375002530580091,0.026815126201418023,0.10592840527507913,0.03096390124671182,0.0006798573378729098,0.010629515520711369,SVR
0.7,69.19976474777833,13.672936103483497,8.010052176352835,0.09499418478090789,0.027188354880771603,0.10666703794152048,0.031142225320926607,0.0006798573378729098,0.01013311175020099,SVR
0.75,70.0447302962775,13.702552647153656,8.017994636681001,0.09620918644817705,0.02756233295840511,0.10728339877981141,0.031308126117032466,0.0006798573378729098,0.009636707979690611,SVR
0.8,70.85246556198842,13.733108282354987,8.025570189874442,0.09738833377757874,0.027936422014720273,0.10777261559784636,0.031453763462300416,0.0006906487241883528,0.009221239606546056,SVR
0.85,71.63915762438423,13.765208515767549,8.032536029741062,0.09843843339286582,0.028301585798589334,0.10807052793155132,0.03157911499959347,0.0006906487241883528,0.00881116692655922,SVR
0.9,72.33789988830915,13.79713980137413,8.039577409311887,0.09958884144755657,0.028680086651172224,0.10867558414512254,0.03176029100214906,0.0006960444173460744,0.008384907167099222,SVR
0.95,73.0112823943928,13.828172556057153,8.046985696017439,0.10090763933028656,0.029078648231754878,0.10952733369791742,0.03197323342256534,0.0006960444173460744,0.008039582805005045,SVR
1.0,73.70624767310733,13.861316318454604,8.053557650283544,0.10209515732222539,0.029468269498800898,0.11021043814878259,0.03217399432807524,0.0006960444173460744,0.007640301511333654,SVR
1.05,74.35696826792854,13.892831855389073,8.06078787911489,0.10339470268111992,0.02987257406474902,0.11116496458841288,0.0324327467931318,0.0006960444173460744,0.0072895814560817555,SVR
1.1,75.05193354664307,13.922451631888912,8.068784296374634,0.1049017009598938,0.0303009417879134,0.11244356082130329,0.0327388417001903,0.0007014401105037959,0.006879508776094921,SVR
1.15,75.77981255361969,13.953925841264216,8.076046899364927,0.10627267597243881,0.030720149237152477,0.11348454207696965,0.033024534744799425,0.0007068358036615174,0.006485623175581251,SVR
1.2,76.55193624448965,13.984596006988516,8.083638639637842,0.10767225074865243,0.031146155495385422,0.11452008683639234,0.033323889419948106,0.0007122314968192389,0.006134903120329353,SVR
1.25,77.32513907399114,14.015808776039313,8.091019947877603,0.1090123938208522,0.03157047033018067,0.11549635185508236,0.033627627074482816,0.0007122314968192389,0.005789578758235177,SVR
1.3,78.09942104212418,14.048696603375626,8.097737585858967,0.11025250747573287,0.031989179650294665,0.11644274537113804,0.03394746075802506,0.0007176271899769604,0.005519794100349101,SVR
1.35,78.8936670749408,14.08163812418387,8.104439036760857,0.11155763327631883,0.032418300662677826,0.11752900891831265,0.03429568710655489,0.0007338142694501249,0.005206843897201254,SVR
1.4,79.71758942012485,14.114895420745965,8.111021782413278,0.11292135371466497,0.03285725491240144,0.11875720319744419,0.03468185594929315,0.0007338142694501249,0.004791375524056698,SVR
1.45,80.56039669136096,14.149045361684935,8.117253808010446,0.11420094899451258,0.033292311535643146,0.12000470875054418,0.035101133272540705,0.0007338142694501249,0.004543173638801508,SVR
1.5,81.450686062385,14.181928743869934,8.123998424457598,0.11554123157775464,0.03373752958547387,0.1212225129873141,0.03551273511269671,0.0007392099626078464,0.004246410515126826,SVR
1.55,82.37712657756579,14.215239663211648,8.13057577441686,0.11684691542250976,0.034183663228500354,0.12251031146510166,0.035963007155844925,0.0007769798147118969,0.004057561254606573,SVR
1.6,83.29601312232576,14.248776472216443,8.1370667932856,0.11815985384146373,0.03463478363108493,0.12388671056842106,0.03643536996155798,0.000809353973658226,0.003814755062509105,SVR
1.65,84.25752564303173,14.280960915214846,8.144102777163269,0.11964243768783757,0.03510668737244482,0.1254182487624634,0.0369241436553889,0.0008579152120777195,0.0035719488704116374,SVR
1.7,85.20123237631722,14.311681901377302,8.151726891595128,0.12115264472058401,0.03558568397928267,0.12709665102022724,0.03745791116715211,0.0008956850641817702,0.0033938909962068276,SVR
1.75,86.17731326854906,14.342936617174226,8.159140573993838,0.122517760269353,0.036055091773380996,0.12850682117521836,0.03795160381509761,0.0009496419957589851,0.003205041735686575,SVR
1.8,87.14745889830738,14.375208513515815,8.166149579405719,0.12373959797769421,0.036514938221944716,0.129724399249596,0.038429727802742765,0.0010413687794402508,0.0030323795546394867,SVR
1.85,88.06418716580426,14.407417296456076,8.173185563283388,0.12491023513351643,0.03697407476192696,0.13088067289169916,0.03890677861150903,0.0011330955631215164,0.002832738907803791,SVR
1.9,88.95987222998602,14.439401794185374,8.180313273944737,0.1260843600653958,0.03743788362921036,0.13208402542578485,0.03940247347678512,0.001224822346802782,0.0026654724199144243,SVR
1.95,89.80483777848521,14.471725111335271,8.187306092277144,0.12732098594421934,0.03791208984462842,0.13335605070957354,0.03990759647052304,0.0013435275962726551,0.0025521628636022728,SVR
2.0,90.62336443051157,14.503591399080568,8.194482364176913,0.12856584297453774,0.03839141265939681,0.13456619766008754,0.04039616422345407,0.0014568371525848069,0.00236331360308202,SVR
2.05,91.35555999201438,14.536768226356365,8.201135253840384,0.12982520915325385,0.03887652481514587,0.1357357535437535,0.04086585838939361,0.0015809380952124014,0.002217629887823539,SVR
2.1,92.04836699346582,14.567463262830838,8.208780951044876,0.13126607919798416,0.03938358788412341,0.1371227663954606,0.04136827011288375,0.0017913701283635403,0.0020287806273032866,SVR
2.15,92.70394371212898,14.59684767131996,8.216950030485666,0.13267304805943897,0.03989158115544025,0.13845001533079956,0.0418619513905038,0.0020071978546724006,0.001872305525729363,SVR
2.2,93.27858503342632,14.627564526069202,8.224584936303842,0.13403914018550392,0.040399899618617466,0.1396865030657813,0.04233963179403323,0.002223025580981261,0.001715830424155439,SVR
2.25,93.8213917650931,14.655945635042412,8.233153297038305,0.13552060794353946,0.04092384831800802,0.14102822576229856,0.04282858115556942,0.002406479148343792,0.0016133122541587305,SVR
2.3,94.32265165944543,14.683930019682386,8.241878132874339,0.13699565819362985,0.04145171615206271,0.14233157739501517,0.04330438095403811,0.0025629542499177155,0.0015269811636351863,SVR
2.35,94.74351572574771,14.712588632364398,8.25033318405249,0.13841769424765152,0.041979242914017195,0.14362669248423895,0.04379488426569073,0.002703242272018475,0.0014028802210075918,SVR
2.4,95.10934372184123,14.742486688829787,8.258291831460129,0.13980708471777825,0.04250840261359509,0.14483167939910027,0.044266026656106884,0.0028057604420151836,0.0013165491304840476,SVR
2.45,95.47786956451361,14.773568679965651,8.265775657869888,0.14110300278957336,0.04303332552006622,0.14591576255707764,0.04472393418142266,0.002940652770958221,0.0012571965057491111,SVR
2.5,95.77517225750405,14.803528863124772,8.273707326811738,0.14253201439570934,0.04357602253777325,0.14715486111220655,0.0452047334259926,0.003064753713585816,0.00118165680154101,SVR
2.55,96.01797844960153,14.832809360660235,8.281908780411475,0.14399464816303625,0.04412688926870896,0.14844421095457788,0.04569803421616312,0.003269790053579233,0.001138491256279238,SVR
2.6,96.2624033496463,14.861191147629878,8.290466349759622,0.14563543753136246,0.04469978357690114,0.14991975642074817,0.046215144733768906,0.003507200552518979,0.0010791386315443013,SVR
2.65,96.49495772474411,14.8881197146591,8.299601258275644,0.1474561961442377,0.04529495456998964,0.15157748734322313,0.046753446525270206,0.0037284239719855613,0.0010305773931248078,SVR
2.7,96.68003000005395,14.914324669280756,8.309022138529025,0.14934336201324103,0.045901559310631744,0.15332082741377384,0.04730729254604852,0.004041374175133408,0.0009550376889167067,SVR
2.75,96.85808787425877,14.941515189417855,8.318043737488736,0.15112477851219153,0.04650263876947858,0.1549445754331235,0.04785165063199455,0.004343532991965813,0.000863310905235441,SVR
2.8,97.01402340651691,14.969706991922543,8.326660659461618,0.1528872215093912,0.047106805951229944,0.15656283347515837,0.048403829418838445,0.004618713343009609,0.0008039582805005045,SVR
2.85,97.1769733398801,14.99821306253686,8.335148084798714,0.1546630575666503,0.04771736305742093,0.15817783168333324,0.048956319550639546,0.004823749683003027,0.0007715841215541754,SVR
2.9,97.33560671871712,15.02781733160478,8.343193063296876,0.15632351799193883,0.048322080611282715,0.15966895188891045,0.049500963919768035,0.005023390329838723,0.0007392099626078464,SVR
2.95,97.48668612713332,15.058464648625002,8.350817177728738,0.15797407313322506,0.04893103001500947,0.1611588344596651,0.05005338801552214,0.005239218056147583,0.0006744616447151884,SVR
3.0,97.62535544128677,15.087565221200872,8.359056401180577,0.15993336621109025,0.049575223739109796,0.16297559887692611,0.05064557096980428,0.00551439840719138,0.0006312960994534163,SVR
3.05,97.74621896801973,15.116532599237175,8.367344185870838,0.16188610226996808,0.050224167962081775,0.16480167033937604,0.05124886776784188,0.005805765837708341,0.0006205047131379733,SVR
3.1,97.85467240048993,15.144513190132894,8.376020460468455,0.16402606214759383,0.05089649336047894,0.16683640421930226,0.05188162512557128,0.006118716040856189,0.0005881305541916443,SVR
3.15,97.96798195680209,15.171112146144594,8.385241700075,0.1662508447389294,0.051582105848882495,0.16894854699367176,0.05252473650528743,0.0066259111976820105,0.0005611520884030367,SVR
3.2,98.08344979037732,15.199067876492228,8.393912578979458,0.16850004176266503,0.052275275551813855,0.17107537249767577,0.05317254187135278,0.006933465707672136,0.0005341736226144292,SVR
3.25,98.19190322284751,15.228113339791362,8.402141011044984,0.17058712695526432,0.052958170818654754,0.1730414881471794,0.053811429667134904,0.007370516853447578,0.0005071951568258216,SVR
3.3,98.2852487144761,15.258065816883096,8.409997140282627,0.17255046585335587,0.053633965191699835,0.17489900886607565,0.05444943103790417,0.007872316317115678,0.0004964037705103787,SVR
3.35,98.39316257763053,15.289707583620974,8.417168016489239,0.17422780711476102,0.05428694340710663,0.1764384344821913,0.05505496248140991,0.008406489939730108,0.0004910080773526571,SVR
3.4,98.48650806925912,15.321440772077949,8.424290331457431,0.1760074099701618,0.05495425486214438,0.1781026633941094,0.055681918716511764,0.009059368811814409,0.0004694253047217711,SVR
3.45,98.5776952836246,15.352775085029839,8.43155833014088,0.17798832725958136,0.05564534492665042,0.17997118779180835,0.05633300706505655,0.009874118478630357,0.00045323822524860656,SVR
3.5,98.6726594832005,15.385660261853598,8.438189637031721,0.1796426491990094,0.056308592848813836,0.18150481332946908,0.056954856512878904,0.010775199235969849,0.00044244683893316354,SVR
3.55,98.74981789535593,15.417578723426576,8.445187851057286,0.18143132027215875,0.05698807665101751,0.183197055557984,0.05760057044978319,0.01177879816330605,0.00043705114577544205,SVR
3.6,98.82589716887979,15.447445665074737,8.452984627670194,0.18349301445506197,0.057697008715743486,0.1851649410287349,0.058275874652862915,0.01296045496484706,0.000426259759459999,SVR
3.65,98.89550161061442,15.47884848080349,8.46014471249049,0.18533707141199893,0.058387880002284655,0.18691803280119593,0.058934839545634325,0.014077363448495412,0.00042086406630227754,SVR
3.7,98.97427873071715,15.50954494074226,8.467563790582357,0.18711541866801917,0.059075129960074954,0.18858675598586944,0.05958377431623966,0.015345351340559966,0.000415468373144556,SVR
3.75,99.0293148009259,15.541093728228027,8.474615961539499,0.18868868469187888,0.059744783577465474,0.19008754048841087,0.06022859960059988,0.01671585740262123,0.0004100726799868345,SVR
3.8,99.08650914839775,15.57346798940708,8.481312016748232,0.19017796506828247,0.06040852826501733,0.1914957536048791,0.06086458179104451,0.017951471135739454,0.0003992812936713915,SVR
3.85,99.14748048108,15.606191156676756,8.487840805469075,0.19160307036523447,0.061067965682424154,0.19283209578074914,0.06149353118042653,0.019424495367797424,0.00038848990735594846,SVR
3.9,99.19927913539412,15.63994065812454,8.493927147350984,0.1928645292095849,0.061712668113949924,0.19401654740575144,0.06211212371839217,0.02123744826879185,0.0003776985210405055,SVR
3.95,99.24945908176093,15.674274497665172,8.499743704575009,0.19400307882568135,0.062345792026822576,0.19507966989594544,0.06271978405950851,0.02299644423820906,0.0003615114415673409,SVR
4.0,99.306113859917,15.706932518921487,8.506196953591644,0.19537000801800003,0.06300181568775642,0.19636143341646425,0.06334631017956444,0.024625943571840957,0.0003615114415673409,SVR
4.05,99.36384777670465,15.739592264959093,8.512617828449331,0.19677069888255194,0.06366237227659186,0.19767174134691617,0.06397516698605858,0.026131341962845257,0.00035611574840961944,SVR
4.1,99.41132987649259,15.771543782132914,8.519292300885434,0.19806061797952876,0.06431374924671306,0.19888723396402555,0.06460061480105106,0.027804006841738924,0.0003399286689364549,SVR
4.15,99.4534162831228,15.80321266216501,8.526042313025743,0.1993965757204599,0.06496977668813483,0.20015829305555558,0.06523399775894805,0.02982739177588449,0.0003399286689364549,SVR
4.2,99.49280484317417,15.832148597439877,8.533844485331809,0.2008905994723012,0.06564077322609013,0.20159064745407898,0.06588316208919445,0.031737467153717905,0.0003399286689364549,SVR
4.25,99.52841641801514,15.860424173574822,8.541878672443655,0.20246051723114605,0.06632042713513056,0.20310680743146173,0.06654378869491266,0.033205095692618154,0.0003237415894632904,SVR
4.3,99.56510713148765,15.88860209458243,8.549923650941817,0.20377624587094584,0.0669773267246805,0.20436268418171868,0.06717958053182728,0.0346457457657298,0.0003237415894632904,SVR
4.35,99.59856042906551,15.916478416413781,8.558060356223661,0.2050647698574997,0.06763331805746611,0.20559644459854054,0.06781617287555447,0.03599466905516017,0.0003129502031478474,SVR
4.4,99.62392018690682,15.943818554788827,8.566385910766027,0.20644927744114644,0.06830094894726466,0.2069408449923092,0.06846964962453972,0.037235678481436114,0.0003075545099901259,SVR
4.45,99.64820080611656,15.970703864493101,8.574867940409964,0.20793172177647803,0.06898054962931703,0.20838439921811125,0.06913531940564811,0.03851985345297384,0.0003075545099901259,SVR
4.5,99.6703231480632,15.997361742290307,8.583414718371795,0.20936701137951688,0.06965796410208859,0.20978364322603696,0.06979991921946858,0.03987956812871966,0.0003075545099901259,SVR
4.55,99.68273324232597,16.02435465016076,8.591799625538895,0.21077146904221053,0.0703344749035316,0.2111717720317194,0.07047080542792906,0.04132561389498902,0.00030215881683240436,SVR
4.6,99.69730161385182,16.049989632997967,8.600697123555978,0.21244434595026251,0.0710386994073671,0.21282208888792678,0.07116701144474208,0.04287417783125509,0.00030215881683240436,SVR
4.65,99.71456783195653,16.073047370672818,8.610598220500396,0.21430835298624637,0.07176389140356876,0.21465919716023463,0.07188228540732497,0.04411518725753104,0.00030215881683240436,SVR
4.7,99.7307549114297,16.097189355393116,8.62004068352641,0.2160363367560014,0.07247879943570924,0.21636106188255402,0.07258765700888853,0.04542634069485736,0.00029676312367468287,SVR
4.75,99.74154629774515,16.11891426619455,8.630421997161866,0.21790438961221156,0.07320963914888644,0.21821320402047018,0.07331264768040088,0.04685080368849584,0.00029676312367468287,SVR
4.8,99.7598916544814,16.14069171953426,8.640754749558901,0.219866751933007,0.07395217744720498,0.22014491592748045,0.07404374087925175,0.048134978660033564,0.00029676312367468287,SVR
4.85,99.7712226101126,16.161871897782436,8.651303329682248,0.22188701133635136,0.0747037456611606,0.22214774255444567,0.07478876105562937,0.049230304371051026,0.00029676312367468287,SVR
4.9,99.78093485779651,16.184976760474388,8.661058742911408,0.2237132108798757,0.0754399174052681,0.22395856561778427,0.07551935001305594,0.050476709490484696,0.00029676312367468287,SVR
4.95,99.78848882821731,16.209476623048204,8.670231421279535,0.22541454804055402,0.07616702157008577,0.22564851259590896,0.07624234846435657,0.05164217921255254,0.00028597173735923985,SVR
5.0,99.79226581342773,16.232987934271794,8.679776402475545,0.22732389616528087,0.07691762588208233,0.22755427350390378,0.07699163689347267,0.052877792945670764,0.0002751803510437968,SVR
5.05,99.79820107590122,16.255389602506046,8.689742247737856,0.22945143956014308,0.07769293973348895,0.22967412341113433,0.07776398048362414,0.05392995311142646,0.00026978465788607533,SVR
5.1,99.80359676905893,16.278934292830403,8.69922787630913,0.23164985456448667,0.07847882590096247,0.23186584562818632,0.07854724339876847,0.05531125055980317,0.00026978465788607533,SVR
5.15,99.81061117016398,16.30161682741792,8.709026455083553,0.2339548560051367,0.07927729040079251,0.23416032366392409,0.07934173532535596,0.05700010251817,0.00026978465788607533,SVR
5.2,99.81492772469015,16.323067533742407,8.71928366777638,0.23646200894605926,0.08009724259694652,0.23666311701173035,0.08015980184538245,0.05860801907917101,0.0002589932715706323,SVR
5.25,99.81870470990056,16.344904893041928,8.729357426901847,0.23887568948865012,0.08091110698696749,0.23907320477629365,0.08097211673605223,0.06007564761807126,0.0002589932715706323,SVR
5.3,99.82194212579519,16.36861649083365,8.738648810519443,0.24106433872003366,0.08170543227805219,0.24125884298092465,0.08176522776028983,0.061764499576438085,0.0002589932715706323,SVR
5.35,99.8257191110056,16.392711758090535,8.74775134487652,0.24305767249221677,0.08248245428633695,0.24324736712610126,0.08254050092670293,0.06372853188584872,0.0002535975784129108,SVR
5.4,99.82679824963714,16.41763772369709,8.756481576405713,0.24491721517484746,0.08324723738918864,0.24510778613279136,0.08330567487145021,0.06557385894578947,0.0002428061920974678,SVR
5.45,99.83003566553177,16.443919376564494,8.76463446876703,0.2467572263115581,0.08401172420539105,0.24694381977969704,0.08406875480279995,0.06741379031257251,0.00023741049893974628,SVR
5.5,99.83219394279486,16.46917818599648,8.773154268263072,0.24863741662844716,0.08478046475855468,0.24882239076434146,0.08483694337626796,0.06996595317617478,0.00023741049893974628,SVR
5.55,99.83435222005795,16.495354770255695,8.781253203692813,0.2504534318658846,0.08554134773534566,0.25063576050933384,0.08559714646555779,0.07256667727819655,0.00023741049893974628,SVR
5.6,99.83489178937373,16.52108307539285,8.78947624006518,0.2524294662688243,0.08631583238347482,0.25261314934577117,0.08637232620126258,0.07542639465178894,0.0002320148057820248,SVR
5.65,99.83651049732104,16.544985283538136,8.798373738082264,0.2545438956257115,0.08710176908604936,0.2547269454683024,0.0871580712867186,0.07832927757064312,0.0002320148057820248,SVR
5.7,99.8392083438999,16.571292809925126,8.806246054399379,0.2562234690637933,0.08784228504040499,0.2564027598670522,0.08789737718508452,0.08182029104368893,0.0002320148057820248,SVR
5.75,99.84190619047875,16.59835601833856,8.813746067888612,0.2576801038563019,0.08855643277355932,0.2578551920449632,0.08861023218067418,0.08518720357410715,0.00022661911262430328,SVR
5.8,99.84406446774184,16.625606363069014,8.821105793355743,0.2591244616770894,0.08926530858988045,0.2592962317286699,0.0893182181149487,0.08826814436716612,0.00021582772630886026,SVR
5.85,99.84514360637338,16.65296809150494,8.828368396346036,0.26057858527083677,0.08997331152286797,0.26075008756741563,0.0900263057131906,0.09064224935656359,0.00021582772630886026,SVR
5.9,99.84676231432071,16.68083583342611,8.835377401757917,0.26191189230196454,0.0906679276700198,0.26208163277834523,0.09072048572306862,0.09341563563963244,0.00021582772630886026,SVR
5.95,99.84784145295225,16.70979532878203,8.84188460770613,0.26308183190257534,0.09134255212301813,0.2632502432734759,0.09139507601879716,0.09687427495373194,0.00021582772630886026,SVR
6.0,99.8489205915838,16.73892739841459,8.848262317018555,0.26418689886852315,0.09200738777598148,0.264353857716438,0.09205982263307404,0.09961528707785446,0.00021582772630886026,SVR
6.05,99.84999973021534,16.765874248119232,8.855460171690956,0.26547723649862676,0.09268780165913802,0.26564243841020235,0.09274010086757487,0.10247500445144686,0.00021043203315113877,SVR
6.1,99.85215800747844,16.792603733592337,8.862679609135988,0.2666880528346273,0.09335618443473788,0.2668490262672985,0.09340735768403917,0.10609011886712026,0.00021043203315113877,SVR
6.15,99.85323714610998,16.81945374865999,8.869780341331548,0.26780135095207014,0.09400977752644733,0.267961076790896,0.09406081855200067,0.10930055629596457,0.00021043203315113877,SVR
6.2,99.85485585405729,16.844196934915193,8.87766344903498,0.2690605776197439,0.09467389567247292,0.2692176502831452,0.09472427601749735,0.11218185644218785,0.00021043203315113877,SVR
6.25,99.85539542337307,16.86761333250563,8.886026773429448,0.27039862802630943,0.09534376572864557,0.27055618365439166,0.09539452306246145,0.11448042172737721,0.00019964064683569574,SVR
6.3,99.85539542337307,16.89237268274427,8.893807362962884,0.27161042093960597,0.09600033402401012,0.2717697314132872,0.09605196466988046,0.11671963438783163,0.00019424495367797423,SVR
6.35,99.85593499268883,16.917461691658747,8.901409894622113,0.27269358467191485,0.09664318257783126,0.27285284964283013,0.09669512553542767,0.11895884704828606,0.00018884926052025274,SVR
6.4,99.85809326995192,16.942812588566937,8.908866742566083,0.2737036446180659,0.09727854173239588,0.2738590065164532,0.09732925436058812,0.12089050519875036,0.00018884926052025274,SVR
6.45,99.85863283926768,16.96662221227758,8.91690632537109,0.27475374423335297,0.09791865675817092,0.2749092526868066,0.09796967848345474,0.12249302606659364,0.00018884926052025274,SVR
6.5,99.85971197789925,16.989573024324958,8.925253462686085,0.27587583154645956,0.09856624791916403,0.27603022495988067,0.09861705849408722,0.1245649722391587,0.00018884926052025274,SVR
6.55,99.86025154721501,17.012400015309414,8.933605995694236,0.2769885716197331,0.09921204916201788,0.27714261166884596,0.09926310607618796,0.12673404088856274,0.00018884926052025274,SVR
6.6,99.86025154721501,17.033712247293916,8.94252507648395,0.27821654781393496,0.09986896092733172,0.27837230634232796,0.09992085388995658,0.12849303685797997,0.00018345356736253123,SVR
6.65,99.86025154721501,17.053789638941712,8.95190279119207,0.2795162326838717,0.10053351189821577,0.27967367033727053,0.10058623709357765,0.13028980267950122,0.00017805787420480972,SVR
6.7,99.86079111653079,17.07191390667584,8.962025111555956,0.2809857024922707,0.10121503357718091,0.2811429789652843,0.10126800792896178,0.13225923068206957,0.0001726621810470882,SVR
6.75,99.86187025516233,17.089011390172885,8.972514339054566,0.2824590786098536,0.10189632299435962,0.282616053469637,0.10194934069863025,0.13441750794515817,0.0001726621810470882,SVR
6.8,99.86348896310965,17.105262051556252,8.983305725370009,0.2839159924244468,0.10257660612479731,0.28407121607953323,0.1026290708819059,0.13597146757458198,0.0001726621810470882,SVR
6.85,99.86510767105696,17.1212129291311,8.994188838469134,0.2854914906249832,0.1032704929053593,0.28564465698092206,0.10332217480350639,0.13730959947769691,0.0001726621810470882,SVR
6.9,99.86510767105696,17.137243619502915,9.005012598943523,0.2870925193462578,0.10396915978730079,0.2872475688853109,0.10402167394983854,0.13884737202764752,0.00016726648788936672,SVR
6.95,99.86510767105696,17.153454568831524,9.015728445554759,0.28856687204113673,0.10465636909334898,0.2887239130552239,0.10470972607126769,0.14077903017811183,0.0001618707947316452,SVR
7.0,99.86510767105696,17.17061230224627,9.02602882379285,0.290059919215682,0.10534603189291866,0.29021841815833976,0.10540017977929232,0.1425542132270022,0.0001618707947316452,SVR
7.05,99.8661868096885,17.18919277428732,9.035724884397274,0.29144526386558245,0.10602615230361512,0.2916026227084853,0.10607999087302515,0.14437256182115435,0.0001564751015739237,SVR
7.1,99.8661868096885,17.20857509813895,9.045059433560132,0.2929166868285734,0.10671454812867046,0.2930747599859524,0.1067690984743463,0.14672508403792092,0.0001564751015739237,SVR
7.15,99.8661868096885,17.22535025829661,9.055386790264011,0.2946316960713958,0.1074249389166923,0.29479206721236184,0.10748035067780679,0.1492502684357346,0.00015107940841620218,SVR
7.2,99.8661868096885,17.24259444001733,9.06547673646895,0.29624039789999623,0.10812348991352361,0.2964025054866683,0.1081797054929184,0.15157581218671257,0.00015107940841620218,SVR
7.25,99.86672637900428,17.257868086324905,9.076311288329656,0.2982150371925129,0.1088570832023082,0.29837789913877866,0.10891357182803213,0.15378804638137838,0.00015107940841620218,SVR
7.3,99.86672637900428,17.27358036485548,9.086924616770894,0.30019651252610163,0.1095906766130798,0.30036187908323697,0.10964803661132298,0.1562215039955108,0.00015107940841620218,SVR
7.35,99.86672637900428,17.28954992707291,9.097381470110557,0.302089537858881,0.11031359650725708,0.3022574306862756,0.11037182606350847,0.15889776780174064,0.00015107940841620218,SVR
7.4,99.86726594832005,17.30666985910514,9.107325732600238,0.30378334142327595,0.11101526351981668,0.30395115395462663,0.11107366338991764,0.1613474124953462,0.00015107940841620218,SVR
7.45,99.86726594832005,17.325256452991063,9.116638698990466,0.30536888441885696,0.11170568323366287,0.30553880430284136,0.11176490293834003,0.16361899931474697,0.0001456837152584807,SVR
7.5,99.86726594832005,17.344747335781967,9.125541592700706,0.3069653092757361,0.1123957541002975,0.30713735097548717,0.1124557920395392,0.16637080282518493,0.00014028802210075918,SVR
7.55,99.86834508695159,17.364840341363916,9.134142327594114,0.3084561242736048,0.11307186348901142,0.30862806973942275,0.11313187770438254,0.16977548520770722,0.00014028802210075918,SVR
7.6,99.86942422558313,17.38681612259269,9.14191752143439,0.309811613560456,0.11372910017399307,0.3099831139493546,0.11378899508402922,0.1735147005660082,0.00013489232894303767,SVR
7.65,99.86942422558313,17.408977088213952,9.149541635866251,0.31119960892015985,0.11438283160057666,0.31137208590369064,0.11444340472367312,0.17746434795746036,0.00013489232894303767,SVR
7.7,99.87050336421468,17.431472001445655,9.156949922571803,0.31249873574592757,0.11502027731626478,0.3126702312026927,0.11508051055820631,0.18200752159626185,0.00013489232894303767,SVR
7.75,99.87050336421468,17.45402106598139,9.164244899721043,0.31383762321874675,0.11565215739856405,0.31401085473788853,0.11571311360289366,0.18627011919086187,0.00013489232894303767,SVR
7.8,99.87104293353045,17.47740835835653,9.17111901280398,0.3150212349015016,0.11626050683365476,0.3151944379396414,0.11632153654551898,0.19017660103705222,0.00012949663578531615,SVR
7.85,99.87266164147778,17.50014718924424,9.178181975147437,0.31619591787755014,0.11686196844252578,0.31636606881797114,0.11692197353348663,0.19361905327167855,0.00012410094262759467,SVR
7.9,99.87266164147778,17.52310141666344,9.185093858082478,0.31734228011201454,0.1174555429269152,0.31751389267249064,0.11751620699659304,0.19677013807578791,0.00011870524946987314,SVR
7.95,99.87266164147778,17.547550980760292,9.19134207075912,0.318295977597082,0.11802514522772055,0.31846880612867845,0.1180864365730311,0.2001100721404175,0.00011870524946987314,SVR
8.0,99.87266164147778,17.571761393355573,9.19761726190155,0.3191136518159205,0.11857552818491783,0.3192872435101596,0.11863739404618634,0.20370899947661777,0.00011870524946987314,SVR
8.05,99.87320121079355,17.596619364251932,9.20356331576136,0.319896169252103,0.11911612670266918,0.3200694485299678,0.11917833672562986,0.20719461725650587,0.00011870524946987314,SVR
8.1,99.87374078010932,17.621452985528872,9.209444621303275,0.320587306955588,0.11964060186130875,0.32075847359521115,0.119702616383619,0.21118743019321978,0.00011870524946987314,SVR
8.15,99.87374078010932,17.645079067589336,9.215725208138863,0.32139675002293167,0.12016757625320867,0.32156810182659007,0.12023007553208497,0.21536909239045393,0.00011870524946987314,SVR
8.2,99.87374078010932,17.66818343037136,9.222140687303394,0.3221881961658204,0.12068551915911688,0.32235957069460125,0.12074847674591091,0.218525572887721,0.00011870524946987314,SVR
8.25,99.87428034942509,17.69074534801881,9.228718037262658,0.32305790800343176,0.12120694963320305,0.32322807701782813,0.12126974948366556,0.22104536159237698,0.00011870524946987314,SVR
8.3,99.87481991874087,17.714059438671356,9.234944667166667,0.3238414020169101,0.12171679397908486,0.3240119243007871,0.12178008430890147,0.2236352943080833,0.00010791386315443013,SVR
8.35,99.87589905737241,17.736764327303412,9.241360146331198,0.3246474968192389,0.12222467635413388,0.32481579920368664,0.12228720793685564,0.22623062271694733,0.00010791386315443013,SVR
8.4,99.87697819600395,17.76017048051483,9.247446488213109,0.32533975061106224,0.12271835638044527,0.32550665328327166,0.12278039466998315,0.22866408033107974,0.00010251816999670863,SVR
8.45,99.87751776531972,17.784121372551382,9.25326844113029,0.32595359919712086,0.12320158150620596,0.3261183787019329,0.12326335341181915,0.23079537912837972,9.712247683898712e-05,SVR
8.5,99.8780573346355,17.807636765617687,9.259225286376415,0.326591583193495,0.12368548388939758,0.32675440207015405,0.12374698150626416,0.23274322435831718,9.712247683898712e-05,SVR
8.55,99.87859690395126,17.830399508191572,9.26544112489411,0.32723961198491364,0.12416822247380546,0.32740159301596905,0.12422954472722988,0.23512272504087237,9.712247683898712e-05,SVR
8.6,99.87967604258282,17.85233073378733,9.271942935149164,0.32794302666011993,0.12465340026865047,0.3281013399600238,0.12471375833352952,0.23724323245185694,9.712247683898712e-05,SVR
8.65,99.88021561189858,17.874120675101775,9.278460932483691,0.3286451857359456,0.12513658951170586,0.3288020099507863,0.1251966887506886,0.23912632936390174,9.712247683898712e-05,SVR
8.7,99.88129475053013,17.8941400257734,9.285647995769777,0.32950652691101956,0.12563357490784557,0.32965998429067656,0.1256927360373978,0.2411712970706782,9.712247683898712e-05,SVR
8.75,99.8818343198459,17.91336490830314,9.293110239406905,0.33042074277112016,0.12613349321636208,0.3305736405458258,0.12619263757394644,0.24334036572008222,9.712247683898712e-05,SVR
8.8,99.88237388916167,17.932580282243478,9.30053471319193,0.33120898016003625,0.12661913819485188,0.3313610204251411,0.12667807088460759,0.24536914634738552,9.712247683898712e-05,SVR
8.85,99.88291345847745,17.951609751024503,9.30799695682906,0.33206125311736173,0.12710976088239495,0.33221236275632576,0.12716845694533604,0.24700404137417514,9.712247683898712e-05,SVR
8.9,99.88291345847745,17.970241769940394,9.315588697101973,0.3329431024156517,0.12760326473990855,0.33309510611724535,0.12766241561652492,0.2484285043678136,9.712247683898712e-05,SVR
8.95,99.88291345847745,17.987785953468784,9.323585114361716,0.3338355545531556,0.12809767434416364,0.33398846474642924,0.12815727975332356,0.2499339027588179,9.712247683898712e-05,SVR
9.0,99.88453216642476,18.004968559183062,9.331694841177772,0.33471559020789604,0.1285905808212821,0.3348664796158146,0.12864935254921414,0.2516281504103425,9.712247683898712e-05,SVR
9.05,99.8856113050563,18.022131247911,9.339777589528039,0.3355371707359186,0.12907688017877034,0.33568594188665796,0.12913500665330063,0.2533709593002865,9.712247683898712e-05,SVR
9.1,99.88723001300363,18.038660386062126,9.348076165604615,0.33635958833019475,0.12956181296458838,0.3365052447440634,0.12961863133065266,0.25538894854127436,9.172678368126562e-05,SVR
9.15,99.8877695823194,18.05422559363236,9.356720066043284,0.33719274827472706,0.13004586176826408,0.3373382214179609,0.130102762841689,0.2575688085769938,8.63310905235441e-05,SVR
9.2,99.88884872095095,18.068812829632297,9.365709290844048,0.33815188669044366,0.13053921224501794,0.3382949223830127,0.13059531528402063,0.26000226619112626,8.63310905235441e-05,SVR
9.25,99.88992785958249,18.082327416017815,9.375076214165853,0.33917101485434326,0.13103455269696287,0.33931068087657795,0.1310896107196203,0.262370975487366,8.63310905235441e-05,SVR
9.3,99.89046742889826,18.093511924215694,9.385333426858681,0.34047083923532234,0.13155498907519972,0.3406100977259222,0.1316098092314409,0.26436738195572296,8.63310905235441e-05,SVR
9.35,99.89100699821402,18.10568229202009,9.395153588405735,0.3417389946097025,0.1320701490027584,0.34187793663946064,0.13212475254355546,0.26668213432038546,8.63310905235441e-05,SVR
9.4,99.89208613684556,18.117798105530703,9.404946771487,0.3429249779801763,0.13257399240640377,0.3430622062193126,0.13262793615162227,0.26916415317293735,8.63310905235441e-05,SVR
9.45,99.89262570616134,18.129321103076887,9.414928803828785,0.343999352516821,0.13306366334061642,0.3441369998379551,0.13311768618301442,0.2714789055375999,8.09353973658226e-05,SVR
9.5,99.89424441410866,18.14206698966867,9.424376662547955,0.34513832066604433,0.1335567562788697,0.34527187663189957,0.13360933658946736,0.2737558880501584,8.09353973658226e-05,SVR
9.55,99.89478398342443,18.155954580537774,9.433322721803457,0.34603426057960535,0.13402337974821685,0.3461667556093292,0.1340756159680678,0.2760706404148209,8.09353973658226e-05,SVR
9.6,99.89586312205597,18.171405442009444,9.441594319414243,0.34691694694414915,0.13448498233090683,0.347047041590148,0.13453630625681942,0.27860661619895,8.09353973658226e-05,SVR
9.65,99.89640269137175,18.18578637026142,9.450238219852913,0.3478858511328258,0.1349500509357508,0.3480152157328738,0.13500105164210635,0.2816228086741163,8.09353973658226e-05,SVR
9.7,99.89748183000329,18.199831190032395,9.458957659995791,0.3487929519297696,0.13540361041620452,0.3489236776329648,0.13545481399016052,0.2844609432750778,8.09353973658226e-05,SVR
9.75,99.89802139931906,18.213877848255052,9.467612351820776,0.3497276759130862,0.13585337794751012,0.3498571918938772,0.13590433244310834,0.2881515973949593,8.09353973658226e-05,SVR
9.8,99.89856096863483,18.228245145324582,9.476062007305769,0.35060296819238873,0.1362885924096271,0.350731622976586,0.1363393075919439,0.29193397829852213,8.09353973658226e-05,SVR
9.85,99.8991005379506,18.242150743804032,9.484624972347072,0.3514467309761348,0.13671277540825677,0.35157448327266044,0.1367631131789156,0.29554369702103783,8.09353973658226e-05,SVR
9.9,99.89964010726638,18.25650172275102,9.492939735503121,0.35231407112602725,0.13713139784197265,0.3524403769113191,0.13718128546872266,0.29863542920041225,8.09353973658226e-05,SVR
9.95,99.90017967658216,18.271694145344163,9.500860613058656,0.3531310477896543,0.13753944212111308,0.353256685289606,0.13758909704185684,0.30152752073295097,8.09353973658226e-05,SVR
10.0,99.90017967658216,18.2879232511465,9.508306669616312,0.3538643178279098,0.13793306518717477,0.35399054836131083,0.1379830124223725,0.304549108901275,8.09353973658226e-05,SVR
10.05,99.90017967658216,18.303928027793223,9.515785100332915,0.35457233636751145,0.1383183134186983,0.35469927435349013,0.13836855706401335,0.3073494736501325,7.553970420810109e-05,SVR
10.1,99.9012588152137,18.321066793145086,9.52275633589269,0.35522120222518383,0.13869247572510646,0.35534564830677823,0.13874167423207154,0.30989624082057704,7.553970420810109e-05,SVR
10.15,99.90179838452947,18.338595840939014,9.529517139419315,0.3558340742339464,0.13905758090699094,0.35595678459203567,0.13910626733222395,0.31256710893364914,7.553970420810109e-05,SVR
10.2,99.90233795384525,18.35641695092358,9.536110676458051,0.356439133624341,0.13941696305004056,0.3565606526097476,0.13946516934234246,0.31502754501357016,7.553970420810109e-05,SVR
10.25,99.90233795384525,18.37474695955742,9.542450615918375,0.35700764112165667,0.13976783621725886,0.35712971586588316,0.13981629429050996,0.31762826911559194,7.014401105037959e-05,SVR
10.3,99.90395666179256,18.393141574890418,9.548715015674489,0.35759456407655404,0.14011550920559326,0.35771281307013036,0.140162385968598,0.31982971192394233,7.014401105037959e-05,SVR
10.35,99.90449623110833,18.410796121661612,9.555233013009016,0.358238826069831,0.14046500892910677,0.35835589863682504,0.14051139832528248,0.3219394279486114,7.014401105037959e-05,SVR
10.4,99.90449623110833,18.427934035002824,9.561918276831433,0.35888225099685434,0.14081120951439718,0.35899993864633073,0.1408578399706079,0.3239897913485456,7.014401105037959e-05,SVR
10.45,99.90611493905564,18.445215565297353,9.56850641817701,0.3594707085732168,0.14114875410609434,0.35958564615276606,0.14119408264133948,0.32564626914796607,7.014401105037959e-05,SVR
10.5,99.90611493905564,18.46175254301902,9.575364344180475,0.3600918117334743,0.14148810531820183,0.3602067744155023,0.14153361380318455,0.32693044411950384,6.474831789265808e-05,SVR
10.55,99.90665450837142,18.47876623904103,9.58200644245763,0.36073202790652503,0.14182847157897943,0.3608448055303521,0.1418734798327995,0.3281067052278871,6.474831789265808e-05,SVR
10.6,99.90773364700296,18.495417191954378,9.588772641677414,0.36132411276998705,0.14216404682190342,0.3614336792214385,0.14220787662410656,0.32912109554153873,6.474831789265808e-05,SVR
10.65,99.90773364700296,18.511661498348882,9.595679128919297,0.36194716908483643,0.142502245286688,0.3620573109385295,0.14254630169108684,0.3303836877404456,6.474831789265808e-05,SVR
10.7,99.90935235495027,18.527033096560004,9.602909357750644,0.36257803801805394,0.14284032082339146,0.3626834448410877,0.14288265870263933,0.3315977187009329,6.474831789265808e-05,SVR
10.75,99.91043149358183,18.542691155813813,9.60999929855989,0.3632365301376442,0.1431801262197345,0.3633416819195644,0.14322216198017015,0.33296282906983643,6.474831789265808e-05,SVR
10.8,99.91097106289759,18.55805646293826,9.617180966152818,0.36389404567993827,0.14351893558284665,0.3639976815000432,0.14356040626914832,0.3341282987919043,6.474831789265808e-05,SVR
10.85,99.91205020152914,18.57320858983296,9.624421986370479,0.36454151642718774,0.1438557756951284,0.3646420699681373,0.1438959452312265,0.3353585168318648,6.474831789265808e-05,SVR
10.9,99.9125897708449,18.588081716817513,9.631754733371823,0.3652014036572008,0.14419385397589807,0.3653007049267974,0.14423347435470393,0.33630276313446605,6.474831789265808e-05,SVR
10.95,99.9125897708449,18.603382576505716,9.638898631112646,0.36584482858422407,0.14453075369804136,0.3659432964341068,0.14457045591912046,0.33707434725602026,6.474831789265808e-05,SVR
11.0,99.9131293401607,18.617903472397444,9.646339291977144,0.36651043576697073,0.14487065092984988,0.36660764573477617,0.14490980568276363,0.3378837012296785,6.474831789265808e-05,SVR
11.05,99.91366890947646,18.632479568051163,9.653742182989538,0.3671798097478592,0.14521171071488267,0.36727589754445844,0.145250409694378,0.33870384658965214,6.474831789265808e-05,SVR
11.1,99.91528761742377,18.646497479675258,9.661350110341925,0.36789731503833645,0.1455578036955868,0.3679884798894024,0.14559462276446572,0.3395995316538339,5.935262473493657e-05,SVR
11.15,99.91528761742377,18.66012260778091,9.669098325716414,0.36862416756864674,0.1459054276848073,0.36871455238259815,0.14594232817975447,0.34048442533170026,5.935262473493657e-05,SVR
11.2,99.91582718673955,18.67280335093564,9.677202656839311,0.3693974772760382,0.146257373374203,0.36948554500828934,0.14629360297219343,0.3416984562921876,5.935262473493657e-05,SVR
11.25,99.91744589468686,18.68516413572009,9.685409506132205,0.37020719936546653,0.14661202262951217,0.3702907880332649,0.14664645144855532,0.34299342265004074,5.935262473493657e-05,SVR
11.3,99.91744589468686,18.69637720606577,9.694053406570875,0.37105403139214266,0.14697004173225464,0.3711380404795334,0.14700466106611007,0.3439430646457997,5.935262473493657e-05,SVR
11.35,99.91798546400264,18.70743011999151,9.702740472554806,0.37190797848197565,0.14732874013334865,0.37199026543759894,0.14736273560929097,0.34504378604997493,5.935262473493657e-05,SVR
11.4,99.9185250333184,18.71854983541158,9.711378977300319,0.3727602514393011,0.14768710412450003,0.37284108494346097,0.1477205065238519,0.3462146514652005,5.935262473493657e-05,SVR
11.45,99.91906460263418,18.72828685772472,9.720546259975288,0.3736628878828918,0.148049746656417,0.37374327690986753,0.1480828514196902,0.3473531427214797,5.3956931577215064e-05,SVR
11.5,99.91960417194996,18.737445705526078,9.729923974683407,0.37460375035206894,0.14841610592424467,0.37468301779851393,0.1484486365238274,0.34841609427355086,5.3956931577215064e-05,SVR
11.55,99.92014374126572,18.74592044296756,9.73955528696994,0.37554307819978083,0.14878249111615868,0.3756200957096957,0.1488143485744824,0.34934415349667897,5.3956931577215064e-05,SVR
11.6,99.92122287989727,18.75436502222544,9.749181203563316,0.37655620738886214,0.14915666567410588,0.37663010660575524,0.14918714057222807,0.35017509024296806,4.856123841949356e-05,SVR
11.65,99.92230201852881,18.761298943969255,9.759395250710883,0.3775927744330474,0.14953401367181224,0.37766424986365277,0.14956345171409488,0.3510114226824149,4.316554526177205e-05,SVR
11.7,99.92392072647613,18.7684568748392,9.769501383995294,0.3787009106419256,0.14991883986844298,0.37876655337163595,0.14994609279723264,0.35205818715501286,4.316554526177205e-05,SVR
11.75,99.92499986510767,18.774776622568645,9.779920467482855,0.37984085536844486,0.1503066533518638,0.3799045197576595,0.15033282598613343,0.35321286549076525,4.316554526177205e-05,SVR
11.8,99.9260790037392,18.780160064873716,9.79068487533251,0.38103506989041336,0.15069844926552267,0.38109551497872524,0.15072320030106068,0.35498265284649794,4.316554526177205e-05,SVR
11.85,99.926618573055,18.78620730293414,9.80114712436533,0.38222998196759345,0.15108771995094294,0.382290363666798,0.15111226145065199,0.3566769004980225,4.316554526177205e-05,SVR
11.9,99.926618573055,18.79123364784447,9.811987071919194,0.38346130642681014,0.151478962127065,0.38352203389903733,0.15150366065997883,0.3581337376506073,4.316554526177205e-05,SVR
11.95,99.92769771168653,18.79506553622336,9.823280257698306,0.38475736400964733,0.15187599572480182,0.3848155855701165,0.15189946053044306,0.3592398547479402,4.316554526177205e-05,SVR
12.0,99.92823728100231,18.80115559493132,9.833645384254288,0.386003755661431,0.15226767348878903,0.38606093408207326,0.15229053899333778,0.36055640387842425,3.237415894632904e-05,SVR
12.05,99.92931641963385,18.807032676823127,9.844075259128164,0.3872804212093906,0.15266248627517748,0.3873361485081154,0.1526844963586373,0.3612470526026126,3.237415894632904e-05,SVR
12.1,99.93039555826539,18.81450781601292,9.853852255129956,0.3884619402265112,0.1530494909387516,0.3885154245480659,0.15307043706082848,0.3620240324173245,3.237415894632904e-05,SVR
12.15,99.93093512758117,18.821764577987107,9.863699395142797,0.3897042860580684,0.15344318041517027,0.38975667084581955,0.1534635129151589,0.3629305088678217,3.237415894632904e-05,SVR
12.2,99.93147469689694,18.828050317457652,9.873918837983522,0.3909647683251229,0.1538396075992635,0.3910164714318111,0.153859575382817,0.36366971883042953,2.6978465788607532e-05,SVR
12.25,99.9320142662127,18.834768902981608,9.883949431563726,0.3922253901032195,0.15423714554487003,0.3922761188076043,0.15425659677665046,0.36447367711093004,2.6978465788607532e-05,SVR
12.3,99.93309340484426,18.841787898192226,9.893845132814986,0.3934684334899882,0.1546342546777398,0.3935158979963176,0.15465232628472086,0.36515353444880294,2.6978465788607532e-05,SVR
12.35,99.93525168210734,18.84760220865618,9.90421025937097,0.3947614218298954,0.15503789235063076,0.394802202609968,0.1550530315845192,0.3657038951508906,2.6978465788607532e-05,SVR
12.4,99.93525168210734,18.854317181154478,9.91420308309907,0.3960118593019052,0.15543918819226002,0.39605289183804576,0.15545446656929487,0.36636216971613256,2.6978465788607532e-05,SVR
12.45,99.93579125142311,18.861297714389455,9.9240772015777,0.3972335574992041,0.15583942621370742,0.39727435342900635,0.15585442312294998,0.3669395088840088,2.6978465788607532e-05,SVR
12.5,99.93579125142311,18.869708918240995,9.933368585195296,0.3983672242288205,0.15623317808925935,0.3984087485395271,0.15624836319311652,0.36741432988188827,2.6978465788607532e-05,SVR
12.55,99.9379495286862,18.87733077230005,9.942967523322883,0.399556974397436,0.1566348261785994,0.399592168882074,0.15664721835938247,0.36776504993714015,2.1582772630886026e-05,SVR
12.6,99.9379495286862,18.886066728974253,9.952113223225222,0.400616839785683,0.15702646288146685,0.40065269233011913,0.15703903560846735,0.36813195707186525,2.1582772630886026e-05,SVR
12.65,99.93848909800197,18.89544861371299,9.96099453416283,0.40166387015803984,0.15741970702775804,0.40169876239478663,0.15743179186124684,0.3684233245023822,2.1582772630886026e-05,SVR
12.7,99.93902866731774,18.905032583733064,9.969789514009918,0.40271899217084917,0.15781670459081767,0.40275291774106453,0.1578283313385077,0.36868771346711054,2.1582772630886026e-05,SVR
12.75,99.93956823663352,18.915750375889377,9.978125859938597,0.40373030771638085,0.1582125288085817,0.4037628099621533,0.1582234927039739,0.3689089368865771,2.1582772630886026e-05,SVR
12.8,99.94064737526507,18.926295629219137,9.98652695418517,0.4047474827256883,0.1586121475205478,0.40477748564703075,0.15862199124434825,0.36917332585130547,2.1582772630886026e-05,SVR
12.85,99.94118694458083,18.936286426366685,9.99514387615805,0.4058437604959721,0.15902243231022453,0.4058723628039563,0.15903161191456602,0.3694808803612956,2.1582772630886026e-05,SVR
12.9,99.94226608321239,18.945856712871183,10.003922668925664,0.40695552399194956,0.15943722173525895,0.406982061179316,0.15944543237187747,0.36976685209865484,2.1582772630886026e-05,SVR
12.95,99.94226608321239,18.955426132278202,10.01269606600012,0.40797702384356793,0.15984637355756834,0.40800415112349236,0.15985476653975705,0.3700312410633832,2.1582772630886026e-05,SVR
13.0,99.94280565252815,18.96418967538658,10.02178780897088,0.40910831888546556,0.16026960726541797,0.4091338908474466,0.16027758448896792,0.37024167309653433,1.618707947316452e-05,SVR
13.05,99.9438847911597,18.97415419045202,10.030393939557445,0.4102016669238614,0.16069247104932294,0.41022315598529374,0.1606988789695433,0.37053843622020904,1.618707947316452e-05,SVR
13.1,99.94442436047547,18.983337181101746,10.039307624654,0.4112813428801129,0.16111736164284127,0.4113023343518868,0.16112341435096325,0.37073807686704474,1.618707947316452e-05,SVR
13.15,99.94496392979124,18.99242948984522,10.048253683909504,0.4124028721490505,0.1615498882234396,0.4124224003109629,0.16155526716334948,0.3709593002865113,1.0791386315443013e-05,SVR
13.2,99.94496392979124,19.0008494912612,10.057464132129734,0.4135428168755698,0.16198775895281822,0.41356241441227437,0.16199327386960874,0.37117512801282015,1.0791386315443013e-05,SVR
13.25,99.94496392979124,19.009472723433888,10.066588249259441,0.41470912918908126,0.16243170114198205,0.4147288106202524,0.16243735426915215,0.3714287255912331,1.0791386315443013e-05,SVR
13.3,99.94604306842278,19.01788189009589,10.075793301786515,0.4158861838528486,0.16288030929097397,0.4159020228145092,0.16288440408049065,0.37166613609017285,1.0791386315443013e-05,SVR
13.35,99.94658263773856,19.02630596827385,10.084987562927271,0.4170456601252878,0.16333087341990887,0.4170600130861504,0.16333430759533157,0.37189815089595485,1.0791386315443013e-05,SVR
13.4,99.94658263773856,19.034206079030472,10.094386860408022,0.4182285742528314,0.1637874377793704,0.41824355943293334,0.16379106227626447,0.3721355613948946,1.0791386315443013e-05,SVR
13.45,99.94712220705433,19.043065589047167,10.103397667981417,0.41937772670814155,0.16424448844635103,0.41939050360892904,0.1642475115211116,0.3723675762006766,1.0791386315443013e-05,SVR
13.5,99.94874091500165,19.050673945747423,10.112904879325322,0.42062397884888275,0.16471484457742067,0.4206319985316187,0.16471579052744548,0.37254023838172373,1.0791386315443013e-05,SVR
13.55,99.94928048431741,19.058206924346635,10.122439069135016,0.4218837635607259,0.16519067357349962,0.42189029135333267,0.16519093030446294,0.37270750486961307,1.0791386315443013e-05,SVR
13.6,99.94982005363319,19.065636837041687,10.132011028796814,0.42322251152250284,0.1656783342235873,0.4232268755776289,0.16567791701687165,0.3728909584369756,1.0791386315443013e-05,SVR
13.65,99.95035962294895,19.072639297419347,10.141750254946501,0.42459362604608986,0.16617333415879595,0.4245954092668469,0.1661721257564971,0.37305822492486496,1.0791386315443013e-05,SVR
13.7,99.95035962294895,19.079107059889985,10.15169991312934,0.42604091359876534,0.16668004801297903,0.42604118233004573,0.16667882174191095,0.3732416784922275,1.0791386315443013e-05,SVR
13.75,99.95089919226473,19.085159802898623,10.16181144210691,0.4275106624292489,0.16719324051441048,0.42750949283639783,0.16719133089926605,0.3734898803774827,1.0791386315443013e-05,SVR
13.8,99.95251790021204,19.090458295742888,10.172219734208156,0.42903802932019663,0.16771623240644118,0.4290310806121623,0.167711852438096,0.37375426934221107,1.0791386315443013e-05,SVR
13.85,99.95251790021204,19.09539176813056,10.1827683143315,0.4305907872208402,0.16824582767902582,0.430584017835839,0.16824159040744815,0.37400786692062393,1.0791386315443013e-05,SVR
13.9,99.95413660815937,19.100273166374453,10.19333308153432,0.4321505206735984,0.16878050209505172,0.4321373542926239,0.1687737344263538,0.3742506731127214,5.395693157721506e-06,SVR
13.95,99.95467617747515,19.10399660196496,10.204356482655545,0.4338221419822697,0.16933050566971633,0.4338075404239699,0.16932303027886178,0.3744772922253457,5.395693157721506e-06,SVR
14.0,99.95521574679091,19.106978092783315,10.215671251207286,0.4355247347423286,0.16988793807951108,0.4355096708663967,0.16988008953228262,0.374763263962705,5.395693157721506e-06,SVR
14.05,99.95575531610669,19.10884118026834,10.227428466597962,0.4372723895690459,0.1704543364835895,0.43725686494539834,0.17044611490590478,0.374995278768487,5.395693157721506e-06,SVR
14.1,99.95683445473823,19.111340144251315,10.238926688717067,0.43917838942875786,0.1710408147749967,0.43916022339179384,0.17103128371933135,0.3752057108016381,5.395693157721506e-06,SVR
14.15,99.95683445473823,19.111912252312536,10.251191099264567,0.44114451854769504,0.17163799733781046,0.4411272015675859,0.17162867535307746,0.3754053514484738,5.395693157721506e-06,SVR
14.2,99.95845316268554,19.113202645188554,10.263164142381552,0.4431971445128498,0.17224860806592412,0.4431781429373407,0.17223798989187028,0.37566974041320217,5.395693157721506e-06,SVR
14.25,99.95899273200132,19.113656451210296,10.275466322781156,0.44531380604641374,0.17287033293361043,0.44529551367019865,0.17285967323813425,0.3759341293779305,5.395693157721506e-06,SVR
14.3,99.96007187063286,19.11350446623057,10.2880059136797,0.447549191476963,0.17350868546995227,0.4475267055959493,0.1734963473725047,0.37618233126318573,5.395693157721506e-06,SVR
14.35,99.96061143994864,19.114026690823632,10.300270324227203,0.44971314725386197,0.1741451898294621,0.4496892379574653,0.1741321710196956,0.3765222599321222,5.395693157721506e-06,SVR
14.4,99.96061143994864,19.113625444327216,10.31289624621627,0.4518932863116657,0.17478796722019097,0.45187023607902393,0.17477516917185737,0.376932332612109,5.395693157721506e-06,SVR
14.45,99.96061143994864,19.112166711856162,10.325937636578484,0.4542451634625241,0.1754522616082988,0.45422303996545393,0.17543969242341972,0.3772884483605186,5.395693157721506e-06,SVR
14.5,99.96061143994864,19.113223764103537,10.337964636627044,0.4564219542553133,0.17610443463577907,0.4564006885026448,0.17609208915713023,0.3777362908926095,5.395693157721506e-06,SVR
14.55,99.96061143994864,19.113545120073436,10.350277608412965,0.4587169109009188,0.17677287199031017,0.45869654945482025,0.17676075624137583,0.37811938510680776,5.395693157721506e-06,SVR
14.6,99.9611510092644,19.116719939590894,10.36144129755629,0.460769815888158,0.17742281749240274,0.4607479159024296,0.17740997495486346,0.37855104055942546,5.395693157721506e-06,SVR
14.65,99.96276971721171,19.119156121153747,10.372890958436976,0.46291103136516426,0.17808599289012728,0.4628828866050608,0.1780705437843857,0.37903125725046266,5.395693157721506e-06,SVR
14.7,99.96384885584327,19.12051762336287,10.384761483383963,0.46513734857796496,0.17876224532773327,0.4651062680470242,0.17874548894506528,0.379452121316765,5.395693157721506e-06,SVR
14.75,99.96384885584327,19.122679325202935,10.396302871048329,0.4673473429988183,0.17944184031726645,0.46731706169507614,0.17942529879589306,0.3798891724625404,5.395693157721506e-06,SVR
14.8,99.96546756379058,19.125141112071546,10.40771476207691,0.46943582330184036,0.18011454260175735,0.4693999523719565,0.18009576059169885,0.38043413747147026,5.395693157721506e-06,SVR
14.85,99.9670862717379,19.12647033493857,10.419569099944423,0.47164079532517134,0.18080325252922366,0.47160056168228326,0.18078250183762473,0.38095751970776925,5.395693157721506e-06,SVR
14.9,99.96762584105367,19.128758221076076,10.431029552211426,0.47376875725316037,0.18148930450225978,0.4737268068633854,0.18146780111190391,0.3814701105577528,5.395693157721506e-06,SVR
14.95,99.96762584105367,19.131396635218156,10.44233892507001,0.4757865054577435,0.1821694567523816,0.4757452085085252,0.1821481534020036,0.382047449725629,5.395693157721506e-06,SVR
15.0,99.96762584105367,19.135588496065925,10.45301700182914,0.47773073134304195,0.1828473930227132,0.47769006402443953,0.18282628876048257,0.3824952922577199,5.395693157721506e-06,SVR
0.0,52.06897854132831,13.241137753340752,7.934625781701047,0.08562950606745695,0.023949401510609973,0.11050364775494555,0.03226480902964669,0.0006474831789265808,0.01762772954627616,RF
0.05,52.98516723950942,13.277472216437063,7.939730107428251,0.08625381798168702,0.02423416737981076,0.10982934946384383,0.03217457677691569,0.0006474831789265808,0.017206865479973885,RF
0.1,53.61700290827861,13.321652318379572,7.941704931123977,0.0865589286311666,0.02449085602918835,0.10906147706551274,0.032150117615744475,0.0006474831789265808,0.016856145424721986,RF
0.15,55.509812068007314,13.335421710841528,7.9558524385835225,0.08806090451241819,0.02486667108998454,0.10838720192849781,0.03166392789094435,0.0006528788720843023,0.016311180415792114,RF
0.2,56.77941866801919,13.369416763678998,7.9619279890791175,0.08878343220041761,0.02517013844697081,0.10765728699717765,0.03145689448263065,0.0006528788720843023,0.015048588216885282,RF
0.25,58.44291086854473,13.395931535310197,7.97101433635672,0.08993983922992668,0.025518891405294668,0.10917961807337925,0.03184573735860186,0.0006528788720843023,0.014455061969535917,RF
0.3,59.38931544840907,13.428312923062569,7.97776434849703,0.09097277898701256,0.02585895833393976,0.11118563913217283,0.03254196645884698,0.0006582745652420238,0.014034197903233639,RF
0.35,61.050649371671526,13.462937442465796,7.983624071266315,0.09202692442252593,0.026204452017174824,0.11204068618699568,0.03278243983936883,0.0006582745652420238,0.013672686461666299,RF
0.4,62.65047239293596,13.505676442825195,7.986257169527283,0.09232645463031408,0.0264799219151769,0.11104438528317487,0.032704835256167165,0.0006582745652420238,0.012237432081712378,RF
0.45,63.810546421846084,13.515024029898019,8.002266191126242,0.094200227439258,0.026911425478248104,0.11219993681825101,0.03289875597402285,0.0006744616447151884,0.011573761823312632,RF
0.5,65.13842650796134,13.541583295469163,8.011401099642265,0.09559436128482247,0.027300157994266053,0.11230653181249636,0.03286928422102695,0.0006744616447151884,0.01120685468858757,RF
0.55,65.5965208570519,13.5825912408333,8.014762616479526,0.09612059693632544,0.02760819730523769,0.11240868989569967,0.03304845817706758,0.0006744616447151884,0.010964048496490101,RF
0.6,66.14634198982372,13.62290936866681,8.018415500747304,0.09664153116822152,0.027918933462737758,0.11251750148053286,0.033252525279521716,0.0006744616447151884,0.009771600308633648,RF
0.65,67.22440148273648,13.641888188849979,8.03062055867007,0.09810974537723988,0.028325087020150477,0.1126916832786201,0.03326778811595529,0.0006744616447151884,0.009221239606546056,RF
0.7,68.1945471124948,13.67274828565804,8.038082802307198,0.09929196194957184,0.02870725187748383,0.11281515320404788,0.033289480489947065,0.0006798573378729098,0.008821958312874663,RF
0.75,69.0044406554688,13.702355718678753,8.046052241101153,0.10063084942239103,0.029108376811477623,0.11353527136244214,0.03342173900169882,0.0006798573378729098,0.008579152120777195,RF
0.8,69.61253527434403,13.73510274823081,8.052769879082517,0.1017392646533537,0.029490823578936124,0.11392993521683527,0.03358626069510908,0.0006906487241883528,0.008395698553414665,RF
0.85,70.82117054167364,13.765284451626936,8.060518094457004,0.10295719605251089,0.02988776055096805,0.11341339286122433,0.03347895466667002,0.0006906487241883528,0.008077352657109096,RF
0.9,72.82674968839872,13.806960548667373,8.063685366340588,0.10348440828130986,0.030221418783108817,0.11158565486174911,0.03298996148375892,0.0006906487241883528,0.006922674321356693,RF
0.95,73.71757862873855,13.82204478005641,8.077503736517512,0.10606717620715148,0.03075847604629435,0.11356632414747155,0.0332602127251467,0.0006960444173460744,0.006561162879789352,RF
1.0,75.48952426173429,13.84820294429706,8.086897638305105,0.1076577416002547,0.03120367587520213,0.11572004740291766,0.03387562538358573,0.0006960444173460744,0.006269795449272391,RF
1.05,76.00805037419131,13.888212056909541,8.090755558912877,0.10852689539369675,0.031583005811260834,0.11649792043615298,0.03420039580108548,0.0006960444173460744,0.006161881586117961,RF
1.1,76.73215239595754,13.923572540494394,8.09647499366006,0.1094042803386337,0.031966922231400415,0.11701017256170454,0.03448322956564961,0.0006960444173460744,0.0060539677229635306,RF
1.15,77.86362925113175,13.943593392252259,8.108334727220733,0.11172476750497749,0.03249516986327636,0.11931812882257964,0.03489493475924226,0.0006960444173460744,0.005741017519815683,RF
1.2,79.07280408777714,13.975395884431208,8.115494812041028,0.11289805537060318,0.032916572562328626,0.1196860668722876,0.0350949250775057,0.0007014401105037959,0.004812958296687584,RF
1.25,80.13683477847981,14.010005371716575,8.121543384070835,0.11418950908904511,0.03335365858241059,0.12005421987611098,0.03531154095950249,0.0007122314968192389,0.004580943490905559,RF
1.3,81.36057798665105,14.037406289474374,8.130478651940022,0.11565800232014806,0.03381207410888088,0.12238440363954693,0.03602739397541896,0.0007122314968192389,0.0044244683893316355,RF
1.35,82.19313344088748,14.07119396773198,8.136861756945606,0.11743537299887227,0.03430510692796786,0.12429707077351292,0.036513902394473365,0.0007176271899769604,0.004311158833019484,RF
1.4,83.03755942007089,14.110891472633114,8.140886944041267,0.1181724098352695,0.03470153985953005,0.12501070894630137,0.03693674358894067,0.0007338142694501249,0.0038255464488245483,RF
1.45,85.66580155719704,14.12931913329527,8.153426534939811,0.12059780930541243,0.03526621755094695,0.12902594619788751,0.03809897558436581,0.0007769798147118969,0.003566553177253916,RF
1.5,86.66778177658593,14.156212767374464,8.162577630535306,0.12197757351362142,0.03573299745166959,0.130429663512302,0.03859972667184566,0.0012841749715377187,0.0033938909962068276,RF
1.55,86.82749429405449,14.200546149109554,8.16475209487787,0.12250157698844778,0.03612062110062216,0.13066406403181705,0.038939218863356516,0.0012841749715377187,0.003280581439894676,RF
1.6,87.30501313851285,14.237837175810503,8.169748506741918,0.1233916574382328,0.036547926837109106,0.13102594515620655,0.039196174759741235,0.001300362051010883,0.0028813001462232846,RF
1.65,89.57713952722936,14.26726685802114,8.177896003410078,0.12449267858395431,0.037000129792735946,0.13216453508095607,0.03969834996855178,0.0013489232894303767,0.0025521628636022728,RF
1.7,90.04332741605651,14.29474835048891,8.186825875586107,0.12601488356633736,0.03749768963982994,0.13347989568552251,0.04010560788360303,0.0013489232894303767,0.0024874145457096145,RF
1.75,90.6012420885649,14.327684993504436,8.193575887726416,0.12832713958118627,0.03807702639204513,0.13635262012696978,0.04085993402622309,0.0013489232894303767,0.002341730830451134,RF
1.8,90.89746564292382,14.358681639785413,8.201102879681438,0.1297209944046662,0.03857201810000832,0.137541770382814,0.04128634539570418,0.0014406500731116423,0.002271586819400754,RF
1.85,91.43811409732751,14.395721947353733,8.2062126011018,0.13040194780206438,0.039002484962500264,0.13804050988699734,0.04168146177630174,0.0015161897773197433,0.002169068649404046,RF
1.9,92.31815165135188,14.428145636308127,8.213173045275262,0.13161178756076902,0.0394887683520277,0.13876443222518353,0.041985718174339444,0.0015161897773197433,0.0018453270599407554,RF
1.95,92.60897951255308,14.44069646184388,8.228086741163203,0.13471576874059127,0.04016406725410386,0.14182920248201128,0.04261845660231041,0.0015539596294237938,0.001726621810470882,RF
2.0,93.25430441421658,14.468462618350005,8.236914095169237,0.13635362837702944,0.04070244110167592,0.14338859042648602,0.043151477305339095,0.001672664878893667,0.001629499333631895,RF
2.05,93.6023266228896,14.507330438392412,8.241300793706463,0.1373961943960331,0.04118808068256244,0.14406005247988196,0.043519608721293804,0.0018237442873098692,0.001564751015739237,RF
2.1,93.85322635472366,14.547067101058639,8.24533677218844,0.13827064960908203,0.04166158670288207,0.14464307892906217,0.04390699853848412,0.001937053843622021,0.0015539596294237938,RF
2.15,94.33937830823437,14.556520910931352,8.2614860818095,0.1410817971111459,0.04232819716922833,0.14700692163210213,0.04439455610342022,0.001958636616252907,0.0014622328457425283,RF
2.2,94.55682474249055,14.590009704984988,8.2680202662235,0.14217333150599193,0.04283296933364416,0.14788976913464008,0.04483047934332091,0.002266191126243033,0.00128957066469544,RF
2.25,94.97445139289819,14.61966471216987,8.276086827494295,0.14396158404601447,0.043410084322343556,0.14948457664229434,0.04533173505914004,0.0025413714772868296,0.0012194266536450606,RF
2.3,95.16384022273421,14.657715443637997,8.280791871927827,0.1453819459675287,0.04395618203362906,0.15094321437886263,0.045894835966848936,0.0025521628636022728,0.0011762611083832885,RF
2.35,95.38290536493771,14.684894239393484,8.289845845046484,0.1469100104136878,0.04451827932752239,0.1524119755622935,0.04643823569122132,0.002557558556759994,0.0011654697220678455,RF
2.4,95.57229419477373,14.72599637855981,8.293331462826371,0.1476377000102518,0.045008080344058954,0.15298419199783206,0.04688671214616621,0.002584537022548602,0.0010575558589134154,RF
2.45,95.69855341466442,14.740851150366947,8.30730630810487,0.15062616604706122,0.04572106043559634,0.15596127058372472,0.047581123628076566,0.0035395747114653083,0.0010035989273362003,RF
2.5,95.80754641645038,14.771077248176415,8.315124667490409,0.15236084634684596,0.04631700584635666,0.15763200252304815,0.048156171285056844,0.0035935316430425234,0.0009820161547053141,RF
2.55,95.94028046813034,14.807331483590314,8.320531152034446,0.153587008897498,0.0468692069958055,0.1587283188590004,0.04866810389533554,0.003631301495146574,0.0009658290752321497,RF
2.6,96.06492098007371,14.852032222321602,8.322559932661749,0.1541943004645692,0.04736690113398363,0.15920740507751063,0.049132420625130374,0.0036366971883042957,0.0008687065983931626,RF
2.65,96.2936983699611,14.867512235722852,8.336264993282361,0.1564126655479596,0.0480242915790497,0.1611959275596199,0.0497035172365891,0.004602526263536445,0.0008417281326045551,RF
2.7,96.46366270442932,14.901700856358097,8.342480831800057,0.15785702336874707,0.04861159465431535,0.16245274802969029,0.05022899586084056,0.004607921956694167,0.000820145359973669,RF
2.75,96.64711627179186,14.928292694730358,8.35173444556555,0.16007469089692614,0.04927983245584776,0.16448763273577902,0.0508281480915438,0.004732022899321761,0.000809353973658226,RF
2.8,96.76312367468287,14.960264951870093,8.358829782067954,0.16175161362520435,0.04990079800193829,0.16605444839238515,0.05141093014036387,0.00522842666983214,0.000798562587342783,RF
2.85,96.82733242325975,14.998277526904834,8.363486265263067,0.16277353200994968,0.05046032554274393,0.16702091622876183,0.05195739124363701,0.006544975800316187,0.0007931668941850615,RF
2.9,97.61456405497132,15.040746431648751,8.366351378329817,0.1632704703425726,0.050972969876013546,0.16639083187406034,0.052076821981049966,0.006679868129259225,0.0007338142694501249,RF
2.95,97.78129097354493,15.052226816449458,8.381599607193538,0.16629339560682663,0.0517345491853884,0.169242580230768,0.05276986206122501,0.0075593661139678305,0.0007068358036615174,RF
3.0,97.95557186253933,15.075756579686917,8.392018690681098,0.1688726757566111,0.05245831268908188,0.17163226016833386,0.053421283805130185,0.007861524930800235,0.0006960444173460744,RF
3.05,98.03111156674743,15.115937652041262,8.395774093118872,0.1698401848348648,0.053031665595452734,0.1725068703903481,0.0539660819918576,0.00798023018027011,0.0006852530310306313,RF
3.1,98.13740672195453,15.156305372758311,8.39944856015928,0.17054527364257854,0.05358435059604534,0.17306792164107299,0.05447318365726524,0.008401094246572385,0.0006798573378729098,RF
3.15,98.32949339836942,15.173988036993237,8.412193187397818,0.17344375505711346,0.054355623208978354,0.17573189725467384,0.055156129151280694,0.008465842564465044,0.0006744616447151884,RF
3.2,98.41258707299833,15.20298726721118,8.420400036690713,0.17510086721738705,0.05501138841281204,0.17729004330257522,0.055777664280048,0.009372319014962258,0.0006474831789265808,RF
3.25,98.49190376241684,15.233289797193079,8.428056525281521,0.1764082251946496,0.055634604069975536,0.1784957510655316,0.05636720135191337,0.011071962359644532,0.0006259004062956948,RF
3.3,98.54046500083633,15.26599449436198,8.434736393410779,0.1783343146444508,0.05632143227067432,0.18038024399325406,0.0570394081137576,0.011433473801211872,0.0006205047131379733,RF
3.35,98.58309097678233,15.2947491765807,8.442991803942093,0.18068382010759015,0.05705560968534502,0.18269642108950393,0.05776009490617315,0.011557574743839467,0.0006151090199802518,RF
3.4,98.62517738341256,15.334533070613572,8.446833537470392,0.18166053691463474,0.05766308088057075,0.18362010747052546,0.05835236146164117,0.01167627999330934,0.0006151090199802518,RF
3.45,98.65485369578003,15.352684786295043,8.459286797278413,0.18433859088235768,0.05843515138855048,0.18628962345219857,0.05911856881853237,0.014735638013737435,0.0005881305541916443,RF
3.5,98.68560914677904,15.379601631829464,8.46819508668181,0.18633080856620246,0.05914091305111424,0.18825964847974547,0.05981648505710907,0.016203266552637683,0.0005827348610339228,RF
3.55,98.71042933530457,15.417780928039692,8.47257638952588,0.1874382472198691,0.059763859780629126,0.18934510075815963,0.06043435846929841,0.017007224833138188,0.0005773391678762012,RF
3.6,98.83830726314255,15.451437242458493,8.478759853884629,0.18902337168232317,0.06043835120475751,0.1907418490228191,0.06104263164077875,0.01723384394576249,0.0005557563952453152,RF
3.65,98.90953041282448,15.475890536052137,8.488574619738525,0.19074410087787927,0.06112427332238705,0.19236704896569784,0.06169487416778766,0.020811188509331852,0.0005287779294567077,RF
3.7,98.97967442387487,15.504858557263592,8.496560245611953,0.19309472242935688,0.06187419272106166,0.1946239002191428,0.062409906729645866,0.020832771281962738,0.0005287779294567077,RF
3.75,99.0233795384524,15.539590991921758,8.50222572342756,0.19482005548930847,0.06256814953269067,0.19629162086495971,0.06308384544614005,0.021890327140876152,0.0005287779294567077,RF
3.8,99.04766015766215,15.567312623335607,8.51068077460571,0.19695750416817295,0.06330637802179791,0.1984084037304977,0.06381427209934035,0.022872343295581465,0.0005179865431412646,RF
3.85,99.06870336097727,15.606736334647458,8.51439840719138,0.19778354904954865,0.06391466007279026,0.19920542114407402,0.0644150034435458,0.026190694587580193,0.0005125908499835431,RF
3.9,99.26294831465525,15.643204230105397,8.519270718112802,0.19875189519405606,0.06453844378129903,0.1998414536520137,0.06492067016987084,0.026848969152822217,0.0005125908499835431,RF
3.95,99.29748075086466,15.665358491120307,8.529819298236148,0.20101685696557012,0.06528635741247477,0.20206165230857848,0.06565181134679512,0.03001084534324702,0.0005125908499835431,RF
4.0,99.33686931091603,15.688871609751807,8.539801330577932,0.20358162796695684,0.06606644566038136,0.20457578307912921,0.06641248743916861,0.030280630001133096,0.0005125908499835431,RF
4.05,99.40485504470333,15.731347074064118,8.542191622646804,0.20412055912330784,0.0666561936232707,0.2049957094501438,0.06696150986720462,0.030922717486901955,0.0005125908499835431,RF
4.1,99.44316446612314,15.768265953769863,8.546788753217182,0.2051378736436576,0.06729613567300269,0.20594746411576714,0.06757962604748503,0.031861568096345494,0.0005125908499835431,RF
4.15,99.51061063059467,15.793541496754637,8.556026179903201,0.2070999569423686,0.0680317989465283,0.20779713472070097,0.06827418855536574,0.03219610107212423,0.0005125908499835431,RF
4.2,99.54028694296213,15.817918283634041,8.565614326644472,0.2095602341730831,0.06882154188597739,0.21021453162114256,0.0690476517998838,0.03294610242104752,0.0005071951568258216,RF
4.25,99.56618627011919,15.855280554931833,8.569941672556965,0.21032489419585285,0.06944266857680867,0.21093456763977478,0.06965388907170494,0.037683521013527004,0.0004964037705103787,RF
4.3,99.57212153259269,15.884128381468093,8.577630535306719,0.2122172219734209,0.07017213042728102,0.2128235746396445,0.07038231246086059,0.03880582519033308,0.0004910080773526571,RF
4.35,99.57643808711886,15.915477922395967,8.584299612049662,0.21330373397074456,0.07082733484386987,0.21390646327242774,0.07103723154323627,0.03919971079084675,0.0004856123841949356,RF
4.4,99.5796755030135,15.941840693812896,8.592954303874647,0.21524391403581658,0.07157076151697632,0.21584955973861308,0.07178182602840284,0.03985258966293105,0.00047482099787949256,RF
4.45,99.5872294734343,15.953172580841711,8.607576632332073,0.21855102329320739,0.0724468878368407,0.21915596480429977,0.07265618862520645,0.043462308385446735,0.00047482099787949256,RF
4.5,99.59370430522357,15.973779087463477,8.618443558351723,0.22072474484306626,0.07321291498743904,0.22132598721421604,0.07342065004784466,0.04490295845855838,0.00047482099787949256,RF
4.55,99.59748129043398,16.007956439228515,8.623839251509445,0.2213741687449078,0.07383087570889575,0.22196950242433114,0.07403820352113608,0.04672670274586825,0.0004694253047217711,RF
4.6,99.60341655290746,16.045869522645216,8.627724150583004,0.2226261408383828,0.07451125075064616,0.22321477320447677,0.07471694736823871,0.0473418117658485,0.0004694253047217711,RF
4.65,99.64172597432729,16.0484790842777,8.645681017411901,0.22554457233196465,0.0753521483393346,0.22606753939210159,0.07553266818660276,0.050773472614159376,0.0004694253047217711,RF
4.7,99.65035908337964,16.074369677455074,8.654292543691625,0.2273877922226479,0.07609068421618544,0.2278997414191732,0.07626730502533408,0.051264480691512036,0.0004640296115640496,RF
4.75,99.6703231480632,16.09804300043772,8.663761985183427,0.22939605367635554,0.07684769317084929,0.22987417598336957,0.0770117967549173,0.05326628285302672,0.0004640296115640496,RF
4.8,99.68003539574711,16.129091586907933,8.670253004052165,0.2303757002152882,0.07750739234278851,0.23083708875175923,0.07766619159071589,0.055645783535581896,0.00045863391840632805,RF
4.85,99.68543108890483,16.151371029890353,8.680202662235004,0.23223105756665025,0.0782506306303343,0.2326869259431665,0.07840755349708317,0.05717276469921709,0.00045323822524860656,RF
4.9,99.78579098163846,16.175284433595042,8.689477858773127,0.23327822745004945,0.07891904518562795,0.23352832287926628,0.07900011352742538,0.05786880911656316,0.0004478425320908851,RF
4.95,99.79820107590122,16.19214625068978,8.70150485882169,0.23553732975778735,0.0797004068870138,0.23576546983926167,0.07977329021629474,0.062444356914310994,0.00043705114577544205,RF
5.0,99.81061117016398,16.215704464919327,8.710812429518759,0.237795315977187,0.08048229682115944,0.23800164115427444,0.0805468761641016,0.06400371223689251,0.0004316554526177205,RF
5.05,99.81330901674283,16.25031332534029,8.71566315766755,0.23900501622484932,0.08116343433903372,0.23921206311794882,0.08122843666639429,0.06553608909368543,0.000426259759459999,RF
5.1,99.81384858605861,16.2918413887239,8.717718916760642,0.23935532845202961,0.0817634499150472,0.23956187532164247,0.08182907346401716,0.06661522772522972,0.000426259759459999,RF
5.15,99.81708600195324,16.299078875696246,8.733463549394873,0.2426295131034408,0.08264958018097025,0.24283512866363233,0.08271415727870758,0.06813141750254946,0.000415468373144556,RF
5.2,99.82032341784787,16.329398638170755,8.739954568263611,0.24450035618049673,0.08340402119488276,0.24470216233513511,0.08346726968118033,0.06941019678092947,0.000415468373144556,RF
5.25,99.82302126442674,16.357625027554818,8.747222566947062,0.24602130556349922,0.0841214720192854,0.24621961412934792,0.08418372785657453,0.0729821456513411,0.000404676986829113,RF
5.3,99.82517954168982,16.389775739986497,8.75286646199004,0.24756876204453607,0.08483930275473484,0.24776501623164282,0.08490100902658802,0.07518898415284919,0.0003992812936713915,RF
5.35,99.82733781895291,16.42362299426622,8.757798125536198,0.24855580266870986,0.08550420843687308,0.2487486868490322,0.08556517769975083,0.07651632466964868,0.0003992812936713915,RF
5.4,99.82787738826869,16.461903369794047,8.760943814647149,0.24929311852719158,0.08614965671842859,0.24948523073929543,0.08621113421058801,0.0768454619522697,0.00038848990735594846,RF
5.45,99.83273351211064,16.47023583028839,8.776035568409295,0.25319412629159405,0.08710399182509675,0.25338147737308336,0.08716286906556622,0.07951633006534184,0.00038848990735594846,RF
5.5,99.83381265074217,16.495431162821028,8.784307166020083,0.25485891155919344,0.08783648870574484,0.25504545655992433,0.08789548354999241,0.08380590612573044,0.000383094214198227,RF
5.55,99.83543135868949,16.52655211631571,8.790156097403052,0.25568035257617366,0.0884852954983632,0.2558643958752188,0.08854387543747567,0.08526274327831525,0.0003776985210405055,RF
5.6,99.83597092800527,16.56153634481594,8.794445673463441,0.2567907209617282,0.08916658565442719,0.2569753454863832,0.08922574113178525,0.08565662887882892,0.0003776985210405055,RF
5.65,99.83758963595258,16.577136884633855,8.80642950796674,0.2588399986618681,0.08993623224190166,0.2590242096069868,0.0899951483207989,0.09030771638078486,0.00036690713472506246,RF
5.7,99.84136662116299,16.59797296111232,8.816260460900109,0.2607430687896921,0.09068895705860122,0.26092134298174985,0.09074563728201834,0.09212066928177928,0.00036690713472506246,RF
5.75,99.84352489842607,16.61534633689327,8.82745652420238,0.2630297942838027,0.09148310242881055,0.26320657092675753,0.09153902640935768,0.09264405151807827,0.0003615114415673409,RF
5.8,99.84568317568916,16.648610116895636,8.832264086805912,0.26407863829970923,0.09215901740967355,0.26425162593287105,0.0922139403612239,0.09608110805954687,0.00035611574840961944,RF
5.85,99.84730188363649,16.674994137013137,8.83972633044304,0.26499452829231707,0.09281230981501123,0.265164213434207,0.09286660514831563,0.10077536110676458,0.00035611574840961944,RF
5.9,99.84838102226803,16.70291191777854,8.846519508128612,0.26568357333016784,0.09344079451594581,0.265851718392668,0.09349497906388426,0.10244802598565825,0.0003453243620941764,RF
5.95,99.84838102226803,16.71147194599886,8.861001548563936,0.2687134741465363,0.09429416363000878,0.2688859406437109,0.09434953572840572,0.10541565722240508,0.0003453243620941764,RF
6.0,99.84946016089957,16.73294068639364,8.870282140795217,0.2710511211710812,0.09508163253875622,0.27122574297232155,0.09513765387294901,0.10748220770181241,0.0003453243620941764,RF
6.05,99.85107886884688,16.767685328618672,8.874204809720881,0.2714031075307689,0.09567556881184673,0.27157427655262967,0.09573089144112794,0.10979156437331722,0.00033453297577873344,RF
6.1,99.85107886884688,16.79617219599658,8.880587914726465,0.27216093151246673,0.09630809725172049,0.27233239246286284,0.09636420341394372,0.11280775684848354,0.00033453297577873344,RF
6.15,99.85377671542575,16.80798213767048,8.893591535236574,0.2748977196289921,0.09713107469948343,0.27506597010731537,0.09718570349287124,0.11378977300318885,0.00033453297577873344,RF
6.2,99.85431628474151,16.837818945130355,8.899321761370075,0.2758904802058997,0.09778146554437014,0.27605883246245877,0.09783644629482673,0.1183437380283058,0.0003291372826210119,RF
6.25,99.85431628474151,16.874317120436107,8.902305579686294,0.27642173825492483,0.09837962444907919,0.2765903067387862,0.09843534187398761,0.12189949981924428,0.0003291372826210119,RF
6.3,99.85485585405729,16.899635871860838,8.909713866391845,0.2782000855109451,0.09909730795328464,0.2783694649202438,0.09915342206763544,0.12498044061230326,0.0003237415894632904,RF
6.35,99.85539542337307,16.93178836535347,8.914337975428014,0.2791663389898183,0.09973441463868601,0.2793354737848864,0.09979081508634878,0.12586533429016958,0.00031834589630556887,RF
6.4,99.85539542337307,16.963312187085165,8.919194099269962,0.2800949244872743,0.10037126153760782,0.2802648451517034,0.10042844480951466,0.1271225307959187,0.00031834589630556887,RF
6.45,99.8564745620046,16.98445781750086,8.92815094991178,0.28211420731332254,0.10111212455905001,0.28228456038083505,0.1011694496084951,0.1302034715889777,0.0003075545099901259,RF
6.5,99.8564745620046,17.00875020379881,8.935796647116272,0.28390078572083766,0.10182850390014771,0.28407356695683184,0.10188676012810291,0.1342988026956883,0.0003075545099901259,RF
6.55,99.85701413132037,17.04245026647395,8.93961140217878,0.28409428753648835,0.10238543441253872,0.28426678885598805,0.10244416717478705,0.13544808533828298,0.0003075545099901259,RF
6.6,99.85755370063615,17.074987893406025,8.943868604080222,0.28506486585767243,0.10302024433416065,0.28523721569792887,0.10307924250506255,0.13676463446876702,0.0003075545099901259,RF
6.65,99.85755370063615,17.09265771725385,8.954017902909897,0.28649987643862673,0.1036973266829064,0.28667427331427736,0.10375720584452379,0.13989953219340323,0.00030215881683240436,RF
6.7,99.85755370063615,17.11130677360108,8.96371935920748,0.2885084169144189,0.10442724169591731,0.28868567896298136,0.1044880762120333,0.14353622938170751,0.0002913674305169614,RF
6.75,99.85917240858348,17.136677802625005,8.970674407687783,0.28896392046748287,0.10500346356147039,0.2891374247428028,0.10506334624197156,0.144960692375346,0.00028597173735923985,RF
6.8,99.85971197789925,17.154349028122173,8.980678022802199,0.2901443233962651,0.10565101971868976,0.29031722513818864,0.10571108454027396,0.14828443936050245,0.00028597173735923985,RF
6.85,99.86079111653079,17.16838573963553,8.992079122444466,0.29109899745862855,0.10627357542412623,0.2912705118681615,0.10633341901021269,0.14995710423939612,0.00028057604420151836,RF
6.9,99.86510767105696,17.173398967369938,9.00703598387767,0.29246955393804663,0.10693362727549267,0.2926311679840936,0.10698972227871414,0.153291642610868,0.0002751803510437968,RF
6.95,99.8661868096885,17.1781837069159,9.021987449617715,0.29521289907355946,0.10771719242469206,0.2953753062646892,0.1077731092934255,0.15813157937334418,0.0002751803510437968,RF
7.0,99.86672637900428,17.190572323597394,9.033830996098914,0.296813369750665,0.10838549491264238,0.29697645660935995,0.10844163940474806,0.1615902186874437,0.00026978465788607533,RF
7.05,99.86672637900428,17.21556015833928,9.040591799625538,0.2976328576130532,0.10897704372713353,0.2977946632376301,0.10903365461839014,0.16223230617321255,0.00026978465788607533,RF
7.1,99.86672637900428,17.24468716063581,9.045663751193796,0.2980050730738724,0.10952570853931877,0.2981673754254779,0.1095829573331775,0.1649301527520733,0.00026438896472835385,RF
7.15,99.86672637900428,17.2204715701686,9.072016316576109,0.3021128362029429,0.11043366377350913,0.30227992193899045,0.11049196100315298,0.16735821467304798,0.0002589932715706323,RF
7.2,99.86672637900428,17.24046735481485,9.080638634242147,0.30333007004688856,0.1110608140890298,0.3034985008050311,0.11111982421141428,0.17043915546610694,0.0002535975784129108,RF
7.25,99.86672637900428,17.26486720565775,9.087421020541404,0.30422810262608385,0.11164968799683125,0.30439759212474193,0.11170937227454401,0.17424311914230062,0.00024820188525518933,RF
7.3,99.86672637900428,17.28988557647528,9.09389585233067,0.30453921225038183,0.11217729756676904,0.3047091169294274,0.11223758657354567,0.1762988782353925,0.00024820188525518933,RF
7.35,99.86780551763582,17.3071616092582,9.103430042140364,0.30657412031316605,0.11287180465107562,0.30674356569847855,0.11293180388743039,0.17837622010111528,0.00024820188525518933,RF
7.4,99.86834508695159,17.32467047840237,9.11284013100743,0.3071971766280155,0.11343045627896671,0.30736578610290183,0.11349047939410235,0.18021615146789832,0.0002428061920974678,RF
7.45,99.86834508695159,17.340358985940735,9.122924681519212,0.3094075895819956,0.11414014985868848,0.30957757636596445,0.11420085749666532,0.18303270329622895,0.0002428061920974678,RF
7.5,99.86942422558313,17.368212976133307,9.128050590019047,0.3098971338293774,0.11467331732965587,0.31006553308372636,0.11473377097629733,0.18792120129712464,0.00023741049893974628,RF
7.55,99.86942422558313,17.393493267692005,9.13415311898043,0.31061031427754365,0.11522476230439577,0.31077936660345445,0.11528580869962311,0.19009026994652867,0.0002320148057820248,RF
7.6,99.86996379489891,17.42574913609282,9.137439096113482,0.3108151164876196,0.11572818395517197,0.3109833151946059,0.1157893527859011,0.1907485445117707,0.0002320148057820248,RF
7.65,99.87050336421468,17.434063945717728,9.150248471669913,0.31381906825012273,0.11650016712635651,0.31398976125515277,0.11656177469430565,0.19507589042426335,0.0002320148057820248,RF
7.7,99.87104293353045,17.463944675423726,9.154343802776623,0.314250854925998,0.11701393885177604,0.3144201297070678,0.11707544876558555,0.1991280559857122,0.0002320148057820248,RF
7.75,99.87104293353045,17.4872954487626,9.160996692440094,0.3158756005244614,0.11763973424289384,0.3160464144704853,0.11770189531170312,0.20087626056881397,0.00022661911262430328,RF
7.8,99.87158250284622,17.517433855348102,9.16489238289997,0.31640825368390946,0.11815835814691042,0.3165779053567087,0.11822042757912803,0.2040165539866079,0.00022661911262430328,RF
7.85,99.87266164147778,17.541247077207203,9.171264696519238,0.3168756156755678,0.11866697777358393,0.317042163190111,0.11872828460906826,0.20594281644391446,0.00022661911262430328,RF
7.9,99.87374078010932,17.57339855143775,9.174275493301247,0.31734339620035285,0.11917663132787687,0.3175076681775698,0.11923760993387436,0.20719461725650587,0.00022661911262430328,RF
7.95,99.87374078010932,17.57892007481581,9.187840265899759,0.32023183281984324,0.11991004516715613,0.3203989182005305,0.119971766017015,0.213275563445258,0.00022661911262430328,RF
8.0,99.87374078010932,17.598676753839865,9.195637042512667,0.3212050618508306,0.12045116446347759,0.3213729585140925,0.12051342353474298,0.21620002913674305,0.00022661911262430328,RF
8.05,99.87374078010932,17.62442643102383,9.200994965818284,0.32150752179050684,0.12092549316732133,0.3216753817578701,0.12098820457250219,0.21785650693616354,0.00021582772630886026,RF
8.1,99.87374078010932,17.653097032077188,9.205155045242886,0.3218782026298608,0.12140651706140335,0.3220463915202136,0.12146971494181848,0.22016046791451063,0.00021043203315113877,RF
8.15,99.87374078010932,17.65622872109807,9.219469819190323,0.32433736377223693,0.12208530999933048,0.32450866150546465,0.12214925663414268,0.22228097532549518,0.00021043203315113877,RF
8.2,99.87481991874087,17.676475510132725,9.226883501589032,0.3251574096787944,0.12260145549899801,0.32532720674658694,0.1226649041787769,0.22592846390011492,0.00020503633999341726,RF
8.25,99.87589905737241,17.69620876722952,9.23441588923721,0.3260162396551073,0.12311173492693966,0.32618596340415873,0.12317511793624131,0.23044465907312783,0.00020503633999341726,RF
8.3,99.87589905737241,17.72322856520141,9.238980645648644,0.3265334070888617,0.12358487865666538,0.32670307502309526,0.1236486782971132,0.23240869138253845,0.00020503633999341726,RF
8.35,99.87589905737241,17.74319030232804,9.246334975422618,0.3276098742911408,0.12411173945972212,0.32778032105368365,0.12417603454857379,0.233347541991982,0.00020503633999341726,RF
8.4,99.87589905737241,17.762906764160316,9.2537648449008,0.3280443116768195,0.12457761783530515,0.32821529825016343,0.12464238534956594,0.23454538587299617,0.00019964064683569574,RF
8.45,99.87589905737241,17.778777607432858,9.262656947224725,0.3292844253317002,0.12511372781222346,0.3294563940724894,0.12517899958093198,0.24037813017649312,0.00018884926052025274,RF
8.5,99.87643862668818,17.804016121767187,9.267696524634037,0.3298409348793793,0.12557029370169406,0.3300118122568934,0.12563545861334569,0.24537993773370095,0.00018884926052025274,RF
8.55,99.87751776531972,17.824973879854998,9.274397975535928,0.33021022060831046,0.126004837893548,0.3303800804295917,0.12606979459548462,0.24588713289052677,0.00018345356736253123,RF
8.6,99.87751776531972,17.844572407740294,9.281628204367275,0.33099092440094324,0.12648150039039774,0.33116048447916324,0.1265468161802997,0.24683137919312806,0.00018345356736253123,RF
8.65,99.87913647326704,17.86040608907914,9.290293687578576,0.3322956316684023,0.12700178698248488,0.33246266068100405,0.12706611799189296,0.25189253937507083,0.00018345356736253123,RF
8.7,99.88021561189858,17.884214089881866,9.295710963508927,0.3328026147960698,0.12743957843564616,0.33296791689310734,0.12750341853935304,0.2537270750486961,0.00018345356736253123,RF
8.75,99.88129475053013,17.912417112687297,9.299342265004073,0.33304717765319725,0.12785175523534703,0.3332093126252614,0.1279148979383499,0.2547684438281364,0.00017805787420480972,RF
8.8,99.88129475053013,17.938693401997096,9.303691193689197,0.33367469832139984,0.12829644948741284,0.3338367410176486,0.1283599439196644,0.2583242056190749,0.00017805787420480972,RF
8.85,99.88129475053013,17.96367204459278,9.308509547679042,0.3339082398061868,0.12869899678669008,0.3340705600579105,0.12876287274501239,0.2604501087232171,0.0001726621810470882,RF
8.9,99.8818343198459,17.991350344578635,9.312205597492081,0.33420442174895987,0.12910468344130846,0.3343652877254016,0.12916824057269657,0.26236018410105055,0.0001726621810470882,RF
8.95,99.8818343198459,18.004350632366677,9.321718204529144,0.33582679565970447,0.1296342159944512,0.3359893016411508,0.12969827330332057,0.26539256365569003,0.0001726621810470882,RF
9.0,99.88453216642476,18.0287363876618,9.326612098223197,0.3364657562333745,0.13006202970987552,0.3366211829579892,0.1301233181570265,0.26896451252610165,0.00016726648788936672,RF
9.05,99.88453216642476,18.05494673631829,9.330745199182013,0.33683071711999485,0.13046236820411208,0.3369862863995592,0.1305239938276807,0.2690022823782057,0.0001618707947316452,RF
9.1,99.88723001300363,18.08002790247321,9.335309955593445,0.33741317572153906,0.13088469279077283,0.33756169762969684,0.1309435037060963,0.2707073214160457,0.0001618707947316452,RF
9.15,99.88830915163517,18.086721578519256,9.347202063313064,0.3391173031030631,0.1314157828926507,0.3392643629960135,0.13147371915116385,0.27221811550020775,0.00015107940841620218,RF
9.2,99.88884872095095,18.108423696985614,9.353029411923403,0.33950514380061825,0.13181330825229096,0.3396509423260789,0.1318708972193796,0.27662100111690846,0.00015107940841620218,RF
9.25,99.88938829026671,18.125536078370015,9.360642734968948,0.34000501186512927,0.13221738917341408,0.34014924990276985,0.1322745820761081,0.2771551747395229,0.00015107940841620218,RF
9.3,99.88938829026671,18.136199687573445,9.370808220878095,0.3409125311952,0.13266060450549075,0.34105609818071825,0.13271802436714722,0.27897352333367503,0.00015107940841620218,RF
9.35,99.89046742889826,18.142353731533984,9.382759681222447,0.34251607111523574,0.13317300013731878,0.3426588292335115,0.13322986741335388,0.2793728046273464,0.00015107940841620218,RF
9.4,99.89100699821402,18.142521049433686,9.397090642249356,0.3434548409187786,0.13362306262960294,0.3435967724476181,0.13367972839493658,0.28160122590148545,0.00015107940841620218,RF
9.45,99.8915465675298,18.15226145223321,9.407493538657443,0.34427851411243543,0.1340494033571418,0.3444194839573925,0.13410571579765043,0.2872720994102507,0.00014028802210075918,RF
9.5,99.89208613684556,18.16199318314431,9.417815499668166,0.3452863418819098,0.1344831571662664,0.3454265400981997,0.1345391082678247,0.28995915460279603,0.00014028802210075918,RF
9.55,99.89208613684556,18.178556938080117,9.42538026147529,0.34586056933195924,0.13487504303782502,0.3459998516093835,0.13493116594107873,0.2913134735853841,0.00014028802210075918,RF
9.6,99.89208613684556,18.196791919743355,9.432254374558228,0.3462104630260126,0.13524538901579,0.3463499836333878,0.1353017943443602,0.29186383428747176,0.00014028802210075918,RF
9.65,99.89208613684556,18.18090564379312,9.452693260239677,0.3486248411238149,0.13580588963364348,0.34876669067103105,0.1358627680083479,0.29891060955145604,0.00013489232894303767,RF
9.7,99.89262570616134,18.195444715875368,9.460867735373625,0.34924859499387584,0.1361808325317306,0.3493888121684833,0.1362372490896442,0.30115521790506816,0.00013489232894303767,RF
9.75,99.89478398342443,18.213393896991693,9.46765012167288,0.3498639782013996,0.1365540457987845,0.35000148455746516,0.13660912630178942,0.30262824213712614,0.00013489232894303767,RF
9.8,99.89694226068751,18.230625358416052,9.474702292630022,0.3504795009199657,0.13692812993753434,0.35061161668341057,0.13698095283174685,0.3026552206029148,0.00012410094262759467,RF
9.85,99.89748183000329,18.249627198713586,9.480999066545083,0.35112683215617296,0.13730106051518992,0.3512588357323798,0.13735385688778395,0.3068206957206758,0.00012410094262759467,RF
9.9,99.89748183000329,18.259375295360552,9.490959516114238,0.3520368626850048,0.1376967652098513,0.35216952085685116,0.1377498498840207,0.3072577468664512,0.00012410094262759467,RF
9.95,99.89802139931906,18.27221559485565,9.499635790711853,0.3534674089126059,0.13813896648071036,0.35360102182085296,0.13819231081616334,0.310943005293175,0.00011870524946987314,RF
10.0,99.8991005379506,18.29377519995431,9.50478328198432,0.35402754574738443,0.1384935300069067,0.354158323658086,0.13854582562535694,0.311466387529474,0.00011870524946987314,RF
10.05,99.8991005379506,18.313971710367113,9.5104649468794,0.3544483110509192,0.13883642939512691,0.3545795139403497,0.1388889858692921,0.3127073969557499,0.00011870524946987314,RF
10.1,99.8991005379506,18.331857920854343,9.517053088224978,0.3547703025365153,0.1391703488267985,0.35490183064176384,0.13922315609701802,0.3129232246820588,0.00011870524946987314,RF
10.15,99.90017967658216,18.34623751278213,9.524968570087356,0.3559548907965661,0.1395786208248093,0.35608390848402355,0.13963035850783032,0.31878294745134433,0.00010791386315443013,RF
10.2,99.90179838452947,18.36872024523452,9.529587283430367,0.35628706658824927,0.1398982783785102,0.3564107808221398,0.13994800195792786,0.31946280478921724,0.00010791386315443013,RF
10.25,99.90287752316101,18.389287123348726,9.534934415349667,0.3566743492416353,0.14022020114926187,0.3567948693674961,0.14026867127072018,0.3229915881143671,0.00010791386315443013,RF
10.3,99.90395666179256,18.407119615751494,9.541328311741568,0.35709497503412774,0.14054061112477673,0.35721218516378167,0.14058793359828048,0.32387648179223344,0.00010251816999670863,RF
10.35,99.90449623110833,18.422668027841276,9.548628684583965,0.3579801725974327,0.1409084094622267,0.3580964393268379,0.1409552449363982,0.3239682085759147,0.00010251816999670863,RF
10.4,99.90449623110833,18.446405448805333,9.55264308029331,0.3582453830888185,0.14121782386088977,0.3583616240575514,0.14126483873752665,0.32483691517430785,9.712247683898712e-05,RF
10.45,99.90611493905564,18.45599777094127,9.562236622727738,0.35884653617002904,0.14154955132734207,0.3589575357827597,0.14159481914188773,0.3311660632483152,9.172678368126562e-05,RF
10.5,99.90773364700296,18.470178895629257,9.569920089784334,0.35962668191849256,0.14188900902298224,0.359734680766032,0.14193302722432516,0.33261750470774226,9.172678368126562e-05,RF
10.55,99.90881278563451,18.486774788371875,9.576626936379382,0.3602318808199295,0.14221313117533838,0.36033598790261595,0.14225576707127416,0.33266067025300405,9.172678368126562e-05,RF
10.6,99.90935235495027,18.50316100406734,9.583414718371795,0.3606303243566985,0.14251998570504576,0.36073270728269374,0.14256203122697794,0.3331732611029876,9.172678368126562e-05,RF
10.65,99.91097106289759,18.50774437737662,9.594858983559323,0.36171613879881076,0.1428857592953776,0.36181615829949015,0.1429263624561469,0.3378621184570476,9.172678368126562e-05,RF
10.7,99.91205020152914,18.52036024414823,9.603044250079586,0.3625501358095967,0.1432224655253164,0.3626471211535346,0.14326174866670047,0.3388926958501724,9.172678368126562e-05,RF
10.75,99.9125897708449,18.533595830107373,9.610959731941964,0.363391108372497,0.1435595227198659,0.36348798807588645,0.14359869594057786,0.3399988129475053,8.63310905235441e-05,RF
10.8,99.91420847879223,18.554607866384174,9.615745711772863,0.36380838589997455,0.1438553767839239,0.36390085208506584,0.1438927834054436,0.3407757927622172,8.63310905235441e-05,RF
10.85,99.91420847879223,18.570443102528632,9.622571263617381,0.36449017636362646,0.1441747536169041,0.36458211092269965,0.14421225327534137,0.34259414135636934,8.63310905235441e-05,RF
10.9,99.91528761742377,18.581102354791554,9.63145257455499,0.36528413370527646,0.1445056233409369,0.365373222620642,0.14454189351074295,0.3427344293784701,7.553970420810109e-05,RF
10.95,99.91582718673955,18.58893783503648,9.641440002589933,0.3662616875785747,0.14485373596538148,0.36634962691910977,0.14488945063003084,0.34464450475630354,7.014401105037959e-05,RF
11.0,99.91636675605533,18.608899954197863,9.646555119703454,0.36686632843584255,0.14516511383631378,0.36695293514348354,0.14520024881701443,0.34528119654891465,7.014401105037959e-05,RF
11.05,99.91744589468686,18.621856672881687,9.654465205872672,0.36762750068255523,0.14549377226851706,0.36771175046981314,0.14552783419760298,0.3452919879352301,7.014401105037959e-05,RF
11.1,99.91798546400264,18.630392866491157,9.66413428801131,0.36855566764688424,0.14584031718891055,0.3686386936024753,0.14587398298310122,0.34616069453362325,7.014401105037959e-05,RF
11.15,99.91798546400264,18.643436008647782,9.671974230169479,0.3694051503833639,0.14617817310517206,0.36948775660569927,0.14621193549254347,0.34832976318302733,7.014401105037959e-05,RF
11.2,99.91798546400264,18.65786102503872,9.679231437466614,0.370055829884586,0.14649479633016121,0.37013897019672637,0.14652874501914462,0.34884235403301084,7.014401105037959e-05,RF
11.25,99.91906460263418,18.676453214444727,9.684815979884856,0.370578159226905,0.14680125816050418,0.3706580043308511,0.14683382800214448,0.34886393680564176,7.014401105037959e-05,RF
11.3,99.92122287989727,18.690731813272325,9.692116352727252,0.37119158927983686,0.14711804939796594,0.37126447035699045,0.14714786440310568,0.3497596218698235,7.014401105037959e-05,RF
11.35,99.92230201852881,18.707349578689048,9.69847247926705,0.37168978321184026,0.14742552939098671,0.37176029867864724,0.14745425263648626,0.34977041325613895,7.014401105037959e-05,RF
11.4,99.92553943442344,18.723682632008636,9.704941915363158,0.37229330798076976,0.1477463552201072,0.37235418338508053,0.1477710933512744,0.34984595296034704,7.014401105037959e-05,RF
11.45,99.92553943442344,18.73577648683993,9.713073224951843,0.3729593336966433,0.14807077268066726,0.3730207053970139,0.1480956865254698,0.3530186205370873,7.014401105037959e-05,RF
11.5,99.92553943442344,18.753155190867336,9.719051652970599,0.3736381944284072,0.14839286470381235,0.37369909468398166,0.14841785678145117,0.3538009960449569,7.014401105037959e-05,RF
11.55,99.9260790037392,18.768851890491042,9.725693751247753,0.3741907976669023,0.1487045171149246,0.3742496700144712,0.14872883415378207,0.35410315486178934,7.014401105037959e-05,RF
11.6,99.926618573055,18.77940043487271,9.734386212924843,0.3746493704628965,0.14900870866532737,0.37470613990507406,0.14903233298024568,0.355117545175441,6.474831789265808e-05,RF
11.65,99.92715814237076,18.78527168420395,9.744902418889243,0.3756650108507389,0.14936207089371106,0.37572063698312075,0.1493850876940493,0.3580581979463992,6.474831789265808e-05,RF
11.7,99.92769771168653,18.79895204332284,9.752267540049532,0.37645882868134645,0.1496924356521852,0.3765131400493523,0.14971482222716173,0.3580851764121878,5.935262473493657e-05,RF
11.75,99.92931641963385,18.806237235868426,9.762190219766582,0.3774836767979799,0.15004860426209696,0.3775341498255958,0.15006932124168001,0.3581283419574496,5.935262473493657e-05,RF
11.8,99.93039555826539,18.81195996508058,9.77273340419677,0.37864678035751853,0.15042088211381402,0.3786952430401071,0.15044049816172417,0.35895388301058095,5.3956931577215064e-05,RF
11.85,99.93093512758117,18.816545454008683,9.783692057000103,0.3798949856528519,0.1507981861120296,0.3799425454820335,0.15081729791545803,0.36136575785208247,5.3956931577215064e-05,RF
11.9,99.93093512758117,18.807372514002992,9.80013273405168,0.3818184243928495,0.15124087198025388,0.38186619670095306,0.1512601173356343,0.3613765492383979,5.3956931577215064e-05,RF
11.95,99.9320142662127,18.804954643361626,9.813870168831238,0.38347414144270037,0.1516615076352382,0.38351905610479087,0.15167942731646095,0.3614736717152369,4.856123841949356e-05,RF
12.0,99.93255383552848,18.809190706380825,9.824942131190884,0.3849988576238446,0.1520724290911672,0.38504259098959,0.15208972300218987,0.36211036350784803,4.856123841949356e-05,RF
12.05,99.93309340484426,18.817300399062,9.834454738227947,0.38618037664096516,0.15245226198887146,0.38622296169192644,0.15246893720793897,0.3621319462804789,4.856123841949356e-05,RF
12.1,99.93363297416002,18.82778341033114,9.84301770326925,0.38690653161606403,0.1527913781843771,0.38694765319367197,0.15280739758810527,0.3621535290531098,4.856123841949356e-05,RF
12.15,99.9341725434758,18.81206586446264,9.862021334570745,0.38932383944575427,0.1532914393501458,0.3893646037006441,0.1533069107396338,0.3651157645966989,3.7769852104050545e-05,RF
12.2,99.93525168210734,18.814563097409494,9.873719197336685,0.39064947336955647,0.15368622645139857,0.3906875900071809,0.15370045717337222,0.3651319516761721,3.7769852104050545e-05,RF
12.25,99.93525168210734,18.823305092011097,9.882918854170601,0.39192544136230456,0.1540799627337717,0.39196382629729004,0.15409432751571786,0.36515353444880294,3.7769852104050545e-05,RF
12.3,99.93633082073889,18.833325863737738,9.891605920154532,0.39314686053751896,0.15447189691976265,0.39318207030748054,0.1544848295230993,0.3652182827666956,2.6978465788607532e-05,RF
12.35,99.93740995937043,18.844057833702156,9.900007014401105,0.39441376031251846,0.1548718904967181,0.39444621588731055,0.15488357879768497,0.36532080093669234,2.6978465788607532e-05,RF
12.4,99.93848909800197,18.845007546001685,9.912319986187025,0.39627302397306474,0.15533304575066617,0.39630515659840515,0.15534422321636657,0.3653477794024809,2.6978465788607532e-05,RF
12.45,99.93848909800197,18.85187204250399,9.922237270210918,0.3974016683051587,0.15572240062242068,0.397434495597104,0.1557337594650755,0.3675492222108313,2.6978465788607532e-05,RF
12.5,99.93848909800197,18.866265226243577,9.929127570373328,0.3984934817220894,0.15610917532644839,0.3985269810116672,0.15612071328330618,0.3676409489945126,2.6978465788607532e-05,RF
12.55,99.93956823663352,18.877429093943924,9.937307441200433,0.39930013456858726,0.1564717547210299,0.3993310747269479,0.1564821771294059,0.36776504993714015,2.1582772630886026e-05,RF
12.6,99.9401078059493,18.885149848550203,9.946863213782759,0.4000078740861044,0.15682818102928553,0.40003764079860915,0.15683809609849073,0.36778123701661336,2.1582772630886026e-05,RF
12.65,99.9401078059493,18.894412620675116,9.955782294572472,0.40121799286689364,0.1572336308538015,0.4012479264018313,0.15724367944486967,0.36925965694182905,2.1582772630886026e-05,RF
12.7,99.9401078059493,18.90936849021487,9.962413601463313,0.4018868088036129,0.15758857582450217,0.4019171431471423,0.15759878097993713,0.369319009566564,2.1582772630886026e-05,RF
12.75,99.94118694458083,18.92104261448169,9.970356061791477,0.4026376572331965,0.15795499487509576,0.4026653499762448,0.15796398284817445,0.3694323191228761,2.1582772630886026e-05,RF
12.8,99.94172651389661,18.933535792207252,9.977969384837023,0.4034931389444945,0.15833509135341142,0.4035181794250237,0.1583433043026933,0.36945390189550703,2.1582772630886026e-05,RF
12.85,99.94226608321239,18.945854939190784,9.985636664814145,0.4043129058289672,0.15871292378503316,0.40433735808147886,0.15872081284844916,0.37065174577652116,2.1582772630886026e-05,RF
12.9,99.94280565252815,18.958894442282133,9.993007181667593,0.4048911790992429,0.15906958566428883,0.40491391894270273,0.15907680038808303,0.37070030701494067,1.618707947316452e-05,RF
12.95,99.94334522184393,18.959736361212027,10.005255405135621,0.40612320111367095,0.15949342959433305,0.40614501168289885,0.15950014667127127,0.3707488682533602,1.618707947316452e-05,RF
13.0,99.94334522184393,18.968800866079647,10.014212255777439,0.4075823471049408,0.159942950242395,0.4076038680976957,0.1599497618067769,0.3709161347412495,1.618707947316452e-05,RF
13.05,99.94334522184393,18.97795332986266,10.023131336567152,0.40878074695817784,0.160371171604028,0.4088023889260803,0.16037811858545137,0.3710024658317731,1.618707947316452e-05,RF
13.1,99.94334522184393,18.985674446494475,10.032622360831585,0.40963022969465757,0.1607695252840869,0.4096517948474313,0.16077658980964388,0.37102404860440397,1.618707947316452e-05,RF
13.15,99.94442436047547,18.985981543879205,10.045070224946448,0.41128287750157816,0.16124867590248182,0.4113012176429304,0.16125423579173484,0.37170390594227687,1.618707947316452e-05,RF
13.2,99.94442436047547,18.988621340296998,10.056579238451867,0.41298491221746797,0.16173595649647088,0.4130039196242509,0.1617417048317493,0.37176865426016953,1.618707947316452e-05,RF
13.25,99.94496392979124,18.99453307146707,10.066777098519962,0.41462639914100574,0.16222176364443017,0.4146442203734796,0.16222686681495377,0.37189275520279713,1.618707947316452e-05,RF
13.3,99.94550349910702,19.00769327317275,10.074072075669202,0.415383107034365,0.16262540137909157,0.41539910235812366,0.16262994021542107,0.37207081307700196,1.0791386315443013e-05,RF
13.35,99.94604306842278,19.01800017526927,10.082505544074719,0.4166498672983224,0.16308250658853754,0.4166654206107982,0.16308668685430763,0.372243475258049,1.0791386315443013e-05,RF
13.4,99.94712220705433,19.01680979272541,10.095536143050618,0.41831479207696404,0.1635823042201203,0.4183279837179798,0.1635853150716175,0.3722812451101531,1.0791386315443013e-05,RF
13.45,99.94712220705433,19.01919205732474,10.107136883339718,0.42027269004440654,0.1641155421044428,0.42028663835668195,0.16411875781468263,0.37232980634857255,1.0791386315443013e-05,RF
13.5,99.94820134568587,19.03467795611716,10.113493009879514,0.42133674076392225,0.164566089131889,0.4213471214498183,0.16456783899056276,0.37255102976803917,1.0791386315443013e-05,RF
13.55,99.94874091500165,19.042666448482006,10.122843746121845,0.42271469132858147,0.16505113457014642,0.42272406240620164,0.1650524571224736,0.37277764888066345,1.0791386315443013e-05,RF
13.6,99.94928048431741,19.04090172088503,10.136090172824051,0.4241315654740386,0.16554368649616139,0.424139513083098,0.16554432846589542,0.3734413191390632,1.0791386315443013e-05,RF
13.65,99.94982005363319,19.047299241090656,10.14606141377952,0.4258294148586597,0.16606673870412006,0.42583383148348086,0.16606649701094198,0.3735114631501136,1.0791386315443013e-05,RF
13.7,99.94982005363319,19.056816426773494,10.154780853922398,0.4269782882918854,0.16654064581517097,0.42698328171021366,0.16654059164516297,0.37374887364905335,1.0791386315443013e-05,RF
13.75,99.9514387615805,19.07214730872034,10.16116935462114,0.42774532000237403,0.16698141158017915,0.4277441898479294,0.1669788783923986,0.3741211764769361,1.0791386315443013e-05,RF
13.8,99.95197833089627,19.082688615443445,10.169467930697717,0.42866065195081293,0.16744008569051697,0.42865779205804216,0.16743683557722083,0.37454204054323836,5.395693157721506e-06,RF
13.85,99.95197833089627,19.094360703692384,10.177307872855886,0.4296608066129614,0.1679107932956434,0.429658427241908,0.16790771763630924,0.37458520608850016,5.395693157721506e-06,RF
13.9,99.95197833089627,19.101779808204576,10.186847458358738,0.43084776656073115,0.16840413637302326,0.4308459574615103,0.16840124544419038,0.37470930703112776,5.395693157721506e-06,RF
13.95,99.95197833089627,19.107857495391592,10.196921217484205,0.43215651964841656,0.16891402912060666,0.43215533933622674,0.1689113302679748,0.374801033814809,5.395693157721506e-06,RF
14.0,99.9535970388436,19.12164048803932,10.203908640123453,0.43319434229198256,0.1694017862086134,0.4331869243550502,0.16939679898098783,0.37523268926742676,5.395693157721506e-06,RF
14.05,99.95467617747515,19.133290985496142,10.211743186588466,0.43429578197083085,0.169899900613479,0.4342844658162796,0.16989328200664963,0.3752758548126885,5.395693157721506e-06,RF
14.1,99.95467617747515,19.138384206394775,10.22220003992813,0.4352412483044034,0.1703877851355414,0.4352292442712241,0.17038122781351822,0.3752974375853194,5.395693157721506e-06,RF
14.15,99.95575531610669,19.13916506262313,10.234378119385108,0.4371338551040559,0.17097220841947586,0.4371203627510783,0.1709646657842517,0.3755240566979437,5.395693157721506e-06,RF
14.2,99.95683445473823,19.143136724326325,10.245277419563704,0.43872204880944027,0.17153206961092238,0.4387048022758065,0.17152289498038367,0.37563736625425587,5.395693157721506e-06,RF
14.25,99.95791359336977,19.145338865710023,10.256883555545963,0.44080662280327837,0.1721457283933679,0.4407852385954495,0.1721348922773575,0.3756481576405713,5.395693157721506e-06,RF
14.3,99.95899273200132,19.147927741796874,10.268327820733491,0.4428058160392374,0.17275554101242493,0.44278174946155885,0.17274340319911696,0.3760852087863467,5.395693157721506e-06,RF
14.35,99.95953230131708,19.148644139337733,10.280516691576784,0.4451480669281779,0.17340392794631726,0.4451226980751168,0.1733910898148624,0.37631722359212877,5.395693157721506e-06,RF
14.4,99.95953230131708,19.132358388999787,10.299498740105648,0.44847247555481207,0.17415235148041047,0.44844845255805416,0.17413977027647112,0.3770510378615789,5.395693157721506e-06,RF
14.45,99.96007187063286,19.12423128829055,10.315200207194618,0.4512767870158039,0.17485426145360647,0.45125160308541007,0.17484099506999629,0.37774708227892495,5.395693157721506e-06,RF
14.5,99.9611510092644,19.125405214617253,10.327167854618443,0.4538649958722947,0.1755389267500264,0.4538377606511894,0.17552460974022005,0.37835139991258976,5.395693157721506e-06,RF
14.55,99.9611510092644,19.13058593417266,10.33752218978811,0.4558129885557348,0.17616621182827596,0.4557865104042404,0.17615209715560753,0.3788963649215196,0.0,RF
14.6,99.9611510092644,19.13314953025949,10.34891789373722,0.45721744621842836,0.17674562359713097,0.45719151389661067,0.17673169217230164,0.37904744432993587,0.0,RF
14.65,99.96169057858017,19.112428739859116,10.369621168383397,0.46187111605596404,0.17764557968044364,0.461845057658883,0.1776311769843799,0.3793280203741374,0.0,RF
14.7,99.96276971721171,19.110526136288296,10.382786659688238,0.46399810140665715,0.17830576853215835,0.46396812850850666,0.17828970003111047,0.38002946048464115,0.0,RF
14.75,99.96330928652749,19.115171600486224,10.393319052732108,0.4659703690114551,0.17895498754522618,0.46593973216743584,0.17893847050048609,0.38079564891303763,0.0,RF
14.8,99.96438842515903,19.12212993372391,10.402917990859695,0.46829406493177134,0.17964305892181615,0.46826145893224363,0.1796255221016228,0.3809737067872424,0.0,RF
14.85,99.96600713310634,19.130919464741755,10.411772323331517,0.4698924429432426,0.1802653942990088,0.4698553101527499,0.18024587883187218,0.38215536358878344,0.0,RF
14.9,99.96654670242214,19.123408978694297,10.427128466058392,0.4733004186842063,0.18106639768696894,0.47326412323569256,0.18104681945297268,0.38264097597297836,0.0,RF
14.95,99.96654670242214,19.1264689958744,10.438243593963298,0.47503077414168,0.18170969844326212,0.47499505774783946,0.1816903160847407,0.38333702039032447,0.0,RF
15.0,99.96870497968521,19.138331236838926,10.445824542849897,0.4766267804654324,0.18234383089141082,0.47658326254486566,0.18232135053289342,0.38409241743240546,0.0,RF
0.0,3.9555826539256365,11.398366321389075,7.377417944996304,0.036373737477945096,0.007677803225960669,0.04130752584913382,0.009355746079217839,0.0,0.006960444173460744,ADR
0.05,5.666556954239126,11.448037184106461,7.377417944996304,0.036373737477945096,0.007745068830488815,0.03983527709007807,0.00883307800353868,0.0,0.006582745652420239,ADR
0.1,5.666556954239126,11.497708046823833,7.377417944996304,0.036373737477945096,0.007813113334007861,0.03983527709007807,0.008911674241626625,0.0,0.006582745652420239,ADR
0.15,5.666556954239126,11.547379323029098,7.377417944996304,0.036373737477945096,0.007881945769997838,0.03983527709007807,0.008991180581258501,0.0,0.006474831789265808,ADR
0.2,6.559004602526263,11.534897196262678,7.402281299067084,0.037659471243653306,0.008076141691702838,0.04241481539980256,0.009220831363902476,0.0,0.006474831789265808,ADR
0.25,6.601630578472263,11.584573454673217,7.402281299067084,0.037659471243653306,0.008147255530280067,0.0423078970167552,0.009259340101092688,0.0,0.006474831789265808,ADR
0.3,6.794796393518693,11.634249713083761,7.402281299067084,0.037659471243653306,0.00821919282829835,0.041840194393710776,0.009161116899302853,0.0,0.006474831789265808,ADR
0.35,7.748215374488083,11.665021984003141,7.4098460608742105,0.037855065724938346,0.008311016383436056,0.041191344846796644,0.009082174552358964,0.0,0.006259004062956948,ADR
0.4,8.333648082100867,11.714709033799998,7.4098460608742105,0.037855065724938346,0.008384734016646406,0.041255763289090315,0.009116022908799239,0.0,0.006259004062956948,ADR
0.45,8.491741891622107,11.764396083596848,7.4098460608742105,0.037855065724938346,0.008459305259818667,0.040969060363451514,0.00908223699252308,0.0,0.006259004062956948,ADR
0.5,8.49228146093788,11.71008644907865,7.451446855120243,0.039864024733857424,0.008729374975300613,0.04351608005591206,0.009409431734188851,0.0,0.006151090199802518,ADR
0.55,9.69660017374132,11.759778894568669,7.451446855120243,0.039864024733857424,0.008806742636256536,0.04322761782872405,0.009347960491550669,0.0,0.006151090199802518,ADR
0.6,9.712247683898712,11.809471340058668,7.451446855120243,0.039864024733857424,0.008885006172503691,0.04319963022222221,0.009419582006088202,0.0,0.006151090199802518,ADR
0.65,10.427177027296812,11.8588940008908,7.451554768983398,0.03986681495470315,0.008964447698091644,0.04260988522639067,0.009340609632695748,0.0,0.006151090199802518,ADR
0.7,11.704877167045264,11.902529780811259,7.453977435211215,0.03992945541268958,0.009050604534970337,0.04265113649564375,0.009363780466268103,0.0,0.006151090199802518,ADR
0.75,12.070165593823011,11.95222222630127,7.453977435211215,0.03992945541268958,0.009131652953954579,0.042142852749217696,0.009255012806228848,0.0,0.006151090199802518,ADR
0.8,12.300022122341947,12.00191467179129,7.453977435211215,0.03992945541268958,0.009213639869399288,0.04183849236708193,0.009221076878745037,0.0,0.006151090199802518,ADR
0.85,13.542650256565208,11.946836245391232,7.495885783967237,0.042096619943561044,0.009507681085049383,0.04381169863341169,0.00947416434134543,0.0,0.006151090199802518,ADR
0.9,13.542650256565208,11.995993420580431,7.496101611693546,0.042102200385252475,0.009593275357896166,0.04381169863341169,0.009557819636209252,0.0,0.006043176336648088,ADR
0.95,13.542650256565208,12.045695299300984,7.496101611693546,0.042102200385252475,0.009679316025309798,0.04381169863341169,0.009642443613733556,0.0,0.005935262473493658,ADR
1.0,13.576643123458856,11.975317384952222,7.544134072183583,0.044560942994501765,0.01000456440609833,0.04596576551943406,0.00992399216277398,0.0,0.005935262473493658,ADR
1.05,17.31423977381254,12.025021911333845,7.544134072183583,0.044560942994501765,0.010093905704029496,0.04482840100969178,0.009601257888698863,0.0,0.005719434747184797,ADR
1.1,17.31423977381254,12.074735939596476,7.544134072183583,0.044560942994501765,0.010184281854959388,0.04482840100969178,0.009685780328063482,0.0,0.005719434747184797,ADR
1.15,17.31423977381254,12.124449967859123,7.544134072183583,0.044560942994501765,0.010275704512395152,0.04482840100969178,0.00977128149114865,0.0,0.005719434747184797,ADR
1.2,18.8746742350256,12.06639851452916,7.58724026482062,0.0467844699864568,0.01058361034572732,0.04643894594208284,0.009971041828273042,0.0,0.005719434747184797,ADR
1.25,19.216761181225145,12.116117089820133,7.58724026482062,0.0467844699864568,0.010678335061427588,0.04607253887406991,0.00993504084510511,0.0,0.005611520884030367,ADR
1.3,19.433128476849777,12.165836513775941,7.58724026482062,0.0467844699864568,0.010774156667196869,0.04584744913371834,0.009948596261379028,0.0,0.005611520884030367,ADR
1.35,21.484031446099724,12.214197695144573,7.58778522982955,0.04681572045992887,0.010874132108580264,0.045363100987015584,0.009866477109718698,0.0,0.005503607020875937,ADR
1.4,22.39158703522848,12.263922514793537,7.58778522982955,0.04681572045992887,0.010972202542831898,0.04536248565025663,0.009920679108885652,0.0,0.005503607020875937,ADR
1.45,22.69212714411357,12.313648533807868,7.58778522982955,0.04681572045992887,0.011071408620573445,0.04510413696024347,0.009920174156685332,0.0,0.005395693157721507,ADR
1.5,22.69212714411357,12.267528921329246,7.626127025408319,0.048833050131385114,0.011367209530202768,0.04626241887007799,0.010120443818544026,0.0,0.005287779294567077,ADR
1.55,24.90544047741093,12.317264532364524,7.626127025408319,0.048833050131385114,0.01146979040529687,0.04607732120109189,0.01011361258752608,0.0,0.005287779294567077,ADR
1.6,25.033857974564704,12.367000143399785,7.626127025408319,0.048833050131385114,0.01157355911094206,0.0459735908267954,0.010169103925894131,0.0,0.005287779294567077,ADR
1.65,26.13673765600298,12.416735754435065,7.626127025408319,0.048833050131385114,0.01167852940156787,0.04579778695293145,0.010211710618362355,0.0,0.005287779294567077,ADR
1.7,27.90868328899872,12.461804090888899,7.627993935240891,0.04901776275137183,0.01180261077927294,0.046307754079344204,0.010367509585371311,0.0,0.005287779294567077,ADR
1.75,28.676490425342493,12.511539701924175,7.627993935240891,0.04901776275137183,0.01191012353342133,0.04576016256797185,0.010265456596415014,0.0,0.005287779294567077,ADR
1.8,28.841059066652996,12.561275312959454,7.627993935240891,0.04901776275137183,0.012018881226588733,0.04564658834094141,0.010316661437546606,0.0,0.005287779294567077,ADR
1.85,31.085667420265146,12.53173470227489,7.65970442392882,0.05065757554240205,0.01228863352769197,0.04621694924668471,0.01042136474765336,0.0,0.005287779294567077,ADR
1.9,31.08674655889669,12.581475143535142,7.65970442392882,0.05065757554240205,0.012400799297574384,0.04621714000069427,0.010514735333942793,0.0,0.005179865431412647,ADR
1.95,31.08674655889669,12.631216150263562,7.65970442392882,0.05065757554240205,0.012514263905558088,0.04621714000069427,0.010609009601877734,0.0,0.005179865431412647,ADR
2.0,31.378653558729425,12.613403078657324,7.68672605526269,0.05224214196068696,0.012782560565779429,0.04700318913249075,0.01072896838321657,0.0,0.005179865431412647,ADR
2.05,36.19377013268009,12.662874300727873,7.686833969125844,0.052244932181532686,0.01289977509582517,0.04674964003637502,0.010703434827578866,0.0,0.005179865431412647,ADR
2.1,36.19484927131164,12.712345522798405,7.686941882988998,0.05224772240237841,0.013018345292109278,0.04674901709873138,0.010799309323011068,0.0,0.005179865431412647,ADR
2.15,36.19484927131164,12.762086529526844,7.686941882988998,0.05224772240237841,0.013138015247206482,0.04674901709873138,0.010896562549263196,0.0,0.005179865431412647,ADR
2.2,37.930104190834875,12.763778888685753,7.706161342016802,0.05324159906762421,0.01335536107501745,0.04746635924719404,0.011150605821280699,0.0,0.005179865431412647,ADR
2.25,38.613738513918186,12.813519895414188,7.706161342016802,0.05324159906762421,0.013478342531667216,0.047083760102845,0.01110978004367975,0.0,0.005179865431412647,ADR
2.3,39.10474659127085,12.86299111748474,7.706269255879957,0.05324438928846993,0.013603018498481887,0.04681721952700278,0.011111700312206112,0.0,0.005179865431412647,ADR
2.35,41.19395898194062,12.893361585776939,7.7140174712544445,0.05404574071536099,0.013806926208661037,0.04794363345820343,0.011339960426684635,0.0,0.005179865431412647,ADR
2.4,42.14629882427846,12.943102592505374,7.7140174712544445,0.05404574071536099,0.013934658401933319,0.048102931264482576,0.011494022687540436,0.0,0.005179865431412647,ADR
2.45,42.47759438416256,12.992843599233796,7.7140174712544445,0.05404574071536099,0.014063869664295119,0.04792942074309304,0.011537049288372172,0.0,0.005179865431412647,ADR
2.5,42.47759438416256,12.968744545098811,7.743553495599812,0.05635827575229452,0.01441862339687992,0.04987178192442044,0.011830325844735081,0.0,0.005179865431412647,ADR
2.55,44.790188471562,13.018485551827247,7.743553495599812,0.05635827575229452,0.014552063680560383,0.04992100844466396,0.011942990844449027,0.0,0.005179865431412647,ADR
2.6,45.16680785397096,13.068226558555667,7.743553495599812,0.05635827575229452,0.014687049129902152,0.049720344526872844,0.011982708557607212,0.0,0.005179865431412647,ADR
2.65,46.04576626936379,13.117698264603995,7.743661409462967,0.05636106597314023,0.01482386856545893,0.049865921957392936,0.012140534914144678,0.0,0.005071951568258216,ADR
2.7,47.58030140341979,13.105286281848626,7.7685247635337475,0.05893253350455664,0.015211132436817671,0.05296694636093532,0.012671358352664499,0.0,0.005071951568258216,ADR
2.75,48.38479925323607,13.155032684270214,7.7685247635337475,0.05893253350455664,0.015352219080620086,0.052516170530705994,0.01263171771600109,0.0,0.005071951568258216,ADR
2.8,48.8240086762746,13.204779086691811,7.7685247635337475,0.05893253350455664,0.015494939430761098,0.052276341839159204,0.01266238572182896,0.0,0.005071951568258216,ADR
2.85,50.63642200795325,13.235618280502012,7.776089525340873,0.05932372246712673,0.01567741854398672,0.05258731180870788,0.01287372788960817,0.0,0.004964037705103786,ADR
2.9,50.63696157726903,13.285370078616765,7.776089525340873,0.05932372246712673,0.015823672113186832,0.052587302481698926,0.012991599697801686,0.0,0.004964037705103786,ADR
2.95,50.63696157726903,13.3351218767315,7.776089525340873,0.05932372246712673,0.01597161921890185,0.052587302481698926,0.01311076701610922,0.0,0.004964037705103786,ADR
3.0,50.883544754576896,13.280871689231168,7.817690319586906,0.06334164048496488,0.016510549059948334,0.055990259925347806,0.013524797269893824,0.0,0.004964037705103786,ADR
3.05,54.84128568576562,13.330353702688035,7.81779823345006,0.0633444307058106,0.01666433218845185,0.0562528711223054,0.013767771508225564,0.0,0.004964037705103786,ADR
3.1,54.84182525508139,13.380110878519659,7.81779823345006,0.0633444307058106,0.016819623159496904,0.05625257205824477,0.01389362920455579,0.0,0.004856123841949356,ADR
3.15,54.84344396302872,13.429598287669682,7.817906147313215,0.06335001114750205,0.016977255796469963,0.05625294680401011,0.014021000210137092,0.0,0.004856123841949356,ADR
3.2,56.16053266282853,13.473029031250151,7.820436727404186,0.06347808228432064,0.017148575161619908,0.05685418515814148,0.014367142032129111,0.0,0.004856123841949356,ADR
3.25,56.785353930492676,13.522786225058057,7.820436727404186,0.06347808228432064,0.01730939393366011,0.0565131055662188,0.014380710418254559,0.0,0.004856123841949356,ADR
3.3,57.27744114647688,13.572543418865967,7.820436727404186,0.06347808228432064,0.01747207489931528,0.05624972142359212,0.014420862077652565,0.0,0.004856123841949356,ADR
3.35,58.76341504211339,13.5175297407838,7.862345076160209,0.06781241134606356,0.01805884949470739,0.06039579652550776,0.015082164029174483,0.0,0.004856123841949356,ADR
3.4,59.41197735967151,13.566747365275937,7.862560903886518,0.06782357222944646,0.018228714762821462,0.06064994322041594,0.01532294486532323,0.0,0.004856123841949356,ADR
3.45,59.66503536876865,13.616234774425948,7.862668817749673,0.06782636245029217,0.018399728698419753,0.060502371263983216,0.015416237369211607,0.0,0.004856123841949356,ADR
3.5,59.666114507400195,13.546182014109894,7.910593364376554,0.072721525902025,0.01904670983016391,0.06434643955109828,0.01593116254903355,0.00010791386315443013,0.004748209978794926,ADR
3.55,61.44939109602715,13.595674818953077,7.910701278239709,0.07274384766879079,0.019226186395886753,0.06481822173050242,0.016219095001435688,0.0,0.004748209978794926,ADR
3.6,61.725650585702496,13.645437408454125,7.910701278239709,0.07274384766879079,0.01940555355163764,0.06464452035874753,0.01631431593867008,0.0,0.004748209978794926,ADR
3.65,62.349392714735096,13.695199997955195,7.910701278239709,0.07274384766879079,0.01958699768116426,0.06494632313896533,0.016560814161185895,0.0,0.004748209978794926,ADR
3.7,63.418819098595506,13.637197105863654,7.953807470876746,0.0771909016527008,0.020201391937522076,0.06906541138034304,0.017298249087241487,0.0,0.004748209978794926,ADR
3.75,63.94382004284181,13.686959695364717,7.953807470876746,0.0771909016527008,0.02038940723087813,0.0687110834788919,0.017347115628645625,0.0,0.004748209978794926,ADR
3.8,64.35713013872328,13.736722284865786,7.953807470876746,0.0771909016527008,0.020579599638723762,0.06843586240201216,0.017419059925768,0.0,0.004748209978794926,ADR
3.85,65.66666486810227,13.785122461844509,7.954352435885676,0.07725340259964497,0.020778082629614038,0.069257036630458,0.017842397065509715,0.0,0.004748209978794926,ADR
3.9,65.6682835760496,13.834885051345578,7.954352435885676,0.07725340259964497,0.02097273852350981,0.06925787883817427,0.018008086292913627,0.0,0.004748209978794926,ADR
3.95,65.6682835760496,13.88464764084663,7.954352435885676,0.07725340259964497,0.021169648426425387,0.06925787883817427,0.018175429493359964,0.0,0.004748209978794926,ADR
4.0,65.83393135599165,13.840098878842811,7.992079122444465,0.08114129632607252,0.021745511166452493,0.07190905969904599,0.018575414371870075,0.0007230228831346818,0.004532382252486066,ADR
4.05,68.64185007526991,13.888064702522357,7.9928021453276,0.08129085216340318,0.021963626327943294,0.0730892959376179,0.019110434626017997,0.0,0.004532382252486066,ADR
4.1,68.64292921390145,13.93783808340972,7.9928021453276,0.08129085216340318,0.022169609884578338,0.07308855338081088,0.01928799378562078,0.0,0.004532382252486066,ADR
4.15,68.64562706048034,13.987611464297103,7.9928021453276,0.08129085216340318,0.022377978618385717,0.073088526194163,0.019467907897305785,0.0,0.004532382252486066,ADR
4.2,69.66811091386856,14.032717570603044,7.994669055160172,0.08166027740337663,0.022624551325216027,0.07441645081243513,0.019996392552384855,0.0,0.004532382252486066,ADR
4.25,70.07170876206612,14.082490951490424,7.994669055160172,0.08166027740337663,0.022837968373038166,0.07413675314555002,0.02009201278333929,0.0,0.004532382252486066,ADR
4.3,70.42620580252841,14.131996219713871,7.9947769690233255,0.08166306762422235,0.023054128475745273,0.0738937273583966,0.020198938121875128,0.0,0.0044244683893316355,ADR
4.35,71.48861778528378,14.102498774574569,8.026487457711255,0.08494269320628274,0.02359198882688386,0.07700108516740635,0.020881519074737235,0.0,0.0044244683893316355,ADR
4.4,72.0465324577922,14.152277551155109,8.026487457711255,0.08494269320628274,0.023814656741436884,0.07738442909995057,0.021210822285945896,0.0,0.0044244683893316355,ADR
4.45,72.17009383110401,14.201786543077752,8.026595371574409,0.08494548342712846,0.024040173715833474,0.07729620802213,0.021381469087929858,0.0,0.0044244683893316355,ADR
4.5,72.1744103856302,14.193062516595694,8.049996492799448,0.08736572098870683,0.024502510569651345,0.07892591212816699,0.021740527158751032,0.003620510108831131,0.0044244683893316355,ADR
4.55,73.48934080816693,14.233250448588384,8.053832830634587,0.08812298692623549,0.024808046037144513,0.0804222214390602,0.0222415067269546,0.0,0.0044244683893316355,ADR
4.6,73.65552815742474,14.282759440511018,8.053940744497742,0.08812856736792693,0.025043447354156034,0.08030156720485247,0.02241212685759411,0.0,0.0044244683893316355,ADR
4.65,74.14599666546164,14.332538217091559,8.053940744497742,0.08812856736792693,0.0252810280512479,0.0807025110430296,0.022760792549941594,0.0,0.0044244683893316355,ADR
4.7,75.16902008816562,14.334268346102577,8.073160203525546,0.09011632069841853,0.025713940123039607,0.0828339284345323,0.023396692887822337,0.0,0.0044244683893316355,ADR
4.75,75.4253155131574,14.383993165751537,8.073181786298177,0.09011687874258766,0.025958157205353417,0.08264235190431225,0.023553985170511854,0.0,0.0044244683893316355,ADR
4.8,75.7296326072529,14.433502157674193,8.07328970016133,0.09012245918427911,0.026205688400960863,0.08241563155494755,0.023699088410177708,0.0,0.0044244683893316355,ADR
4.85,76.60967016127726,14.463915769453981,8.08103791553582,0.0917251620380612,0.026611662186382126,0.0850556650866653,0.02437965407697971,0.0,0.004316554526177205,ADR
4.9,76.61182843854036,14.513430157069793,8.081145829398974,0.09172795225890694,0.026865535121730823,0.0850558183495672,0.02461154014810516,0.0,0.004316554526177205,ADR
4.95,76.61452628511923,14.563214525690995,8.081145829398974,0.09172795225890694,0.027122074606729493,0.08505500839483913,0.024845784572601354,0.0,0.004208640663022775,ADR
5.0,76.78772803548209,14.577122734158998,8.095498373198513,0.09321234974883046,0.027525398346094482,0.08584933997596848,0.02512473184088958,0.01518348054582832,0.004208640663022775,ADR
5.05,79.01453060167375,14.588953600761284,8.11068185374434,0.09635302233277399,0.028094631256172953,0.09075925659655833,0.026212782834302117,0.0,0.004208640663022775,ADR
5.1,79.01668887893683,14.638746728572768,8.11068185374434,0.09635302233277399,0.028362653248609822,0.09075801349321241,0.026461878466173615,0.0,0.004100726799868345,ADR
5.15,79.01884715619993,14.68800212291701,8.11089768147065,0.09636139299531113,0.028634591891781296,0.0907576532284497,0.026713791518105514,0.0,0.004100726799868345,ADR
5.2,79.85787744222561,14.67564172041633,8.135761035541432,0.10150432805814398,0.029407126608435138,0.09728716785470565,0.027820411657177073,0.0,0.003992812936713915,ADR
5.25,80.06453249016636,14.72517229511161,8.135868949404585,0.10150711827898973,0.02968755502315516,0.09710541015998814,0.028024624680517637,0.0,0.003992812936713915,ADR
5.3,80.33107973215779,14.774977634274947,8.135868949404585,0.10150711827898973,0.02997095801063641,0.09686951789360558,0.02821100853000208,0.0,0.0038848990735594847,ADR
5.35,81.23971445991809,14.80587148480344,8.143433711211712,0.10228949620412985,0.030333854617912957,0.09809821078079753,0.028823577274664895,0.0,0.0038848990735594847,ADR
5.4,81.76633411211172,14.85567723984977,8.143433711211712,0.10228949620412985,0.030624276215963163,0.09852357650785272,0.029231691535747673,0.0,0.0038848990735594847,ADR
5.45,81.80248525626844,14.905482994896088,8.143433711211712,0.10228949620412985,0.030918060737624084,0.09850186569221739,0.02950412736432407,0.0,0.0038848990735594847,ADR
5.5,81.80410396421576,14.941529732390228,8.148937318232587,0.1028587012566569,0.031270393648765826,0.09883537434206187,0.02981939902488494,0.03609718722515688,0.0038848990735594847,ADR
5.55,82.80284676771001,14.900822734715774,8.185142419320899,0.11033091268149764,0.03229919372714215,0.10741121655664959,0.031136741605308806,0.0,0.0038848990735594847,ADR
5.6,82.86327853107649,14.950628489762082,8.185142419320899,0.11033091268149764,0.03260759146763414,0.10735325402251698,0.03141467573390612,0.0,0.0038848990735594847,ADR
5.65,83.3726319651654,15.000164460150527,8.185250333184053,0.11034207356488053,0.032920647246866434,0.10755046479028199,0.03181179733951554,0.0,0.0038848990735594847,ADR
5.7,84.22407234545386,15.043643953878593,8.187780913275024,0.11059821583851769,0.033261050904220504,0.10863760453569941,0.032431756424247164,0.0,0.0037769852104050546,ADR
5.75,84.46957638413018,15.092919428618625,8.187996741001333,0.11060379628020914,0.03358096985992148,0.10842524903225809,0.03266923985261244,0.0,0.0036690713472506244,ADR
5.8,84.66975660028166,15.14273597505127,8.187996741001333,0.11060379628020914,0.033904047986426586,0.10823102355962556,0.03291466383224157,0.0,0.0036690713472506244,ADR
5.85,85.4359450286781,15.087511864935951,8.23001300362051,0.1192752446245407,0.03507555858209662,0.1178213933725314,0.034392989492988094,0.0,0.0036690713472506244,ADR
5.9,85.43756373662542,15.13679177518873,8.23022883134682,0.11929756639130643,0.03541295370481786,0.11783483696256253,0.03472264698834013,0.0,0.0035611574840961942,ADR
5.95,85.44134072183583,15.186343932656632,8.230336745209973,0.11930314683299788,0.03575261920530916,0.11783224052895148,0.03505371978825555,0.0,0.0035611574840961942,ADR
6.0,85.63018998235609,15.233157775847003,8.231539984784146,0.11942633508333647,0.03610760631223456,0.11770157042488706,0.035326868851991426,0.04684540799533812,0.0035611574840961942,ADR
6.05,87.36328662461624,15.16586619798446,8.278385392779484,0.12913853580312198,0.037400767774145145,0.12876978821959942,0.03709747474818563,0.0,0.0035611574840961942,ADR
6.1,87.36436576324778,15.215688140110244,8.278385392779484,0.12913853580312198,0.03775705653986163,0.12876851701201245,0.0374500456968449,0.0,0.0035611574840961942,ADR
6.15,87.36544490187931,15.265510082236045,8.278385392779484,0.12913853580312198,0.03811747093504399,0.12876836364310107,0.03780704197524238,0.0,0.0035611574840961942,ADR
6.2,87.99620143201696,15.207566542769241,8.32149158541652,0.138032643770942,0.039343756937895207,0.13841329438455782,0.039280126154393316,0.0,0.0035611574840961942,ADR
6.25,88.20393561858924,15.257118700237154,8.321599499279674,0.13803543399178772,0.03971752636871504,0.13820783380538446,0.039588832879108776,0.0,0.0035611574840961942,ADR
6.3,88.32210129874333,15.306535965376128,8.321761370074407,0.1380396193230563,0.04009575844281377,0.13807378845378457,0.03992272083485607,0.0,0.0035611574840961942,ADR
6.35,89.1735416790318,15.354995494979587,8.322306335083336,0.13816462121694462,0.04049013767885653,0.13862954386814144,0.04049316340854609,0.0,0.0035611574840961942,ADR
6.4,89.55555675459847,15.404547652447501,8.32241424894649,0.13816741143779035,0.04087710372336351,0.138866485564178,0.04093553439495948,0.0,0.0035611574840961942,ADR
6.45,89.5998014384918,15.454099809915405,8.322522162809646,0.13817020165863605,0.041268548497661414,0.13895891141649303,0.04135840289051152,0.0,0.0035611574840961942,ADR
6.5,89.60465756233374,15.503264522240547,8.322786551774374,0.13818819858309098,0.04166599787346667,0.13895869826034069,0.04175325750462476,0.038260860181403206,0.003453243620941764,ADR
6.55,90.43343603135978,15.457439709605998,8.361047411955777,0.14624705394074453,0.04285131341940274,0.14726625943449703,0.04309966811655198,0.0,0.003453243620941764,ADR
6.6,90.46095406646415,15.50726704742494,8.361047411955777,0.14624705394074453,0.043260544021780534,0.14724829603826928,0.043506428892603,0.0,0.003453243620941764,ADR
6.65,90.89314908839764,15.557094385243898,8.361047411955777,0.14624705394074453,0.04367451329120029,0.14735732780861358,0.04397789885473754,0.0,0.003453243620941764,ADR
6.7,91.46617170174767,15.60003238290045,8.363804611159372,0.14700892374266858,0.04416708876933578,0.148765995056543,0.044643857874978383,0.0,0.003345329757787334,ADR
6.75,91.67822244284612,15.649865116412567,8.363804611159372,0.14700892374266858,0.04459110251277694,0.1486629456064976,0.045038802470540804,0.0,0.003345329757787334,ADR
6.8,91.76509310268544,15.698888495951026,8.364128352748835,0.14702008462605148,0.045021110364364535,0.14857527051643138,0.04544368472645221,0.0,0.003345329757787334,ADR
6.85,92.4400943167164,15.669448183823848,8.395838841436765,0.15357933579017233,0.04609394769818779,0.15524134250125493,0.04665231292180461,0.0,0.003237415894632904,ADR
6.9,92.44171302466371,15.719286313029121,8.395838841436765,0.15357933579017233,0.046536366848195836,0.15524073698526192,0.04710007585257792,0.0,0.003237415894632904,ADR
6.95,92.44495044055834,15.768584872918613,8.396054669163075,0.15358770645270947,0.04698472101796694,0.15523650776566994,0.04755161261184787,0.0,0.003237415894632904,ADR
7.0,92.60736080460576,15.809169388358393,8.399756114669271,0.15368341102771765,0.04744672237981693,0.15514067008483268,0.04795400467650818,0.02818170536277943,0.003237415894632904,ADR
7.05,93.71347790193867,15.787743900183061,8.428261561621513,0.16007120312086892,0.04852698096924108,0.16215163694568235,0.04927511207091665,0.0,0.003237415894632904,ADR
7.1,93.72157144167525,15.837312244730432,8.428369475484669,0.1600823640042518,0.0489947995051652,0.16214537453151176,0.049746061834692865,0.0,0.003237415894632904,ADR
7.15,93.72588799620144,15.886881835345509,8.428477389347822,0.1600851542250975,0.04946721289722497,0.16214222356293714,0.050224692212726386,0.0,0.003129502031478474,ADR
7.2,94.07337063555869,15.888676712674421,8.447696848375626,0.16406066088608073,0.05032998509606316,0.16618214399853168,0.05116792035409432,0.0,0.003129502031478474,ADR
7.25,94.24495367797424,15.938469926587468,8.447718431148257,0.16406177697441904,0.05081533210197256,0.16614101301333392,0.05164712214494221,0.0,0.0029136743051696137,ADR
7.3,94.33560132302397,15.954965369924603,8.461061980327303,0.16441515844452959,0.05134042733155366,0.16642724946378012,0.052155553219625554,0.0,0.0029136743051696137,ADR
7.35,94.81204102885077,15.985449147773114,8.46881019570179,0.1676205641520938,0.052149396151849305,0.17011107925198327,0.05307933441109743,0.0,0.0029136743051696137,ADR
7.4,94.99117804168714,16.03503750961877,8.468918109564946,0.16762614459378525,0.052654128910683884,0.17009752556660038,0.053572373087900624,0.0,0.0028057604420151836,ADR
7.45,95.05538679026401,16.084627436938774,8.4690260234281,0.16762893481463095,0.05316443132877412,0.170231398804557,0.05413621524207216,0.0,0.0028057604420151836,ADR
7.5,95.06240119136905,16.13421736425879,8.469133937291254,0.1676317250354767,0.0536806411352269,0.17022382763278887,0.05465917240647752,0.029536024345367527,0.0028057604420151836,ADR
7.55,95.4875818121975,16.110237015373283,8.498669961636622,0.17688186518321075,0.05510361759215506,0.17962972761485,0.056121295662150836,0.0,0.0028057604420151836,ADR
7.6,95.50862501551262,16.15982722308695,8.498777875499776,0.17688465540405646,0.05563678035690028,0.17965281494161314,0.05667400907899406,0.0,0.0026978465788607534,ADR
7.65,95.72445274182148,16.20915276144224,8.498993703226084,0.17690139672913074,0.056177470011719154,0.1796285805567925,0.05721007725900794,0.0,0.0026978465788607534,ADR
7.7,95.95646754760351,16.196859483936336,8.523857057296865,0.18718726685479653,0.05771931469373121,0.19047171430338677,0.0588288427717043,0.0,0.0026978465788607534,ADR
7.75,96.09459729244118,16.196504177541907,8.543945222923062,0.1877094566860732,0.058327232530561414,0.1909824813947612,0.05944101551160139,0.0,0.0026978465788607534,ADR
7.8,96.19711546243788,16.24637432165267,8.543945222923062,0.1877094566860732,0.05889101384331205,0.19088307839694874,0.05998463751173287,0.0,0.0025899327157063233,ADR
7.85,96.46743968963973,16.276793351183283,8.551725812456498,0.18927979297804493,0.059614288621965564,0.19233684677771187,0.06071393315880712,0.0,0.0025899327157063233,ADR
7.9,96.473914521429,16.326394069889616,8.551833726319652,0.18928258319889063,0.060192310156799864,0.1923301563552165,0.06130049143186058,0.0,0.0025899327157063233,ADR
7.95,96.47607279869209,16.376264573253824,8.551833726319652,0.18928258319889063,0.060776752684917286,0.19232686596346796,0.06189477639146658,0.0,0.0025899327157063233,ADR
8.0,96.57103699826799,16.377929228324334,8.571117933665349,0.18978119566402094,0.0614162701748357,0.19272903315491294,0.06250886821924663,0.04794612939951331,0.002374104989397463,ADR
8.05,97.06690119946259,16.307405630260313,8.619279890791171,0.2060308838253306,0.0635974797108136,0.2093658041212471,0.06472961663283532,0.0,0.002374104989397463,ADR
8.1,97.07337603125185,16.357017140352944,8.619387804654325,0.20603367404617634,0.06421166461001272,0.2093547136830286,0.06535092529257579,0.0,0.002374104989397463,ADR
8.15,97.0803904323569,16.406628650445597,8.619495718517479,0.20605599581294212,0.06483486319690188,0.20936315496715235,0.06598127845268993,0.0,0.002374104989397463,ADR
8.2,97.20988706814221,16.44991483253234,8.622134212471606,0.20657107058106222,0.06551299485034935,0.20980427126697085,0.06665175249216392,0.0,0.002266191126243033,ADR
8.25,97.29945557456038,16.49926195366026,8.622350040197913,0.20658223146444513,0.06614985296135119,0.2097275641719533,0.06727224659497667,0.0,0.002266191126243033,ADR
8.3,97.37607441740003,16.54914864410396,8.622350040197913,0.20658223146444513,0.06679299480492584,0.209671715321106,0.06790990773874907,0.0,0.002266191126243033,ADR
8.35,97.52715382581624,16.41649903502191,8.695364560008201,0.22472661909104158,0.06921104044778008,0.22825834153250352,0.07037544864340647,0.0,0.002266191126243033,ADR
8.4,97.59513955960352,16.46557637149195,8.695688301597665,0.22477405284541882,0.06988344492227068,0.2281773845507419,0.07101805744086112,0.0,0.002266191126243033,ADR
8.45,97.6323698423918,16.515193277277742,8.695796215460819,0.22478521372880172,0.07056008912672697,0.22823455365995196,0.07172335988897995,0.0,0.002266191126243033,ADR
8.5,97.63776553554952,16.511217460774482,8.717341218239602,0.22534256034273442,0.07129747392852741,0.2287894854742892,0.07246953078385827,0.055316646252960885,0.002266191126243033,ADR
8.55,97.77643484970297,16.42308033016861,8.772549950629408,0.2451116935677942,0.0739144145345419,0.2488523712778402,0.07509838609799795,0.00010791386315443013,0.0021582772630886027,ADR
8.6,97.79478020643923,16.47297127075612,8.772549950629408,0.2451116935677942,0.07462417897075505,0.2488574734449312,0.0758238008038991,0.00010791386315443013,0.0020503633999341725,ADR
8.65,97.880571727647,16.52286335689297,8.772549950629408,0.2451116935677942,0.0753421621316758,0.2487153214078994,0.076506931407756,0.00010791386315443013,0.0020503633999341725,ADR
8.7,97.9463991841712,16.46499171274382,8.815656143266445,0.26289990950343434,0.07779185561755998,0.26678753710467307,0.07898027891977218,0.00010791386315443013,0.0019424495367797424,ADR
8.75,98.00952879411653,16.454025775754733,8.840001510794083,0.2635321735470747,0.07859752842112201,0.2673580205677039,0.07977976868209787,0.00010791386315443013,0.0019424495367797424,ADR
8.8,98.05593175527294,16.50352064837129,8.840163381588816,0.26354054420961187,0.07935138145013948,0.26727745433335165,0.08051985507754786,0.00010791386315443013,0.0018345356736253122,ADR
8.85,98.14280241511226,16.55260600471357,8.84048712317828,0.2636075095099092,0.08011889485135906,0.26725779742813,0.08127417650018978,0.0003291372826210119,0.001726621810470882,ADR
8.9,98.14819810826998,16.601963647443156,8.840702950904587,0.26361588017244636,0.08088954614244231,0.2672553292615214,0.08205390782245449,0.0003291372826210119,0.001726621810470882,ADR
8.95,98.15467294005924,16.65159267834445,8.840810864767743,0.26362146061413777,0.08166884383929662,0.2672426742893581,0.08283985297009928,0.0003291372826210119,0.001618707947316452,ADR
9.0,98.20485288642605,16.66878389631427,8.853895420675217,0.2639687035983877,0.08249026389698053,0.26750119305956943,0.08364514292271785,0.04293892614914775,0.001618707947316452,ADR
9.05,98.35647186415802,16.61393343795014,8.895782186658609,0.27962086596558633,0.08480950419173675,0.2832153052713578,0.08594053771564734,0.0010521601657556938,0.001618707947316452,ADR
9.1,98.3629466959473,16.66379989454448,8.895782186658609,0.27962086596558633,0.08562160571097491,0.28319978268668505,0.0867585986546075,0.0010521601657556938,0.001618707947316452,ADR
9.15,98.37104023568388,16.713398754795843,8.895890100521763,0.279623656186432,0.08644338132514878,0.28318272238006953,0.08758566158657512,0.0010521601657556938,0.001510794084162022,ADR
9.2,98.40719137984061,16.760775098662396,8.896888303755942,0.27969201659715215,0.08728102374410132,0.2831807653648132,0.08841286725749233,0.002811156135172905,0.001510794084162022,ADR
9.25,98.44172381605003,16.810559001151436,8.896888303755942,0.27969201659715215,0.08811554747528857,0.28312536122119,0.08924114815333287,0.002811156135172905,0.001510794084162022,ADR
9.3,98.48650806925912,16.830868929766417,8.908677893305564,0.28001079932877576,0.08899062520525895,0.283360670406732,0.09010414482507269,0.002811156135172905,0.001510794084162022,ADR
9.35,98.52481749067894,16.80137881578269,8.940388381993493,0.29312930165701734,0.0911226377425148,0.2966049193259547,0.09224454802246056,0.002811156135172905,0.0014028802210075918,ADR
9.4,98.55341466441486,16.85116811396488,8.940388381993493,0.29312930165701734,0.09199365566858411,0.29653216021724366,0.09310253315330172,0.002811156135172905,0.0014028802210075918,ADR
9.45,98.56798303594071,16.900417842831295,8.940604209719801,0.2931460429820916,0.09287638360179154,0.29652470793030394,0.09399109655722764,0.002811156135172905,0.0014028802210075918,ADR
9.5,98.57823485294038,16.92491972385643,8.950721134390529,0.29347249882104104,0.09379932798662087,0.2968270158622426,0.09491686065451733,0.034607975913625744,0.0012949663578531616,ADR
9.55,98.63381049246492,16.903283264078624,8.979221185649614,0.3033768062460544,0.09565324979274037,0.3067622227887156,0.0967653063975365,0.006431666244004036,0.0012949663578531616,ADR
9.6,98.64244360151727,16.952627147790643,8.97932909951277,0.3033991280128201,0.09656014152314091,0.30676776291045144,0.09767795244123408,0.006431666244004036,0.0012949663578531616,ADR
9.65,98.65755154235889,17.001701246844778,8.979544927239077,0.30340749867535727,0.09747616167226249,0.30672785644671713,0.09859046011889212,0.006431666244004036,0.0012949663578531616,ADR
9.7,98.67751560704245,17.003266267645166,8.998764386266881,0.31135851199732373,0.09917229227493925,0.3147295946457278,0.10028993029841288,0.006431666244004036,0.0012949663578531616,ADR
9.75,98.69370268651562,17.032484215878895,9.006922674321357,0.31157112682576765,0.10013372512938011,0.31490400559832055,0.10124960146294834,0.006431666244004036,0.0012949663578531616,ADR
9.8,98.71042933530457,17.04873901130119,9.020266223500402,0.31227788976598875,0.10115392811752613,0.31557837149276,0.10226777418520512,0.006431666244004036,0.0012949663578531616,ADR
9.85,98.72661641477772,17.09796527038023,9.020266223500402,0.31227788976598875,0.10208993967492572,0.3155380758472561,0.10320049589076766,0.01417988161849212,0.0012949663578531616,ADR
9.9,98.73578909314585,17.14692174332352,9.020374137363556,0.3122890506493716,0.10303787566372705,0.31552133742827476,0.10415085503519188,0.01417988161849212,0.0012949663578531616,ADR
9.95,98.74118478630358,17.19587821626682,9.020482051226711,0.3122946310910631,0.10399623838371683,0.31550889967213114,0.10511477099716589,0.01417988161849212,0.0012949663578531616,ADR
10.0,98.76276755893446,17.23111613935661,9.026077385031268,0.31244209426275943,0.10497944223921013,0.31559279300699306,0.10608767800646055,0.045771665056951544,0.0012949663578531616,ADR
10.05,98.79945827240697,17.238562465698926,9.042485687923898,0.31843283792956467,0.10649009057127146,0.321568220197916,0.10758484290767822,0.02936336216432044,0.0012949663578531616,ADR
10.1,98.80431439624891,17.286490997140923,9.042701515650208,0.3184412085921019,0.10743192063385247,0.3215548158608977,0.10853062165434132,0.02936336216432044,0.0011870524946987315,ADR
10.15,98.81132879735395,17.33388433777643,9.043133171102825,0.31848027168394194,0.10838763188257969,0.3215689809861847,0.10948990281825947,0.02936336216432044,0.0011870524946987315,ADR
10.2,98.82697630751134,17.382359236052675,9.043133171102825,0.31848027168394194,0.10935059251001747,0.3215292183949464,0.11044831465607934,0.05422671623510114,0.0010791386315443013,ADR
10.25,98.8415446790372,17.379373529243853,9.063221336729024,0.3195246513464952,0.1103394413498909,0.3225416943216185,0.11143365285062638,0.05422671623510114,0.0010791386315443013,ADR
10.3,98.85341520398418,17.410771877082613,9.069555880496187,0.3196884373101391,0.11125325655130834,0.3226754227326317,0.11234491546119532,0.05422671623510114,0.0010791386315443013,ADR
10.35,98.87014185277312,17.438555110505693,9.077336470029623,0.32282910989408253,0.11246761805179446,0.32579556203646604,0.11355423017825204,0.05422671623510114,0.0010791386315443013,ADR
10.4,98.88524979361473,17.48552003310447,9.077444383892777,0.32283469033577394,0.1133887844536584,0.32575396901788095,0.11446811367528353,0.05422671623510114,0.0010791386315443013,ADR
10.45,98.89334333335131,17.532758837627505,9.077444383892777,0.32283469033577394,0.11432007324026511,0.3257339393502908,0.11540068994168891,0.05422671623510114,0.0009712247683898712,ADR
10.5,98.90413471966676,17.542593904830547,9.092406641019139,0.3235528931814625,0.1153317278478703,0.3264292141275055,0.1164106159306335,0.10943005293174987,0.000863310905235441,ADR
10.55,98.92355921503456,17.53945981645989,9.111836532080094,0.32654345188390627,0.1164500943885189,0.3293897688422477,0.11751856538473877,0.09032390346025802,0.000863310905235441,ADR
10.6,98.93273189340267,17.584630671083726,9.111944445943248,0.3265490323255977,0.11728886774287012,0.3293695232090753,0.11835619874977342,0.09032390346025802,0.000863310905235441,ADR
10.65,98.94730026492854,17.62953174104968,9.112160273669557,0.32659646607997495,0.11814142814579214,0.3293705182842373,0.11919946674429174,0.09032390346025802,0.000863310905235441,ADR
10.7,98.96024992850705,17.668379884903736,9.114798767623682,0.3276266156162152,0.11909902167244206,0.33036331566033816,0.12015039724048589,0.09032390346025802,0.000755397042081011,ADR
10.75,98.976976577296,17.70830882362485,9.117005606125192,0.3277004169575845,0.11997446615640424,0.33039501762457957,0.12101930652606166,0.09032390346025802,0.000755397042081011,ADR
10.8,98.98399097840104,17.753754858599738,9.117005606125192,0.3277004169575845,0.12085282106684019,0.33037442337421635,0.1218972545736128,0.09032390346025802,0.000755397042081011,ADR
10.85,99.00179676582152,17.71934005649453,9.148111777179455,0.32931455971683404,0.12175194925971654,0.33194542212630057,0.12278354462438112,0.13223225221628096,0.000755397042081011,ADR
10.9,99.01096944418964,17.76188132005796,9.148435518768919,0.3294094272255885,0.12251250312728085,0.33201104845776563,0.12353947814323059,0.13223225221628096,0.000755397042081011,ADR
10.95,99.01852341461046,17.80496215293715,9.148543432632072,0.3294317489923543,0.12327477109978513,0.3320181254400209,0.12430176531023422,0.13223225221628096,0.000755397042081011,ADR
11.0,99.02607738503126,17.81278213103064,9.162755688409511,0.3301627868539332,0.12411450673367955,0.3327284899524868,0.1251390697250075,0.19498955933373982,0.000755397042081011,ADR
11.05,99.03740834066248,17.813749649484777,9.178775501394787,0.33142006036701505,0.12485164769124883,0.3339645643615601,0.1258690420563278,0.17896974634846466,0.0006474831789265808,ADR
11.1,99.04927886560947,17.854768788008403,9.178775501394787,0.33142006036701505,0.1254741049882589,0.33393017450468754,0.12648238561549988,0.17896974634846466,0.0006474831789265808,ADR
11.15,99.05953068260914,17.89578792653203,9.178775501394787,0.33142006036701505,0.12610377000106845,0.3339013898360477,0.1271050602596934,0.17896974634846466,0.0006474831789265808,ADR
11.2,99.06708465302995,17.93626863354079,9.178991329121095,0.3315093474340781,0.12674940290238773,0.3339747885231258,0.12774826124234534,0.22186011125919292,0.0005395693157721507,ADR
11.25,99.07409905413499,17.91428523069295,9.203336696648735,0.3327738755213589,0.12736688666685123,0.33522185645120006,0.12836116073774156,0.22186011125919292,0.0005395693157721507,ADR
11.3,99.08650914839775,17.951654452580044,9.2039410142824,0.33280205675190067,0.12787033101902356,0.3352081718144195,0.12885381394123058,0.22186011125919292,0.0005395693157721507,ADR
11.35,99.09622139608165,17.989725114577634,9.204264755871863,0.3329359873524952,0.12838989948500437,0.335318213810452,0.12936620595024634,0.22186011125919292,0.0005395693157721507,ADR
11.4,99.10593364376554,18.028065561233113,9.204480583598173,0.3329527286775696,0.12890398510934162,0.3352966146475315,0.12987117435596332,0.22186011125919292,0.0005395693157721507,ADR
11.45,99.11618546076522,18.066676909260472,9.204588497461327,0.33296388956095246,0.1294234688612686,0.33527333530036196,0.13038191445477834,0.22186011125919292,0.0004316554526177205,ADR
11.5,99.1264372777649,18.0832781081835,9.213502182557882,0.3334397617261901,0.129993984824111,0.3357281562428558,0.13094594406346002,0.26804724468928903,0.0004316554526177205,ADR
11.55,99.13560995613302,18.098057721096477,9.222394284881807,0.3339354444594324,0.1304417555609925,0.33619920810315074,0.13138619421737976,0.2593709700916728,0.0004316554526177205,ADR
11.6,99.14478263450114,18.135067589819258,9.222394284881807,0.3339354444594324,0.13084613371674056,0.33617570220084025,0.13178296372221454,0.2593709700916728,0.0004316554526177205,ADR
11.65,99.15611359013235,18.17180767388416,9.222502198744962,0.3339410249011238,0.13125573500475726,0.3361447431068351,0.1321810946764843,0.2593709700916728,0.0004316554526177205,ADR
11.7,99.16150928329007,18.205151123494474,9.223969827283861,0.3340898831832432,0.1316839572695055,0.33627755423633815,0.13260516008663012,0.2593709700916728,0.0003237415894632904,ADR
11.75,99.16906325371089,18.242166387910423,9.223969827283861,0.3340898831832432,0.1321026278011358,0.33625939512386216,0.13301818923844172,0.2593709700916728,0.0003237415894632904,ADR
11.8,99.17823593207902,18.249707678452317,9.235759416833483,0.3347274486464904,0.13258792764785518,0.3368669237147054,0.1334952845704563,0.2593709700916728,0.0003237415894632904,ADR
11.85,99.19334387292064,18.28513742448215,9.235759416833483,0.3347274486464904,0.13290573578426515,0.3368250394368955,0.13379686806535962,0.2910814587796021,0.0003237415894632904,ADR
11.9,99.20089784334144,18.320567164463707,9.235759416833483,0.3347274486464904,0.13322722353976782,0.33680571938298204,0.13411140462265828,0.2910814587796021,0.0003237415894632904,ADR
11.95,99.20737267513071,18.355457335129476,9.235975244559793,0.334760931296639,0.13355568213783758,0.33681031579863374,0.13443260867743578,0.2910814587796021,0.0003237415894632904,ADR
12.0,99.21384750691998,18.372433804511616,9.243356552799556,0.33517862735724346,0.13392514516542092,0.3372073722726185,0.13479527128093663,0.32343403495330025,0.0003237415894632904,ADR
12.05,99.22463889323542,18.383505497086603,9.252631749337679,0.33589780678022796,0.1342463382604234,0.3378967632139905,0.13510475192670304,0.3144825800046403,0.0003237415894632904,ADR
12.1,99.23111372502468,18.417498607524188,9.252739663200833,0.3359424503137596,0.13450512091800154,0.33792350088087525,0.1353567462776351,0.3144825800046403,0.00021582772630886026,ADR
12.15,99.2402864033928,18.451224990885216,9.252955490927143,0.3359591916388339,0.13476415445843168,0.33790449733315214,0.13560434442782038,0.3144825800046403,0.00010791386315443013,ADR
12.2,99.25107778970825,18.485495462525993,9.252955490927143,0.3359591916388339,0.13502455168893246,0.3378736612791867,0.13585245025981327,0.3337020390324443,0.00010791386315443013,ADR
12.25,99.25863176012906,18.498409244745034,9.261113778981617,0.33638442129572177,0.13526213968843703,0.33827593183263666,0.13608100372423423,0.3337020390324443,0.00010791386315443013,ADR
12.3,99.26240874533947,18.49835987415264,9.274457328160663,0.33779794717616396,0.13559775335920093,0.3396896195166498,0.13641361850950412,0.3337020390324443,0.00010791386315443013,ADR
12.35,99.2715814237076,18.520702630164795,9.27884402669789,0.3379113696535425,0.13581051211354028,0.3397767030214747,0.13661509089922744,0.3337020390324443,0.00010791386315443013,ADR
12.4,99.2791353941284,18.553742347862123,9.278951940561043,0.3379336914203083,0.1360167905632789,0.339775863302119,0.13681266231825037,0.3337020390324443,0.00010791386315443013,ADR
12.45,99.2926246270227,18.58678206555945,9.2790598544242,0.3379448523036912,0.13622435790442058,0.3397493743139407,0.137005080619828,0.3337020390324443,0.00010791386315443013,ADR
12.5,99.30179730539083,18.59006453549196,9.291070667393287,0.33835599134530814,0.1364730756676222,0.3401230294013769,0.1372421480067585,0.35486934329018577,0.00010791386315443013,ADR
12.55,99.31150955307474,18.605619509511698,9.297885427851488,0.3386350134298803,0.13666155169776562,0.3403804162406211,0.1374206766252761,0.3480545828319835,0.00010791386315443013,ADR
12.6,99.31690524623245,18.63767181536117,9.298101255577798,0.33865175475495457,0.13682649180357256,0.340373021215101,0.1375785057275924,0.3480545828319835,0.00010791386315443013,ADR
12.65,99.32715706323214,18.66918455189487,9.298532911030415,0.3387298809386348,0.13699929213798884,0.3404100848516454,0.13773754602530688,0.3480545828319835,0.00010791386315443013,ADR
12.7,99.33417146433716,18.652486770064314,9.31824877382873,0.33923965428714803,0.13721584800650857,0.34090373166611443,0.13794586983045656,0.3480545828319835,0.00010791386315443013,ADR
12.75,99.34604198928415,18.634858231164074,9.338336939454926,0.34132841361225474,0.13758868203225558,0.34296943909711547,0.13830558993188646,0.3480545828319835,0.00010791386315443013,ADR
12.8,99.35845208354691,18.651613746911405,9.344671483222092,0.3416559855395424,0.13779286533581564,0.34326780224172376,0.13849601917411813,0.3480545828319835,0.00010791386315443013,ADR
12.85,99.37086217780967,18.683287816113385,9.344887310948401,0.3416783073063081,0.13794317888336471,0.3432487997089598,0.1386306223282952,0.35561934463910905,0.00010791386315443013,ADR
12.9,99.37949528686202,18.715231668530382,9.344995224811555,0.341689468189691,0.13809413662519887,0.34323021221285355,0.1387703453336638,0.35561934463910905,0.00010791386315443013,ADR
12.95,99.38597011865129,18.747445305605265,9.344995224811555,0.341689468189691,0.13824575365273684,0.3432140277423382,0.13891455794728533,0.35561934463910905,0.00010791386315443013,ADR
13.0,99.39298451975634,18.703728050718123,9.37536758159637,0.3430148230914084,0.1385275312217236,0.34452788743159907,0.1391886002395069,0.3896445856917009,0.00010791386315443013,ADR
13.05,99.40053849017714,18.66355306838902,9.404212957217549,0.3453375424344288,0.13889036737852645,0.34683211620761906,0.13954227868199862,0.361122951659985,0.00010791386315443013,ADR
13.1,99.41025073786103,18.695221740454976,9.404320871080703,0.3453487033178117,0.1390308607286238,0.3468188609639601,0.13967272315916598,0.361122951659985,0.00010791386315443013,ADR
13.15,99.42158169349226,18.726885224616524,9.404428784943859,0.3453542837595031,0.13917207129059264,0.34679056025963173,0.13980047648220595,0.36123086552313943,0.00010791386315443013,ADR
13.2,99.43776877296541,18.758279290275414,9.404644612670166,0.34541008817641755,0.1393197704836835,0.34679106934142195,0.13992604005068027,0.3636535317509564,0.0,ADR
13.25,99.44748102064932,18.784309732776215,9.40695936503483,0.3455604810800019,0.13946989395061027,0.3469160049265093,0.1400662811996501,0.3636535317509564,0.0,ADR
13.3,99.45449542175436,18.81612705618867,9.40695936503483,0.3455604810800019,0.13960702932652125,0.3468995331213853,0.1401956746167774,0.3636535317509564,0.0,ADR
13.35,99.46312853080671,18.680610445547284,9.473892938656364,0.34971511991928045,0.1401504576514408,0.35104438359969187,0.140729606465569,0.3636535317509564,0.0,ADR
13.4,99.47068250122753,18.7121544973771,9.474000852519518,0.3497262808026633,0.14029384621731594,0.3510307682693977,0.14086374814168906,0.36386935947726523,0.0,ADR
13.45,99.48201345685874,18.74369124474535,9.474108766382674,0.3497709243361949,0.14044163529054043,0.3510475821947899,0.1409985583162632,0.36386935947726523,0.0,ADR
13.5,99.49064656591109,18.706432904352656,9.501734715350208,0.3510534493479305,0.14071102277822167,0.35230523018184384,0.14125696254763603,0.39349711060631404,0.0,ADR
13.55,99.5019775215423,18.667010891003716,9.530202392450347,0.3534647582028025,0.14108924204888648,0.35470545397755,0.14162529587538486,0.365056411971964,0.0,ADR
13.6,99.50737321470002,18.698758070405113,9.530202392450347,0.3534647582028025,0.14123552021277494,0.35469056666305177,0.14176510976497234,0.365056411971964,0.0,ADR
13.65,99.51654589306816,18.730505249806512,9.530202392450347,0.3534647582028025,0.14138349219797142,0.35466628531151556,0.14190251301943466,0.365056411971964,0.0,ADR
13.7,99.5214020169101,18.705429620522505,9.552929052030668,0.3540523787129113,0.1415896783147803,0.3552434911030871,0.1421030495305747,0.3652722396982728,0.0,ADR
13.75,99.53003512596246,18.67576302040272,9.577490247284617,0.3565870153291642,0.14198753326744187,0.35776474911905976,0.1424923907526844,0.3652722396982728,0.0,ADR
13.8,99.53812866569905,18.705408577319197,9.578326579724065,0.35664937676506603,0.14214765453548148,0.3578001317887867,0.1426428965765761,0.3652722396982728,0.0,ADR
13.85,99.54568263611985,18.73712877831655,9.578326579724065,0.35664937676506603,0.14230240708564573,0.3577808285932647,0.1427890061377197,0.3655959812877361,0.0,ADR
13.9,99.55107832927757,18.768309409936393,9.578542407450373,0.3566828594152147,0.14246220506700355,0.3577924077593075,0.142942142308506,0.3655959812877361,0.0,ADR
13.95,99.55485531448798,18.799759826214117,9.578650321313528,0.3567051811819805,0.1426227439379571,0.35779971366011226,0.14309758854946383,0.3655959812877361,0.0,ADR
14.0,99.56510713148765,18.79160585471417,9.594599990287753,0.3575056955426178,0.14286052353481507,0.3585726283524904,0.1433223831314715,0.3821068023503639,0.0,ADR
14.05,99.56942368601382,18.78177382264218,9.611218725213535,0.3589434963444179,0.14316269711440124,0.35999605772346693,0.14361917887438713,0.3657038951508906,0.0,ADR
14.1,99.57535894848732,18.813488627884624,9.611218725213535,0.3589434963444179,0.1433274616422212,0.35998454741907165,0.14377829022289526,0.3657038951508906,0.0,ADR
14.15,99.58507119617121,18.844933648469198,9.611326639076688,0.3589546572278008,0.14349521536117563,0.35996793134088984,0.14393531915553923,0.3657038951508906,0.0,ADR
14.2,99.59640215180244,18.873249167001703,9.612686353752435,0.3591630867249761,0.14368401699113087,0.36014605771866615,0.1441104842485826,0.365811809014045,0.0,ADR
14.25,99.59909999838129,18.904958576551003,9.612686353752435,0.3591630867249761,0.1438543099728628,0.3601405045993824,0.14427817888178918,0.365811809014045,0.0,ADR
14.3,99.60449569153901,18.906924227568368,9.624583857165211,0.36044100787231625,0.14415040925303363,0.3614091732177681,0.1445691170354188,0.365811809014045,0.0,ADR
14.35,99.6088122460652,18.90921362017518,9.6363518639422,0.36074528145554213,0.14435498244484968,0.36170080083203326,0.14476798617189315,0.365811809014045,0.0,ADR
14.4,99.61582664717022,18.94092302972448,9.6363518639422,0.36074528145554213,0.1445321040702012,0.36168093380493005,0.14493640727554105,0.365811809014045,0.0,ADR
14.45,99.62284104827526,18.972092869958004,9.63656769166851,0.3608122467558394,0.14471777304692648,0.36172310694671617,0.1451122262277891,0.365811809014045,0.0,ADR
14.5,99.62823674143299,18.984795950359228,9.64417022332774,0.36123873201210793,0.14494037779505506,0.362132853621022,0.14532800760256373,0.3803154322220004,0.0,ADR
14.55,99.63471157322226,18.97970236631222,9.658889674262005,0.36314598747120047,0.14530945818705557,0.3640252484186812,0.14568938138555138,0.3659197228771994,0.0,ADR
14.6,99.63956769706421,19.011401849444557,9.658889674262005,0.36314598747120047,0.1454955103311243,0.3640117074269623,0.1458695331064185,0.3660276367403538,0.0,ADR
14.65,99.64442382090614,19.042560898291764,9.659105501988313,0.36317947012134905,0.145686907484927,0.3640216892469973,0.1460536690603977,0.3660276367403538,0.0,ADR
14.7,99.65251736064273,19.063710936331397,9.663324934037652,0.36328856775641677,0.14588781930656186,0.36410776221648283,0.1462442116764295,0.3660276367403538,0.0,ADR
14.75,99.65521520722159,19.0750138343582,9.671483222092126,0.3641390270701925,0.1461632666489133,0.36494584712010136,0.14651539474453779,0.3660276367403538,0.0,ADR
14.8,99.66330874695818,19.07335311534587,9.68482677127117,0.3668795819848596,0.14662403714708597,0.3676719028525951,0.14696675408675178,0.3661355506035083,0.0,ADR
14.85,99.6703231480632,19.093809806814733,9.689321383671553,0.36710921716046235,0.14684502145063164,0.36788132133692786,0.14717870110524586,0.3661355506035083,0.0,ADR
14.9,99.67625841053672,19.125233244626674,9.689429297534708,0.3671538606939939,0.14705040378042503,0.3679077033340009,0.14737612427674726,0.3661355506035083,0.0,ADR
14.95,99.68003539574711,19.15665668243861,9.689537211397862,0.3671761824607597,0.14725596492457096,0.3679178358341453,0.14757726568193352,0.3661355506035083,0.0,ADR
15.0,99.68866850479947,19.167684400114368,9.697803413315492,0.3676989303362056,0.14751238065846076,0.3684036368832406,0.14782172004176686,0.3776769382678746,0.0,ADR
