LM,pdr,mean_tp_dbm,mean_sf,mean_toa_s,mean_energy_j,mean_toa_delivered_s,mean_energy_delivered_j,frac_tp_clamped_high,frac_tp_clamped_low,scheme
0.0,3.9555826539256365,11.398366321389075,7.377417944996304,0.036373737477945096,0.007677803225960669,0.04130752584913382,0.009355746079217839,0.0,0.006960444173460744,ADR
0.05,5.666556954239126,11.448037184106461,7.377417944996304,0.036373737477945096,0.007745068830488815,0.03983527709007807,0.00883307800353868,0.0,0.006582745652420239,ADR
0.1,5.666556954239126,11.497708046823833,7.377417944996304,0.036373737477945096,0.007813113334007861,0.03983527709007807,0.008911674241626625,0.0,0.006582745652420239,ADR
0.15,5.666556954239126,11.547379323029098,7.377417944996304,0.036373737477945096,0.007881945769997838,0.03983527709007807,0.008991180581258501,0.0,0.006474831789265808,ADR
0.2,6.559004602526263,11.534897196262678,7.402281299067084,0.037659471243653306,0.008076141691702838,0.04241481539980256,0.009220831363902476,0.0,0.006474831789265808,ADR
0.25,6.601630578472263,11.584573454673217,7.402281299067084,0.037659471243653306,0.008147255530280067,0.0423078970167552,0.009259340101092688,0.0,0.006474831789265808,ADR
0.3,6.794796393518693,11.634249713083761,7.402281299067084,0.037659471243653306,0.00821919282829835,0.041840194393710776,0.009161116899302853,0.0,0.006474831789265808,ADR
0.35,7.748215374488083,11.665021984003141,7.4098460608742105,0.037855065724938346,0.008311016383436056,0.041191344846796644,0.009082174552358964,0.0,0.006259004062956948,ADR
0.4,8.333648082100867,11.714709033799998,7.4098460608742105,0.037855065724938346,0.008384734016646406,0.041255763289090315,0.009116022908799239,0.0,0.006259004062956948,ADR
0.45,8.491741891622107,11.764396083596848,7.4098460608742105,0.037855065724938346,0.008459305259818667,0.040969060363451514,0.00908223699252308,0.0,0.006259004062956948,ADR
0.5,8.49228146093788,11.71008644907865,7.451446855120243,0.039864024733857424,0.008729374975300613,0.04351608005591206,0.009409431734188851,0.0,0.006151090199802518,ADR
0.55,9.69660017374132,11.759778894568669,7.451446855120243,0.039864024733857424,0.008806742636256536,0.04322761782872405,0.009347960491550669,0.0,0.006151090199802518,ADR
0.6,9.712247683898712,11.809471340058668,7.451446855120243,0.039864024733857424,0.008885006172503691,0.04319963022222221,0.009419582006088202,0.0,0.006151090199802518,ADR
0.65,10.427177027296812,11.8588940008908,7.451554768983398,0.03986681495470315,0.008964447698091644,0.04260988522639067,0.009340609632695748,0.0,0.006151090199802518,ADR
0.7,11.704877167045264,11.902529780811259,7.453977435211215,0.03992945541268958,0.009050604534970337,0.04265113649564375,0.009363780466268103,0.0,0.006151090199802518,ADR
0.75,12.070165593823011,11.95222222630127,7.453977435211215,0.03992945541268958,0.009131652953954579,0.042142852749217696,0.009255012806228848,0.0,0.006151090199802518,ADR
0.8,12.300022122341947,12.00191467179129,7.453977435211215,0.03992945541268958,0.009213639869399288,0.04183849236708193,0.009221076878745037,0.0,0.006151090199802518,ADR
0.85,13.542650256565208,11.946836245391232,7.495885783967237,0.042096619943561044,0.009507681085049383,0.04381169863341169,0.00947416434134543,0.0,0.006151090199802518,ADR
0.9,13.542650256565208,11.995993420580431,7.496101611693546,0.042102200385252475,0.009593275357896166,0.04381169863341169,0.009557819636209252,0.0,0.006043176336648088,ADR
0.95,13.542650256565208,12.045695299300984,7.496101611693546,0.042102200385252475,0.009679316025309798,0.04381169863341169,0.009642443613733556,0.0,0.005935262473493658,ADR
1.0,13.576643123458856,11.975317384952222,7.544134072183583,0.044560942994501765,0.01000456440609833,0.04596576551943406,0.00992399216277398,0.0,0.005935262473493658,ADR
1.05,17.31423977381254,12.025021911333845,7.544134072183583,0.044560942994501765,0.010093905704029496,0.04482840100969178,0.009601257888698863,0.0,0.005719434747184797,ADR
1.1,17.31423977381254,12.074735939596476,7.544134072183583,0.044560942994501765,0.010184281854959388,0.04482840100969178,0.009685780328063482,0.0,0.005719434747184797,ADR
1.15,17.31423977381254,12.124449967859123,7.544134072183583,0.044560942994501765,0.010275704512395152,0.04482840100969178,0.00977128149114865,0.0,0.005719434747184797,ADR
1.2,18.8746742350256,12.06639851452916,7.58724026482062,0.0467844699864568,0.01058361034572732,0.04643894594208284,0.009971041828273042,0.0,0.005719434747184797,ADR
1.25,19.216761181225145,12.116117089820133,7.58724026482062,0.0467844699864568,0.010678335061427588,0.04607253887406991,0.00993504084510511,0.0,0.005611520884030367,ADR
1.3,19.433128476849777,12.165836513775941,7.58724026482062,0.0467844699864568,0.010774156667196869,0.04584744913371834,0.009948596261379028,0.0,0.005611520884030367,ADR
1.35,21.484031446099724,12.214197695144573,7.58778522982955,0.04681572045992887,0.010874132108580264,0.045363100987015584,0.009866477109718698,0.0,0.005503607020875937,ADR
1.4,22.39158703522848,12.263922514793537,7.58778522982955,0.04681572045992887,0.010972202542831898,0.04536248565025663,0.009920679108885652,0.0,0.005503607020875937,ADR
1.45,22.69212714411357,12.313648533807868,7.58778522982955,0.04681572045992887,0.011071408620573445,0.04510413696024347,0.009920174156685332,0.0,0.005395693157721507,ADR
1.5,22.69212714411357,12.267528921329246,7.626127025408319,0.048833050131385114,0.011367209530202768,0.04626241887007799,0.010120443818544026,0.0,0.005287779294567077,ADR
1.55,24.90544047741093,12.317264532364524,7.626127025408319,0.048833050131385114,0.01146979040529687,0.04607732120109189,0.01011361258752608,0.0,0.005287779294567077,ADR
1.6,25.033857974564704,12.367000143399785,7.626127025408319,0.048833050131385114,0.01157355911094206,0.0459735908267954,0.010169103925894131,0.0,0.005287779294567077,ADR
1.65,26.13673765600298,12.416735754435065,7.626127025408319,0.048833050131385114,0.01167852940156787,0.04579778695293145,0.010211710618362355,0.0,0.005287779294567077,ADR
1.7,27.90868328899872,12.461804090888899,7.627993935240891,0.04901776275137183,0.01180261077927294,0.046307754079344204,0.010367509585371311,0.0,0.005287779294567077,ADR
1.75,28.676490425342493,12.511539701924175,7.627993935240891,0.04901776275137183,0.01191012353342133,0.04576016256797185,0.010265456596415014,0.0,0.005287779294567077,ADR
1.8,28.841059066652996,12.561275312959454,7.627993935240891,0.04901776275137183,0.012018881226588733,0.04564658834094141,0.010316661437546606,0.0,0.005287779294567077,ADR
1.85,31.085667420265146,12.53173470227489,7.65970442392882,0.05065757554240205,0.01228863352769197,0.04621694924668471,0.01042136474765336,0.0,0.005287779294567077,ADR
1.9,31.08674655889669,12.581475143535142,7.65970442392882,0.05065757554240205,0.012400799297574384,0.04621714000069427,0.010514735333942793,0.0,0.005179865431412647,ADR
1.95,31.08674655889669,12.631216150263562,7.65970442392882,0.05065757554240205,0.012514263905558088,0.04621714000069427,0.010609009601877734,0.0,0.005179865431412647,ADR
2.0,31.378653558729425,12.613403078657324,7.68672605526269,0.05224214196068696,0.012782560565779429,0.04700318913249075,0.01072896838321657,0.0,0.005179865431412647,ADR
2.05,36.19377013268009,12.662874300727873,7.686833969125844,0.052244932181532686,0.01289977509582517,0.04674964003637502,0.010703434827578866,0.0,0.005179865431412647,ADR
2.1,36.19484927131164,12.712345522798405,7.686941882988998,0.05224772240237841,0.013018345292109278,0.04674901709873138,0.010799309323011068,0.0,0.005179865431412647,ADR
2.15,36.19484927131164,12.762086529526844,7.686941882988998,0.05224772240237841,0.013138015247206482,0.04674901709873138,0.010896562549263196,0.0,0.005179865431412647,ADR
2.2,37.930104190834875,12.763778888685753,7.706161342016802,0.05324159906762421,0.01335536107501745,0.04746635924719404,0.011150605821280699,0.0,0.005179865431412647,ADR
2.25,38.613738513918186,12.813519895414188,7.706161342016802,0.05324159906762421,0.013478342531667216,0.047083760102845,0.01110978004367975,0.0,0.005179865431412647,ADR
2.3,39.10474659127085,12.86299111748474,7.706269255879957,0.05324438928846993,0.013603018498481887,0.04681721952700278,0.011111700312206112,0.0,0.005179865431412647,ADR
2.35,41.19395898194062,12.893361585776939,7.7140174712544445,0.05404574071536099,0.013806926208661037,0.04794363345820343,0.011339960426684635,0.0,0.005179865431412647,ADR
2.4,42.14629882427846,12.943102592505374,7.7140174712544445,0.05404574071536099,0.013934658401933319,0.048102931264482576,0.011494022687540436,0.0,0.005179865431412647,ADR
2.45,42.47759438416256,12.992843599233796,7.7140174712544445,0.05404574071536099,0.014063869664295119,0.04792942074309304,0.011537049288372172,0.0,0.005179865431412647,ADR
2.5,42.47759438416256,12.968744545098811,7.743553495599812,0.05635827575229452,0.01441862339687992,0.04987178192442044,0.011830325844735081,0.0,0.005179865431412647,ADR
2.55,44.790188471562,13.018485551827247,7.743553495599812,0.05635827575229452,0.014552063680560383,0.04992100844466396,0.011942990844449027,0.0,0.005179865431412647,ADR
2.6,45.16680785397096,13.068226558555667,7.743553495599812,0.05635827575229452,0.014687049129902152,0.049720344526872844,0.011982708557607212,0.0,0.005179865431412647,ADR
2.65,46.04576626936379,13.117698264603995,7.743661409462967,0.05636106597314023,0.01482386856545893,0.049865921957392936,0.012140534914144678,0.0,0.005071951568258216,ADR
2.7,47.58030140341979,13.105286281848626,7.7685247635337475,0.05893253350455664,0.015211132436817671,0.05296694636093532,0.012671358352664499,0.0,0.005071951568258216,ADR
2.75,48.38479925323607,13.155032684270214,7.7685247635337475,0.05893253350455664,0.015352219080620086,0.052516170530705994,0.01263171771600109,0.0,0.005071951568258216,ADR
2.8,48.8240086762746,13.204779086691811,7.7685247635337475,0.05893253350455664,0.015494939430761098,0.052276341839159204,0.01266238572182896,0.0,0.005071951568258216,ADR
2.85,50.63642200795325,13.235618280502012,7.776089525340873,0.05932372246712673,0.01567741854398672,0.05258731180870788,0.01287372788960817,0.0,0.004964037705103786,ADR
2.9,50.63696157726903,13.285370078616765,7.776089525340873,0.05932372246712673,0.015823672113186832,0.052587302481698926,0.012991599697801686,0.0,0.004964037705103786,ADR
2.95,50.63696157726903,13.3351218767315,7.776089525340873,0.05932372246712673,0.01597161921890185,0.052587302481698926,0.01311076701610922,0.0,0.004964037705103786,ADR
3.0,50.883544754576896,13.280871689231168,7.817690319586906,0.06334164048496488,0.016510549059948334,0.055990259925347806,0.013524797269893824,0.0,0.004964037705103786,ADR
3.05,54.84128568576562,13.330353702688035,7.81779823345006,0.0633444307058106,0.01666433218845185,0.0562528711223054,0.013767771508225564,0.0,0.004964037705103786,ADR
3.1,54.84182525508139,13.380110878519659,7.81779823345006,0.0633444307058106,0.016819623159496904,0.05625257205824477,0.01389362920455579,0.0,0.004856123841949356,ADR
3.15,54.84344396302872,13.429598287669682,7.817906147313215,0.06335001114750205,0.016977255796469963,0.05625294680401011,0.014021000210137092,0.0,0.004856123841949356,ADR
3.2,56.16053266282853,13.473029031250151,7.820436727404186,0.06347808228432064,0.017148575161619908,0.05685418515814148,0.014367142032129111,0.0,0.004856123841949356,ADR
3.25,56.785353930492676,13.522786225058057,7.820436727404186,0.06347808228432064,0.01730939393366011,0.0565131055662188,0.014380710418254559,0.0,0.004856123841949356,ADR
3.3,57.27744114647688,13.572543418865967,7.820436727404186,0.06347808228432064,0.01747207489931528,0.05624972142359212,0.014420862077652565,0.0,0.004856123841949356,ADR
3.35,58.76341504211339,13.5175297407838,7.862345076160209,0.06781241134606356,0.01805884949470739,0.06039579652550776,0.015082164029174483,0.0,0.004856123841949356,ADR
3.4,59.41197735967151,13.566747365275937,7.862560903886518,0.06782357222944646,0.018228714762821462,0.06064994322041594,0.01532294486532323,0.0,0.004856123841949356,ADR
3.45,59.66503536876865,13.616234774425948,7.862668817749673,0.06782636245029217,0.018399728698419753,0.060502371263983216,0.015416237369211607,0.0,0.004856123841949356,ADR
3.5,59.666114507400195,13.546182014109894,7.910593364376554,0.072721525902025,0.01904670983016391,0.06434643955109828,0.01593116254903355,0.00010791386315443013,0.004748209978794926,ADR
3.55,61.44939109602715,13.595674818953077,7.910701278239709,0.07274384766879079,0.019226186395886753,0.06481822173050242,0.016219095001435688,0.0,0.004748209978794926,ADR
3.6,61.725650585702496,13.645437408454125,7.910701278239709,0.07274384766879079,0.01940555355163764,0.06464452035874753,0.01631431593867008,0.0,0.004748209978794926,ADR
3.65,62.349392714735096,13.695199997955195,7.910701278239709,0.07274384766879079,0.01958699768116426,0.06494632313896533,0.016560814161185895,0.0,0.004748209978794926,ADR
3.7,63.418819098595506,13.637197105863654,7.953807470876746,0.0771909016527008,0.020201391937522076,0.06906541138034304,0.017298249087241487,0.0,0.004748209978794926,ADR
3.75,63.94382004284181,13.686959695364717,7.953807470876746,0.0771909016527008,0.02038940723087813,0.0687110834788919,0.017347115628645625,0.0,0.004748209978794926,ADR
3.8,64.35713013872328,13.736722284865786,7.953807470876746,0.0771909016527008,0.020579599638723762,0.06843586240201216,0.017419059925768,0.0,0.004748209978794926,ADR
3.85,65.66666486810227,13.785122461844509,7.954352435885676,0.07725340259964497,0.020778082629614038,0.069257036630458,0.017842397065509715,0.0,0.004748209978794926,ADR
3.9,65.6682835760496,13.834885051345578,7.954352435885676,0.07725340259964497,0.02097273852350981,0.06925787883817427,0.018008086292913627,0.0,0.004748209978794926,ADR
3.95,65.6682835760496,13.88464764084663,7.954352435885676,0.07725340259964497,0.021169648426425387,0.06925787883817427,0.018175429493359964,0.0,0.004748209978794926,ADR
4.0,65.83393135599165,13.840098878842811,7.992079122444465,0.08114129632607252,0.021745511166452493,0.07190905969904599,0.018575414371870075,0.0007230228831346818,0.004532382252486066,ADR
4.05,68.64185007526991,13.888064702522357,7.9928021453276,0.08129085216340318,0.021963626327943294,0.0730892959376179,0.019110434626017997,0.0,0.004532382252486066,ADR
4.1,68.64292921390145,13.93783808340972,7.9928021453276,0.08129085216340318,0.022169609884578338,0.07308855338081088,0.01928799378562078,0.0,0.004532382252486066,ADR
4.15,68.64562706048034,13.987611464297103,7.9928021453276,0.08129085216340318,0.022377978618385717,0.073088526194163,0.019467907897305785,0.0,0.004532382252486066,ADR
4.2,69.66811091386856,14.032717570603044,7.994669055160172,0.08166027740337663,0.022624551325216027,0.07441645081243513,0.019996392552384855,0.0,0.004532382252486066,ADR
4.25,70.07170876206612,14.082490951490424,7.994669055160172,0.08166027740337663,0.022837968373038166,0.07413675314555002,0.02009201278333929,0.0,0.004532382252486066,ADR
4.3,70.42620580252841,14.131996219713871,7.9947769690233255,0.08166306762422235,0.023054128475745273,0.0738937273583966,0.020198938121875128,0.0,0.0044244683893316355,ADR
4.35,71.48861778528378,14.102498774574569,8.026487457711255,0.08494269320628274,0.02359198882688386,0.07700108516740635,0.020881519074737235,0.0,0.0044244683893316355,ADR
4.4,72.0465324577922,14.152277551155109,8.026487457711255,0.08494269320628274,0.023814656741436884,0.07738442909995057,0.021210822285945896,0.0,0.0044244683893316355,ADR
4.45,72.17009383110401,14.201786543077752,8.026595371574409,0.08494548342712846,0.024040173715833474,0.07729620802213,0.021381469087929858,0.0,0.0044244683893316355,ADR
4.5,72.1744103856302,14.193062516595694,8.049996492799448,0.08736572098870683,0.024502510569651345,0.07892591212816699,0.021740527158751032,0.003620510108831131,0.0044244683893316355,ADR
4.55,73.48934080816693,14.233250448588384,8.053832830634587,0.08812298692623549,0.024808046037144513,0.0804222214390602,0.0222415067269546,0.0,0.0044244683893316355,ADR
4.6,73.65552815742474,14.282759440511018,8.053940744497742,0.08812856736792693,0.025043447354156034,0.08030156720485247,0.02241212685759411,0.0,0.0044244683893316355,ADR
4.65,74.14599666546164,14.332538217091559,8.053940744497742,0.08812856736792693,0.0252810280512479,0.0807025110430296,0.022760792549941594,0.0,0.0044244683893316355,ADR
4.7,75.16902008816562,14.334268346102577,8.073160203525546,0.09011632069841853,0.025713940123039607,0.0828339284345323,0.023396692887822337,0.0,0.0044244683893316355,ADR
4.75,75.4253155131574,14.383993165751537,8.073181786298177,0.09011687874258766,0.025958157205353417,0.08264235190431225,0.023553985170511854,0.0,0.0044244683893316355,ADR
4.8,75.7296326072529,14.433502157674193,8.07328970016133,0.09012245918427911,0.026205688400960863,0.08241563155494755,0.023699088410177708,0.0,0.0044244683893316355,ADR
4.85,76.60967016127726,14.463915769453981,8.08103791553582,0.0917251620380612,0.026611662186382126,0.0850556650866653,0.02437965407697971,0.0,0.004316554526177205,ADR
4.9,76.61182843854036,14.513430157069793,8.081145829398974,0.09172795225890694,0.026865535121730823,0.0850558183495672,0.02461154014810516,0.0,0.004316554526177205,ADR
4.95,76.61452628511923,14.563214525690995,8.081145829398974,0.09172795225890694,0.027122074606729493,0.08505500839483913,0.024845784572601354,0.0,0.004208640663022775,ADR
5.0,76.78772803548209,14.577122734158998,8.095498373198513,0.09321234974883046,0.027525398346094482,0.08584933997596848,0.02512473184088958,0.01518348054582832,0.004208640663022775,ADR
5.05,79.01453060167375,14.588953600761284,8.11068185374434,0.09635302233277399,0.028094631256172953,0.09075925659655833,0.026212782834302117,0.0,0.004208640663022775,ADR
5.1,79.01668887893683,14.638746728572768,8.11068185374434,0.09635302233277399,0.028362653248609822,0.09075801349321241,0.026461878466173615,0.0,0.004100726799868345,ADR
5.15,79.01884715619993,14.68800212291701,8.11089768147065,0.09636139299531113,0.028634591891781296,0.0907576532284497,0.026713791518105514,0.0,0.004100726799868345,ADR
5.2,79.85787744222561,14.67564172041633,8.135761035541432,0.10150432805814398,0.029407126608435138,0.09728716785470565,0.027820411657177073,0.0,0.003992812936713915,ADR
5.25,80.06453249016636,14.72517229511161,8.135868949404585,0.10150711827898973,0.02968755502315516,0.09710541015998814,0.028024624680517637,0.0,0.003992812936713915,ADR
5.3,80.33107973215779,14.774977634274947,8.135868949404585,0.10150711827898973,0.02997095801063641,0.09686951789360558,0.02821100853000208,0.0,0.0038848990735594847,ADR
5.35,81.23971445991809,14.80587148480344,8.143433711211712,0.10228949620412985,0.030333854617912957,0.09809821078079753,0.028823577274664895,0.0,0.0038848990735594847,ADR
5.4,81.76633411211172,14.85567723984977,8.143433711211712,0.10228949620412985,0.030624276215963163,0.09852357650785272,0.029231691535747673,0.0,0.0038848990735594847,ADR
5.45,81.80248525626844,14.905482994896088,8.143433711211712,0.10228949620412985,0.030918060737624084,0.09850186569221739,0.02950412736432407,0.0,0.0038848990735594847,ADR
5.5,81.80410396421576,14.941529732390228,8.148937318232587,0.1028587012566569,0.031270393648765826,0.09883537434206187,0.02981939902488494,0.03609718722515688,0.0038848990735594847,ADR
5.55,82.80284676771001,14.900822734715774,8.185142419320899,0.11033091268149764,0.03229919372714215,0.10741121655664959,0.031136741605308806,0.0,0.0038848990735594847,ADR
5.6,82.86327853107649,14.950628489762082,8.185142419320899,0.11033091268149764,0.03260759146763414,0.10735325402251698,0.03141467573390612,0.0,0.0038848990735594847,ADR
5.65,83.3726319651654,15.000164460150527,8.185250333184053,0.11034207356488053,0.032920647246866434,0.10755046479028199,0.03181179733951554,0.0,0.0038848990735594847,ADR
5.7,84.22407234545386,15.043643953878593,8.187780913275024,0.11059821583851769,0.033261050904220504,0.10863760453569941,0.032431756424247164,0.0,0.0037769852104050546,ADR
5.75,84.46957638413018,15.092919428618625,8.187996741001333,0.11060379628020914,0.03358096985992148,0.10842524903225809,0.03266923985261244,0.0,0.0036690713472506244,ADR
5.8,84.66975660028166,15.14273597505127,8.187996741001333,0.11060379628020914,0.033904047986426586,0.10823102355962556,0.03291466383224157,0.0,0.0036690713472506244,ADR
5.85,85.4359450286781,15.087511864935951,8.23001300362051,0.1192752446245407,0.03507555858209662,0.1178213933725314,0.034392989492988094,0.0,0.0036690713472506244,ADR
5.9,85.43756373662542,15.13679177518873,8.23022883134682,0.11929756639130643,0.03541295370481786,0.11783483696256253,0.03472264698834013,0.0,0.0035611574840961942,ADR
5.95,85.44134072183583,15.186343932656632,8.230336745209973,0.11930314683299788,0.03575261920530916,0.11783224052895148,0.03505371978825555,0.0,0.0035611574840961942,ADR
6.0,85.63018998235609,15.233157775847003,8.231539984784146,0.11942633508333647,0.03610760631223456,0.11770157042488706,0.035326868851991426,0.04684540799533812,0.0035611574840961942,ADR
6.05,87.36328662461624,15.16586619798446,8.278385392779484,0.12913853580312198,0.037400767774145145,0.12876978821959942,0.03709747474818563,0.0,0.0035611574840961942,ADR
6.1,87.36436576324778,15.215688140110244,8.278385392779484,0.12913853580312198,0.03775705653986163,0.12876851701201245,0.0374500456968449,0.0,0.0035611574840961942,ADR
6.15,87.36544490187931,15.265510082236045,8.278385392779484,0.12913853580312198,0.03811747093504399,0.12876836364310107,0.03780704197524238,0.0,0.0035611574840961942,ADR
6.2,87.99620143201696,15.207566542769241,8.32149158541652,0.138032643770942,0.039343756937895207,0.13841329438455782,0.039280126154393316,0.0,0.0035611574840961942,ADR
6.25,88.20393561858924,15.257118700237154,8.321599499279674,0.13803543399178772,0.03971752636871504,0.13820783380538446,0.039588832879108776,0.0,0.0035611574840961942,ADR
6.3,88.32210129874333,15.306535965376128,8.321761370074407,0.1380396193230563,0.04009575844281377,0.13807378845378457,0.03992272083485607,0.0,0.0035611574840961942,ADR
6.35,89.1735416790318,15.354995494979587,8.322306335083336,0.13816462121694462,0.04049013767885653,0.13862954386814144,0.04049316340854609,0.0,0.0035611574840961942,ADR
6.4,89.55555675459847,15.404547652447501,8.32241424894649,0.13816741143779035,0.04087710372336351,0.138866485564178,0.04093553439495948,0.0,0.0035611574840961942,ADR
6.45,89.5998014384918,15.454099809915405,8.322522162809646,0.13817020165863605,0.041268548497661414,0.13895891141649303,0.04135840289051152,0.0,0.0035611574840961942,ADR
6.5,89.60465756233374,15.503264522240547,8.322786551774374,0.13818819858309098,0.04166599787346667,0.13895869826034069,0.04175325750462476,0.038260860181403206,0.003453243620941764,ADR
6.55,90.43343603135978,15.457439709605998,8.361047411955777,0.14624705394074453,0.04285131341940274,0.14726625943449703,0.04309966811655198,0.0,0.003453243620941764,ADR
6.6,90.46095406646415,15.50726704742494,8.361047411955777,0.14624705394074453,0.043260544021780534,0.14724829603826928,0.043506428892603,0.0,0.003453243620941764,ADR
6.65,90.89314908839764,15.557094385243898,8.361047411955777,0.14624705394074453,0.04367451329120029,0.14735732780861358,0.04397789885473754,0.0,0.003453243620941764,ADR
6.7,91.46617170174767,15.60003238290045,8.363804611159372,0.14700892374266858,0.04416708876933578,0.148765995056543,0.044643857874978383,0.0,0.003345329757787334,ADR
6.75,91.67822244284612,15.649865116412567,8.363804611159372,0.14700892374266858,0.04459110251277694,0.1486629456064976,0.045038802470540804,0.0,0.003345329757787334,ADR
6.8,91.76509310268544,15.698888495951026,8.364128352748835,0.14702008462605148,0.045021110364364535,0.14857527051643138,0.04544368472645221,0.0,0.003345329757787334,ADR
6.85,92.4400943167164,15.669448183823848,8.395838841436765,0.15357933579017233,0.04609394769818779,0.15524134250125493,0.04665231292180461,0.0,0.003237415894632904,ADR
6.9,92.44171302466371,15.719286313029121,8.395838841436765,0.15357933579017233,0.046536366848195836,0.15524073698526192,0.04710007585257792,0.0,0.003237415894632904,ADR
6.95,92.44495044055834,15.768584872918613,8.396054669163075,0.15358770645270947,0.04698472101796694,0.15523650776566994,0.04755161261184787,0.0,0.003237415894632904,ADR
7.0,92.60736080460576,15.809169388358393,8.399756114669271,0.15368341102771765,0.04744672237981693,0.15514067008483268,0.04795400467650818,0.02818170536277943,0.003237415894632904,ADR
7.05,93.71347790193867,15.787743900183061,8.428261561621513,0.16007120312086892,0.04852698096924108,0.16215163694568235,0.04927511207091665,0.0,0.003237415894632904,ADR
7.1,93.72157144167525,15.837312244730432,8.428369475484669,0.1600823640042518,0.0489947995051652,0.16214537453151176,0.049746061834692865,0.0,0.003237415894632904,ADR
7.15,93.72588799620144,15.886881835345509,8.428477389347822,0.1600851542250975,0.04946721289722497,0.16214222356293714,0.050224692212726386,0.0,0.003129502031478474,ADR
7.2,94.07337063555869,15.888676712674421,8.447696848375626,0.16406066088608073,0.05032998509606316,0.16618214399853168,0.05116792035409432,0.0,0.003129502031478474,ADR
7.25,94.24495367797424,15.938469926587468,8.447718431148257,0.16406177697441904,0.05081533210197256,0.16614101301333392,0.05164712214494221,0.0,0.0029136743051696137,ADR
7.3,94.33560132302397,15.954965369924603,8.461061980327303,0.16441515844452959,0.05134042733155366,0.16642724946378012,0.052155553219625554,0.0,0.0029136743051696137,ADR
7.35,94.81204102885077,15.985449147773114,8.46881019570179,0.1676205641520938,0.052149396151849305,0.17011107925198327,0.05307933441109743,0.0,0.0029136743051696137,ADR
7.4,94.99117804168714,16.03503750961877,8.468918109564946,0.16762614459378525,0.052654128910683884,0.17009752556660038,0.053572373087900624,0.0,0.0028057604420151836,ADR
7.45,95.05538679026401,16.084627436938774,8.4690260234281,0.16762893481463095,0.05316443132877412,0.170231398804557,0.05413621524207216,0.0,0.0028057604420151836,ADR
7.5,95.06240119136905,16.13421736425879,8.469133937291254,0.1676317250354767,0.0536806411352269,0.17022382763278887,0.05465917240647752,0.029536024345367527,0.0028057604420151836,ADR
7.55,95.4875818121975,16.110237015373283,8.498669961636622,0.17688186518321075,0.05510361759215506,0.17962972761485,0.056121295662150836,0.0,0.0028057604420151836,ADR
7.6,95.50862501551262,16.15982722308695,8.498777875499776,0.17688465540405646,0.05563678035690028,0.17965281494161314,0.05667400907899406,0.0,0.0026978465788607534,ADR
7.65,95.72445274182148,16.20915276144224,8.498993703226084,0.17690139672913074,0.056177470011719154,0.1796285805567925,0.05721007725900794,0.0,0.0026978465788607534,ADR
7.7,95.95646754760351,16.196859483936336,8.523857057296865,0.18718726685479653,0.05771931469373121,0.19047171430338677,0.0588288427717043,0.0,0.0026978465788607534,ADR
7.75,96.09459729244118,16.196504177541907,8.543945222923062,0.1877094566860732,0.058327232530561414,0.1909824813947612,0.05944101551160139,0.0,0.0026978465788607534,ADR
7.8,96.19711546243788,16.24637432165267,8.543945222923062,0.1877094566860732,0.05889101384331205,0.19088307839694874,0.05998463751173287,0.0,0.0025899327157063233,ADR
7.85,96.46743968963973,16.276793351183283,8.551725812456498,0.18927979297804493,0.059614288621965564,0.19233684677771187,0.06071393315880712,0.0,0.0025899327157063233,ADR
7.9,96.473914521429,16.326394069889616,8.551833726319652,0.18928258319889063,0.060192310156799864,0.1923301563552165,0.06130049143186058,0.0,0.0025899327157063233,ADR
7.95,96.47607279869209,16.376264573253824,8.551833726319652,0.18928258319889063,0.060776752684917286,0.19232686596346796,0.06189477639146658,0.0,0.0025899327157063233,ADR
8.0,96.57103699826799,16.377929228324334,8.571117933665349,0.18978119566402094,0.0614162701748357,0.19272903315491294,0.06250886821924663,0.04794612939951331,0.002374104989397463,ADR
8.05,97.06690119946259,16.307405630260313,8.619279890791171,0.2060308838253306,0.0635974797108136,0.2093658041212471,0.06472961663283532,0.0,0.002374104989397463,ADR
8.1,97.07337603125185,16.357017140352944,8.619387804654325,0.20603367404617634,0.06421166461001272,0.2093547136830286,0.06535092529257579,0.0,0.002374104989397463,ADR
8.15,97.0803904323569,16.406628650445597,8.619495718517479,0.20605599581294212,0.06483486319690188,0.20936315496715235,0.06598127845268993,0.0,0.002374104989397463,ADR
8.2,97.20988706814221,16.44991483253234,8.622134212471606,0.20657107058106222,0.06551299485034935,0.20980427126697085,0.06665175249216392,0.0,0.002266191126243033,ADR
8.25,97.29945557456038,16.49926195366026,8.622350040197913,0.20658223146444513,0.06614985296135119,0.2097275641719533,0.06727224659497667,0.0,0.002266191126243033,ADR
8.3,97.37607441740003,16.54914864410396,8.622350040197913,0.20658223146444513,0.06679299480492584,0.209671715321106,0.06790990773874907,0.0,0.002266191126243033,ADR
8.35,97.52715382581624,16.41649903502191,8.695364560008201,0.22472661909104158,0.06921104044778008,0.22825834153250352,0.07037544864340647,0.0,0.002266191126243033,ADR
8.4,97.59513955960352,16.46557637149195,8.695688301597665,0.22477405284541882,0.06988344492227068,0.2281773845507419,0.07101805744086112,0.0,0.002266191126243033,ADR
8.45,97.6323698423918,16.515193277277742,8.695796215460819,0.22478521372880172,0.07056008912672697,0.22823455365995196,0.07172335988897995,0.0,0.002266191126243033,ADR
8.5,97.63776553554952,16.511217460774482,8.717341218239602,0.22534256034273442,0.07129747392852741,0.2287894854742892,0.07246953078385827,0.055316646252960885,0.002266191126243033,ADR
8.55,97.77643484970297,16.42308033016861,8.772549950629408,0.2451116935677942,0.0739144145345419,0.2488523712778402,0.07509838609799795,0.00010791386315443013,0.0021582772630886027,ADR
8.6,97.79478020643923,16.47297127075612,8.772549950629408,0.2451116935677942,0.07462417897075505,0.2488574734449312,0.0758238008038991,0.00010791386315443013,0.0020503633999341725,ADR
8.65,97.880571727647,16.52286335689297,8.772549950629408,0.2451116935677942,0.0753421621316758,0.2487153214078994,0.076506931407756,0.00010791386315443013,0.0020503633999341725,ADR
8.7,97.9463991841712,16.46499171274382,8.815656143266445,0.26289990950343434,0.07779185561755998,0.26678753710467307,0.07898027891977218,0.00010791386315443013,0.0019424495367797424,ADR
8.75,98.00952879411653,16.454025775754733,8.840001510794083,0.2635321735470747,0.07859752842112201,0.2673580205677039,0.07977976868209787,0.00010791386315443013,0.0019424495367797424,ADR
8.8,98.05593175527294,16.50352064837129,8.840163381588816,0.26354054420961187,0.07935138145013948,0.26727745433335165,0.08051985507754786,0.00010791386315443013,0.0018345356736253122,ADR
8.85,98.14280241511226,16.55260600471357,8.84048712317828,0.2636075095099092,0.08011889485135906,0.26725779742813,0.08127417650018978,0.0003291372826210119,0.001726621810470882,ADR
8.9,98.14819810826998,16.601963647443156,8.840702950904587,0.26361588017244636,0.08088954614244231,0.2672553292615214,0.08205390782245449,0.0003291372826210119,0.001726621810470882,ADR
8.95,98.15467294005924,16.65159267834445,8.840810864767743,0.26362146061413777,0.08166884383929662,0.2672426742893581,0.08283985297009928,0.0003291372826210119,0.001618707947316452,ADR
9.0,98.20485288642605,16.66878389631427,8.853895420675217,0.2639687035983877,0.08249026389698053,0.26750119305956943,0.08364514292271785,0.04293892614914775,0.001618707947316452,ADR
9.05,98.35647186415802,16.61393343795014,8.895782186658609,0.27962086596558633,0.08480950419173675,0.2832153052713578,0.08594053771564734,0.0010521601657556938,0.001618707947316452,ADR
9.1,98.3629466959473,16.66379989454448,8.895782186658609,0.27962086596558633,0.08562160571097491,0.28319978268668505,0.0867585986546075,0.0010521601657556938,0.001618707947316452,ADR
9.15,98.37104023568388,16.713398754795843,8.895890100521763,0.279623656186432,0.08644338132514878,0.28318272238006953,0.08758566158657512,0.0010521601657556938,0.001510794084162022,ADR
9.2,98.40719137984061,16.760775098662396,8.896888303755942,0.27969201659715215,0.08728102374410132,0.2831807653648132,0.08841286725749233,0.002811156135172905,0.001510794084162022,ADR
9.25,98.44172381605003,16.810559001151436,8.896888303755942,0.27969201659715215,0.08811554747528857,0.28312536122119,0.08924114815333287,0.002811156135172905,0.001510794084162022,ADR
9.3,98.48650806925912,16.830868929766417,8.908677893305564,0.28001079932877576,0.08899062520525895,0.283360670406732,0.09010414482507269,0.002811156135172905,0.001510794084162022,ADR
9.35,98.52481749067894,16.80137881578269,8.940388381993493,0.29312930165701734,0.0911226377425148,0.2966049193259547,0.09224454802246056,0.002811156135172905,0.0014028802210075918,ADR
9.4,98.55341466441486,16.85116811396488,8.940388381993493,0.29312930165701734,0.09199365566858411,0.29653216021724366,0.09310253315330172,0.002811156135172905,0.0014028802210075918,ADR
9.45,98.56798303594071,16.900417842831295,8.940604209719801,0.2931460429820916,0.09287638360179154,0.29652470793030394,0.09399109655722764,0.002811156135172905,0.0014028802210075918,ADR
9.5,98.57823485294038,16.92491972385643,8.950721134390529,0.29347249882104104,0.09379932798662087,0.2968270158622426,0.09491686065451733,0.034607975913625744,0.0012949663578531616,ADR
9.55,98.63381049246492,16.903283264078624,8.979221185649614,0.3033768062460544,0.09565324979274037,0.3067622227887156,0.0967653063975365,0.006431666244004036,0.0012949663578531616,ADR
9.6,98.64244360151727,16.952627147790643,8.97932909951277,0.3033991280128201,0.09656014152314091,0.30676776291045144,0.09767795244123408,0.006431666244004036,0.0012949663578531616,ADR
9.65,98.65755154235889,17.001701246844778,8.979544927239077,0.30340749867535727,0.09747616167226249,0.30672785644671713,0.09859046011889212,0.006431666244004036,0.0012949663578531616,ADR
9.7,98.67751560704245,17.003266267645166,8.998764386266881,0.31135851199732373,0.09917229227493925,0.3147295946457278,0.10028993029841288,0.006431666244004036,0.0012949663578531616,ADR
9.75,98.69370268651562,17.032484215878895,9.006922674321357,0.31157112682576765,0.10013372512938011,0.31490400559832055,0.10124960146294834,0.006431666244004036,0.0012949663578531616,ADR
9.8,98.71042933530457,17.04873901130119,9.020266223500402,0.31227788976598875,0.10115392811752613,0.31557837149276,0.10226777418520512,0.006431666244004036,0.0012949663578531616,ADR
9.85,98.72661641477772,17.09796527038023,9.020266223500402,0.31227788976598875,0.10208993967492572,0.3155380758472561,0.10320049589076766,0.01417988161849212,0.0012949663578531616,ADR
9.9,98.73578909314585,17.14692174332352,9.020374137363556,0.3122890506493716,0.10303787566372705,0.31552133742827476,0.10415085503519188,0.01417988161849212,0.0012949663578531616,ADR
9.95,98.74118478630358,17.19587821626682,9.020482051226711,0.3122946310910631,0.10399623838371683,0.31550889967213114,0.10511477099716589,0.01417988161849212,0.0012949663578531616,ADR
10.0,98.76276755893446,17.23111613935661,9.026077385031268,0.31244209426275943,0.10497944223921013,0.31559279300699306,0.10608767800646055,0.045771665056951544,0.0012949663578531616,ADR
10.05,98.79945827240697,17.238562465698926,9.042485687923898,0.31843283792956467,0.10649009057127146,0.321568220197916,0.10758484290767822,0.02936336216432044,0.0012949663578531616,ADR
10.1,98.80431439624891,17.286490997140923,9.042701515650208,0.3184412085921019,0.10743192063385247,0.3215548158608977,0.10853062165434132,0.02936336216432044,0.0011870524946987315,ADR
10.15,98.81132879735395,17.33388433777643,9.043133171102825,0.31848027168394194,0.10838763188257969,0.3215689809861847,0.10948990281825947,0.02936336216432044,0.0011870524946987315,ADR
10.2,98.82751587682712,17.382359236052675,9.043133171102825,0.31848027168394194,0.10935059251001747,0.3215319802576982,0.11044959332278276,0.05422671623510114,0.0010791386315443013,ADR
10.25,98.84208424835296,17.379373529243853,9.063221336729024,0.3195246513464952,0.1103394413498909,0.3225444502502907,0.11143492595000132,0.05422671623510114,0.0010791386315443013,ADR
10.3,98.85449434261572,17.410771877082613,9.069555880496187,0.3196884373101391,0.11125325655130834,0.3226809324381857,0.11234745139255925,0.05422671623510114,0.0010791386315443013,ADR
10.35,98.87122099140467,17.438555110505693,9.077336470029623,0.32282910989408253,0.11246761805179446,0.32580103675487476,0.11355675248142523,0.05422671623510114,0.0010791386315443013,ADR
10.4,98.88632893224629,17.48552003310447,9.077444383892777,0.32283469033577394,0.1133887844536584,0.32575944335375867,0.11447062561995915,0.05422671623510114,0.0010791386315443013,ADR
10.45,98.89442247198286,17.532758837627505,9.077444383892777,0.32283469033577394,0.11432007324026511,0.325739413456712,0.11540319150448881,0.05422671623510114,0.0009712247683898712,ADR
10.5,98.9052138582983,17.542593904830547,9.092406641019139,0.3235528931814625,0.1153317278478703,0.3264346800506263,0.1164131062013545,0.10943005293174987,0.000863310905235441,ADR
10.55,98.92463835366611,17.53945981645989,9.111836532080094,0.32654345188390627,0.1164500943885189,0.3293952013963129,0.11752104308019709,0.09032390346025802,0.000863310905235441,ADR
10.6,98.93381103203424,17.584630671083726,9.111944445943248,0.3265490323255977,0.11728886774287012,0.3293749554802925,0.11835866707887238,0.09032390346025802,0.000863310905235441,ADR
10.65,98.94837940356008,17.62953174104968,9.112160273669557,0.32659646607997495,0.11814142814579214,0.3293759497447978,0.11920192551322804,0.09032390346025802,0.000863310905235441,ADR
10.7,98.96132906713862,17.668379884903736,9.114798767623682,0.3276266156162152,0.11909902167244206,0.330368735584053,0.12015284531811404,0.09032390346025802,0.000755397042081011,ADR
10.75,98.97805571592755,17.70830882362485,9.117005606125192,0.3277004169575845,0.11997446615640424,0.330400436286722,0.12102174471643043,0.09032390346025802,0.000755397042081011,ADR
10.8,98.98507011703258,17.753754858599738,9.117005606125192,0.3277004169575845,0.12085282106684019,0.33037984187689423,0.12189968301978378,0.09032390346025802,0.000755397042081011,ADR
10.85,99.00287590445306,17.71934005649453,9.148111777179455,0.32931455971683404,0.12175194925971654,0.33195082253045216,0.12278596297316634,0.13223225221628096,0.000755397042081011,ADR
10.9,99.0120485828212,17.76188132005796,9.148435518768919,0.3294094272255885,0.12251250312728085,0.3320164476463472,0.12354188802900741,0.13223225221628096,0.000755397042081011,ADR
10.95,99.01960255324201,17.80496215293715,9.148543432632072,0.3294317489923543,0.12327477109978513,0.3320235241395845,0.1243041667045839,0.13223225221628096,0.000755397042081011,ADR
11.0,99.02715652366281,17.81278213103064,9.162755688409511,0.3301627868539332,0.12411450673367955,0.3327338804991009,0.12514146181173258,0.19498955933373982,0.000755397042081011,ADR
11.05,99.03848747929402,17.813749649484777,9.178775501394787,0.33142006036701505,0.12485164769124883,0.3339699408229865,0.12587142591548406,0.17896974634846466,0.0006474831789265808,ADR
11.1,99.05035800424102,17.854768788008403,9.178775501394787,0.33142006036701505,0.1254741049882589,0.33393555069645314,0.1264847625066814,0.17896974634846466,0.0006474831789265808,ADR
11.15,99.06114939055645,17.89578792653203,9.178775501394787,0.33142006036701505,0.12610377000106845,0.3339094537155556,0.12710861503325976,0.17896974634846466,0.0006474831789265808,ADR
11.2,99.06870336097727,17.93626863354079,9.178991329121095,0.3315093474340781,0.12674940290238773,0.33398285058848515,0.1277518052354416,0.22186011125919292,0.0005395693157721507,ADR
11.25,99.0757177620823,17.91428523069295,9.203336696648735,0.3327738755213589,0.12736688666685123,0.33522989757107075,0.128364694466322,0.22186011125919292,0.0005395693157721507,ADR
11.3,99.08812785634507,17.951654452580044,9.2039410142824,0.33280205675190067,0.12787033101902356,0.33521621215074904,0.12885733917923226,0.22186011125919292,0.0005395693157721507,ADR
11.35,99.09784010402896,17.989725114577634,9.204264755871863,0.3329359873524952,0.12838989948500437,0.33532625156130047,0.12936972247311349,0.22186011125919292,0.0005395693157721507,ADR
11.4,99.10863149034441,18.028065561233113,9.204480583598173,0.3329527286775696,0.12890398510934162,0.3353100100282556,0.12987702084345232,0.22186011125919292,0.0005395693157721507,ADR
11.45,99.11888330734408,18.066676909260472,9.204588497461327,0.33296388956095246,0.1294234688612686,0.33528672992923236,0.1303877464360956,0.22186011125919292,0.0004316554526177205,ADR
11.5,99.12913512434375,18.0832781081835,9.213502182557882,0.3334397617261901,0.129993984824111,0.3357415371083012,0.13095176009130657,0.26804724468928903,0.0004316554526177205,ADR
11.55,99.13830780271188,18.098057721096477,9.222394284881807,0.3339354444594324,0.1304417555609925,0.33621257491182993,0.131391997726595,0.2593709700916728,0.0004316554526177205,ADR
11.6,99.14748048108,18.135067589819258,9.222394284881807,0.3339354444594324,0.13084613371674056,0.3361890684124885,0.13178875589824243,0.2593709700916728,0.0004316554526177205,ADR
11.65,99.15881143671122,18.17180767388416,9.222502198744962,0.3339410249011238,0.13125573500475726,0.33615810863343015,0.13218687535855506,0.2593709700916728,0.0004316554526177205,ADR
11.7,99.16420712986894,18.205151123494474,9.223969827283861,0.3340898831832432,0.1316839572695055,0.33629091542245243,0.13261092891710408,0.2593709700916728,0.0003237415894632904,ADR
11.75,99.17176110028974,18.242166387910423,9.223969827283861,0.3340898831832432,0.1321026278011358,0.3362727557862435,0.13302394639354712,0.2593709700916728,0.0003237415894632904,ADR
11.8,99.18093377865787,18.249707678452317,9.235759416833483,0.3347274486464904,0.13258792764785518,0.336880266615891,0.13350102821552015,0.2593709700916728,0.0003237415894632904,ADR
11.85,99.19604171949949,18.28513742448215,9.235759416833483,0.3347274486464904,0.13290573578426515,0.3368383814450373,0.13380260263344176,0.2910814587796021,0.0003237415894632904,ADR
11.9,99.2035956899203,18.320567164463707,9.235759416833483,0.3347274486464904,0.13322722353976782,0.33681906090059116,0.13411713020023838,0.2910814587796021,0.0003237415894632904,ADR
11.95,99.21007052170957,18.355457335129476,9.235975244559793,0.334760931296639,0.13355568213783758,0.33682365632053257,0.13443832514675289,0.2910814587796021,0.0003237415894632904,ADR
12.0,99.21654535349884,18.372433804511616,9.243356552799556,0.33517862735724346,0.13392514516542092,0.33722070112735947,0.1348009775158595,0.32343403495330025,0.0003237415894632904,ADR
12.05,99.22733673981428,18.383505497086603,9.252631749337679,0.33589780678022796,0.1342463382604234,0.3379100718756287,0.1351104491267216,0.3144825800046403,0.0003237415894632904,ADR
12.1,99.23381157160355,18.417498607524188,9.252739663200833,0.3359424503137596,0.13450512091800154,0.33793680794723585,0.13536243625500954,0.3144825800046403,0.00021582772630886026,ADR
12.15,99.24298424997168,18.451224990885216,9.252955490927143,0.3359591916388339,0.13476415445843168,0.3379178036861849,0.13561002714851908,0.3144825800046403,0.00010791386315443013,ADR
12.2,99.25431520560288,18.485495462525993,9.252955490927143,0.3359591916388339,0.13502455168893246,0.3378896280857402,0.13585926065359613,0.3337020390324443,0.00010791386315443013,ADR
12.25,99.26240874533947,18.498409244745034,9.261113778981617,0.33638442129572177,0.13526213968843703,0.3382945429481534,0.13608893983922438,0.3337020390324443,0.00010791386315443013,ADR
12.3,99.26618573054988,18.49835987415264,9.274457328160663,0.33779794717616396,0.13559775335920093,0.33970817613454146,0.13642154166685216,0.3337020390324443,0.00010791386315443013,ADR
12.35,99.275358408918,18.520702630164795,9.27884402669789,0.3379113696535425,0.13581051211354028,0.3397952546116636,0.13662300565937777,0.3337020390324443,0.00010791386315443013,ADR
12.4,99.28291237933881,18.553742347862123,9.278951940561043,0.3379336914203083,0.1360167905632789,0.3397944135127497,0.1368205689600632,0.3337020390324443,0.00010791386315443013,ADR
12.45,99.29640161223313,18.58678206555945,9.2790598544242,0.3379448523036912,0.13622435790442058,0.3397679230121339,0.13701297886843028,0.3337020390324443,0.00010791386315443013,ADR
12.5,99.30557429060124,18.59006453549196,9.291070667393287,0.33835599134530814,0.1364730756676222,0.34014156217467373,0.13725003650919976,0.35486934329018577,0.00010791386315443013,ADR
12.55,99.31528653828514,18.605619509511698,9.297885427851488,0.3386350134298803,0.13666155169776562,0.34039893741307364,0.1374285575667963,0.3480545828319835,0.00010791386315443013,ADR
12.6,99.32068223144286,18.63767181536117,9.298101255577798,0.33865175475495457,0.13682649180357256,0.34039154166259217,0.1375863802390186,0.3480545828319835,0.00010791386315443013,ADR
12.65,99.33093404844253,18.66918455189487,9.298532911030415,0.3387298809386348,0.13699929213798884,0.3404286019783479,0.13774541367662546,0.3480545828319835,0.00010791386315443013,ADR
12.7,99.33794844954758,18.652486770064314,9.31824877382873,0.33923965428714803,0.13721584800650857,0.34092222871606576,0.13795372900542938,0.3480545828319835,0.00010791386315443013,ADR
12.75,99.34981897449457,18.634858231164074,9.338336939454926,0.34132841361225474,0.13758868203225558,0.3429878554049357,0.1383134344923381,0.3480545828319835,0.00010791386315443013,ADR
12.8,99.36222906875732,18.651613746911405,9.344671483222092,0.3416559855395424,0.13779286533581564,0.34328620490792877,0.1385038555161534,0.3480545828319835,0.00010791386315443013,ADR
12.85,99.37463916302008,18.683287816113385,9.344887310948401,0.3416783073063081,0.13794317888336471,0.34326720079924417,0.13863845257577884,0.35561934463910905,0.00010791386315443013,ADR
12.9,99.38327227207243,18.715231668530382,9.344995224811555,0.341689468189691,0.13809413662519887,0.3432486124110973,0.13877816959089287,0.35561934463910905,0.00010791386315443013,ADR
12.95,99.38974710386171,18.747445305605265,9.344995224811555,0.341689468189691,0.13824575365273684,0.3432324273569234,0.13892237621446335,0.35561934463910905,0.00010791386315443013,ADR
13.0,99.39730107428251,18.703728050718123,9.37536758159637,0.3430148230914084,0.1385275312217236,0.344548856907109,0.1391975228220323,0.3896445856917009,0.00010791386315443013,ADR
13.05,99.40485504470333,18.66355306838902,9.404212957217549,0.3453375424344288,0.13889036737852645,0.346852984030831,0.1395511852283535,0.361122951659985,0.00010791386315443013,ADR
13.1,99.41456729238722,18.695221740454976,9.404320871080703,0.3453487033178117,0.1390308607286238,0.3468397273240416,0.13968162317153593,0.361122951659985,0.00010791386315443013,ADR
13.15,99.4264378173342,18.726885224616524,9.404428784943859,0.3453542837595031,0.13917207129059264,0.34681403349432893,0.13981048156107997,0.36123086552313943,0.00010791386315443013,ADR
13.2,99.44262489680736,18.758279290275414,9.404644612670166,0.34541008817641755,0.1393197704836835,0.34681453873033097,0.1399360373692478,0.3636535317509564,0.0,ADR
13.25,99.45233714449127,18.784309732776215,9.40695936503483,0.3455604810800019,0.13946989395061027,0.3469394659230243,0.14007627069411974,0.3636535317509564,0.0,ADR
13.3,99.4593515455963,18.81612705618867,9.40695936503483,0.3455604810800019,0.13960702932652125,0.34692299326754594,0.14020565708907404,0.3636535317509564,0.0,ADR
13.35,99.46852422396442,18.680610445547284,9.473892938656364,0.34971511991928045,0.1401504576514408,0.35107022318658176,0.14074066811536098,0.3636535317509564,0.0,ADR
13.4,99.47607819438524,18.7121544973771,9.474000852519518,0.3497262808026633,0.14029384621731594,0.35105660663260324,0.14087480167549263,0.36386935947726523,0.0,ADR
13.45,99.48794871933224,18.74369124474535,9.474108766382674,0.3497709243361949,0.14044163529054043,0.351076,0.14101070771017524,0.36386935947726523,0.0,ADR
13.5,99.49658182838458,18.706432904352656,9.501734715350208,0.3510534493479305,0.14071102277822167,0.3523335704989154,0.14126909547280164,0.39349711060631404,0.0,ADR
13.55,99.5079127840158,18.667010891003716,9.530202392450347,0.3534647582028025,0.14108924204888648,0.3547336479034383,0.14163740544931586,0.365056411971964,0.0,ADR
13.6,99.5138480464893,18.698758070405113,9.530202392450347,0.3534647582028025,0.14123552021277494,0.3547213228073219,0.1417783103244166,0.365056411971964,0.0,ADR
13.65,99.52302072485742,18.730505249806512,9.530202392450347,0.3534647582028025,0.14138349219797142,0.3546970402008143,0.14191570342296292,0.365056411971964,0.0,ADR
13.7,99.52787684869936,18.705429620522505,9.552929052030668,0.3540523787129113,0.1415896783147803,0.35527420694141754,0.1421162262445272,0.3652722396982728,0.0,ADR
13.75,99.53650995775172,18.67576302040272,9.577490247284617,0.3565870153291642,0.14198753326744187,0.3577952982859373,0.14250554099720444,0.3652722396982728,0.0,ADR
13.8,99.54460349748831,18.705408577319197,9.578326579724065,0.35664937676506603,0.14214765453548148,0.35783067617039493,0.14265603596232646,0.3652722396982728,0.0,ADR
13.85,99.55215746790913,18.73712877831655,9.578326579724065,0.35664937676506603,0.14230240708564573,0.3578113719126518,0.14280213502355335,0.3655959812877361,0.0,ADR
13.9,99.55755316106683,18.768309409936393,9.578542407450373,0.3566828594152147,0.14246220506700355,0.3578229486702833,0.1429552605234226,0.3655959812877361,0.0,ADR
13.95,99.56133014627724,18.799759826214117,9.578650321313528,0.3567051811819805,0.1426227439379571,0.35783025293735093,0.14311069615749553,0.3655959812877361,0.0,ADR
14.0,99.57158196327691,18.79160585471417,9.594599990287753,0.3575056955426178,0.14286052353481507,0.35860311422517727,0.14333547477225766,0.3821068023503639,0.0,ADR
14.05,99.57643808711886,18.78177382264218,9.611218725213535,0.3589434963444179,0.14316269711440124,0.3600289822051715,0.1436333398865861,0.3657038951508906,0.0,ADR
14.1,99.58237334959236,18.813488627884624,9.611218725213535,0.3589434963444179,0.1433274616422212,0.36001747074919127,0.1437924391835624,0.3657038951508906,0.0,ADR
14.15,99.59208559727625,18.844933648469198,9.611326639076688,0.3589546572278008,0.14349521536117563,0.3600008526306094,0.14394945567664233,0.3657038951508906,0.0,ADR
14.2,99.60341655290746,18.873249167001703,9.612686353752435,0.3591630867249761,0.14368401699113087,0.36017896271898925,0.14412460682580136,0.365811809014045,0.0,ADR
14.25,99.60611439948633,18.904958576551003,9.612686353752435,0.3591630867249761,0.1438543099728628,0.360173409099527,0.14429228926720652,0.365811809014045,0.0,ADR
14.3,99.61204966195982,18.906924227568368,9.624583857165211,0.36044100787231625,0.14415040925303363,0.36144451051382886,0.1445842898667004,0.365811809014045,0.0,ADR
14.35,99.616366216486,18.90921362017518,9.6363518639422,0.36074528145554213,0.14435498244484968,0.36173611448256426,0.14478314326533978,0.365811809014045,0.0,ADR
14.4,99.62338061759104,18.94092302972448,9.6363518639422,0.36074528145554213,0.1445321040702012,0.3617162464754786,0.1449515505312123,0.365811809014045,0.0,ADR
14.45,99.63093458801184,18.972092869958004,9.63656769166851,0.3608122467558394,0.14471777304692648,0.36176093565629924,0.14512843563172495,0.365811809014045,0.0,ADR
14.5,99.63633028116958,18.984795950359228,9.64417022332774,0.36123873201210793,0.14494037779505506,0.3621706469979801,0.14534419860060185,0.3803154322220004,0.0,ADR
14.55,99.64280511295883,18.97970236631222,9.658889674262005,0.36314598747120047,0.14530945818705557,0.3640628856290375,0.14570554197871427,0.3659197228771994,0.0,ADR
14.6,99.64766123680079,19.011401849444557,9.658889674262005,0.36314598747120047,0.1454955103311243,0.3640493439029672,0.14588567827982205,0.3660276367403538,0.0,ADR
14.65,99.65305692995851,19.042560898291764,9.659105501988313,0.36317947012134905,0.145686907484927,0.3640618317829877,0.14607087369423738,0.3660276367403538,0.0,ADR
14.7,99.66115046969509,19.063710936331397,9.663324934037652,0.36328856775641677,0.14588781930656186,0.3641478940364365,0.14626139840738966,0.3660276367403538,0.0,ADR
14.75,99.66384831627396,19.0750138343582,9.671483222092126,0.3641390270701925,0.1461632666489133,0.3649859052568891,0.14653255751976876,0.3660276367403538,0.0,ADR
14.8,99.67248142532631,19.07335311534587,9.68482677127117,0.3668795819848596,0.14662403714708597,0.3677142100624709,0.1469849464181907,0.3661355506035083,0.0,ADR
14.85,99.68003539574711,19.093809806814733,9.689321383671553,0.36710921716046235,0.14684502145063164,0.36792609340695026,0.14719794146318146,0.3661355506035083,0.0,ADR
14.9,99.68597065822061,19.125233244626674,9.689429297534708,0.3671538606939939,0.14705040378042503,0.3679524701679558,0.14739534425448994,0.3661355506035083,0.0,ADR
14.95,99.68974764343102,19.15665668243861,9.689537211397862,0.3671761824607597,0.14725596492457096,0.367962599984845,0.14759646533533224,0.3661355506035083,0.0,ADR
15.0,99.69892032179915,19.167684400114368,9.697803413315492,0.3676989303362056,0.14751238065846076,0.36845083363009057,0.14784195934130512,0.3776769382678746,0.0,ADR
0.0,84.13558297766723,15.044929246304168,8.293919593380563,0.13078406854688587,0.036484681323745126,0.13513333769423655,0.03788319149963693,0.00045323822524860656,0.0003992812936713915,Friis
0.05,84.13558297766723,15.047391184185736,8.312917828988901,0.1347012595921935,0.03720922163730446,0.13933248567635687,0.03864849595077447,0.00045323822524860656,0.00038848990735594846,Friis
0.1,84.13558297766723,15.096337605737082,8.31332250597573,0.13486532457792189,0.037574306514711886,0.13952748638821022,0.03903019321590174,0.00045323822524860656,0.000383094214198227,Friis
0.15,84.13558297766723,15.145580859771725,8.313608477713089,0.1349783285221736,0.037938622122929665,0.13966146646914337,0.03941033919337816,0.00045323822524860656,0.000383094214198227,Friis
0.2,84.13558297766723,15.195485086218174,8.313630060485721,0.13497986314363875,0.03829623531868729,0.13966329045539372,0.039781939226976405,0.00045323822524860656,0.000383094214198227,Friis
0.25,84.13558297766723,15.245308614118269,8.313684017417298,0.13498209532031535,0.03865805626256444,0.13966577770937147,0.040157905430261855,0.00045323822524860656,0.00037230282788278395,Friis
0.3,84.13558297766723,15.268760980796692,8.32428655447222,0.1372762148996671,0.03924619135197591,0.14224257283029032,0.04078772016322452,0.00047482099787949256,0.00037230282788278395,Friis
0.35,84.13558297766723,15.294490801407534,8.333977219383488,0.13933930419299315,0.03981814752958294,0.14455273432479748,0.04139830152396519,0.0005017994636681002,0.00036690713472506246,Friis
0.4,84.13558297766723,15.344407162468812,8.33399340646296,0.13934111783654288,0.04019478872467654,0.14455472412797968,0.04178982680327268,0.0005017994636681002,0.0003615114415673409,Friis
0.45,84.13612254698299,15.394283131719279,8.334025780621907,0.1393441870794732,0.04057591256077542,0.14455761085601418,0.042185786853548374,0.0005017994636681002,0.00035611574840961944,Friis
0.5,85.32857073483945,15.443107140395549,8.334479018847157,0.13952248219151475,0.04097843049825633,0.14310756945024092,0.04205872812832921,0.0005017994636681002,0.00035611574840961944,Friis
0.55,87.33792686677494,15.49197199854098,8.334916069992932,0.1396587844798282,0.04138149266596611,0.1405660626938332,0.04159919718474169,0.0005017994636681002,0.0003453243620941764,Friis
0.6,87.33792686677494,15.541902649969309,8.334926861379246,0.13966213274484307,0.0417761895569048,0.1405698963834283,0.04199566780794328,0.0005233822362989861,0.0003399286689364549,Friis
0.65,87.33792686677494,15.59181850142999,8.33494304845872,0.13966408589943508,0.04217521376504976,0.14057213270235877,0.04239645104139002,0.0005341736226144292,0.0003399286689364549,Friis
0.7,87.33792686677494,15.641761344691028,8.334948444151879,0.13966520198777338,0.04257877431923527,0.14057341059889045,0.042801778790004665,0.0005341736226144292,0.00033453297577873344,Friis
0.75,87.38540896656289,15.691569767814501,8.335007796776614,0.1396709219405071,0.04298745486683397,0.14051746327969672,0.04318982662653996,0.0005341736226144292,0.0003291372826210119,Friis
0.8,88.60915217473413,15.732043554338492,8.338800969066492,0.1412234008190662,0.04355076656213608,0.1442639221541572,0.04445079066673985,0.0005557563952453152,0.0003291372826210119,Friis
0.85,90.07947856021323,15.77294648709528,8.342421479175322,0.14255880051582825,0.044099051840404614,0.14763584419007234,0.04570612821791139,0.0005935262473493657,0.0003237415894632904,Friis
0.9,90.07947856021323,15.822873662356432,8.342432270561638,0.1425604746483357,0.04452301515248901,0.14763770269606522,0.04614547158044519,0.0005935262473493657,0.00031834589630556887,Friis
0.95,90.07947856021323,15.872801271524978,8.342443061947954,0.14256270682501226,0.04495194074935338,0.1476401807040558,0.04658996114290758,0.0005935262473493657,0.0003129502031478474,Friis
1.0,90.07947856021323,15.922634943316815,8.342491623186373,0.1425663341121117,0.045385963973380274,0.14764420746704043,0.04703974321364354,0.0006151090199802518,0.00030215881683240436,Friis
1.05,90.08001812952901,15.972330840483911,8.34259414135637,0.14257498379673345,0.04582528811545366,0.14765277044349137,0.04749475500940278,0.0006582745652420238,0.00029676312367468287,Friis
1.1,90.08055769884479,16.002710244895752,8.350423292128223,0.14580215322689433,0.0465816213366913,0.1512308610653553,0.04830097292058457,0.0006582745652420238,0.0002913674305169614,Friis
1.15,90.08055769884479,16.035248334851826,8.357389131994841,0.14839482643673818,0.04728447428236364,0.15402478160396288,0.04903987424496997,0.0006582745652420238,0.00028057604420151836,Friis
1.2,90.08055769884479,16.085039667465974,8.357453880312734,0.1483976166575839,0.04774173481338903,0.15402772420319977,0.04951389642782983,0.0006582745652420238,0.00026978465788607533,Friis
1.25,90.08109726816056,16.13473696907982,8.357556398482732,0.14840236003302165,0.04820447772243557,0.15403222215034443,0.04999335071668345,0.0006582745652420238,0.00026978465788607533,Friis
1.3,90.08109726816056,16.145612141217818,8.373187721560651,0.1532023769539154,0.049137324504898404,0.15901137998203055,0.0509606942988384,0.0006798573378729098,0.00026978465788607533,Friis
1.35,90.08109726816056,16.15107590670839,8.390982717594817,0.15814162589501063,0.05009367510741237,0.1639103137466307,0.05193053761074426,0.0007068358036615174,0.00026978465788607533,Friis
1.4,90.08109726816056,16.20100009721953,8.390993508981131,0.15814413709377179,0.05057747153958247,0.16391310145552562,0.05243194975777071,0.0007068358036615174,0.00026978465788607533,Friis
1.45,90.08109726816056,16.25088382003198,8.39102048744692,0.1581467878035752,0.051066882399233904,0.16391604403713686,0.052939181670179705,0.0007068358036615174,0.00026978465788607533,Friis
1.5,91.23739431186027,16.281032838449022,8.398941365002456,0.16139237269131781,0.051876264480623345,0.16572210785780608,0.05316798786350722,0.0007068358036615174,0.00026438896472835385,Friis
1.55,93.48146309615665,16.311236051313056,8.40684065978536,0.16428778486292245,0.05266046432696158,0.16538172280839467,0.05280807807215929,0.0007068358036615174,0.0002589932715706323,Friis
1.6,93.48200266547242,16.320180312771434,8.423243566984834,0.16768097243340366,0.05349893304054276,0.16848044974690193,0.05361933336087879,0.0007607927352387325,0.0002589932715706323,Friis
1.65,93.48200266547242,16.31793713666073,8.444119503812058,0.17199744408173395,0.05443614737432313,0.17229647555886476,0.054508569453626095,0.000809353973658226,0.0002589932715706323,Friis
1.7,93.48200266547242,16.36782976236689,8.444141086584688,0.17199925772528368,0.05496156291722567,0.1722982664196291,0.05503446675467518,0.000809353973658226,0.0002589932715706323,Friis
1.75,93.48470051205128,16.417601056951344,8.444211230595739,0.17200162941300257,0.05549311549794775,0.17229627879809298,0.05556498620168949,0.000809353973658226,0.0002535975784129108,Friis
1.8,94.61617736722549,16.39047028105903,8.47504222129896,0.1813967215336718,0.056941148605962125,0.1834381865358843,0.057552143915979355,0.000852519518919998,0.0002535975784129108,Friis
1.85,96.21384211122682,16.352273771769106,8.510297680391512,0.19121285797996038,0.05844521768118618,0.19503302774849146,0.05969978315033751,0.0009118721436549346,0.0002428061920974678,Friis
1.9,96.21384211122682,16.40220282347844,8.51030307608467,0.19121341602412953,0.05900514988260236,0.19503360775252923,0.060271867684551984,0.0009118721436549346,0.00022661911262430328,Friis
1.95,96.21438168054259,16.452119001694303,8.510313867470984,0.1912138345572564,0.05957155193663094,0.1950374440126292,0.060851431224892845,0.0009118721436549346,0.00022122341946658177,Friis
2.0,96.21438168054259,16.46149996859177,8.526538716796253,0.19455428695375346,0.06046820040858443,0.19822512832764122,0.06174571389668654,0.0009712247683898712,0.00022122341946658177,Friis
2.05,96.21438168054259,16.45864175831543,8.547657459815575,0.19884090323903464,0.06146653165756205,0.20224366376733574,0.06273043755963711,0.0010089946204939217,0.00021043203315113877,Friis
2.1,96.21438168054259,16.456539326476523,8.568474044018064,0.20744775797078777,0.06289068671214929,0.21118437586993952,0.06419944293986957,0.0010089946204939217,0.00021043203315113877,Friis
2.15,96.21546081917414,16.459373953876945,8.587315804524827,0.21523526435119486,0.06425032407674318,0.2192688675015001,0.06560036553527986,0.0010089946204939217,0.00021043203315113877,Friis
2.2,96.21546081917414,16.508975851129136,8.587450696853772,0.21523875212725196,0.06486313717453267,0.21927234746717958,0.06622629337816463,0.0010089946204939217,0.00019964064683569574,Friis
2.25,96.21546081917414,16.556689747386887,8.588340986224795,0.21526414313694806,0.06548517169865843,0.21929859220834574,0.06686167815659898,0.0010089946204939217,0.00019424495367797423,Friis
2.3,96.2160003884899,16.53502810798211,8.61698132550598,0.2255170886566343,0.0671055773438631,0.22988292364288915,0.06852737498607489,0.0011978438810141745,0.00018345356736253123,Friis
2.35,96.2160003884899,16.509651927038814,8.647100084712383,0.23576919711006666,0.06874185272432816,0.24042455056078962,0.070205536384195,0.0014190673004807564,0.00017805787420480972,Friis
2.4,96.2160003884899,16.559558636360755,8.647105480405541,0.23577031319840497,0.0693928007472128,0.24042571054284434,0.07087049391656856,0.0014190673004807564,0.0001726621810470882,Friis
2.45,96.2160003884899,16.608966584699786,8.647310516745534,0.2357756146180119,0.0700516926806015,0.2404312204576043,0.0715435735482125,0.0014190673004807564,0.0001618707947316452,Friis
2.5,96.57373484484685,16.607251124639635,8.66796523015329,0.24424602755040928,0.07153864758534424,0.24840456096947755,0.07282223904698938,0.0014190673004807564,0.00015107940841620218,Friis
2.55,97.39118235824165,16.602460521988405,8.68985016160101,0.2521550480486476,0.07298691574287419,0.2546546263781316,0.07373417325363583,0.0014190673004807564,0.0001456837152584807,Friis
2.6,97.39118235824165,16.652340345772014,8.689866348680484,0.2521574197363664,0.07367729638487519,0.25465706159625034,0.07443161055823512,0.0018129529009944263,0.0001456837152584807,Friis
2.65,97.39118235824165,16.702176157663022,8.689887931453114,0.2521603494682544,0.07437357647253208,0.2546593535662445,0.07513490333223422,0.0020827375588805016,0.00014028802210075918,Friis
2.7,97.39118235824165,16.752011404484243,8.689909514225745,0.2521634187111847,0.07507785836446522,0.25466250502498644,0.07584634746577101,0.0020827375588805016,0.00012949663578531615,Friis
2.75,97.39118235824165,16.801253309595577,8.690168507497315,0.2521731844841447,0.0757909443104039,0.2546721026493369,0.07656665417265389,0.0020827375588805016,0.00012949663578531615,Friis
2.8,97.64693821391765,16.825416991211224,8.70045809434909,0.2563597713521067,0.07691697105031123,0.25936580332869175,0.07783946957074678,0.0025737456362331587,0.00012949663578531615,Friis
2.85,98.08021237448268,16.840627407435104,8.714314234378119,0.2603471364516843,0.07803340791637867,0.2639755713822033,0.0791530978906722,0.0028813001462232846,0.00012410094262759467,Friis
2.9,98.08183108243,16.890436669681986,8.714330421457593,0.26035076373878374,0.07877246079486827,0.26397505528721854,0.0799014737283543,0.0028813001462232846,0.00012410094262759467,Friis
2.95,98.08237065174578,16.94020546423018,8.71436279561654,0.26035690222464436,0.07952031418014668,0.2639800038508298,0.08065964654218094,0.0028813001462232846,0.00012410094262759467,Friis
3.0,98.08237065174578,16.989487133966545,8.714589414729163,0.26037029528470373,0.08027742168208413,0.2639930898068534,0.08142758301726387,0.003302164212525562,0.00012410094262759467,Friis
3.05,98.08237065174578,17.030560113509722,8.718085823895366,0.26046683692596573,0.08104896775803688,0.2640908077610725,0.08221018088750034,0.003620510108831131,0.00012410094262759467,Friis
3.1,98.08291022106155,17.08035930326015,8.718091219588525,0.2604690691026422,0.08182013985866854,0.26409177300033004,0.08299198776018578,0.0036259058019888525,0.00012410094262759467,Friis
3.15,98.08398935969309,17.130117845991354,8.718112802361155,0.26047311492286856,0.08260040369883165,0.26409313450176586,0.083782570602366,0.0036259058019888525,0.00012410094262759467,Friis
3.2,98.08398935969309,17.179188567409334,8.71840956548483,0.26048288069582864,0.08339025537272673,0.26410309104311763,0.08458374881342727,0.0036259058019888525,0.00011870524946987314,Friis
3.25,98.08452892900887,17.216254011771642,8.723508495518876,0.2606246239147912,0.08420206415433498,0.2642461494859255,0.08540690166459938,0.0036259058019888525,0.00011870524946987314,Friis
3.3,98.08506849832463,17.265919106739055,8.723562452450453,0.26063578479817406,0.08500961856014361,0.2642562168727721,0.08622556535397893,0.0073651211602898566,0.00011870524946987314,Friis
3.35,98.08560806764041,17.314091557441635,8.724085834686752,0.2607397205246772,0.08581322019602772,0.264327444750667,0.08703691363907827,0.010467644725979722,0.00011870524946987314,Friis
3.4,98.08560806764041,17.363535261477082,8.724096626073068,0.26074306878969206,0.08661555544751903,0.26433085836565173,0.08785059631511638,0.010467644725979722,0.00011870524946987314,Friis
3.45,98.08668720627195,17.411576219097803,8.724668569547786,0.26076204229144295,0.08742869739818242,0.26434757829767797,0.08867428916625299,0.010467644725979722,0.00011330955631215164,Friis
3.5,98.34999703236876,17.459779183491616,8.725175764704613,0.2607811553042362,0.08825125713904798,0.26372850481964066,0.08928160252297868,0.010467644725979722,0.00011330955631215164,Friis
3.55,99.07949474729271,17.48965021219854,8.733015706862782,0.2609941886658069,0.08910215434663322,0.2621933884668377,0.08952689158910748,0.010473040419137445,0.00011330955631215164,Friis
3.6,99.07949474729271,17.538998715465706,8.733053476714886,0.26100200128417494,0.08994090345349527,0.2621990207540285,0.09036929645796761,0.0182644213388873,0.00011330955631215164,Friis
3.65,99.08003431660848,17.585450787984843,8.73399232732433,0.2611963401660794,0.09076245504964507,0.26233065493279895,0.09118794565259106,0.024296806289219944,0.00010251816999670863,Friis
3.7,99.08003431660848,17.634068950967148,8.734057075642223,0.26120192060777087,0.09157365832627706,0.26233600557649156,0.0920026852307995,0.024296806289219944,0.00010251816999670863,Friis
3.75,99.08057388592425,17.680879512413565,8.73484484684325,0.26122480041870577,0.09239592942078484,0.262357528277124,0.09282805216838615,0.024302201982377668,0.00010251816999670863,Friis
3.8,99.13291210955416,17.707362081629604,8.743753136246648,0.2645616255281034,0.09354703076248473,0.26579443353689725,0.09401091667992545,0.03189933794844955,9.712247683898712e-05,Friis
3.85,99.32014266212708,17.69376762158702,8.768427641056908,0.26933736752763937,0.09480463187185698,0.27072140674623657,0.09531683220922331,0.03848747929402751,9.712247683898712e-05,Friis
3.9,99.32122180075864,17.741797932379924,8.768443828136382,0.2693382045938931,0.0956076874324142,0.27072366250713026,0.09612497618129408,0.038492874987185226,9.172678368126562e-05,Friis
3.95,99.3217613700744,17.789787766894015,8.768476202295329,0.26934364552454226,0.09642047001018197,0.27073202425085285,0.09694345430020115,0.038492874987185226,9.172678368126562e-05,Friis
4.0,99.32230093939017,17.83428350353779,8.769895269595809,0.2693870334586933,0.09724444056251008,0.2707740970137497,0.09777143902367604,0.04632742145219686,9.172678368126562e-05,Friis
4.05,99.32284050870595,17.850770388239756,8.782246011233832,0.2698869015232042,0.09807473480352821,0.27123882006540706,0.09860205763334749,0.05307203789934874,9.172678368126562e-05,Friis
4.1,99.32284050870595,17.85711858857251,8.798643522740148,0.27666881231081353,0.09952150441399328,0.2780624735166614,0.10005700439808698,0.05307743359250646,8.63310905235441e-05,Friis
4.15,99.3239196473375,17.852270558270305,8.819519459567374,0.2853017556074741,0.10116420081894231,0.28674230960451974,0.10170781367330962,0.05307743359250646,8.63310905235441e-05,Friis
4.2,99.3239196473375,17.89433807997448,8.821629175592042,0.28535937366793823,0.10198587029104751,0.28680003893959144,0.10253376313718532,0.05307743359250646,8.63310905235441e-05,Friis
4.25,99.32445921665327,17.903653744211287,8.83683963460366,0.2857555850280306,0.10284989831083037,0.28719738706330367,0.10340199014361315,0.05307743359250646,8.63310905235441e-05,Friis
4.3,99.32553835528482,17.910530421585683,8.853005131304194,0.292407332013187,0.10432632131767061,0.2938838780332785,0.1048860771795176,0.06774832328835124,8.63310905235441e-05,Friis
4.35,99.32607792460058,17.90086608809982,8.87527315696611,0.3012895815424128,0.10594608058721448,0.3028174928836835,0.10651423658614201,0.08074115241214462,8.63310905235441e-05,Friis
4.4,99.32715706323214,17.946797735458908,8.875283948352426,0.30129083714179333,0.10671135041387277,0.30281560748780456,0.10728221292968666,0.08074115241214462,8.63310905235441e-05,Friis
4.45,99.32823620186367,17.988507252922073,8.876983591697106,0.3013353411642826,0.10748968387303186,0.30285712259354225,0.1080632972466384,0.08074115241214462,8.63310905235441e-05,Friis
4.5,99.36816433123082,17.984029636955135,8.897158088413828,0.30811836804023035,0.10893008690663757,0.30956523582498013,0.10946956073669921,0.08074115241214462,8.63310905235441e-05,Friis
4.55,99.56510713148765,17.92825246829116,8.937852406209364,0.31719774667220624,0.11060956280289881,0.3181138390804598,0.1109519966689883,0.08074115241214462,8.63310905235441e-05,Friis
4.6,99.56564670080343,17.974100242900633,8.937868593288837,0.3172013739593057,0.1114147049011008,0.3181156181392526,0.11175879673188241,0.10154154953516104,8.63310905235441e-05,Friis
4.65,99.56564670080343,18.018080953896874,8.937895571754625,0.31720486173536283,0.11210038970729164,0.3181184205323853,0.11244624297237915,0.12036172726929364,8.63310905235441e-05,Friis
4.7,99.56672583943497,18.061721424333168,8.93803046408357,0.31721183728747715,0.11278938740750093,0.31812197856175145,0.11313584559334675,0.12036172726929364,8.09353973658226e-05,Friis
4.75,99.56672583943497,18.098630949759073,8.940857807298215,0.3173127037710499,0.1134954814488117,0.31822258338481546,0.11384376098433253,0.12036172726929364,7.553970420810109e-05,Friis
4.8,99.56834454738228,18.109677268576554,8.954001715830424,0.3206418557731218,0.11451755617283645,0.3215651982030315,0.11486942283508843,0.14129162102809537,7.553970420810109e-05,Friis
4.85,99.6028769835917,18.06957062907517,8.986856091467791,0.3255868246669508,0.11557676271997308,0.3265530006229787,0.1159346037647039,0.1607916561001009,7.553970420810109e-05,Friis
4.9,99.6028769835917,18.111513780052068,8.986861487160947,0.3255890568436274,0.11615911085945164,0.3265552416994859,0.11651858219725054,0.1607916561001009,7.553970420810109e-05,Friis
4.95,99.6028769835917,18.152930850946078,8.987077314887257,0.32559993870492576,0.11674904194075938,0.32656588681289517,0.11711013857274531,0.1607916561001009,7.553970420810109e-05,Friis
5.0,99.6028769835917,18.180693419712807,8.99272660562339,0.3257529823183135,0.11735465633193785,0.3267191204190751,0.11771742067942136,0.18125212455418085,6.474831789265808e-05,Friis
5.05,99.60341655290746,18.15844630421205,9.017649312318907,0.32648234604738496,0.11789533932337849,0.3274486378400632,0.11825883894209609,0.20017482045831017,6.474831789265808e-05,Friis
5.1,99.60395612222324,18.198393858074557,9.01766549939838,0.3264870894228226,0.11836645077208958,0.32745218650155195,0.11873066392224856,0.20017482045831017,6.474831789265808e-05,Friis
5.15,99.60503526085479,18.238341307617954,9.017681686477854,0.3264884845332455,0.11884268138979878,0.3274500394689086,0.11920679357280811,0.2001802161514679,6.474831789265808e-05,Friis
5.2,99.60611439948633,18.25965996106877,9.02514932580814,0.32668714825746087,0.11934356769887741,0.3276466414955336,0.11970785766804787,0.2001802161514679,6.474831789265808e-05,Friis
5.25,99.6066539688021,18.237260010709143,9.050104406662602,0.32734522184392406,0.11989474731149183,0.32830371814261883,0.12025970523899485,0.2001802161514679,6.474831789265808e-05,Friis
5.3,99.60719353811788,18.276714766858166,9.050304047309437,0.3273570802825184,0.12038680968059653,0.328313564811354,0.12075231642700184,0.2102863494358803,6.474831789265808e-05,Friis
5.35,99.60827267674942,18.3045027784062,9.054809451096135,0.3275950861206584,0.12084337814534717,0.32854880969844047,0.12120886030496224,0.21963708567821166,6.474831789265808e-05,Friis
5.4,99.6088122460652,18.343490752972983,9.054820242482451,0.32759787634150417,0.12127967299883416,0.3285494109897729,0.1216455361489153,0.21964248137136938,5.935262473493657e-05,Friis
5.45,99.60989138469674,18.3734676586941,9.058435356898125,0.32769846380299245,0.12173049409781121,0.328651454894101,0.12209811450470043,0.2196478770645271,5.935262473493657e-05,Friis
5.5,99.62284104827526,18.38933451789188,9.067694366356774,0.3279458168809656,0.12220069493144192,0.3288594047033591,0.12255429054256094,0.21966406414400025,5.935262473493657e-05,Friis
5.55,99.8100716008482,18.375093064971225,9.088996562943459,0.3285992866030334,0.12271558411190427,0.32895299179915777,0.12285683717281762,0.21966406414400025,5.3956931577215064e-05,Friis
5.6,99.81061117016398,18.414093583949157,9.089001958636617,0.32859942611407567,0.12317260792350554,0.3289556863262371,0.12331506823333871,0.219669459837158,5.3956931577215064e-05,Friis
5.65,99.81115073947974,18.453066879783794,9.08901814571609,0.3286030534011751,0.12363524501736238,0.32896173542433627,0.12377892696786655,0.2196748555303157,5.3956931577215064e-05,Friis
5.7,99.8122298781113,18.491325216706624,9.089320304532922,0.3286183996158266,0.12410435799718991,0.328977886855691,0.12424894012489861,0.21968025122347343,4.856123841949356e-05,Friis
5.75,99.8122298781113,18.507663092190352,9.098390464731052,0.3289915916539418,0.12461360599105559,0.32935094231424167,0.12475856748671042,0.21969643830294658,4.316554526177205e-05,Friis
5.8,99.81276944742706,18.5185912913706,9.109624297885428,0.3292943306157025,0.12512163211295,0.3296524687489864,0.12526636370119373,0.21970722968926204,4.316554526177205e-05,Friis
5.85,99.81978384853211,18.521398670520558,9.124106338320752,0.32986311713510275,0.12566121654293394,0.33022064076022034,0.1258056675161014,0.21970722968926204,4.316554526177205e-05,Friis
5.9,99.82140255647943,18.560397407820016,9.12411173401391,0.3298653493117793,0.12615163815942185,0.3302179413411747,0.12629452751058268,0.21971262538241976,4.316554526177205e-05,Friis
5.95,99.82194212579519,18.59799299820531,9.124678281795472,0.32989450711961715,0.12665033590519914,0.33024536622649353,0.12679298937494862,0.2197234167687352,4.316554526177205e-05,Friis
6.0,99.82248169511097,18.609324277348094,9.135750244155115,0.3301972460813778,0.1271812971610626,0.33054741752610756,0.1273239694503049,0.21973420815505063,4.316554526177205e-05,Friis
6.05,99.82248169511097,18.58457128753785,9.161255685711666,0.33106709743003143,0.12777325905451875,0.33141797721130356,0.12791645501660337,0.2197503952345238,4.316554526177205e-05,Friis
6.1,99.82248169511097,18.623487184868594,9.161293455563769,0.3310827226667674,0.12828858652743916,0.331433630235022,0.12843224567600042,0.2197503952345238,4.316554526177205e-05,Friis
6.15,99.82463997237406,18.66016397532439,9.162226910480054,0.3314669360772231,0.12884575073914145,0.33181358886102225,0.1289878872212375,0.21975579092768152,3.7769852104050545e-05,Friis
6.2,99.82463997237406,18.667137182848467,9.175041681729644,0.3318034367112171,0.12940438458803907,0.3321499818386232,0.12954697795672845,0.21976118662083924,3.7769852104050545e-05,Friis
6.25,99.8257191110056,18.6552658485475,9.195394236320569,0.3323550633724161,0.12999018055630726,0.33270219529755146,0.13013357858393856,0.21976118662083924,3.7769852104050545e-05,Friis
6.3,99.82733781895291,18.691955578192623,9.196311504157382,0.3324170062751911,0.13053296570230358,0.33275954930734586,0.13067496487963554,0.2277522081874248,3.237415894632904e-05,Friis
6.35,99.82841695758445,18.693926412452242,9.210782753206392,0.33352207324113886,0.1311250278388495,0.3338626390292678,0.13126625436489606,0.2379608596418339,3.237415894632904e-05,Friis
6.4,99.83003566553177,18.731986464572127,9.210798940285864,0.3335237473736463,0.13161263818448923,0.3338632347555373,0.1317540860157829,0.2379608596418339,2.6978465788607532e-05,Friis
6.45,99.83003566553177,18.753495218373374,9.21743564286986,0.3336967410660811,0.13212253734619125,0.3340362434790128,0.13226440232975384,0.23797165102814932,2.6978465788607532e-05,Friis
6.5,99.83057523484754,18.7494009664053,9.234313371067215,0.3341832160705325,0.1326686269017703,0.3345207604408196,0.13281017547165436,0.23797165102814932,2.6978465788607532e-05,Friis
6.55,99.86780551763582,18.73861590093483,9.253867363070796,0.3353648745986954,0.13328833588664818,0.3355912890733057,0.13338469976956221,0.23797704672130704,2.6978465788607532e-05,Friis
6.6,99.86780551763582,18.77664844745182,9.253872758763954,0.3353659906870337,0.13379604711759993,0.33559240663900414,0.13389268249216,0.254369162534465,2.6978465788607532e-05,Friis
6.65,99.86834508695159,18.81295664185605,9.25388355015027,0.33536822286371026,0.13419002933287433,0.33559296831254154,0.13428613372490092,0.27523430797537407,2.1582772630886026e-05,Friis
6.7,99.86942422558313,18.84390606802408,9.255998661868096,0.3354835984956807,0.13459265862785819,0.33570500823919047,0.13468749530479082,0.27523430797537407,2.1582772630886026e-05,Friis
6.75,99.86942422558313,18.825498391031854,9.277856614850027,0.33644789881996195,0.13508232895677283,0.33667015027202823,0.13517740853855462,0.27523430797537407,2.1582772630886026e-05,Friis
6.8,99.87050336421468,18.824600351740532,9.292689375340602,0.33684620284568856,0.1355184011176215,0.33706449475668987,0.13561221257051354,0.29129189081275325,2.1582772630886026e-05,Friis
6.85,99.87050336421468,18.854935361993434,9.294345853140024,0.3371243878640069,0.13582819375819763,0.3373420626387815,0.13592204175993824,0.3124430079910216,2.1582772630886026e-05,Friis
6.9,99.87266164147778,18.889285153989476,9.294356644526339,0.337126899062768,0.13610759992251042,0.3373400807576568,0.13619951217883214,0.3124430079910216,2.1582772630886026e-05,Friis
6.95,99.87320121079355,18.919412839431498,9.296056287871021,0.33721590710774657,0.13639864590962097,0.3374269602480848,0.13648988132646545,0.3124430079910216,1.618707947316452e-05,Friis
7.0,99.87374078010932,18.91486250143881,9.311606675551575,0.3377267965445981,0.1367303832870319,0.33793639321660296,0.1368210088923896,0.3285815262257666,1.618707947316452e-05,Friis
7.05,99.87589905737241,18.878903547505697,9.339043775258588,0.33898295396934164,0.1370196617333211,0.33918722786772765,0.13710777936470137,0.34924163532668223,1.618707947316452e-05,Friis
7.1,99.87643862668818,18.911413607177163,9.339054566644904,0.3389857441901874,0.13718302784827213,0.33919210026795743,0.13727221628796657,0.34924703101983995,1.618707947316452e-05,Friis
7.15,99.87643862668818,18.94389653150217,9.339076149417535,0.33898825538894856,0.13734823519727993,0.339194614573429,0.13743742712359705,0.34925242671299767,1.0791386315443013e-05,Friis
7.2,99.87643862668818,18.942440503703548,9.352673296174993,0.33935028654368093,0.13755024767550614,0.33955653487769033,0.1376394320959222,0.34925242671299767,1.0791386315443013e-05,Friis
7.25,99.87697819600395,18.948605567979882,9.363221876298338,0.339743010127716,0.13775737240426558,0.3399470696955782,0.1378458660720436,0.34926321809931316,1.0791386315443013e-05,Friis
7.3,99.87697819600395,18.96750583617332,9.36866613069448,0.3400263570545991,0.13795422959930867,0.3402300672159045,0.13804269358089444,0.3569682679285394,1.0791386315443013e-05,Friis
7.35,99.87697819600395,18.94338811357041,9.390982717594817,0.3411930879012373,0.13818039464599477,0.34139697801788177,0.1382688749007794,0.3675114523587273,1.0791386315443013e-05,Friis
7.4,99.87751776531972,18.975011932221143,9.390982717594817,0.3411930879012373,0.13829169192704666,0.3413952733676921,0.13837943461575314,0.367516848051885,1.0791386315443013e-05,Friis
7.45,99.87859690395126,18.987507818005113,9.398633810492464,0.341407097840104,0.13842506316209013,0.34160683259502556,0.13851164073571656,0.367516848051885,1.0791386315443013e-05,Friis
7.5,99.87913647326704,18.978475072801857,9.414896429669838,0.34198760328705624,0.13859541362759403,0.34218605539438923,0.1386812954551171,0.367516848051885,5.395693157721506e-06,Friis
7.55,99.8856113050563,18.94583603700506,9.440601511873222,0.34345791016170896,0.13885378128638354,0.3436431275976254,0.13893366153605355,0.36752763943820044,5.395693157721506e-06,Friis
7.6,99.88669044368785,18.977431984578224,9.440612303259538,0.34345860771692044,0.13897151577637984,0.3436406720288674,0.13905005342112572,0.36753843082451587,5.395693157721506e-06,Friis
7.65,99.88830915163517,19.009000836320777,9.440633886032169,0.3434615374488084,0.13909082176566007,0.34364739396951266,0.13917098486454396,0.36753843082451587,5.395693157721506e-06,Friis
7.7,99.88938829026671,19.02198134593708,9.44809073397614,0.34384993619053267,0.13924892210879952,0.3440372588911455,0.13932959324212366,0.3675492222108313,5.395693157721506e-06,Friis
7.75,99.88992785958249,18.971737321624445,9.480837195750352,0.3453588876238986,0.13951741631150974,0.34554503707144746,0.13959744146194356,0.36756001359714674,5.395693157721506e-06,Friis
7.8,99.89100699821402,18.9788624105723,9.490635774524774,0.34562646980300327,0.13966751867525268,0.3458087592461554,0.13974615103303495,0.36756540929030446,5.395693157721506e-06,Friis
7.85,99.89316527547712,18.996387621948582,9.496274273874594,0.3461317787981633,0.1398422783695818,0.34630811479190865,0.13991814688764803,0.36756540929030446,5.395693157721506e-06,Friis
7.9,99.89424441410866,19.027981974992944,9.496285065260908,0.3461330343975439,0.1399698118868574,0.3463061892544442,0.1400443672249219,0.3675708049834622,5.395693157721506e-06,Friis
7.95,99.89424441410866,19.05060535221356,9.499883992597109,0.3463208162604609,0.1401169047319479,0.34649416991741255,0.14019148293179914,0.3675869920629354,5.395693157721506e-06,Friis
8.0,99.8953235527402,19.040827130737224,9.516443374898156,0.3469999560143094,0.14031324615039578,0.34717041790222486,0.14038674844557208,0.3675923877560931,5.395693157721506e-06,Friis
8.05,99.89586312205597,18.996583556990927,9.546788753217182,0.3485320662806947,0.14059426605410277,0.34870015529869286,0.14066696473252288,0.36760317914240853,5.395693157721506e-06,Friis
8.1,99.89586312205597,19.028189639016258,9.54679414891034,0.3485323453027793,0.14072886196891912,0.34870015529869286,0.14080153929577433,0.36760317914240853,5.395693157721506e-06,Friis
8.15,99.89694226068751,19.059782219458274,9.546804940296655,0.34853513552362503,0.14086525958680407,0.348699879832777,0.14093674234511325,0.36760857483556625,5.395693157721506e-06,Friis
8.2,99.89802139931906,19.07081695153513,9.555038768055338,0.34877090918508835,0.1410258351670451,0.3489319877284708,0.14109585334508587,0.36760857483556625,5.395693157721506e-06,Friis
8.25,99.8991005379506,19.056599450266564,9.573373333405275,0.3497481840363022,0.14126014320898558,0.3499055028139955,0.14132875019454474,0.3676193662218817,5.395693157721506e-06,Friis
8.3,99.89964010726638,19.06020037922721,9.584580188093863,0.3503313401930579,0.14145821460240782,0.350488472143756,0.1415265045694706,0.3676463446876703,5.395693157721506e-06,Friis
8.35,99.89964010726638,19.05683263085233,9.598565824758678,0.35105819272336813,0.14167064792232056,0.3512140997585702,0.1417388271309882,0.3681427484581807,0.0,Friis
8.4,99.90017967658216,19.08842544222984,9.598565824758678,0.35105819272336813,0.1418142870999026,0.35121234247196836,0.14188171616078515,0.3681481441513384,0.0,Friis
8.45,99.9012588152137,19.098880407076898,9.607020875936827,0.351320473482866,0.14198506398248684,0.35147150759924384,0.1420511615756898,0.3681481441513384,0.0,Friis
8.5,99.90287752316101,19.087334263862743,9.62427630265522,0.3520815062185364,0.1422060496390758,0.35223359016597083,0.14227233878682058,0.3681535398444961,0.0,Friis
8.55,99.9050358004241,19.053868016621287,9.650299730754911,0.35383460197590283,0.14252547869461968,0.353985351156046,0.1425907465985148,0.3681535398444961,0.0,Friis
8.6,99.9050358004241,19.08546002228954,9.650299730754911,0.35383460197590283,0.14267730914165438,0.353985351156046,0.1427425856403403,0.3681913096966002,0.0,Friis
8.65,99.90557536973988,19.11699724064681,9.65030512644807,0.353835160020072,0.1428280642008424,0.35398357899739674,0.1428925730106545,0.3691193689197283,0.0,Friis
8.7,99.90827321631873,19.116504344076848,9.663119897697658,0.3545081612880599,0.1430453856211854,0.3546528061005708,0.14310813623373572,0.3691193689197283,0.0,Friis
8.75,99.91043149358183,19.077068032141035,9.691512035093588,0.3558192860634642,0.14332682429782964,0.35596568356132574,0.14339036348068643,0.3691193689197283,0.0,Friis
8.8,99.91205020152914,19.095770104398138,9.696648734979739,0.3560219956079058,0.14350306312643926,0.3561640611330129,0.14356488546373597,0.3691571387718323,0.0,Friis
8.85,99.9125897708449,19.09347999527089,9.710164946339832,0.3574246396270496,0.14379469682873858,0.3575653106803981,0.14385579121163714,0.37013375923337993,0.0,Friis
8.9,99.91420847879223,19.124932839610548,9.710181133419304,0.35742798789206454,0.14395250784234975,0.35757138639333813,0.14401495296964914,0.37013375923337993,0.0,Friis
8.95,99.91582718673955,19.13980741672309,9.716828627389617,0.35777425429901855,0.14414547202666717,0.35791703859550594,0.14420768428313469,0.37013375923337993,0.0,Friis
9.0,99.91744589468686,19.119528730115704,9.737537297728952,0.35882463293639016,0.1444087727725698,0.3589669547035317,0.14447088444762154,0.3701607376991685,0.0,Friis
9.05,99.91906460263418,19.08376350351611,9.764424036733878,0.36062502293709153,0.14474445485424503,0.36076675755333915,0.14480628054443623,0.37109958830861206,0.0,Friis
9.1,99.91960417194996,19.115195034867785,9.764429432427036,0.36062725511376803,0.14490787362423294,0.3607673226196648,0.14496902435795797,0.37109958830861206,0.0,Friis
9.15,99.91960417194996,19.146613076986572,9.764440223813352,0.36063171946712125,0.14507339972863045,0.36077179056505965,0.1451345465630327,0.37109958830861206,0.0,Friis
9.2,99.91960417194996,19.165350748763778,9.769522966767926,0.36092622727738716,0.14526896650769264,0.36106625609123894,0.14533010495718968,0.3711157753880852,0.0,Friis
9.25,99.92122287989727,19.12178133586915,9.799528416418015,0.3630654895998014,0.14564578110527046,0.36320247274376716,0.14570504588790884,0.3711157753880852,0.0,Friis
9.3,99.92284158784457,19.116197589173268,9.81433959413596,0.3638442402378422,0.14589351971835213,0.36398040879097143,0.14595232931411992,0.37113735816071614,0.0,Friis
9.35,99.92392072647613,19.144679392545015,9.815515855244344,0.36400328282604827,0.14608197811428872,0.36413996976111274,0.14614106358519618,0.37161757485175334,0.0,Friis
9.4,99.92553943442344,19.176084860836763,9.815521250937502,0.3640038408702174,0.14625688942512866,0.3641397952212533,0.14631572711824328,0.37162297054491106,0.0,Friis
9.45,99.92715814237076,19.182063019070856,9.825697528232965,0.3644010288076057,0.14647236450698303,0.36453430589963176,0.14652984813585718,0.37162297054491106,0.0,Friis
9.5,99.92769771168653,19.168414343443743,9.843724539072912,0.3654868432497181,0.14675692105042668,0.36561823958012735,0.14681362309917467,0.37162297054491106,0.0,Friis
9.55,99.92769771168653,19.13124044564896,9.871161638779926,0.3679991580992052,0.14718266670681268,0.3681315345331239,0.14723946060850795,0.37162297054491106,0.0,Friis
9.6,99.92823728100231,19.16264554314896,9.871167034473084,0.3680002741875434,0.1473679754352348,0.36813066367170616,0.14742431570409906,0.3716283662380688,0.0,Friis
9.65,99.92985598894963,19.194010167905486,9.871188617245714,0.36800529658506576,0.14755580901008014,0.3681388010345404,0.14761349082462316,0.3716283662380688,0.0,Friis
9.7,99.92985598894963,19.19143588269993,9.884785764003173,0.3687293588945303,0.14781562461541553,0.3688633715868534,0.14787335277241007,0.3716283662380688,0.0,Friis
9.75,99.93093512758117,19.17483260211736,9.90399443164466,0.36973439644315903,0.14810536754779077,0.3698663769120704,0.14816193022337293,0.3716337619312265,0.0,Friis
9.8,99.93255383552848,19.186569979662924,9.911866747961778,0.37035954542364274,0.14836088775585307,0.3704874923761393,0.14841577810356937,0.3716391576243842,0.0,Friis
9.85,99.93309340484426,19.16220983977504,9.934177939168956,0.37268854276356617,0.14878440415938451,0.3728153506147109,0.1488385734890631,0.3716445533175419,0.0,Friis
9.9,99.9341725434758,19.19362761210917,9.934177939168956,0.37268854276356617,0.1489853065539538,0.3728125811965812,0.14903819667834392,0.3716445533175419,0.0,Friis
9.95,99.9341725434758,19.20591765219917,9.941829032066604,0.3731165626412997,0.1492301337926255,0.3732403246027503,0.14928300026367539,0.3716445533175419,0.0,Friis
10.0,99.93525168210734,19.19209243918906,9.959926186917603,0.3743206824472706,0.1495528443197616,0.3744452426125595,0.14960600081979866,0.37164994901069964,0.0,Friis
10.05,99.93525168210734,19.13839278074455,9.993973010742826,0.37746833058332835,0.15006730384623948,0.3775943717125688,0.15012060540174083,0.3716607403970151,0.0,Friis
10.1,99.93633082073889,19.169782765258912,9.99398380212914,0.37746972569375126,0.15028029829964223,0.3775960179467106,0.15033382761615155,0.3716607403970151,0.0,Friis
10.15,99.93740995937043,19.201145771307488,9.994005384901772,0.3774755851575272,0.15049619200710462,0.3775997581215546,0.15054887663105773,0.3716607403970151,0.0,Friis
10.2,99.93848909800197,19.21015693205787,10.002967631236746,0.3782869813794628,0.15079278158352527,0.37840827439949465,0.15084414603384333,0.37166613609017285,0.0,Friis
10.25,99.93902866731774,19.140417867778975,10.0434299342265,0.3815043850366636,0.15132600552399741,0.38162503954216614,0.1513768462305581,0.37166613609017285,0.0,Friis
10.3,99.9401078059493,19.147338114038412,10.053228513000922,0.382039549394873,0.1516029782543249,0.3821575206400967,0.15165274147034685,0.37166613609017285,0.0,Friis
10.35,99.94172651389661,19.164738848614885,10.058834638191795,0.3830233812650742,0.15192636154427347,0.3831381096072345,0.15197453617853357,0.37169851024911915,0.0,Friis
10.4,99.94226608321239,19.196126944636642,10.058845429578112,0.38302589246383534,0.15215755617276427,0.3831384141751158,0.15220491828705587,0.37169851024911915,0.0,Friis
10.45,99.94280565252815,19.19937650084088,10.070111636891433,0.3835997013807579,0.15244694880204093,0.38371494989391386,0.15249539412057275,0.37169851024911915,0.0,Friis
10.5,99.94280565252815,19.18630408524301,10.087906632925598,0.3849899289171384,0.15281856431729385,0.38510415833544787,0.15286692312555253,0.37169851024911915,0.0,Friis
10.55,99.94280565252815,19.141909127226974,10.118230428471994,0.3880319671941857,0.1533540315429112,0.3881445873009874,0.1534022460175413,0.37172548871490774,0.0,Friis
10.6,99.94334522184393,19.173309363558335,10.11823582416515,0.38803252523835485,0.15359849572520498,0.3881426313948214,0.1536458623443663,0.37172548871490774,0.0,Friis
10.65,99.94334522184393,19.204709428275955,10.118241219858309,0.38803364132669316,0.15384583270009572,0.3881437481158355,0.15389320955616972,0.3717308844080655,0.0,Friis
10.7,99.9438847911597,19.21553831465884,10.126475047616992,0.38850518864961986,0.15414169662119206,0.38861276676978224,0.15418821510229422,0.3717308844080655,0.0,Friis
10.75,99.94550349910702,19.185332653257092,10.151122573961464,0.3906099917445895,0.15459937016997327,0.39071381946963796,0.1546440317595137,0.37174707148753866,0.0,Friis
10.8,99.94604306842278,19.18597633797626,10.163430150054227,0.39180043946841625,0.15497217516677897,0.39190391725016593,0.15501639276734408,0.3717524671806964,0.0,Friis
10.85,99.94712220705433,19.182424622955192,10.17741578671904,0.3932541445290369,0.15537411870293413,0.3933517870380867,0.1554165686127721,0.3717524671806964,0.0,Friis
10.9,99.94712220705433,19.213836999596165,10.17741578671904,0.3932541445290369,0.15563872054785105,0.3933517870380867,0.15568118023608654,0.3717524671806964,0.0,Friis
10.95,99.9476617763701,19.224111748291755,10.185870837897191,0.3937787060480324,0.15595736584666084,0.3938746393141721,0.1559990328961638,0.3717524671806964,0.0,Friis
11.0,99.94820134568587,19.210159834709174,10.204016553986607,0.3953237908413504,0.1563784215395738,0.3954182589439475,0.156419319627025,0.3717524671806964,0.0,Friis
11.05,99.94982005363319,19.160919210128014,10.236277403376624,0.39896098322478996,0.15700655981871267,0.3990532463830706,0.15704587057920036,0.3717902370328004,0.0,Friis
11.1,99.95035962294895,19.192329698276374,10.236277403376624,0.39896098322478996,0.15728653901256578,0.3990555587154032,0.15732687269409928,0.3717902370328004,0.0,Friis
11.15,99.9514387615805,19.22372669719185,10.236282799069782,0.39896209931312826,0.15756986864431402,0.39905306478517416,0.15760868080105706,0.3717902370328004,0.0,Friis
11.2,99.95197833089627,19.221332968852842,10.249804406123033,0.40032205295333256,0.15798839884173152,0.4004126342337674,0.15802673757079733,0.3717956327259581,0.0,Friis
11.25,99.95305746952783,19.16763961688638,10.283845834255098,0.4030903705654147,0.15854780622431183,0.40318183708150257,0.15858664009663387,0.3717956327259581,0.0,Friis
11.3,99.95413660815937,19.186221347188194,10.288977138448091,0.4034913253009447,0.15888206975493324,0.403583089307307,0.15892129890950366,0.3718010284191159,0.0,Friis
11.35,99.95521574679091,19.183894270758234,10.302471767035552,0.4062787559258199,0.15945165045569754,0.406367551222672,0.15948946174356776,0.37182261119174675,0.0,Friis
11.4,99.95521574679091,19.215276157183094,10.302482558421868,0.4062809881024965,0.15975569463782036,0.40636978439946014,0.1597935159325174,0.37182800688490447,0.0,Friis
11.45,99.95521574679091,19.215875348908256,10.314806321594103,0.4071202865328894,0.16014459149550173,0.4072089005775977,0.1601824051897008,0.37182800688490447,0.0,Friis
11.5,99.95575531610669,19.19475667180107,10.335817150750271,0.4092245315836899,0.16066021317102128,0.4093107623278686,0.16069739106353506,0.3718334025780622,0.0,Friis
11.55,99.95629488542247,19.159095272057357,10.362644537130462,0.41277620369820794,0.16132105453619017,0.4128602426100662,0.16135738063804309,0.37189275520279713,0.0,Friis
11.6,99.95683445473823,19.190486959525256,10.36264993282362,0.4127763432092502,0.16164242060559417,0.41286261983341693,0.16167974386719042,0.37189815089595485,0.0,Friis
11.65,99.95683445473823,19.22189184297977,10.36264993282362,0.4127763432092502,0.1619674737973299,0.41286261983341693,0.16200480488172458,0.3719089422822703,0.0,Friis
11.7,99.95845316268554,19.24058953847922,10.367732675778194,0.4133653588297821,0.162353456522421,0.4134491023880467,0.16238948777263892,0.3719089422822703,0.0,Friis
11.75,99.95953230131708,19.18496115153872,10.402545688031813,0.4177508884440439,0.16311229262100838,0.41784031799976246,0.16315042167057658,0.37193052505490115,0.0,Friis
11.8,99.96007187063286,19.1788780470727,10.417540319317121,0.4193131330955631,0.16360298743758217,0.4194014895038837,0.16364059686643787,0.37193052505490115,0.0,Friis
11.85,99.96061143994864,19.207340868048995,10.418716580425505,0.41963121827197525,0.16397764374226986,0.4197213440138183,0.16401620063341027,0.37193052505490115,0.0,Friis
11.9,99.96276971721171,19.23873085256336,10.418721976118663,0.41963233436031355,0.164325671612216,0.4197187017877189,0.16436280665968514,0.37193052505490115,0.0,Friis
11.95,99.96330928652749,19.244706950622998,10.428892857720967,0.4204222458817371,0.16475437513105887,0.4205077542331255,0.16479105458602403,0.3719359207480589,0.0,Friis
12.0,99.96546756379058,19.230907735156784,10.446973825492492,0.42259526987638446,0.1653217807690714,0.42267482253372124,0.165355964325738,0.3719359207480589,0.0,Friis
12.05,99.96654670242214,19.182817799247058,10.478770645270945,0.42769370091672826,0.1661785077186839,0.4277720716571939,0.16621184468341876,0.3719844819864784,0.0,Friis
12.1,99.9670862717379,19.214205085914834,10.478776040964103,0.42769593309340487,0.16654714557720415,0.4277721352389998,0.16657962520581857,0.3719844819864784,0.0,Friis
12.15,99.96762584105367,19.24556524385336,10.478792228043575,0.4277015135350963,0.16692036659821785,0.42777554816945795,0.16695198000799769,0.3719898776796361,0.0,Friis
12.2,99.96762584105367,19.24294590460994,10.49240016618735,0.42914991717610995,0.1674379785273822,0.42922442087082313,0.16746965133114755,0.3719898776796361,0.0,Friis
12.25,99.96870497968521,19.216194327718615,10.515660999390287,0.4312647650661242,0.16802560435299385,0.4313375303090001,0.16805629770043554,0.3719898776796361,0.0,Friis
12.3,99.96924454900099,19.22791404304184,10.523533315707402,0.4325150630270917,0.16853466461578204,0.4325853266262224,0.16856478952453904,0.3719898776796361,0.0,Friis
12.35,99.96978411831677,19.203710609588533,10.545774362903531,0.43711502111334716,0.16937401413571754,0.43718447980051484,0.16940339785566963,0.37206002169068647,0.0,Friis
12.4,99.97032368763253,19.23510760850401,10.545774362903531,0.43711502111334716,0.16977357143407681,0.437186585865564,0.1698039176367865,0.37206002169068647,0.0,Friis
12.45,99.9708632569483,19.23825815373881,10.557072944375799,0.43806537033339976,0.17027011862628605,0.4381349920066494,0.1702996051753976,0.37206002169068647,0.0,Friis
12.5,99.97194239557984,19.224398479053733,10.575175494919955,0.44045645008714046,0.17091161791429105,0.44052536262217923,0.17094045946505732,0.3720816044633174,0.0,Friis
12.55,99.9730215342114,19.17081115468766,10.6091683618136,0.44670710282572434,0.17193381867464294,0.44677322608118386,0.17196102903873015,0.3721355613948946,0.0,Friis
12.6,99.9730215342114,19.202177398152124,10.609179153199916,0.4467098930465701,0.17235732031461826,0.44677601705499137,0.17238454956609317,0.3721355613948946,0.0,Friis
12.65,99.97356110352716,19.23354341983671,10.609189944586232,0.4467126832674158,0.17278570921994107,0.44677695490166436,0.17281233762995654,0.37214635278121005,0.0,Friis
12.7,99.97464024215871,19.24254381371899,10.618146795228048,0.448331011357934,0.1733758813108881,0.44839645279190016,0.17340290611822817,0.37215174847436777,0.0,Friis
12.75,99.97464024215871,19.16549520026704,10.661522772522972,0.4548065558966831,0.1744436131566113,0.4548736399296223,0.17447081673193035,0.3721949140196295,0.0,Friis
12.8,99.97625895010603,19.172389007629995,10.671321351297394,0.45587688461310183,0.17499479707507345,0.4559392302403272,0.1750200922780283,0.3721949140196295,0.0,Friis
12.85,99.97625895010603,19.189763948951832,10.676927476488267,0.457844548353504,0.17563886021685685,0.45790736123569115,0.1756642229099782,0.3721949140196295,0.0,Friis
12.9,99.97733808873757,19.221140594867755,10.676932872181425,0.4578451063976732,0.17609820932771755,0.45790479088568786,0.1761223981381135,0.3722003097127873,0.0,Friis
12.95,99.97787765805334,19.22439170860446,10.688188288108432,0.4589837955248119,0.17667345384637637,0.459045726054012,0.17669859909787128,0.3722111010991027,0.0,Friis
13.0,99.97787765805334,19.21132043707561,10.705972492756281,0.4617553218908666,0.17741308061481093,0.46181786568227434,0.17743830823155005,0.37222189248541815,0.0,Friis
13.05,99.97787765805334,19.161448562255856,10.738476148338396,0.46783088827138153,0.17848035824729505,0.4678903110765709,0.17850530616166793,0.37230282788278396,0.0,Friis
13.1,99.98003593531644,19.192806442395923,10.738486939724712,0.46783214387076216,0.17896637117518335,0.4678849550125204,0.1789886009172215,0.37230282788278396,0.0,Friis
13.15,99.98111507394798,19.224177811768897,10.73849233541787,0.46783437604743877,0.17945810623503178,0.4678854864272684,0.17947944543037073,0.37230282788278396,0.0,Friis
13.2,99.98111507394798,19.234964611745152,10.74673155886971,0.4687776102043348,0.1800468884740893,0.46882889874688327,0.18006827226977584,0.37230282788278396,0.0,Friis
13.25,99.98111507394798,19.20052141702046,10.77306254147939,0.4730177693125346,0.18096221077941488,0.473069858757245,0.18098370008261935,0.3723190149622571,0.0,Friis
13.3,99.98111507394798,19.201149835321527,10.785364721878997,0.4753898755645243,0.18170400300197606,0.4754424130643611,0.18172556425522143,0.37232980634857255,0.0,Friis
13.35,99.98111507394798,19.197609207949725,10.799334171464338,0.4782795677833952,0.18250313915340138,0.4783315348033978,0.18252467393925284,0.37235138912120347,0.0,Friis
13.4,99.98111507394798,19.22897814926078,10.799339567157494,0.47827970729443753,0.18302924224773898,0.4783316743407916,0.18305080606332438,0.37235138912120347,0.0,Friis
13.45,99.98111507394798,19.235054778895,10.80946188752138,0.479371939244495,0.18366757254022686,0.4794241125970058,0.18368918576903673,0.37235138912120347,0.0,Friis
13.5,99.98165464326375,19.221153180059147,10.82757522945185,0.4824353227110119,0.18450387218770534,0.4824871452949016,0.1845251466466881,0.37238376328014977,0.0,Friis
13.55,99.98219421257953,19.17198864838083,10.859792913296607,0.4896739926510658,0.1857533937055254,0.4897235237992445,0.18577373594601246,0.37242692882541156,0.0,Friis
13.6,99.98327335121107,19.20336730193955,10.859792913296607,0.4896739926510658,0.1863100800455868,0.48971949392882974,0.1863288902248528,0.37242692882541156,0.0,Friis
13.65,99.98327335121107,19.234732466265392,10.859798308989765,0.4896762248277424,0.18687342937291246,0.4897217264789371,0.18689226899359362,0.37242692882541156,0.0,Friis
13.7,99.98381292052684,19.232440935265682,10.873265959111437,0.4923514885746196,0.1877027609889818,0.4923949200606574,0.1877206823199459,0.3724808857569888,0.0,Friis
13.75,99.9843524898426,19.175743566382188,10.9084944397382,0.497840969066491,0.18881328834758176,0.4978826024262832,0.18883059342395284,0.37257800823382775,0.0,Friis
13.8,99.98489205915838,19.19428640548801,10.913625743931194,0.49864287853755124,0.1894778772409837,0.49868208577210527,0.18949422105458785,0.37257800823382775,0.0,Friis
13.85,99.98489205915838,19.191907444374774,10.927125768211813,0.5042178792983439,0.19061313765703275,0.5042579289279835,0.19062958887083378,0.37257800823382775,0.0,Friis
13.9,99.98489205915838,19.2232380762644,10.927141955291287,0.5042224831627393,0.19121736815489718,0.5042625334880332,0.19123384578637825,0.37257800823382775,0.0,Friis
13.95,99.98489205915838,19.223826224038856,10.939454927077207,0.5058878264745078,0.19198995779408978,0.5059270121799195,0.19200637823663516,0.3725941953133009,0.0,Friis
14.0,99.98543162847415,19.20280318864831,10.960411799301797,0.5100516730425773,0.1930128264989603,0.5100932002201762,0.19303015272666424,0.37264815224487813,0.0,Friis
14.05,99.98597119778992,19.16504886891359,10.988059331041962,0.5170551273653369,0.19432056393957203,0.5170982332237852,0.19433871594684582,0.3727992316532943,0.0,Friis
14.1,99.98597119778992,19.196368439632238,10.988075518121436,0.5170556854095061,0.19495892418123564,0.5170987913462524,0.19497709662275692,0.3727992316532943,0.0,Friis
14.15,99.9865107671057,19.22772847804958,10.988075518121436,0.5170556854095061,0.1956046217916672,0.5170982333412479,0.195622467038646,0.3727992316532943,0.0,Friis
14.2,99.98705033642146,19.24639488417413,10.993152865382852,0.5182292522972162,0.19637172047752469,0.5182713942226227,0.19638926127686543,0.3728046273464521,0.0,Friis
14.25,99.98705033642146,19.189614505713003,11.028408324475404,0.5269728278504098,0.197882187008553,0.5270161021860783,0.19789986578068386,0.37285318858487154,0.0,Friis
14.3,99.98758990573724,19.183685921456316,11.043322020363346,0.5300303518531508,0.19885238460815055,0.5300713012357671,0.19886907752222555,0.37293412398223735,0.0,Friis
14.35,99.98758990573724,19.213649922291047,11.043872381065434,0.5301443323746984,0.19954511026367014,0.5301841796772974,0.1995617220471171,0.3735654200816908,0.0,Friis
14.4,99.98758990573724,19.244958162054076,11.043877776758592,0.530146564551375,0.20023366744729096,0.5301864121310236,0.20025030457358853,0.3735654200816908,0.0,Friis
14.45,99.98758990573724,19.250137556426257,11.054334630098255,0.5317294568371526,0.2010837967382108,0.531769500879607,0.2011004785649608,0.3735708157748485,0.0,Friis
14.5,99.98758990573724,19.23647052849011,11.072329266779256,0.5360040751727971,0.20220388635153955,0.536044649765258,0.20222064568103207,0.37365714686537205,0.0,Friis
14.55,99.98866904436878,19.189284735282396,11.103726805264039,0.5458619254207291,0.20387585204648218,0.545900203764462,0.20389120612126957,0.3740672195453589,0.0,Friis
14.6,99.98866904436878,19.220554323302647,11.103737596650353,0.5458622044428137,0.2046032602243451,0.545900482818166,0.2046186398960109,0.3740726152385166,0.0,Friis
14.65,99.98866904436878,19.25182327424537,11.103748388036669,0.5458645761305325,0.2053392500160377,0.5459028547746502,0.20535465559895527,0.3740834066248321,0.0,Friis
14.7,99.98866904436878,19.24943384712568,11.1172214338515,0.5486497745787312,0.2063537506528716,0.5486883688482126,0.20636921304282155,0.3742182989537751,0.0,Friis
14.75,99.98920861368455,19.22427840358804,11.139791618330248,0.5521609884909865,0.20744755021877123,0.5521971403625217,0.20746198926668485,0.375092401245326,0.0,Friis
14.8,99.98920861368455,19.235842992732977,11.147663934647364,0.5546615844129217,0.20845174789941107,0.5546968899537539,0.20846612789645244,0.375092401245326,0.0,Friis
14.85,99.99028775231609,19.211472265447497,11.16991037753665,0.5638616400964748,0.2101165607396366,0.563896317513423,0.21013018845973006,0.375092401245326,0.0,Friis
14.9,99.99028775231609,19.242717645385238,11.16991037753665,0.5638616400964748,0.2109019212459254,0.563896317513423,0.21091557755291226,0.375092401245326,0.0,Friis
14.95,99.99028775231609,19.246223278157743,11.181003922668925,0.5655926931091602,0.21186420445073947,0.5656275386665945,0.21187790597715833,0.3752974375853194,0.0,Friis
15.0,99.99028775231609,19.23261718248663,11.198939206725193,0.5702364576626935,0.21311871328780715,0.5702717542778512,0.21313248785939512,0.37546470407320875,0.0,Friis
0.0,50.23120545180837,13.196985306012902,7.965429793938478,0.09556018107946236,0.027411740575963076,0.13437732174660294,0.040523405230743936,0.0024010834551860703,0.030528831886388285,SPLMSF
0.05,50.779407876632874,13.226617594582866,7.972924411734554,0.09663706681486835,0.02776829307382393,0.13542042566756277,0.04086380820908579,0.0025089973183405005,0.029773434844307275,SPLMSF
0.1,51.30980451403689,13.256366899635795,7.9803866553716825,0.09767656359094172,0.02812439709399287,0.13636896073358992,0.041194447803704265,0.0026115154883372092,0.02896947656380677,SPLMSF
0.15,51.87797100354498,13.286201251169402,7.987827316236181,0.09871745547743793,0.028483782768007906,0.1372139924074594,0.041493895180937206,0.0026978465788607534,0.028273432146460695,SPLMSF
0.2,52.43372739879029,13.315380574344985,7.995543157451722,0.09983619452552973,0.028853957455540192,0.13824047945501505,0.04183138919510764,0.0028003647488574618,0.02753961787701057,SPLMSF
0.25,52.98408810087788,13.345897723861208,8.002735616430964,0.1008362096766361,0.029215789441817828,0.13906634736295406,0.04215562019632755,0.0029136743051696137,0.02678961652808728,SPLMSF
0.3,53.505851629229554,13.375810210301374,8.01018167298862,0.1019054223047164,0.02958757393297035,0.1399773711427534,0.04249159158650855,0.0030323795546394867,0.026196090280737914,SPLMSF
0.35,54.05998931652755,13.40579894276478,8.017606146773645,0.10299500354497039,0.02996457844157711,0.14088579325488318,0.04281575564940443,0.0031564804972670814,0.025554002794969055,SPLMSF
0.4,54.60495432545742,13.435615391792588,8.025111555956036,0.10407733021102554,0.030344109251082715,0.14183153320619366,0.04315945227634339,0.0032913728262101193,0.024874145457096146,SPLMSF
0.45,55.11646603680942,13.464767602199911,8.03289214548947,0.10522215782402486,0.030733080844665008,0.14283839646007304,0.043514211516958265,0.003377703916733663,0.024286014902904503,SPLMSF
0.5,55.6592727684762,13.495481926282658,8.040057626002925,0.10626653748657822,0.031115796113350015,0.14363308155688043,0.043845340406489665,0.0035233876319921437,0.0237086757350283,SPLMSF
0.55,56.22204356482655,13.525061446126474,8.047687136127943,0.10745363694539016,0.03151558540576616,0.1446427787097641,0.044189788209721644,0.0036798627335660676,0.02299104854505134,SPLMSF
0.6,56.7249221671262,13.554179795756287,8.055510891206639,0.10863780667231415,0.03191845379970081,0.14572498658803384,0.04456379077546747,0.00386871199408632,0.022386730911386533,SPLMSF
0.65,57.28013899305574,13.584273541894394,8.062951552071137,0.10978668010553977,0.03232116805990037,0.14665453834342826,0.04490928711795521,0.0040629569477642945,0.021895722834033873,SPLMSF
0.7,57.809996061144,13.613926578006426,8.070575666502997,0.11101061047951527,0.03273454073329206,0.14782041787924324,0.04529430143261582,0.004241014821969104,0.021291405200369064,SPLMSF
0.75,58.34794666896883,13.64450156620463,8.07783826949329,0.1121939431401855,0.033147332845951505,0.14886650938615473,0.045659424859867785,0.004419072696173914,0.020768022964070078,SPLMSF
0.8,58.90532177216146,13.675201691676445,8.085057706938322,0.11334281657341111,0.03356025251107629,0.14981563851205906,0.04602050187721737,0.004597130570378724,0.020244640727771095,SPLMSF
0.85,59.448128503828244,13.705042491878935,8.092627864438604,0.11456228259403343,0.03398344809277215,0.15086910407798362,0.04639031575854921,0.004802166910372141,0.019753632650418435,SPLMSF
0.9,59.97690643328495,13.73513885949291,8.10010089946205,0.1158025357599564,0.03441206887312203,0.1519820690374875,0.046777302729550434,0.005061160181942774,0.019219459027804007,SPLMSF
0.95,60.531044120582955,13.764546157869544,8.107854510529695,0.1170566005190657,0.03484528128360927,0.1530699907295158,0.047154053966763844,0.0053147577603556845,0.018669098325716414,SPLMSF
1.0,61.06144075798697,13.794113261001904,8.115548768972607,0.11832559295969956,0.035283426547727634,0.1541709152668181,0.04754043330132486,0.005530585486664545,0.01833456534993768,SPLMSF
1.05,61.60748490554839,13.824352350762759,8.122978638450789,0.11954840724533677,0.03572076602311542,0.15519555673109767,0.047917617880647405,0.00569245628139619,0.0179137012836354,SPLMSF
1.1,62.14165852816282,13.853784132280598,8.130737645211592,0.12085227744654219,0.03616961538060716,0.1563056703105871,0.048303981975515206,0.005919075394020493,0.017330966422601478,SPLMSF
1.15,62.665580333777584,13.885333372771496,8.137654923839792,0.12201161420793921,0.036607960083648514,0.15724339535043913,0.04868171204235562,0.006178068665591125,0.01680218849314477,SPLMSF
1.2,63.186804292813484,13.915076365846675,8.145300621044283,0.12337993851068078,0.037070120927034024,0.15845758611855926,0.0490888442717864,0.006464040402950365,0.016332763188423,SPLMSF
1.25,63.67781237016613,13.94440697958228,8.153113584736664,0.12474477503736521,0.03753540072113089,0.159706852494577,0.04951691741968982,0.006744616447151883,0.015917294815278444,SPLMSF
1.3,64.20605073030707,13.973729712828861,8.160931944122202,0.12605715541215004,0.037999095377256854,0.1607874030337409,0.049913646127840244,0.007052170957142009,0.01543168243108351,SPLMSF
1.35,64.70892933260671,14.00350395427475,8.168572245633536,0.12737134943048461,0.03846641128269121,0.16192539101286615,0.050322871237522514,0.0074514522508134,0.015021609751096674,SPLMSF
1.4,65.22044104395871,14.03343108369657,8.176153194520134,0.128678149363578,0.038936399752062624,0.16297654456256466,0.0507204366010996,0.0077428196813303625,0.01461153707110984,SPLMSF
1.45,65.72979447804762,14.063415962448156,8.183712560634103,0.13002233825600407,0.03941366484159655,0.16408888859701687,0.05112610610773973,0.008039582805005045,0.014217651470596171,SPLMSF
1.5,66.23051480308418,14.093878820302436,8.19108307748755,0.13134239173811468,0.03989224993668524,0.1651799586466472,0.05153963256299223,0.008406489939730108,0.01379139171113617,SPLMSF
1.55,66.69994010780594,14.123602793561298,8.198750357464672,0.1327306661199031,0.04038085215654178,0.16640398443579768,0.051975565513365914,0.008794979847086055,0.013370527644833893,SPLMSF
1.6,67.2163079429999,14.153663121757544,8.206282745112851,0.13407890083255547,0.04086903059521773,0.1675251863149614,0.05239562120730796,0.009178074061284283,0.012992829123793388,SPLMSF
1.65,67.73483405545694,14.183455656535788,8.213923046624185,0.1354807077854457,0.04136603221036164,0.16867499951407974,0.052815417248444047,0.009518002730220737,0.01257196505749111,SPLMSF
1.7,68.24580619749317,14.21387205426285,8.221315146250262,0.13683954533731177,0.0418624938277628,0.16980222020524657,0.053246554609517785,0.009911888330734408,0.012183475150135162,SPLMSF
1.75,68.72062719537266,14.242181641196478,8.229548974008946,0.13832352429410846,0.042374754842840805,0.17109171928832775,0.0537018851302018,0.010268004079144027,0.0118921077196182,SPLMSF
1.8,69.19976474777833,14.271700344721484,8.237297189383435,0.13973174875494382,0.04288336056630529,0.1722997470565302,0.05415282412326398,0.010651098293342254,0.011557574743839467,SPLMSF
1.85,69.70048507281487,14.301272831293158,8.245023821985292,0.14119354545601703,0.043400764285523884,0.17351029704748486,0.054591931228908354,0.011115127904906303,0.011185271915956684,SPLMSF
1.9,70.1612772684843,14.33143027168803,8.252513044088209,0.1426353920780433,0.04391965952651495,0.17471431622985112,0.05503663699747559,0.011611531675416682,0.010899300178597443,SPLMSF
1.95,70.63825654362688,14.36184898026324,8.259894352327972,0.14398209216923052,0.044432695685818445,0.17579279440251766,0.05547564762850574,0.01214030960487339,0.010478436112295165,SPLMSF
2.0,71.09850916998052,14.391978417171481,8.267388970124047,0.1453717616614418,0.04495340042151116,0.17695943804688508,0.05593172759802318,0.012582756443806553,0.010203255761251369,SPLMSF
2.05,71.56145964291302,14.421828129605306,8.274991501783276,0.1468458353342362,0.045485867121196386,0.17820047139722683,0.05639479126030299,0.013073764521159211,0.009944262489680738,SPLMSF
2.1,72.03735977942407,14.451086346879377,8.282826048248289,0.14838994355025822,0.04602862433604317,0.17948722414219265,0.0568525441292825,0.013597146757458196,0.009642103672848332,SPLMSF
2.15,72.5094829307247,14.480979659592268,8.29040160144173,0.14985201927341593,0.04656693563606501,0.18066395142278843,0.05730328063824842,0.014125924686914905,0.009372319014962258,SPLMSF
2.2,72.98754134449882,14.509981321626057,8.298327874690422,0.1513273485455909,0.04710991422581155,0.1817953767132402,0.05774481545375625,0.01468707677531794,0.009113325743391625,SPLMSF
2.25,73.44024000043166,14.538794039857807,8.306324291950165,0.15296632427036738,0.047672455307561985,0.18325258820504153,0.05824292682372551,0.015161897773197434,0.008865123858136436,SPLMSF
2.3,73.91344229036383,14.568767988671834,8.313851283905187,0.1544052411605057,0.04821918952580786,0.18433512610047745,0.058680625799926125,0.015771611100019962,0.00859533920025036,SPLMSF
2.35,74.35480999066544,14.599274383919163,8.321157052440741,0.15585908573216858,0.04877061650253237,0.18552004597834607,0.05914766304497096,0.01637053304052705,0.008347137314995172,SPLMSF
2.4,74.7665013785996,14.628012695628602,8.3291642610868,0.1574277478916329,0.049336813039765115,0.18688804947786994,0.05965536215961352,0.01690470666314148,0.008098935429739981,SPLMSF
2.45,75.208408648217,14.657085669078455,8.337031181710758,0.15897938970393832,0.04990489310637207,0.18819326681302279,0.060146759877819894,0.017611542466802996,0.00784533785132707,SPLMSF
2.5,75.65679074962365,14.687201331046186,8.344471842575256,0.16044690635774528,0.05046811634097161,0.1893523224145432,0.0606185342488875,0.018237442873098694,0.007645697204491375,SPLMSF
2.55,76.08682749429406,14.717092440670148,8.35199343883712,0.16199157261793637,0.051042117720599564,0.19065329955890906,0.061113013901088246,0.018998235608337424,0.0073813082397630216,SPLMSF
2.6,76.50121672880707,14.746513169280604,8.359693092973188,0.16355339873632865,0.05162094899596133,0.19195702879067866,0.06161242374973234,0.019651114480421727,0.007170876206611883,SPLMSF
2.65,76.94582184500331,14.776057864311026,8.367333394484522,0.16507811491747285,0.05219946424999407,0.19314652836486543,0.06208891808878775,0.020352554590925522,0.006938861400829857,SPLMSF
2.7,77.36344849541096,14.80470411511085,8.375324416051107,0.16673020468022423,0.05279377628500286,0.19458145772074215,0.06260481115142734,0.02109176455353337,0.00669605520873239,SPLMSF
2.75,77.75085926413536,14.834744081695526,8.382748889836133,0.16824320193381645,0.05337808624546246,0.1957990269955169,0.06310822102509694,0.02170687357351362,0.006453249016634922,SPLMSF
2.8,78.1841334247004,14.86426500680247,8.390373004267992,0.16976777860391837,0.053967095281344205,0.1970074420466387,0.06360627197550055,0.022478457695067795,0.006215838517695175,SPLMSF
2.85,78.56560893095131,14.893874955647865,8.397948557461435,0.17134104462777816,0.05456384324985179,0.198322381407615,0.06411967463667397,0.02323925043030653,0.006064759109278973,SPLMSF
2.9,78.96866720983311,14.923025831502546,8.405696772835922,0.17291514771789157,0.055164054168490205,0.19960079401455363,0.06462832350886552,0.0239838560860721,0.005821952917181506,SPLMSF
2.95,79.34798443882093,14.951476189258697,8.413714772868296,0.17456653992543153,0.05577514274493555,0.20099032142419998,0.065155511928079,0.0247878143665726,0.005643895042976696,SPLMSF
3.0,79.72568295986144,14.981471689123046,8.421101476801217,0.1760339170681962,0.05637165614171975,0.20210177788004713,0.06565666755684858,0.02557018987444222,0.005503607020875937,SPLMSF
3.05,80.11363329790161,15.01056999687891,8.428833505096232,0.17765391929122173,0.05698613640098072,0.20340348212854517,0.06617080791979671,0.026514436177043483,0.00533634053298657,SPLMSF
3.1,80.4605763679431,15.039009421703302,8.436813735276502,0.17927378200320504,0.05760334504386264,0.20478170472103005,0.06671484842716283,0.027453286786487025,0.005115117113519988,SPLMSF
3.15,80.82856264129971,15.068425144885387,8.444389288469944,0.180870067349042,0.058221251531589586,0.20608872746692303,0.06723938830560985,0.02833278477119563,0.004915476466684293,SPLMSF
3.2,81.1738870033939,15.097775786826517,8.451975633049699,0.1825298302191191,0.0588482127502781,0.20744592494117337,0.06776728586540774,0.029314800925900945,0.004742814285637205,SPLMSF
3.25,81.53485887564545,15.127425947336187,8.459427085300513,0.18414453102253783,0.059473826649574395,0.20884549153933202,0.06831745336440186,0.03025904722850221,0.0045755477977478375,SPLMSF
3.3,81.89475160926548,15.15676678542845,8.466986451414481,0.18571151904949468,0.06009772680389602,0.21012936009171287,0.06885525878163991,0.031181710758472588,0.004408281309858471,SPLMSF
3.35,82.24277381793851,15.185731290544162,8.474680709857392,0.187401137282621,0.06073653056972226,0.21153784885483162,0.06940336198203748,0.03212056136791613,0.0042572019014422684,SPLMSF
3.4,82.60536439813741,15.215313551661195,8.482110579335574,0.18899825969471168,0.06136924091570787,0.21283374971096383,0.06993801010530444,0.03322128277209132,0.00411691387934151,SPLMSF
3.45,82.95014919091581,15.243839002664943,8.489945125800586,0.19066946247025623,0.06201178669817895,0.214228532920499,0.0704912465407658,0.034268047244689286,0.003949647391452143,SPLMSF
3.5,83.31058149385161,15.27185814801661,8.49796312583296,0.19233787502495509,0.06265670860855495,0.21558132024196583,0.07103549933765457,0.035363372955706754,0.003814755062509105,SPLMSF
3.55,83.64025834578838,15.301327661218181,8.505382203924826,0.19389663190041712,0.06329364453466879,0.2168342509595969,0.07157189856396186,0.03646949005303966,0.0036474885746197385,SPLMSF
3.6,83.99907194077687,15.330248740328875,8.51300092266353,0.19549738159960722,0.06393706083322193,0.21811065157568826,0.07211477876282016,0.03772129086563105,0.003491013473045815,SPLMSF
3.65,84.35572725850227,15.360168305588259,8.520198777335931,0.19696699091904843,0.06456999774114427,0.21920732643806087,0.07263309798344918,0.03878963811085991,0.0033723082235759417,SPLMSF
3.7,84.68108755591287,15.389320817414031,8.52768260374569,0.1986009442463026,0.06522120340507773,0.2205709127703228,0.07320080229358782,0.04016014417292117,0.003205041735686575,SPLMSF
3.75,84.98378594206105,15.417402702031808,8.535571107142278,0.200303257984277,0.06588099393605858,0.22200655052919627,0.07377773723897155,0.04144431914445889,0.0031079192588475877,SPLMSF
3.8,85.31130451673474,15.445104226029377,8.543589107174654,0.20202063891481817,0.06654466048541231,0.223387434469673,0.07433098389226932,0.04258281040073813,0.0030269838614817653,SPLMSF
3.85,85.65015404703965,15.473128722341444,8.551456027798611,0.20371207079149425,0.06720836289562279,0.22475766730083532,0.07488520919700187,0.04375907150912142,0.0029568398504313856,SPLMSF
3.9,85.9631042501875,15.501664758315504,8.559096329309945,0.20531951702071402,0.06786642089341074,0.22607957458667574,0.07544809013578639,0.045016268014870534,0.0028273432146460695,SPLMSF
3.95,86.29925593391356,15.530479670204974,8.566601738492336,0.20696421269822432,0.06853030757489148,0.2274031813231129,0.07600138021754403,0.046316630065881416,0.0027625948967534113,SPLMSF
4.0,86.59224207237783,15.559380619573945,8.57404779504999,0.20853803676625318,0.06918928691975103,0.2286990621370354,0.0765713354340701,0.04764936627583863,0.002654681033598981,SPLMSF
4.05,86.88630734947364,15.58801556044442,8.581574787005012,0.21016055018803992,0.06985495663987198,0.22999506821752608,0.07713056829613706,0.04908462065579255,0.0025737456362331587,SPLMSF
4.1,87.16418554709631,15.616070244101955,8.589306815300027,0.21179394547112493,0.07052342030979228,0.23136977764571878,0.07771558961571112,0.05041735686574976,0.0024874145457096145,SPLMSF
4.15,87.43720762087702,15.644569337611545,8.596833807255049,0.21335339990179833,0.07118636510117965,0.23266427063252082,0.07829440339709277,0.05196592080201583,0.0023902920688706275,SPLMSF
4.2,87.69296347655302,15.67279613956856,8.604441734607436,0.21491327286559864,0.07185092150827797,0.23397990460485835,0.07887940342938973,0.05341736226144292,0.0023255437509779693,SPLMSF
4.25,87.96382727307063,15.69933553090005,8.61269714513875,0.21667515781862923,0.07253671254432906,0.23548569361942268,0.07948045684893841,0.054922760652447215,0.002217629887823539,SPLMSF
4.3,88.22551839122012,15.726871874723942,8.620526295910604,0.21836491556279775,0.07321728235905346,0.23691642597745713,0.08007586961349446,0.05633103656661253,0.0021312987972999953,SPLMSF
4.35,88.48990735594849,15.754838959523815,8.628155806035622,0.219979895388301,0.0738923787055372,0.2382543349369821,0.08065759906797348,0.05796053590024443,0.0020503633999341725,SPLMSF
4.4,88.76508770699228,15.783126663703927,8.635623445365908,0.22154395368336993,0.07456323864480688,0.23952402667298844,0.08122351875071963,0.059606222313349486,0.00196942800256835,SPLMSF
4.45,89.03109537966795,15.811485254412602,8.643037127764618,0.2231526555119703,0.07524045539364249,0.24080832755569556,0.08179552731264902,0.06096054129593758,0.0018777012188870843,SPLMSF
4.5,89.29872176029093,15.839461669991206,8.650574911105956,0.22477837768772968,0.0759210183186822,0.24211870859214502,0.08236953932066665,0.06240119136904922,0.0018399313667830338,SPLMSF
4.55,89.55070063075652,15.867205310178301,8.658177442765185,0.2263987984438821,0.07660277977638368,0.2434823315960402,0.08296223775026244,0.06405766916846972,0.0017697873557326542,SPLMSF
4.6,89.79296725353822,15.894783954138475,8.66581234858336,0.22804168047784257,0.07728756815223004,0.24486090029804825,0.0835580338006266,0.065854434989991,0.0017212261173131607,SPLMSF
4.65,90.03901086153033,15.922776298105532,8.6732476137547,0.22956960541295934,0.07796197242238169,0.2460852144398101,0.08413224048156007,0.06759184818677731,0.001651082106262781,SPLMSF
4.7,90.28343576157512,15.948958102367149,8.68137352765023,0.23121932348799187,0.07864897845705741,0.24741159434633203,0.08471387633944896,0.0692213475204092,0.0015701467088969584,SPLMSF
4.75,90.51545056735714,15.976644473727768,8.688862749753147,0.2328320711368186,0.0793330284181241,0.2487491927632559,0.08530771405718983,0.07128250230665882,0.001510794084162022,SPLMSF
4.8,90.77228556166467,16.004014480408696,8.696443698639746,0.23444412123043384,0.08001767734729778,0.25004784288270293,0.08588270668861832,0.07286344040187123,0.0014514414594270853,SPLMSF
4.85,90.97462405507923,16.03205945240311,8.703722488709513,0.2360060868598684,0.08069858686750617,0.25135400827965787,0.08647460063407311,0.07454150097392262,0.0014082759141653132,SPLMSF
4.9,91.20394101428239,16.058922836185893,8.711438329925054,0.23759623371984478,0.08138283844263706,0.2526169640361827,0.08704779050145979,0.07646236773807147,0.0013705060620612627,SPLMSF
4.95,91.42948098827516,16.085834118059985,8.719100214209018,0.2392280943814647,0.08207187052617636,0.25397806698180575,0.08763910835026122,0.07829150771853906,0.001300362051010883,SPLMSF
5.0,91.6399130214263,16.113549769290135,8.726405982744573,0.24075406616198952,0.0827513708382037,0.2552562767326703,0.08823535296397178,0.08004510799479855,0.001246405119433668,SPLMSF
5.05,91.85358247047208,16.14096808714202,8.733792686677495,0.24227431798978052,0.08343044869474925,0.25649224904396867,0.08881532047432697,0.08199834891789373,0.001214030960487339,SPLMSF
5.1,92.07048933541247,16.167993387169968,8.741298095859884,0.2438014058586436,0.08411031658460737,0.25774069708210995,0.08939765331499337,0.08398396399993525,0.001160074028910124,SPLMSF
5.15,92.26149687319581,16.195036419301676,8.748760339497014,0.24533686439004387,0.08479144272960945,0.2590057748536473,0.08998614131880599,0.08586706091198006,0.0011007214041751873,SPLMSF
5.2,92.45897924276842,16.22136061304354,8.756470785019397,0.24692115178624424,0.08547725835042191,0.2603442702661694,0.09058321053630455,0.08800375540243778,0.0010791386315443013,SPLMSF
5.25,92.6472889339729,16.248595304560393,8.763776553554953,0.24839145866089685,0.0861518364872548,0.2615501260992627,0.09116892554525342,0.0899408092460598,0.0010467644725979722,SPLMSF
5.3,92.84908785807168,16.274764640033204,8.771470811997863,0.24998495378588817,0.0868386554881582,0.2628797009762901,0.09176136917899175,0.09175915784021195,0.0010359730862825292,SPLMSF
5.35,93.03901625722348,16.301244159215017,8.779003199646043,0.25152585324793747,0.0875206689224021,0.26415654523522314,0.09234956407912166,0.09376096000172662,0.0010035989273362003,SPLMSF
5.4,93.22570724048065,16.326820366183796,8.786859328883684,0.2531069318901652,0.08820682589845814,0.2654574574077718,0.0929348609866093,0.09571959661797953,0.0009604333820744282,SPLMSF
5.45,93.40268597605392,16.353141738233386,8.794375529452392,0.25463653095778943,0.08888755338677108,0.266754320335517,0.09353242740426126,0.09791564373317219,0.0009118721436549346,SPLMSF
5.5,93.58236255820604,16.379341347266152,8.801902521407413,0.25615203941014286,0.08956706579403402,0.2680090330779121,0.09412007965453592,0.09969082678206256,0.0008741022915508841,SPLMSF
5.55,93.75232689267426,16.40586110253037,8.809262246874544,0.2576438309853075,0.0902442860598984,0.2692536466038192,0.09470940436586495,0.1018598954314666,0.0008471238257622766,SPLMSF
5.6,93.91042070219551,16.431223618428746,8.81704283640798,0.2592090053687147,0.09092817360832761,0.2705855870195981,0.09531326390708443,0.1039426329903471,0.0008417281326045551,SPLMSF
5.65,94.07337063555869,16.457492923295316,8.824418748954585,0.2606794517544096,0.09160245967714652,0.27180780948557204,0.09589882937106639,0.10608472317396254,0.000809353973658226,SPLMSF
5.7,94.25682420292122,16.483810416822852,8.831729913183297,0.2620889318146255,0.09226968094144357,0.2729425840894389,0.09646500092223863,0.10845882816336,0.00078777120102734,SPLMSF
5.75,94.40574533407434,16.510526056068333,8.838836041072016,0.2634410728364619,0.09293013653221924,0.2740719744406024,0.09704574518923864,0.1107897676074957,0.000766188428396454,SPLMSF
5.8,94.56276000496405,16.53676457647862,8.846087852675995,0.264785261728888,0.09358867636133571,0.27520287469758525,0.09762796176816652,0.11301279318847696,0.0007230228831346818,SPLMSF
5.85,94.70952285885407,16.562860667834126,8.853350455666288,0.2661898589026239,0.09425171457875507,0.2763830636707534,0.09821191221916015,0.11546243788208252,0.0007122314968192389,SPLMSF
5.9,94.84009863327091,16.588916796478408,8.860580684497634,0.2675452086784328,0.09490825066714427,0.2775363652045286,0.0987968584500624,0.11775021178095645,0.0006744616447151884,SPLMSF
5.95,94.982005363319,16.614419434661652,8.867988971203186,0.2690212355058193,0.09557561474967091,0.27878426758619124,0.09938149183675171,0.12006496414561897,0.0006366917926111377,SPLMSF
6.0,95.12391209336707,16.63937368221234,8.875569920089784,0.2704654538155644,0.0962384908983715,0.2799983809048419,0.09996047140616321,0.12241209066922783,0.0006151090199802518,SPLMSF
6.05,95.25880442231012,16.66412223388237,8.883188638828488,0.2718971161315038,0.09689907000938512,0.28123763905157856,0.1005478167007343,0.12452180669389692,0.0005935262473493657,SPLMSF
6.1,95.3947758898847,16.689008849802445,8.890710235090351,0.2733445431952215,0.09756059903249432,0.2824577660833268,0.10112756242253748,0.12670706242277413,0.0005719434747184797,SPLMSF
6.15,95.53560348130122,16.714748851291873,8.897848737138016,0.27466041134606356,0.09820876589121846,0.2835409857279212,0.10169100511203662,0.1287304473569197,0.0005611520884030367,SPLMSF
6.2,95.65700657734996,16.74052609331299,8.904927886560946,0.27595437626326663,0.09885369831954831,0.2846236834006453,0.10226171615130683,0.13118009205052528,0.0005395693157721507,SPLMSF
6.25,95.78812192108259,16.765561573444398,8.912255237869132,0.2772988441777773,0.0995017064119741,0.28573860634157056,0.10282632037411239,0.13373225491412755,0.0005395693157721507,SPLMSF
6.3,95.90089190807896,16.789511609403256,8.919965683391517,0.2787146022348961,0.10015439043043525,0.2869794006391502,0.10341285271110233,0.13624125223246805,0.0005179865431412646,SPLMSF
6.35,96.01042447918073,16.81371126481113,8.927525049505485,0.2800568379727302,0.10079761598183232,0.28812600956507567,0.10398566236146502,0.13877722801659714,0.0005071951568258216,SPLMSF
6.4,96.1231944661771,16.837954736394835,8.93501966730156,0.28144720502015286,0.10144385410691889,0.2893342829557447,0.10456246661787394,0.1410488148359979,0.0004856123841949356,SPLMSF
6.45,96.24028100769965,16.863195261777104,8.942066442565544,0.2827266607889583,0.10207732829226061,0.2904149283099262,0.10512262063597172,0.14354162507486523,0.0004802166910372141,SPLMSF
6.5,96.346036593591,16.887294036404374,8.949523290509516,0.2839889566995624,0.10270752675188025,0.29150130942367025,0.10568992467301751,0.14589414729163183,0.0004640296115640496,SPLMSF
6.55,96.45179217948233,16.911853838111707,8.956748123647705,0.285297291254121,0.10334034862806424,0.29262494044988446,0.1062516149021522,0.1483006264399756,0.00044244683893316354,SPLMSF
6.6,96.56078518126832,16.935591614789935,8.964253532830096,0.2865471706819616,0.10396553254179623,0.2936793365184203,0.10680466548510259,0.1508096237583161,0.000426259759459999,SPLMSF
6.65,96.67193646031737,16.959279759065286,8.971731963546697,0.28787866406953966,0.10459692147767752,0.29481569261853596,0.10735933471935338,0.1530380450324551,0.000415468373144556,SPLMSF
6.7,96.7760733382614,16.98301678430577,8.979145645945406,0.2890818072982145,0.10521439612081022,0.29582932548311197,0.10790571257841841,0.155422941408168,0.000404676986829113,SPLMSF
6.75,96.86995839920576,17.006262592847595,8.986705012059375,0.290420834282076,0.10584257935147992,0.2969839527660807,0.1084672523151661,0.15812618368018647,0.00038848990735594846,SPLMSF
6.8,96.96708087604475,17.029589861165352,8.99417804708282,0.2917022432054734,0.1064621722533315,0.29809617663817656,0.10902073895617366,0.16073230347536596,0.0003615114415673409,SPLMSF
6.85,97.06258464493641,17.05251086661605,9.001764391662576,0.29297625804362953,0.1070787998385379,0.29919204807409006,0.10956805347910152,0.1631711567826561,0.00035611574840961944,SPLMSF
6.9,97.1499948740915,17.07622517644945,9.008983829107606,0.29414745324362096,0.10768312484576263,0.30019661682523285,0.11011106425874889,0.16560461439678847,0.0003453243620941764,SPLMSF
6.95,97.24064251914122,17.099557804337245,9.016305784722634,0.2953427838539277,0.10828728951701463,0.30122536265321637,0.11065266420415565,0.16812440310144441,0.0003453243620941764,SPLMSF
7.0,97.3204987778755,17.12308639813442,9.023498243701876,0.29652667455876713,0.1088876727605757,0.30226821855439184,0.11119979050256247,0.17069275304451986,0.0003399286689364549,SPLMSF
7.05,97.39927589797823,17.146180369686117,9.030814803623748,0.2976582486227493,0.10948049770108591,0.3032511333809753,0.11173562308628715,0.1733150599191725,0.00033453297577873344,SPLMSF
7.1,97.47103861697593,17.16954713661325,9.037969492750886,0.2988426973717578,0.110075396216545,0.30430902923950715,0.11228180111334628,0.175921179714352,0.0003237415894632904,SPLMSF
7.15,97.54603875186825,17.19256121232834,9.045215908661707,0.3000080331079732,0.11066594703544383,0.3053392155322621,0.11282250720933774,0.17827370193111858,0.0003129502031478474,SPLMSF
7.2,97.62049931744482,17.213783207234883,9.053131390524083,0.3013342250759444,0.11126986269938825,0.3065218560382041,0.11336962197964422,0.18072874231788186,0.0002913674305169614,SPLMSF
7.25,97.70736997728413,17.236642938927467,9.060340036582799,0.3024246433824521,0.11184796062115213,0.3074484352455214,0.11388281442100441,0.18338342335148083,0.0002751803510437968,SPLMSF
7.3,97.78021183491337,17.259545583736678,9.067478538630466,0.3035138060895793,0.11242266825577031,0.30839349887153106,0.11440426131524657,0.1860327086919221,0.00026978465788607533,SPLMSF
7.35,97.8454997221218,17.282723821102056,9.074455169883398,0.3045453507362423,0.11298873225615948,0.30931583844711585,0.11492786439228547,0.18863343279394387,0.0002589932715706323,SPLMSF
7.4,97.91294588659332,17.304899676723593,9.081782521191585,0.3057088728289079,0.11356472802201614,0.31035763335078387,0.11545558884624411,0.19113703441912666,0.0002428061920974678,SPLMSF
7.45,97.97445678859134,17.327472038575436,9.08889944046662,0.3068047320660648,0.11413102077815283,0.3113336995137102,0.11597369616405633,0.19382408961167197,0.0002320148057820248,SPLMSF
7.5,98.03003242811587,17.34988566817669,9.09602715112797,0.30783669524585483,0.11468777140662623,0.3122533037725257,0.11648927967845735,0.1963384826231702,0.0002320148057820248,SPLMSF
7.55,98.09154333011391,17.371854385394577,9.103284358425105,0.3089103722272882,0.11524591777321838,0.31320440229708024,0.11699989890505341,0.19878812731677575,0.0002320148057820248,SPLMSF
7.6,98.14496069237535,17.39331983870447,9.110692645130657,0.30997260930325415,0.11579997877032958,0.3141549131971742,0.11751084044661354,0.20127014616932765,0.00022661911262430328,SPLMSF
7.65,98.20755073300491,17.415052550113536,9.117944456734634,0.3110400082877846,0.11635163559526984,0.31507325425386373,0.11800859932919863,0.20376295640819497,0.00021582772630886026,SPLMSF
7.7,98.2717594815818,17.436563007506297,9.125234038190715,0.312078528486562,0.11689725483329422,0.3159838009333992,0.11850391047106087,0.20640684605547852,0.00021043203315113877,SPLMSF
7.75,98.32733512110633,17.45798714739438,9.132507432567325,0.3131153745528319,0.11743953439513957,0.31690409741375053,0.11900051770295259,0.20878095104487598,0.00020503633999341726,SPLMSF
7.8,98.37859420610468,17.478935361654305,9.139921114966034,0.31417161265397947,0.11798054809087936,0.3178755880830152,0.11950506240141771,0.21143023638531724,0.00018884926052025274,SPLMSF
7.85,98.43093242973458,17.500239482472043,9.147140552411065,0.315147771416855,0.11851031791767758,0.31873782913526105,0.11998959617990607,0.21404714756681217,0.00018345356736253123,SPLMSF
7.9,98.47733539089099,17.521239497790397,9.154430133867148,0.31615880794030204,0.11903999983580058,0.3196552497986423,0.12048248287230434,0.21671261998672658,0.00017805787420480972,SPLMSF
7.95,98.52050093615277,17.542067178012996,9.161735902402702,0.317231787366524,0.11957197434387218,0.32064139012328097,0.1209802764148941,0.21918384745296304,0.00017805787420480972,SPLMSF
8.0,98.56366648141453,17.5633622557375,9.168804260439318,0.31821826994652863,0.12009227267258035,0.32154188178747584,0.12146494665947709,0.22171982323709216,0.00017805787420480972,SPLMSF
8.05,98.61060901188671,17.58432945003963,9.175953553873299,0.3191550865954795,0.12060436052527088,0.32239499753772743,0.1219418220368846,0.22426659040753671,0.00016726648788936672,SPLMSF
8.1,98.65431412646426,17.604211021755305,9.183485941521477,0.3202030935451322,0.12112365205700626,0.32335647462521666,0.12242653495853807,0.22685652312324303,0.0001618707947316452,SPLMSF
8.15,98.69478182514717,17.625340380659598,9.19046796846757,0.32111410065126017,0.12162603021491712,0.3241877960571634,0.12289756843028793,0.22937631182789897,0.0001564751015739237,SPLMSF
8.2,98.73470995451432,17.645487572402775,9.197795319775755,0.3220564977419023,0.12212840327344758,0.32504451561851044,0.1233661925864695,0.2317180426583501,0.00015107940841620218,SPLMSF
8.25,98.77517765319722,17.665830805681566,9.204998570141314,0.3229382075291503,0.12262212957372054,0.3258352038369304,0.12382529971459774,0.2339950251709086,0.0001456837152584807,SPLMSF
8.3,98.81240793598549,17.685565136795724,9.212401461153707,0.3239178540680828,0.1231228647321361,0.32674155420134104,0.12429577149484092,0.23613171966136628,0.00014028802210075918,SPLMSF
8.35,98.84694037219491,17.705588642993547,9.21964248137137,0.32482788459691475,0.12361395093368928,0.32758093757505624,0.12475893149666059,0.23850042895760604,0.00014028802210075918,SPLMSF
8.4,98.8820123777201,17.725336883179725,9.226948249906924,0.3257284283748711,0.1241013277858625,0.3284018585078113,0.12521482474427406,0.24076122439069134,0.00014028802210075918,SPLMSF
8.45,98.91924266050837,17.745274424943823,9.234129917499851,0.32665492120669276,0.12458784845165857,0.32925337574864993,0.1256694569588418,0.2432810130953473,0.00013489232894303767,SPLMSF
8.5,98.95269595808625,17.7646411468069,9.241489642966984,0.32756550977969384,0.1250691140875732,0.33008287419298543,0.12611865296907196,0.2457414491752683,0.00012949663578531615,SPLMSF
8.55,98.97967442387487,17.78349262180809,9.24900584353569,0.3284497307657027,0.12554415239925376,0.33090047670653394,0.12656713643586928,0.24820728094834704,0.00012949663578531615,SPLMSF
8.6,99.01474642940006,17.802775530529804,9.25630082068493,0.3293492979663632,0.12601713913904208,0.3317174305503332,0.12700648567224251,0.25068929980089893,0.00012949663578531615,SPLMSF
8.65,99.04766015766215,17.821780337841513,9.263660546152062,0.3301962695040818,0.12648182896832116,0.33248738708271586,0.12744013510807028,0.2529231167681956,0.00012949663578531615,SPLMSF
8.7,99.08489044045044,17.841200024473533,9.270809839586043,0.33105175121537983,0.12694444834509483,0.3332627299291536,0.12786954705206818,0.25508678972444193,0.00012949663578531615,SPLMSF
8.75,99.12104158460716,17.859660731574785,9.27829906168896,0.33195438765897056,0.12740882169044485,0.334096300309193,0.12830368659485553,0.2573206066917387,0.00012410094262759467,SPLMSF
8.8,99.15125746629042,17.877707018405474,9.285906989041347,0.33286302307737964,0.12787036700057183,0.33493116099259906,0.12873684927255483,0.259716294453767,0.00010791386315443013,SPLMSF
8.85,99.18093377865787,17.895436651780393,9.2935958517911,0.33375603325905256,0.12832716670352431,0.33575271067105505,0.1291653295938822,0.26195550711422144,0.00010251816999670863,SPLMSF
8.9,99.20899138307803,17.913252399312984,9.301203779143489,0.33463244162669353,0.12877895492174332,0.3365754636122849,0.12959401092639614,0.2643350077967766,9.712247683898712e-05,SPLMSF
8.95,99.23381157160355,17.932066101929856,9.308369259656942,0.3354601606405766,0.12922312708228095,0.33734774333516393,0.13001515836566657,0.2664986807530229,9.172678368126562e-05,SPLMSF
9.0,99.25863176012906,17.949261947005077,9.31613905780406,0.336314805285621,0.12966705543946422,0.33814367140504137,0.13043534736141693,0.2685922096982189,8.63310905235441e-05,SPLMSF
9.05,99.28021453275994,17.9676296564588,9.323396265101197,0.3371461515866036,0.13010568033087336,0.3389319860216632,0.1308549351996473,0.27082063097235787,8.63310905235441e-05,SPLMSF
9.1,99.30233687470661,17.984085605675237,9.331376495281466,0.3380277218628091,0.13054648983700542,0.33977683738317754,0.1312799355604555,0.27285480729281886,8.63310905235441e-05,SPLMSF
9.15,99.33201318707407,18.00165882411843,9.338865717384383,0.3388659042048637,0.1309799467303093,0.34054470676552867,0.13168422209789407,0.27513178980537734,8.63310905235441e-05,SPLMSF
9.2,99.35791251423115,18.017847926971548,9.346867530337285,0.339773702557019,0.13141747906932483,0.3413971237570801,0.13209783275290346,0.27702028241057985,8.09353973658226e-05,SPLMSF
9.25,99.37140174712545,18.034582925551174,9.354610350018616,0.3406876393950348,0.1318530174058465,0.34228552087224706,0.13252325102414778,0.27922712091208796,7.553970420810109e-05,SPLMSF
9.3,99.39082624249325,18.051434712530742,9.362261442916264,0.3415078248126345,0.1322760515577766,0.34306727966819395,0.13293025975121617,0.2814069809478075,7.014401105037959e-05,SPLMSF
9.35,99.41834427759763,18.06772066965117,9.370095989381277,0.34232801023023424,0.132695986215215,0.34382074060405415,0.13332163828263438,0.2835706539040538,7.014401105037959e-05,SPLMSF
9.4,99.43938748091273,18.084577900669156,9.377660751188401,0.34314401031656533,0.13311266860237728,0.34459032841004045,0.1337190964457559,0.28548612497504494,7.014401105037959e-05,SPLMSF
9.45,99.45503499107012,18.101297671319546,9.385241700075,0.3439368515698769,0.1335246539126184,0.34534367917188846,0.13411470997643926,0.2874879271365596,7.014401105037959e-05,SPLMSF
9.5,99.4690637932802,18.11779968904084,9.392871210200019,0.34475466529975773,0.13393662055131395,0.34612009733711596,0.1345104738428125,0.28943577236649703,7.014401105037959e-05,SPLMSF
9.55,99.48740915001646,18.133611981489384,9.400738130823976,0.34557889653758367,0.13434674869767393,0.34689218333577393,0.13489953610529717,0.2912487252674915,6.474831789265808e-05,SPLMSF
9.6,99.50575450675271,18.15078688611329,9.4080223165869,0.3463596003302164,0.13475031464457146,0.34762458732112544,0.13528370225928382,0.293234340349533,6.474831789265808e-05,SPLMSF
9.65,99.52302072485742,18.166745968292727,9.415754344881915,0.34720643235689275,0.13515777143905625,0.3484311491198109,0.13567393526382845,0.29510125018210465,6.474831789265808e-05,SPLMSF
9.7,99.53866823501481,18.181403473450764,9.423966589867968,0.348093304052705,0.13556626357424978,0.34927716874640874,0.13606499420856352,0.29731348437677046,6.474831789265808e-05,SPLMSF
9.75,99.55701359175106,18.19687703124632,9.431811927719295,0.34890232858692194,0.13596431431096392,0.35004238779049596,0.13644403022751184,0.2990455018803991,6.474831789265808e-05,SPLMSF
9.8,99.57859636438195,18.212010229973803,9.439759783740618,0.34972628080266327,0.13636204312984793,0.3508120313841085,0.13681949862012263,0.3007613323045545,5.935262473493657e-05,SPLMSF
9.85,99.5931647359078,18.22773386339929,9.447437855104056,0.3504970793112937,0.1367528411150126,0.3515370435856733,0.13719285536703524,0.30239622733134414,5.935262473493657e-05,SPLMSF
9.9,99.6088122460652,18.2434363652981,9.455088948001706,0.3513490732465346,0.1371493991812302,0.3523520069336107,0.1375736379088205,0.3042469500844426,5.935262473493657e-05,SPLMSF
9.95,99.61960363238063,18.258456496326616,9.462977451398293,0.3521854419450394,0.13754230235445844,0.3531612428884026,0.13795467310871704,0.30596278050859804,5.935262473493657e-05,SPLMSF
10.0,99.63255329595917,18.272813296833196,9.471097969600665,0.3530121843816266,0.13793249237733202,0.35395003340337494,0.13832994570169957,0.3075383229106527,5.3956931577215064e-05,SPLMSF
10.05,99.64604252885347,18.287413599060017,9.47908899116725,0.3537988871490777,0.1383171892807366,0.35470127636901183,0.13870002032503054,0.3092595490279659,5.3956931577215064e-05,SPLMSF
10.1,99.65845262311623,18.302132715888334,9.48699907733647,0.3546518576616145,0.13870646545052445,0.35552769940443957,0.139077415512808,0.31086206989580917,5.3956931577215064e-05,SPLMSF
10.15,99.66600659353703,18.31625860643422,9.495114199845684,0.35549855017724846,0.1390934913512897,0.35635252249423427,0.13945576157842268,0.31249696492259876,5.3956931577215064e-05,SPLMSF
10.2,99.6784166877998,18.33034444776601,9.503213135275423,0.3563336632763728,0.13947773980591127,0.3571602395188835,0.13982840610499275,0.31407250732465347,5.3956931577215064e-05,SPLMSF
10.25,99.68866850479947,18.34451258787875,9.51124732238727,0.3571641725111016,0.13985992587621018,0.35796598913161143,0.14019966472073803,0.3156480497267081,5.3956931577215064e-05,SPLMSF
10.3,99.69622247522028,18.358331136694826,9.519389423362272,0.3579677561146692,0.1402378428387455,0.35875175511176055,0.1405695978138659,0.31730452752612864,5.3956931577215064e-05,SPLMSF
10.35,99.70485558427264,18.37209845413281,9.527520732950958,0.358788918109565,0.14061587986912522,0.3595556186291169,0.14093977248694017,0.31874517759924026,5.3956931577215064e-05,SPLMSF
10.4,99.7151074012723,18.385993334505084,9.535571107142278,0.3596456554202434,0.14099603865169524,0.3603834337815534,0.14130782475891132,0.320223597524456,5.3956931577215064e-05,SPLMSF
10.45,99.72104266374579,18.399653365477477,9.543686229651492,0.36048913918190495,0.14137369078147188,0.36121006596831434,0.14167833515012468,0.32187467963071875,5.3956931577215064e-05,SPLMSF
10.5,99.72805706485084,18.4136610672105,9.551628689979658,0.36131699770683035,0.1417478249414862,0.3620174340606722,0.1420436807806673,0.3233315167833036,5.3956931577215064e-05,SPLMSF
10.55,99.73561103527165,18.42661798647952,9.559965035908338,0.3621833612794268,0.14212490844584624,0.3628652494928128,0.1424124613592658,0.3246264831411567,5.3956931577215064e-05,SPLMSF
10.6,99.74478371363978,18.438816058542912,9.568576562188062,0.3630703724862814,0.1425028883412295,0.3637271749864762,0.1427795948791252,0.32616965138426507,5.3956931577215064e-05,SPLMSF
10.65,99.75287725337635,18.451915855063632,9.576799598560429,0.3639254356644527,0.14287675027202415,0.36456085895875595,0.14314430099243908,0.32741605650369876,5.3956931577215064e-05,SPLMSF
10.7,99.76151036242871,18.464357794088468,9.585260045431736,0.36476696627152205,0.1432486294088517,0.3653790063118269,0.1435060014588554,0.3287541884068137,5.3956931577215064e-05,SPLMSF
10.75,99.7696039021653,18.476764274660034,9.593709700916728,0.3656068227460841,0.14361977086772915,0.3661988526927196,0.14386918196694345,0.32994663659467016,5.3956931577215064e-05,SPLMSF
10.8,99.77877658053342,18.489225910728507,9.6021107951633,0.3664674663659467,0.14399210843914848,0.3670347307798381,0.14423085540050773,0.3313495168156777,5.3956931577215064e-05,SPLMSF
10.85,99.78471184300692,18.502053781630888,9.610339227228826,0.3673053696859166,0.1443614469301292,0.3678558261001223,0.14459310162941375,0.33260671332142683,5.3956931577215064e-05,SPLMSF
10.9,99.79334495205927,18.514631072815504,9.618643198998559,0.36818080147626164,0.14473388826812925,0.3687163459962151,0.14495942312143895,0.3337937658161256,5.3956931577215064e-05,SPLMSF
10.95,99.80197806111161,18.526891069457427,9.627049688938289,0.3690361436765173,0.14510389941782115,0.3695468024177415,0.14531868418861513,0.3350779407876633,5.3956931577215064e-05,SPLMSF
11.0,99.80575504632203,18.53825314252904,9.635790711853799,0.36997616907944075,0.14548158776400022,0.3704770487368426,0.14569234655269064,0.33622182773710024,4.316554526177205e-05,SPLMSF
11.05,99.80953203153243,18.549060436732557,9.644731375416143,0.3708948492928944,0.14585710448917158,0.3713865376148772,0.14606406632847893,0.3373279448344332,4.316554526177205e-05,SPLMSF
11.1,99.81708600195324,18.560459259397042,9.653413045706916,0.3718086466198679,0.14623202364735988,0.37227921476372194,0.14643060227321023,0.33847722747702785,4.316554526177205e-05,SPLMSF
11.15,99.82194212579519,18.5718181633126,9.662089320304533,0.37271058550824726,0.1466058704338487,0.3731678663805452,0.14679938670565537,0.33950780487015264,4.316554526177205e-05,SPLMSF
11.2,99.82733781895291,18.583499239060647,9.670614515493734,0.3735921557844528,0.14697763664582783,0.37403610219822386,0.14716491342557741,0.34058694350169694,4.316554526177205e-05,SPLMSF
11.25,99.83435222005795,18.59454800011686,9.679371725488714,0.37451334719666757,0.14735336564983773,0.37493855107930774,0.14753208644682472,0.3417308304511339,4.316554526177205e-05,SPLMSF
11.3,99.8370500666368,18.605107341475545,9.688301597664744,0.3754738807228069,0.1477326797100205,0.3758905205722284,0.14790776068274092,0.34284234324162455,3.7769852104050545e-05,SPLMSF
11.35,99.84244575979453,18.615449482328813,9.697296218158666,0.3764330191385236,0.14811177536883538,0.37683742599748166,0.14828134552117836,0.3439160861800111,3.237415894632904e-05,SPLMSF
11.4,99.84784145295225,18.62621049263875,9.706101989392067,0.3773648133899521,0.1484883105522968,0.37775265153930526,0.1486510948964429,0.34497903773208227,3.237415894632904e-05,SPLMSF
11.45,99.84999973021534,18.63804084024853,9.714459918093377,0.3782639620574856,0.14886195759367354,0.37864554464348427,0.14902190371030685,0.34596105388678755,3.237415894632904e-05,SPLMSF
11.5,99.85215800747844,18.64754447771608,9.723729718938344,0.379255188012928,0.14924505496871193,0.3796350837300536,0.1494039227014322,0.3469053001893888,3.237415894632904e-05,SPLMSF
11.55,99.85593499268883,18.65832094418526,9.732470741853852,0.38018209937787656,0.1496223074812931,0.3805499509148088,0.14977596758625286,0.347871129264621,3.237415894632904e-05,SPLMSF
11.6,99.86348896310965,18.66714588881748,9.7419725575046,0.3812190849551887,0.15001061689565026,0.38157395738059197,0.1501582999458286,0.3488261669535377,3.237415894632904e-05,SPLMSF
11.65,99.86564724037274,18.67717873778702,9.75097257369168,0.3821992895382905,0.15039402457942577,0.38254751356141004,0.15053881149793305,0.34974343479035036,3.237415894632904e-05,SPLMSF
11.7,99.86996379489891,18.686273978854032,9.760328705627169,0.3832238586328393,0.15078228125126686,0.38356219065113567,0.1509225229640934,0.35077401218347515,3.237415894632904e-05,SPLMSF
11.75,99.872122072162,18.695924031307932,9.76944203137056,0.38425679838992516,0.15117158871697922,0.38458830375588876,0.1513092328233862,0.35180998526975765,3.237415894632904e-05,SPLMSF
11.8,99.87535948805663,18.705001685956823,9.778765789147103,0.385291691301603,0.1515617394016736,0.3856170505775194,0.15169682981043062,0.35261933924341593,3.237415894632904e-05,SPLMSF
11.85,99.87643862668818,18.71413417104447,9.78805177707154,0.386325189102858,0.1519528839311832,0.38664793983922546,0.1520866675863335,0.35342329752391644,3.237415894632904e-05,SPLMSF
11.9,99.87859690395126,18.72335991919961,9.797283808064403,0.3873515718409566,0.15234433083736657,0.3876698690062017,0.15247625417112576,0.35423265149757466,3.237415894632904e-05,SPLMSF
11.95,99.88129475053013,18.732453334842692,9.806553608909368,0.38838409306491556,0.15273765035944856,0.38869510165142385,0.15286677786490183,0.3549772571533402,3.237415894632904e-05,SPLMSF
12.0,99.88345302779321,18.741871799155653,9.815677726039075,0.3894009890521386,0.1531306495228043,0.3897068803837573,0.1532583530371345,0.3557974025133139,3.237415894632904e-05,SPLMSF
12.05,99.88507173574052,18.7508602428308,9.824958318270356,0.39047187581272624,0.1535301310175559,0.39077310285220396,0.15365571304049777,0.3565635909417103,3.237415894632904e-05,SPLMSF
12.1,99.8877695823194,18.760780399010596,9.833850420594281,0.391486679134315,0.15392537963843525,0.3917817044267387,0.15404819117555435,0.35729740521116043,3.237415894632904e-05,SPLMSF
12.15,99.89262570616134,18.769853671947423,9.84306626450767,0.3925440333238009,0.15432610842437863,0.39282799269718155,0.15444434939332752,0.358139133343765,3.237415894632904e-05,SPLMSF
12.2,99.8953235527402,18.777683657871084,9.852762325112096,0.39365984264000475,0.1547335364982642,0.39393897091374586,0.15484978628294724,0.3590078399421582,3.237415894632904e-05,SPLMSF
12.25,99.89748183000329,18.786176282782947,9.86217780967232,0.3947605847636416,0.1551408476689081,0.3950349850655979,0.15525485280200393,0.35970388435950423,3.237415894632904e-05,SPLMSF
12.3,99.89964010726638,18.794161565947636,9.871782143493064,0.39587611505776077,0.15555116894343432,0.3961474307010105,0.15566397232772652,0.3604215115494812,2.1582772630886026e-05,SPLMSF
12.35,99.9012588152137,18.803177202937157,9.880960217554348,0.39694183990978404,0.15595823809902834,0.3972062539562516,0.15606863634949297,0.36106359903525004,2.1582772630886026e-05,SPLMSF
12.4,99.90233795384525,18.81238736366181,9.890046564831952,0.39806448526705984,0.15637249322618302,0.3983257061873487,0.15648170837449946,0.36183518315680424,2.1582772630886026e-05,SPLMSF
12.45,99.9050358004241,18.82092674436683,9.899386509687966,0.3991735980532339,0.1567869915675332,0.39943140076799677,0.15689470148694548,0.3625851845057275,2.1582772630886026e-05,SPLMSF
12.5,99.90611493905564,18.82867373851778,9.909028613360816,0.40031717006685263,0.15720638788682456,0.40057061582747805,0.15731255705408773,0.36327043753675814,2.1582772630886026e-05,SPLMSF
12.55,99.90827321631873,18.83655017073398,9.918605968715772,0.4014428846670588,0.1576259513751872,0.4016933186867787,0.15773087666580451,0.36388015086358066,2.1582772630886026e-05,SPLMSF
12.6,99.90881278563451,18.845135138790706,9.927886560947051,0.4025917581002843,0.15804962239772952,0.40284121094813247,0.1581539607417979,0.3646193608261885,2.1582772630886026e-05,SPLMSF
12.65,99.91097106289759,18.85283319953184,9.93750708184727,0.40374021300038304,0.1584748793567915,0.4039864553702583,0.15857796105057925,0.3653477794024809,2.1582772630886026e-05,SPLMSF
12.7,99.91474804810801,18.86053746731156,9.947111415668013,0.4049520059136797,0.15890812146511568,0.40518596553530434,0.15900588107084135,0.36596828411561894,1.618707947316452e-05,SPLMSF
12.75,99.91690632537109,18.86845215848659,9.956618627011919,0.4060975310818903,0.15933695338237622,0.4063243891801986,0.1594316508848668,0.36665893283980727,1.618707947316452e-05,SPLMSF
12.8,99.91960417194996,18.875607460642275,9.96641720578634,0.40730639426329895,0.1597740543698094,0.4075243711767755,0.1598650052110331,0.36720929354189485,1.618707947316452e-05,SPLMSF
12.85,99.9206833105815,18.88303283895185,9.976097079311293,0.40850437558340924,0.1602125689881215,0.40871904182821595,0.16030200525009766,0.36781361117555966,1.618707947316452e-05,SPLMSF
12.9,99.92176244921303,18.89095060541524,9.985566520803095,0.4097269108469619,0.16065547589297807,0.40993881832516144,0.16074360231972007,0.3684718857408017,1.618707947316452e-05,SPLMSF
12.95,99.92176244921303,18.89881015841489,9.995046753681212,0.41092154390205743,0.16109789189908355,0.41113382828260997,0.16118614680439758,0.36913016030604373,1.618707947316452e-05,SPLMSF
13.0,99.92553943442344,18.90650181728459,10.004580943490906,0.41212538468594356,0.16154330705226527,0.4123279126110317,0.16162706526118228,0.369745269326024,1.618707947316452e-05,SPLMSF
13.05,99.926618573055,18.913609854862372,10.014336356720065,0.41335419794639916,0.1619934513530059,0.4135533150105022,0.1620759679029554,0.37041973097073916,1.618707947316452e-05,SPLMSF
13.1,99.92769771168653,18.920212258903433,10.024280619209748,0.4146263991410056,0.16244994787618905,0.41482113298667905,0.16253082425136167,0.3710887969222966,1.618707947316452e-05,SPLMSF
13.15,99.92931641963385,18.927427161104422,10.033965888427858,0.41585102707019245,0.1629038883933465,0.41604046608567935,0.1629825755784041,0.37174167579438094,1.618707947316452e-05,SPLMSF
13.2,99.9320142662127,18.93402965857404,10.04388317245175,0.41710034845386407,0.1633625051270404,0.41728122051542327,0.16343751365782141,0.37232980634857255,1.618707947316452e-05,SPLMSF
13.25,99.93255383552848,18.94025584287211,10.053940744497742,0.418406450831746,0.16382939862252285,0.4185860909679926,0.16390371273860915,0.3728477928917138,1.0791386315443013e-05,SPLMSF
13.3,99.93363297416002,18.946495326315524,10.06398212946426,0.4197419900395504,0.16430189052547756,0.41991715937584373,0.16437451411775142,0.37338196651432826,1.0791386315443013e-05,SPLMSF
13.35,99.9341725434758,18.95448933884072,10.073311282933963,0.42100079817409736,0.16476976938791843,0.421174110652175,0.16484164823113584,0.37393772290957356,1.0791386315443013e-05,SPLMSF
13.4,99.9341725434758,18.961590189918056,10.082985760765757,0.4222767661668456,0.16524189234982836,0.4224489646943215,0.16531373739014024,0.3745744147021847,1.0791386315443013e-05,SPLMSF
13.45,99.93471211279157,18.968498912369153,10.092724986915444,0.4235505019829172,0.16571638760767368,0.4237223685722307,0.16578781011099333,0.3751625452563764,1.0791386315443013e-05,SPLMSF
13.5,99.93579125142311,18.975038786833547,10.102599105394074,0.42494086903033984,0.1662047436021909,0.42510821583681574,0.1662744745177037,0.3758100284353029,1.0791386315443013e-05,SPLMSF
13.55,99.93740995937043,18.980088983968972,10.113055958733739,0.42630277582513626,0.16669286071479134,0.42646464840700365,0.16676027098734028,0.3764521159210718,1.0791386315443013e-05,SPLMSF
13.6,99.93956823663352,18.985930052196114,10.123183674790782,0.4276141796226251,0.1671786693893895,0.4277722419812007,0.1672440735711039,0.37714276464526014,1.0791386315443013e-05,SPLMSF
13.65,99.94172651389661,18.991643108680215,10.133349160699929,0.42900677884672445,0.16767485941682939,0.4291599051100014,0.16773798646959603,0.3777039167336632,5.395693157721506e-06,SPLMSF
13.7,99.94280565252815,18.997504553050096,10.143444502598026,0.43034343414286713,0.16816863988201478,0.4304928310451498,0.168230151579347,0.3782866515946971,5.395693157721506e-06,SPLMSF
13.75,99.94496392979124,19.003391716531645,10.153518261723493,0.43173980016510805,0.16867116067554028,0.4318855552256371,0.16873113699536904,0.3788855735352042,5.395693157721506e-06,SPLMSF
13.8,99.94496392979124,19.00886904509141,10.163743100257374,0.4331623942632989,0.16917897623652756,0.4333089326948512,0.16923911366021901,0.37954924379360394,5.395693157721506e-06,SPLMSF
13.85,99.94550349910702,19.014098129224607,10.17405426988178,0.434621679765611,0.1696931183010761,0.4347668142005701,0.16975252878135427,0.3801643528135842,5.395693157721506e-06,SPLMSF
13.9,99.94550349910702,19.020010974241014,10.184079467768827,0.4360280905828967,0.17020503680404991,0.4361725960093288,0.17026446962644443,0.3807740661404067,5.395693157721506e-06,SPLMSF
13.95,99.94658263773856,19.02669016969811,10.193786319759568,0.4373639088127856,0.17071312402793334,0.4375067917121045,0.17077153179241356,0.3813945708535447,5.395693157721506e-06,SPLMSF
14.0,99.94820134568587,19.03088122422217,10.204475187905015,0.43886407105048747,0.1712399456211572,0.439001064538942,0.17129581660300527,0.38204205403247127,5.395693157721506e-06,SPLMSF
14.05,99.94982005363319,19.03691575344275,10.214414054701537,0.4402428586814004,0.17175796885647743,0.44037524923342686,0.1718118833520716,0.3826733501319247,5.395693157721506e-06,SPLMSF
14.1,99.9514387615805,19.04113529786276,10.22506515299488,0.44178431618761893,0.17229458223635521,0.4419117195899441,0.172346265994952,0.3833747902424285,5.395693157721506e-06,SPLMSF
14.15,99.95251790021204,19.046319545107732,10.23531696999455,0.4432408114690853,0.17282589211692057,0.44337027707090604,0.172878474569905,0.38404385619398596,5.395693157721506e-06,SPLMSF
14.2,99.95305746952783,19.050432412907913,10.245984255367366,0.44481351944877595,0.17337147420736065,0.4449427260183756,0.17342390819413453,0.3846805479865971,5.395693157721506e-06,SPLMSF
14.25,99.95467617747515,19.055292485702573,10.256338590537034,0.44628438436759776,0.17391009588692813,0.4464057961338522,0.17395977361113849,0.3854629234944667,5.395693157721506e-06,SPLMSF
14.3,99.95521574679091,19.06014184394157,10.266682134320385,0.44778370953904595,0.17445421438745853,0.4479024063049932,0.17450300599583568,0.38620752915023226,5.395693157721506e-06,SPLMSF
14.35,99.95521574679091,19.06453621066597,10.277192944591627,0.4493287943323639,0.17500559792683465,0.44944818336302295,0.17505453407194138,0.38689817787442066,5.395693157721506e-06,SPLMSF
14.4,99.95575531610669,19.06923518966301,10.287568862533925,0.45086188117604525,0.17555899803997183,0.45097784778489725,0.17560697251301266,0.3875834309054513,5.395693157721506e-06,SPLMSF
14.45,99.95629488542247,19.074005068540597,10.297901614930963,0.45234460453346126,0.17611041878355435,0.4524621347785719,0.17615933256282487,0.38834422364069,5.395693157721506e-06,SPLMSF
14.5,99.95683445473823,19.07919717860007,10.308050913760637,0.45382969957859626,0.17666502500723555,0.4539444517497692,0.17671303072363073,0.38906185083066697,5.395693157721506e-06,SPLMSF
14.55,99.95683445473823,19.084122019856597,10.318291939373992,0.455399477826399,0.17723074605990924,0.45551490789352933,0.17727888683830284,0.38980645648643253,5.395693157721506e-06,SPLMSF
14.6,99.95845316268554,19.089552283217635,10.328317137261038,0.4568875026034218,0.17779175600251798,0.4569996638597399,0.1778383609482753,0.3905186879832518,5.395693157721506e-06,SPLMSF
14.65,99.95953230131708,19.094133819726945,10.338666076737548,0.45840873100850893,0.17835882687815116,0.4585214593269925,0.17840580289969146,0.39129566779796365,5.395693157721506e-06,SPLMSF
14.7,99.96007187063286,19.098150659892788,10.349225448247209,0.46005286864184997,0.1789407963234134,0.46016363909985475,0.17898696764044253,0.3920564605332024,5.395693157721506e-06,SPLMSF
14.75,99.96007187063286,19.1026124499412,10.359590574803192,0.4615955817474491,0.179515842650905,0.4617069684279846,0.17956214515007707,0.3929089800521224,5.395693157721506e-06,SPLMSF
14.8,99.9611510092644,19.107047025927027,10.369950305666018,0.46315419911186884,0.18009532402563108,0.46326790627277187,0.18014230740695586,0.39377229095735783,5.395693157721506e-06,SPLMSF
14.85,99.96169057858017,19.111900375093715,10.38012658296148,0.4647103052775274,0.1806775451044815,0.4648211312411611,0.18072360332388437,0.3945222923062811,5.395693157721506e-06,SPLMSF
14.9,99.96223014789595,19.117733048191493,10.389892787576956,0.46620335245207273,0.18125624352511582,0.46631335008069597,0.18130176399700926,0.3954827256883556,5.395693157721506e-06,SPLMSF
14.95,99.96223014789595,19.12233425335003,10.400133813190312,0.4677356022295004,0.18184147647111293,0.46784450404020217,0.18188696089135228,0.3963676193662219,5.395693157721506e-06,SPLMSF
15.0,99.96276971721171,19.126715476549013,10.410444982814717,0.46930914727544476,0.18243346398627838,0.46941569116504006,0.18247804496955555,0.3972794915098768,5.395693157721506e-06,SPLMSF
0.0,50.34937113196247,13.190136782645478,7.959413596067619,0.08779290380018669,0.024721965724814936,0.11429879297854555,0.0336318942499559,0.0009334549162858207,0.022672702648745772,SPLMSFT
0.05,50.98660249388938,13.220008245187417,7.9669999406473755,0.08876278456615931,0.02504686909109128,0.11511016227313613,0.033911754823951736,0.0009820161547053141,0.021965866845084253,SPLMSFT
0.1,51.61574031607971,13.250665151963261,7.974284126410299,0.08971383134142327,0.02537298535792682,0.11592048554792445,0.03419154341196898,0.0010089946204939217,0.021350757825104,SPLMSFT
0.15,52.2648422029536,13.280425630563695,7.981940615001106,0.09070603387416167,0.025706148784283265,0.11676334060125537,0.03447463686331457,0.0010737429383865797,0.020536008158288054,SPLMSFT
0.2,52.897217441038556,13.310852974606568,7.9893435060135,0.09170577000318347,0.026043190063377412,0.11763324819454077,0.03476756515497537,0.0010791386315443013,0.019958668990411852,SPLMSFT
0.25,53.519340862123855,13.341077735555357,7.996838123809575,0.09276591441351514,0.02638932851694794,0.1186463227978909,0.03508501221672677,0.0011223041768060734,0.019381329822535653,SPLMSFT
0.3,54.1576513626823,13.371826425298359,8.004133100958814,0.09376634809774838,0.026732860777125448,0.11953750288925198,0.0353897381979992,0.0011654697220678455,0.018852551893078943,SPLMSFT
0.35,54.7700625360837,13.402292947907178,8.011552179050682,0.09483681632520922,0.027086490737296416,0.12052420834031151,0.03571478706982948,0.001203239574171896,0.018199673020994643,SPLMSFT
0.4,55.378157154958906,13.432721784528544,8.018998235608338,0.09589835584596376,0.027442516583382173,0.1215066233801664,0.03604967033843759,0.001267987892064554,0.017568376921541225,SPLMSFT
0.45,55.99866186809689,13.463233420166706,8.026422709393362,0.09698975072976748,0.027804745273250234,0.12254519263084869,0.03638430496797423,0.001300362051010883,0.016980246367349582,SPLMSFT
0.5,56.57654060528886,13.494432818734833,8.03358279421366,0.09800497258448307,0.028163006475374886,0.12341835319250394,0.03670696300719758,0.0013435275962726551,0.016375928733684774,SPLMSFT
0.55,57.1900309173218,13.524136125838993,8.041352592360777,0.0991724009863327,0.028539391812216684,0.12457970744961884,0.03706768665634435,0.0014190673004807564,0.015771611100019962,SPLMSFT
0.6,57.82996012582756,13.554472261895004,8.048879584315799,0.10026853924557418,0.028912250361739694,0.12554193136651182,0.03739581882503711,0.0014838156183734144,0.015226646091090092,SPLMSFT
0.65,58.45693967075481,13.585169530789303,8.056271683941878,0.10137848909800196,0.029289970391613466,0.12653044327118335,0.03773659248756589,0.0015161897773197433,0.01471945093426427,SPLMSFT
0.7,59.05855945784075,13.615671117168027,8.063750114658479,0.10252889715269273,0.02967519621335183,0.1275815427344571,0.03809240573796733,0.00157554240205468,0.014309378254277435,SPLMSFT
0.75,59.64237345750622,13.64512506300056,8.071654805134541,0.10373217989240988,0.030069117215429327,0.1286891367053566,0.0384583197850552,0.001629499333631895,0.013856140029028829,SPLMSFT
0.8,60.23320185827672,13.675030914146076,8.079386833429556,0.10492723148063218,0.03046591402386721,0.12977149376522862,0.0388171254322866,0.0016780605720513886,0.013375923337991615,SPLMSFT
0.85,60.83536121467844,13.705173622769028,8.087032530634048,0.10611419142840188,0.03086561648559026,0.1308534027743286,0.03918784995842791,0.0017320175036286036,0.012976642044320223,SPLMSFT
0.9,61.410542105291555,13.734727232782408,8.094921034030637,0.10736769814334197,0.031275507065994426,0.13204361642680162,0.03957996845077624,0.0017859744352058187,0.012523403819071617,SPLMSFT
0.95,62.02025543211409,13.764380666542953,8.102777163268279,0.10862804089935413,0.031689895261832204,0.13322957238307348,0.03997537298779206,0.0018345356736253122,0.012145705298031112,SPLMSFT
1.0,62.61378167946346,13.795276785767687,8.11014228442857,0.10984862300831479,0.032104210574875086,0.13436256537175553,0.04035517134681736,0.0019262624573065778,0.011751819697517442,SPLMSFT
1.05,63.1921999859712,13.82597265126615,8.117593736679382,0.11108371426567312,0.03252379246216097,0.13544220390040645,0.04072749927824683,0.001991010775199236,0.011379516869634657,SPLMSFT
1.1,63.79435934237292,13.856076358797122,8.125287995122294,0.11234712626461558,0.03294993941398268,0.1365581779552067,0.041114449313800004,0.002098924638353666,0.010953257110174659,SPLMSFT
1.15,64.39705826809042,13.8876387779239,8.132404914397329,0.11355487335768588,0.03337447260327467,0.13760966630637878,0.04149655357276963,0.0021798600357194886,0.01056476720281871,SPLMSFT
1.2,64.99436150065017,13.91708477558649,8.140374353191282,0.11493463756589486,0.03381966964477943,0.13886717194660292,0.04189439948001515,0.0022553997399275896,0.010197860068093648,SPLMSFT
1.25,65.56846325263174,13.94672231755381,8.148273647974188,0.11629235902942273,0.03426681942649176,0.14013496668861092,0.042314950960997466,0.0023147523646625265,0.009825557240210864,SPLMSFT
1.3,66.15119811366567,13.977979727138523,8.155530855271323,0.11757460501907377,0.03471076921543233,0.14127456887438827,0.0427142288899812,0.0024010834551860703,0.009469441491801244,SPLMSFT
1.35,66.75497617801472,14.00859006773319,8.163052451533186,0.11891112080417413,0.03516402725535371,0.1424643258998214,0.043114644674793645,0.0025089973183405005,0.009037786039183524,SPLMSFT
1.4,67.33177577657514,14.038633627938648,8.170806062600832,0.120298139586582,0.035626242270143604,0.14373733884668397,0.04353774788182485,0.0026169111814949306,0.008751814301824284,SPLMSFT
1.45,67.9058775285567,14.06948210074457,8.178241327772172,0.12163451586064003,0.03608773506867265,0.1449246345230906,0.043950594001944024,0.002708637965176196,0.008465842564465044,SPLMSFT
1.5,68.41469139332985,14.099623837328396,8.185962564680871,0.12306296942260687,0.03656236082062418,0.1463044411530423,0.04440367060764545,0.0028273432146460695,0.008190662213421247,SPLMSFT
1.55,69.00120323957417,14.129830906849914,8.19366221881694,0.12446826415155424,0.037039046783484894,0.14757483555152406,0.04483828606689864,0.002908278612011892,0.007823755078696185,SPLMSFT
1.6,69.57530499155574,14.160627751342997,8.201129858147226,0.12585221369103186,0.037517925257348504,0.14880805149442403,0.04526990042268463,0.0030917321793744235,0.007548574727652388,SPLMSFT
1.65,70.10732033690708,14.190729528147758,8.208878073521715,0.12734749304225368,0.03801178213978284,0.15018039269771882,0.0457166282327108,0.0032104374288442965,0.007284185762924034,SPLMSFT
1.7,70.63501912773225,14.221323468805187,8.216432043942525,0.12878975819740682,0.03850484825542439,0.1515476430524788,0.04618499917675765,0.0033615168372604985,0.007025192491353402,SPLMSFT
1.75,71.18591939913561,14.252488242566786,8.223759395250712,0.13019672705886165,0.0389988040739665,0.1528381200476006,0.04663950910580426,0.003501804859361258,0.006782386299255934,SPLMSFT
1.8,71.71253905132923,14.283078082856461,8.231318761364678,0.13167749726168573,0.03950432432985164,0.1541514226940643,0.04709280506921904,0.0036474885746197385,0.006544975800316187,SPLMSFT
1.85,72.27207243178495,14.313768201211296,8.238840357626543,0.13312980721188347,0.04001153064174666,0.15542227223317207,0.04754645231363161,0.0038255464488245483,0.006242816983483783,SPLMSFT
1.9,72.78897983629466,14.343881410665666,8.246593968694189,0.13464308348756027,0.040528890545426785,0.15680540267749923,0.04802138154260567,0.004030582788817965,0.0059784280187554295,SPLMSFT
1.95,73.31991604301447,14.374213421411072,8.25426124867131,0.13617058988955016,0.04105207666356543,0.15813571917636843,0.048482781405882885,0.004235619128811383,0.005778787371919733,SPLMSFT
2.0,73.82063636805101,14.403463842358702,8.26236018410105,0.1377947774438443,0.041588948684807774,0.15959910535471517,0.048968188617082624,0.00447842532090885,0.005562959645610873,SPLMSFT
2.05,74.34401860435,14.43300011422132,8.270345809974478,0.13939427154365383,0.04212803307054426,0.16107118527550365,0.049465282730467866,0.004634900422482774,0.0053147577603556845,SPLMSFT
2.1,74.84419936007079,14.462765251384873,8.278239709064225,0.14098595302509537,0.04267083841821607,0.16252348182912676,0.049971874846286554,0.004904685080368849,0.005136699886150875,SPLMSFT
2.15,75.33143045221304,14.492891297604636,8.285987924438713,0.14260121187268324,0.0432203328450072,0.16408857564427634,0.05049987561338131,0.0052230309766744185,0.004926267852999736,SPLMSFT
2.2,75.82028025230261,14.524614752367093,8.293094052327433,0.14405979981978387,0.043758831839226575,0.16538915889553088,0.050989980903071434,0.00555216825929543,0.004742814285637205,SPLMSFT
2.25,76.28323072523511,14.555660280959861,8.300469964874038,0.1456971014120529,0.044319075059764956,0.16690285934162316,0.05150528526458427,0.005784183065077455,0.0045161951730129015,SPLMSFT
2.3,76.76074956969347,14.5866357130795,8.307872855886432,0.147235908208468,0.044874386921121126,0.1682634683086959,0.05200463605623541,0.006059363416121252,0.004338137298808092,SPLMSFT
2.35,77.23988712209913,14.61672856764346,8.315626466954077,0.1488828360626548,0.04544473473321991,0.1697639094941705,0.052532332951554246,0.006329148074007328,0.004181662197234167,SPLMSFT
2.4,77.70067931776856,14.647290034248407,8.323191228761203,0.15049404909001635,0.046016423406743855,0.17121338486858095,0.053058334924301974,0.006593537038735681,0.004019791402502523,SPLMSFT
2.45,78.15445711233293,14.677372001863363,8.330944839828849,0.15215729973615064,0.04659776150088611,0.17274873319249406,0.05359948577063399,0.006863321696621756,0.00386871199408632,SPLMSFT
2.5,78.60499749100268,14.708608898166514,8.33823442128493,0.15373363500294066,0.04717548046758483,0.17417360946176924,0.05414201688940562,0.007224833138189097,0.0036906541198815108,SPLMSFT
2.55,79.0539191617251,14.738136102547976,8.346203860078885,0.1554454354917905,0.04777082462503389,0.17575049203824922,0.05469569603061086,0.00752159626186378,0.003512596245676701,SPLMSFT
2.6,79.48125805981665,14.768707321405959,8.353752434806538,0.15709487454473836,0.04836495249711895,0.1772404621160178,0.05523994133456779,0.00784533785132707,0.003404682382522271,SPLMSFT
2.65,79.9415106861703,14.798000809595178,8.361808204691016,0.15883876257331397,0.04897305446211781,0.17877599082061044,0.055783973407835065,0.008158288054474917,0.0033075599056832834,SPLMSFT
2.7,80.41039642157631,14.828215018737213,8.36949167174761,0.16056004981303926,0.04958374443468954,0.1802541097653445,0.05631783238442757,0.008514403802884537,0.0031133149520053095,SPLMSFT
2.75,80.82586479472086,14.858069052854392,8.377315426826307,0.1623385365801018,0.050204744196805165,0.18188886559810943,0.05689272391434086,0.00895145494865998,0.0029838183162199934,SPLMSFT
2.8,81.27316775749597,14.88840437763258,8.384939541258168,0.16400625157958917,0.05081949037054333,0.18336103758979191,0.057450606035919664,0.009377714708119978,0.0028705087599078414,SPLMSFT
2.85,81.67244905116736,14.9181173822386,8.392806461882126,0.16580413038152947,0.05145150066736904,0.18499921366753436,0.05802726166546521,0.009820161547053141,0.0027248250446493608,SPLMSFT
2.9,82.09385268678541,14.948014720380538,8.400592447108718,0.16755541249534622,0.052083585985322096,0.186560113995018,0.05860291469644801,0.010294982544932635,0.002638493954125817,SPLMSFT
2.95,82.52928512461354,14.978055047538687,8.408313684017417,0.16934798987767968,0.05272432098605682,0.18812904983197565,0.05917082100796402,0.010791386315443014,0.0025413714772868296,SPLMSFT
3.0,82.91669589333793,15.008239959351403,8.415970172608224,0.17106690542968606,0.05336266990475572,0.1896508794835754,0.0597522052805506,0.011196063302272127,0.0024226662278169567,SPLMSFT
3.05,83.32946641990362,15.037449228536945,8.424009755413229,0.17291570576206072,0.05401829184818777,0.19126629312923715,0.06033047742204757,0.011811172322252378,0.0023093566715048047,SPLMSFT
3.1,83.7077045102599,15.066823909183144,8.431973798514026,0.1747430213939234,0.05467638764904811,0.19291984622723,0.06093523823511396,0.012280597626974149,0.0022338169672967037,SPLMSFT
3.15,84.07461164498497,15.09658139607534,8.439775970820092,0.1765237403376625,0.05533467171731225,0.19451073637192115,0.06153525942165909,0.012841749715377186,0.0021366944904577167,SPLMSFT
3.2,84.44745404218354,15.126624142858116,8.447454042183528,0.17831073727830443,0.05599795241766814,0.19609681784434124,0.06214003909542928,0.013489232894303767,0.0020071978546724006,SPLMSFT
3.25,84.80141151333007,15.155238469683871,8.45569326563537,0.18025886947278683,0.05668134086053649,0.1978468907962969,0.06276449519838267,0.01407196775533769,0.0019046796846756918,SPLMSFT
3.3,85.159145969687,15.184299185335497,8.46374363982669,0.18212957303880045,0.05736182816950314,0.19952326917910634,0.06338531569684733,0.014730242320579713,0.0018291399804675908,SPLMSFT
3.35,85.50878688630735,15.213356376458961,8.471783222631695,0.18399469616312258,0.05804620783480033,0.2012185329261213,0.06401863214668836,0.015377725499506294,0.0017859744352058187,SPLMSFT
3.4,85.84817598592804,15.241657660293386,8.480114172867218,0.1859855187365445,0.05874747960434108,0.2030194496464599,0.06465924183980078,0.01603600006474832,0.001715830424155439,SPLMSFT
3.45,86.19889604117994,15.270333019142083,8.488283252308008,0.18791314280781082,0.05944715230751313,0.20473329625989797,0.06529049079858588,0.016786001413671606,0.0016456864131050596,SPLMSFT
3.5,86.55177437369491,15.299969071022574,8.496053050455126,0.1897506427457603,0.06014222297407058,0.20634412642682148,0.0659116925061035,0.01755218984206806,0.001597125174685566,SPLMSFT
3.55,86.89817787442064,15.329570544306847,8.503822848602246,0.1916192536461397,0.06084465830970339,0.2079249386591825,0.06652518198958852,0.018312982577306795,0.0015377725499506295,SPLMSFT
3.6,87.20357410714767,15.358027946560684,8.512035093588297,0.19354534309594085,0.061556830309757456,0.2096798620937154,0.06718635366008936,0.01907917100570325,0.0014676285389002498,SPLMSFT
3.65,87.53756751361064,15.388204312472196,8.519545898463846,0.19533959461078168,0.06226067690016516,0.2111942546906975,0.0678045813279193,0.019866942206730586,0.0014298586867961993,SPLMSFT
3.7,87.86886307349474,15.416704358406738,8.527709582211479,0.19728675022796804,0.06298321236955653,0.21287942602394844,0.06844638207824058,0.020886728213539953,0.0013866931415344272,SPLMSFT
3.75,88.1699427516956,15.445307893502456,8.535813913334376,0.1992506471702287,0.0637113029346168,0.21465331322823852,0.06911581033832062,0.021830974516141216,0.0013327362099572122,SPLMSFT
3.8,88.49098649458003,15.474742081095508,8.543567524402022,0.20104085286484327,0.06442639486491138,0.21621463763467744,0.06975605747765513,0.02281299067084653,0.001300362051010883,SPLMSFT
3.85,88.83469214872689,15.503565902198435,8.551547754582293,0.20298186999616902,0.06516009473562498,0.2178883109815355,0.07039798860115168,0.02374104989397463,0.001235613733118225,SPLMSFT
3.9,89.11580776224419,15.531949481689296,8.559684459864137,0.20488786985588103,0.06589413873042489,0.21959917646417737,0.07107178205566084,0.024836375604992095,0.001203239574171896,SPLMSFT
3.95,89.40285863823496,15.561035094974955,8.567519006329148,0.20672760197050713,0.06662528670372969,0.22119423888758125,0.07172662776761991,0.02588853577074779,0.0011762611083832885,SPLMSFT
4.0,89.70609659369892,15.589688418206967,8.575504632202575,0.20863123014250023,0.06736608712575892,0.22283578089080028,0.07238617522008789,0.027086379651761965,0.001138491256279238,SPLMSFT
4.05,89.99746402421587,15.617692674079732,8.583727668574943,0.21059903339394495,0.06811650810098573,0.22454717956773293,0.07305412417754494,0.028154726896990823,0.0010899300178597443,SPLMSFT
4.1,90.24998246399724,15.646834039303762,8.591475883949432,0.2124746198464386,0.06886183727075658,0.2262030160406067,0.07373113702742118,0.029277031073796894,0.0010467644725979722,SPLMSFT
4.15,90.52624195367258,15.675442373898978,8.59941294858444,0.21440615022688891,0.06961571849875792,0.22792424234838318,0.07441452663949645,0.030604371590596386,0.0010035989273362003,SPLMSFT
4.2,90.8143719682949,15.704351213510853,8.60720432950419,0.21626750655306937,0.07036578364151677,0.22951480298736257,0.07507702853348387,0.03188854656213411,0.0009874118478630357,SPLMSFT
4.25,91.06796954670781,15.733860342679684,8.614731321459212,0.2180745930838005,0.07111381966540647,0.23108259032225575,0.07574930719873053,0.033151138761040935,0.0009550376889167067,SPLMSFT
4.3,91.3258836796469,15.762724944694753,8.622490328220016,0.21996440966260733,0.07187287966657972,0.23273134435798815,0.07643248419661369,0.034494666357313596,0.0009280592231280992,SPLMSFT
4.35,91.57408556490209,15.79132161368587,8.630330270378185,0.22177442592522653,0.0726271537828654,0.23428933049723952,0.07711018023680064,0.03587056811253258,0.0008848936778663271,SPLMSFT
4.4,91.82390615810459,15.819592789889105,8.63827273070635,0.22366842783530194,0.07339227945219844,0.23595172509108003,0.07779859956131863,0.03728963541301333,0.0008687065983931626,SPLMSFT
4.45,92.05430225593932,15.848063879851363,8.646107277171362,0.22558168226921274,0.07416203506041297,0.23763901982919808,0.07849288152851343,0.03871949409980953,0.0008255410531313905,SPLMSFT
4.5,92.2733673981428,15.875518745067106,8.654319522157413,0.22757013315491575,0.07494167699882213,0.23946551038809913,0.07921662504847428,0.04029503650186421,0.00078777120102734,SPLMSFT
4.55,92.51077789708255,15.903057398923192,8.662467018825573,0.22953640178489532,0.07572141548483277,0.24120172091476963,0.07991741039348157,0.04183820474497256,0.000755397042081011,SPLMSFT
4.6,92.73092217791759,15.930510298731042,8.67061991118689,0.23148523153458914,0.07650217946349633,0.2429146985529003,0.08061882141189491,0.043386768681238634,0.0007284185762924034,SPLMSFT
4.65,92.94674990422645,15.95824320133078,8.67862711983295,0.23335579558956043,0.07727724931601652,0.2445744858325448,0.08132154883155876,0.045091807719078635,0.0007176271899769604,SPLMSFT
4.7,93.15394452148296,15.987312861748869,8.686067780697448,0.23505336595209705,0.07803774563100141,0.24603928310695358,0.08201131883157096,0.04662418457587154,0.0006906487241883528,SPLMSFT
4.75,93.35196646037133,16.01617528521214,8.693557002800365,0.23679125500585432,0.07880386919221527,0.24755836256444644,0.08270556097466625,0.04854505134002039,0.0006690659515574669,SPLMSFT
4.8,93.54836969131239,16.044479967449952,8.701235074163803,0.23858285581089175,0.07957698118034981,0.24911290217792545,0.08339970316549045,0.05015836359417913,0.0006474831789265808,SPLMSFT
4.85,93.73452110525379,16.072631992546256,8.70894012399303,0.24042663374574413,0.08035704279380379,0.2507432636008312,0.0841119059116144,0.05196592080201583,0.0006366917926111377,SPLMSFT
4.9,93.93308261345794,16.100653978217874,8.716661360901728,0.24219130891962035,0.08113102260195096,0.2522582228630183,0.08480422138215216,0.0537896650893257,0.0006205047131379733,SPLMSFT
4.95,94.09873039339999,16.12835392163921,8.724474324594109,0.24397537612837433,0.08190825203916582,0.253859259524301,0.08552362687388768,0.05571592754663228,0.0005935262473493657,SPLMSFT
5.0,94.2708530051313,16.157417098999325,8.731704553425455,0.24569498923559213,0.08268052965902428,0.25535765341270067,0.08622476556906719,0.0575019019818381,0.0005773391678762012,SPLMSFT
5.05,94.45592528044115,16.184136337366496,8.739835863014141,0.24755285778571542,0.08346771108746719,0.2569905438426121,0.0869349947991928,0.059460538598091,0.0005665477815607582,SPLMSFT
5.1,94.6312853080671,16.2119323532798,8.747497747298107,0.2492847478646544,0.0842438510238099,0.25848835100323286,0.08763463004219334,0.06141917521434391,0.0005503607020875936,SPLMSFT
5.15,94.78722084032525,16.238980419763873,8.755418624853641,0.25110397185606453,0.08502936787159007,0.26012853335762104,0.08836205583840698,0.06349651708006669,0.0005449650089298722,SPLMSFT
5.2,94.95232905095153,16.266585500482382,8.76307511344445,0.2528461857521327,0.08580809227693992,0.2616528229665072,0.08906854361545681,0.06561702449105124,0.0005287779294567077,SPLMSFT
5.25,95.1061063059466,16.294268212215744,8.770656062331048,0.2545415239379927,0.08658240309297253,0.2631490465043713,0.08977402667241927,0.06793177685571376,0.0005071951568258216,SPLMSFT
5.3,95.25071088257353,16.321316165542665,8.778447443250798,0.2562551380703922,0.08735879620436399,0.26467720230441105,0.09048586076173884,0.06996055748301705,0.0005017994636681002,SPLMSFT
5.35,95.40502770688435,16.349194599371064,8.785861125649507,0.25791029707607377,0.08812950959973456,0.26612434632416565,0.09118519540889057,0.07236703663136085,0.0004910080773526571,SPLMSFT
5.4,95.54801357556399,16.37616267672836,8.79359315394452,0.25959503242272014,0.08890296833970344,0.26760599351712755,0.09189289157571813,0.07463322775760388,0.0004802166910372141,SPLMSFT
5.45,95.70610738508523,16.40314063554145,8.801276621001117,0.2612416812548224,0.08967282146245945,0.26903548824806195,0.09258573802985168,0.07705049829226311,0.0004640296115640496,SPLMSFT
5.5,95.8404601447125,16.43027040906622,8.808852174194557,0.26290855918805606,0.09044428637693601,0.27052566373913434,0.09329917001527852,0.07925733679377121,0.00044244683893316354,SPLMSFT
5.55,95.97265462707666,16.456675380709243,8.816670533580096,0.2645937130678293,0.09121714973663748,0.2720417695270115,0.0940116550881368,0.08176093841895399,0.00043705114577544205,SPLMSFT
5.6,96.11402178780897,16.483458498620944,8.824289252318799,0.26621971426567315,0.09198372108443079,0.2734820201312518,0.09471420488146959,0.08428072712360994,0.00042086406630227754,SPLMSFT
5.65,96.22301478959494,16.510559619864598,8.831729913183297,0.26778237745031913,0.09274312433083017,0.2748909217699472,0.09542253613205627,0.08676274597616183,0.000415468373144556,SPLMSFT
5.7,96.34172003906481,16.53733695055833,8.83925150944516,0.26939317194455387,0.09350652333189312,0.27634104114744634,0.09613069267907927,0.08920699497660967,0.0004100726799868345,SPLMSFT
5.75,96.45395045674543,16.563484623902067,8.84697274635386,0.271061724010295,0.09427427077242785,0.27783241883856097,0.09683834650321207,0.09196958987336308,0.000404676986829113,SPLMSFT
5.8,96.56402259716295,16.589388244105564,8.854737148807821,0.2727241375901755,0.09503979480831248,0.2793274398010785,0.09754649612663804,0.09455412689591168,0.000404676986829113,SPLMSFT
5.85,96.67841129210663,16.615312534430178,8.862442198637048,0.27433088626418395,0.09579883877537777,0.2807450445537095,0.09823923788044273,0.0971926208500375,0.0003992812936713915,SPLMSFT
5.9,96.7933395563661,16.640732352572797,8.870292932181533,0.27593442618421976,0.09655556441584258,0.28218929090807726,0.09893708660497837,0.10014406500731117,0.00039388560051367,SPLMSFT
5.95,96.90341169678362,16.666305521973253,8.878024960476548,0.2775597298268522,0.09731217747630999,0.2836545470338652,0.09963735774770666,0.1029120555972223,0.00039388560051367,SPLMSFT
6.0,96.9989154656753,16.692514158963665,8.885449434261572,0.2790590549983003,0.09805500519063323,0.28501259615844604,0.10033109797797152,0.10561529786924077,0.000383094214198227,SPLMSFT
6.05,97.09711708114584,16.718475889440132,8.892917073591859,0.28053954617903987,0.09879395302821817,0.28632151017210056,0.1010119056026037,0.10842105831125595,0.0003776985210405055,SPLMSFT
6.1,97.19154171140596,16.743809052913782,8.900578957875824,0.2820507297890823,0.0995335085142776,0.28766063172854855,0.10169093604513431,0.11132394123011012,0.00036690713472506246,SPLMSFT
6.15,97.28704548029764,16.770269125972586,8.907733647002962,0.2833940816152547,0.10025453525870034,0.2888356329552702,0.10235481843270045,0.11411351459265215,0.00036690713472506246,SPLMSFT
6.2,97.37553484808426,16.795831544416696,8.915190494946934,0.28488712878979994,0.10098765255309924,0.29017965483268593,0.10303613123673296,0.1170865415225567,0.0003453243620941764,SPLMSFT
6.25,97.46726163176552,16.821554571564455,8.922523241948277,0.2863687360588777,0.10171675583805657,0.2915095492778415,0.1037109463917557,0.12011352538403847,0.0003399286689364549,SPLMSFT
6.3,97.5433409052894,16.846887422703666,8.929953111426459,0.28772645752240555,0.1024310250428899,0.29275748485451936,0.10438345332262572,0.12287612028079187,0.00031834589630556887,SPLMSFT
6.35,97.624815871971,16.872910065412494,8.937048447928863,0.2890253053260887,0.10313675219948906,0.2939266339543804,0.10504174760643477,0.126070370630163,0.00031834589630556887,SPLMSFT
6.4,97.70521170002104,16.897378869465882,8.94470493651967,0.2904591998187047,0.1038524399170899,0.2952231740225315,0.10570786037857238,0.12902181478743666,0.00031834589630556887,SPLMSFT
6.45,97.77643484970297,16.922265155304878,8.952134805997852,0.29177548650267354,0.1045536795118041,0.29641199002273577,0.10636396876271596,0.13195707186523717,0.0003129502031478474,SPLMSFT
6.5,97.84981627664799,16.94747175796232,8.959375826215515,0.2930983302056298,0.10525228173053941,0.2975926537706509,0.10701249088180131,0.13503261696513844,0.0003129502031478474,SPLMSFT
6.55,97.92265813427721,16.971954633772448,8.966843465545802,0.29442814946070056,0.10594785237839263,0.29878373709934253,0.10765871863820135,0.1382592414734559,0.0003129502031478474,SPLMSFT
6.6,97.99118343738029,16.997343853096293,8.973884845116627,0.29570886082888637,0.10663475606607296,0.2999516675072959,0.10830471220586253,0.14131859949388398,0.00030215881683240436,SPLMSFT
6.65,98.05593175527294,17.022080838811128,8.98112586533429,0.29698496833267685,0.10731766796345392,0.3011099300280636,0.10894224508089938,0.14452364122957057,0.00030215881683240436,SPLMSFT
6.7,98.12661533563909,17.046894150592294,8.988275158768271,0.29823889358074385,0.10799486866323561,0.3022364384227514,0.10957235641188028,0.14758299924999865,0.00030215881683240436,SPLMSFT
6.75,98.1962197773737,17.072578957356917,8.995014379522265,0.29939348696670315,0.10865871679800347,0.3032561145557448,0.1101865465520314,0.1506261701909536,0.0002913674305169614,SPLMSFT
6.8,98.25287455552979,17.097672683174338,9.001926262457307,0.30052603760798124,0.10931626688003888,0.3042727037205854,0.11080383002925735,0.15390135593769053,0.00028597173735923985,SPLMSFT
6.85,98.32086028931707,17.12193379722705,9.009107930050234,0.30176768588432706,0.10998027703930266,0.3054022104587287,0.11142630871383441,0.15684740440180647,0.00028597173735923985,SPLMSFT
6.9,98.36942152773656,17.146247349690803,9.016208662245795,0.30296064480691504,0.11063597322397842,0.30650374728897317,0.11204910751481455,0.16005784183065078,0.0002751803510437968,SPLMSFT
6.95,98.42068061273491,17.171199337950885,9.022985652851894,0.30402650916998036,0.11127424883212553,0.30747485271317826,0.11265319005228375,0.16346791990633078,0.0002751803510437968,SPLMSFT
7.0,98.47895409883832,17.19514541815219,9.03009717643377,0.3052113764521159,0.11191898229100251,0.3085574182802416,0.11325969415630076,0.1669157678341148,0.00026978465788607533,SPLMSFT
7.05,98.53938586220478,17.21847649545658,9.037386757889852,0.30638843111588326,0.11255779179269675,0.3096150736039775,0.11385204511494537,0.1703258459097948,0.00026438896472835385,SPLMSFT
7.1,98.59711977899241,17.241985518917488,9.044536051323833,0.30752251637862654,0.11318701516687192,0.3106434271642232,0.1144399374083233,0.17374131967863252,0.00026438896472835385,SPLMSFT
7.15,98.64406230946459,17.264885135556312,9.05186340263202,0.3085949377606794,0.11380536726290914,0.3116217957772673,0.11502278852785987,0.1770488795843158,0.0002535975784129108,SPLMSFT
7.2,98.68722785472636,17.289257624685074,9.05853787506812,0.3095829549621492,0.11441086891105494,0.31253443534171677,0.11559907028065297,0.18002730220737806,0.0002535975784129108,SPLMSFT
7.25,98.73039339998813,17.313007215705746,9.065401196764743,0.31050819219459025,0.11500612932757244,0.3133629068969286,0.11615967411245552,0.18318917839780288,0.00024820188525518933,SPLMSFT
7.3,98.76492583619755,17.33662613900952,9.072253727075049,0.3114837929132966,0.11560158658265952,0.314273066410262,0.11673025485933712,0.18641580290612034,0.0002428061920974678,SPLMSFT
7.35,98.806472673512,17.360671132110934,9.078868846886415,0.31246609016203264,0.1161922403424243,0.3151705217861414,0.11728992302031974,0.18975573697074996,0.00022661911262430328,SPLMSFT
7.4,98.85125692672109,17.384002959355534,9.085705190117249,0.3134598273162362,0.11677903533753448,0.3160714080478592,0.11783988136982562,0.19289063469538614,0.00022661911262430328,SPLMSFT
7.45,98.88848720950936,17.40686961859776,9.092665634290709,0.3144542620256512,0.11736126481282803,0.3169992184337027,0.11839550152733712,0.19607409365844183,0.00022661911262430328,SPLMSFT
7.5,98.93704844792886,17.431421949209216,9.098886868501562,0.3153287172387001,0.11792662276542586,0.3177717530363268,0.1189203757426933,0.19924136554202435,0.00022661911262430328,SPLMSFT
7.55,98.9710413148225,17.45388233568792,9.105879686833969,0.3162946916954887,0.11849548345737088,0.318668652339363,0.11946372720356038,0.2026352565382312,0.00022122341946658177,SPLMSFT
7.6,99.00773202829501,17.476624788327094,9.11269444729217,0.3172238352371137,0.1190553600720946,0.3195257915790161,0.11999387630867166,0.20577015426286738,0.00022122341946658177,SPLMSFT
7.65,99.03956661792557,17.499275256936055,9.119482229284586,0.31820780661835724,0.11961533785276932,0.32043322079181485,0.12052538317233806,0.20904534000960434,0.00022122341946658177,SPLMSFT
7.7,99.06870336097727,17.521762622055252,9.126270011276999,0.3190662180615432,0.12015759406672538,0.32121714854008837,0.12104042223236486,0.2122935472905527,0.00022122341946658177,SPLMSFT
7.75,99.10917105966018,17.544426926371504,9.13292290094047,0.31990286578213273,0.12069228745473723,0.3219664761489966,0.12154145494791325,0.21545002778781977,0.00021582772630886026,SPLMSFT
7.8,99.13938694134342,17.566557109351333,9.139726870012357,0.32079183014357937,0.12122678458431106,0.3227883878130817,0.12204877155971708,0.21858492551245595,0.00021043203315113877,SPLMSFT
7.85,99.1669049764478,17.588892863896778,9.146385155368984,0.3215871825956521,0.12174673916106596,0.3235222345624602,0.1225455311566309,0.22169824046446127,0.00020503633999341726,SPLMSFT
7.9,99.20035827402567,17.610305000960246,9.153350995235604,0.32245438323450226,0.12226836414808141,0.32430954475091234,0.12303571602847124,0.2247953683369934,0.00019964064683569574,SPLMSFT
7.95,99.22571803186696,17.631969756158504,9.16015496430749,0.3232597804816196,0.12277884683548236,0.32505507218131785,0.12352275555011387,0.22787091343689467,0.00019424495367797423,SPLMSFT
8.0,99.25431520560288,17.653775378708783,9.166840228129907,0.3240664333281175,0.12328396862497601,0.3258025233241461,0.12400423964204518,0.23099501977521542,0.00018345356736253123,SPLMSFT
8.05,99.28453108728613,17.675236518732383,9.173601031656531,0.3248750393292074,0.1237837139961248,0.32654998107680683,0.1244783938557286,0.23415689596564024,0.00018345356736253123,SPLMSFT
8.1,99.30665342923278,17.696247744657178,9.180480540432626,0.3257292654411249,0.12428246603649966,0.32735428462140315,0.12495727219937043,0.23712452720238705,0.00016726648788936672,SPLMSFT
8.15,99.3352506029687,17.717140040039403,9.187349257822406,0.3265562868997966,0.12477360720758636,0.3281204079934384,0.12542315478327298,0.239973453189664,0.00016726648788936672,SPLMSFT
8.2,99.35629380628383,17.73826409436328,9.19406689580377,0.3273265273642579,0.1252541839521322,0.3288449598783534,0.12588491997686108,0.24300583274430348,0.0001618707947316452,SPLMSFT
8.25,99.37356002438852,17.7591832177373,9.200806116557764,0.32811253257649736,0.12573083941260382,0.32959394513824025,0.12634609877002084,0.24615691754841285,0.0001564751015739237,SPLMSFT
8.3,99.39028667317747,17.78004877461684,9.207502171766496,0.32888402864033933,0.12619982591378703,0.3303235488672823,0.12679875666872553,0.2493080023525222,0.0001564751015739237,SPLMSFT
8.35,99.41240901512413,17.80031300685191,9.214376284849433,0.3296541295937582,0.1266627083455891,0.3310499547990708,0.1272433042974302,0.25232959052084625,0.0001564751015739237,SPLMSFT
8.4,99.43075437186039,17.820063287930683,9.22139608164763,0.3304005136699885,0.12711771903750316,0.33175636913793294,0.12768184793941129,0.2553727614618012,0.0001564751015739237,SPLMSFT
8.45,99.45125800585973,17.839860377270043,9.22833494304846,0.33113517881866694,0.12756552185131187,0.33244282280431425,0.1281100537790018,0.2584860764138065,0.0001564751015739237,SPLMSFT
8.5,99.4690637932802,17.860220969404505,9.23498783271193,0.3318130629731348,0.12800196808830347,0.33307309036664157,0.1285281340095334,0.26135658517371435,0.0001564751015739237,SPLMSFT
8.55,99.48686958070068,17.879673533375758,9.24194827688539,0.33249903876805526,0.12843411608053248,0.3337168749227148,0.12894344058993537,0.2641785326952027,0.0001564751015739237,SPLMSFT
8.6,99.50359622948962,17.898971354761073,9.248914116752008,0.3332458413774125,0.1288668630116957,0.33442532576336814,0.12935988804228377,0.2669950845235333,0.00015107940841620218,SPLMSFT
8.65,99.52194158622586,17.917545926131254,9.256117367117566,0.3339486980084496,0.12929083199443075,0.3350872948435052,0.1297665321158536,0.2694717076829275,0.00015107940841620218,SPLMSFT
8.7,99.53650995775172,17.9371898205205,9.262840400792088,0.3346539263272056,0.12971033220460143,0.3357477440940187,0.13016952439575255,0.27229365520441584,0.0001456837152584807,SPLMSFT
8.75,99.55215746790913,17.95617780350793,9.269768470806602,0.3353620843778496,0.13012451841431175,0.3364193482382401,0.13056802001670434,0.2750940199532733,0.0001456837152584807,SPLMSFT
8.8,99.5640279928561,17.974063048073877,9.277085030728472,0.33603759684459866,0.13053068631782602,0.3370641546457119,0.1309619006537921,0.27763539143056015,0.00014028802210075918,SPLMSFT
8.85,99.57643808711886,17.992563377813177,9.284104827526669,0.33671743415365846,0.1309326856860042,0.3377191664824328,0.13135344743323873,0.28002568349943074,0.00014028802210075918,SPLMSFT
8.9,99.58938775069738,18.009871324491765,9.291550884084323,0.33740438652587496,0.13133075939825592,0.33837960635415987,0.13173961480246313,0.2827397171577647,0.00013489232894303767,SPLMSFT
8.95,99.60719353811788,18.027551803923895,9.298797299995144,0.33809468716310637,0.1317244999292678,0.33903342977709167,0.13211811785554844,0.2851569876924239,0.00013489232894303767,SPLMSFT
9.0,99.62014320169641,18.04517545415819,9.306016737440176,0.3387720132734051,0.1321124334335301,0.3396723484176375,0.13249093289414784,0.2876120280791872,0.00013489232894303767,SPLMSFT
9.05,99.63363243459071,18.062610992343057,9.313263153350995,0.33943217952550275,0.13249432416918988,0.34029959634776397,0.13285908443424754,0.2900994426248968,0.00012949663578531615,SPLMSFT
9.1,99.64442382090614,18.080395660048392,9.320320720001295,0.34005649143973277,0.13286813856132929,0.34088970202627333,0.13321969835251649,0.292516713159556,0.00012410094262759467,SPLMSFT
9.15,99.65521520722159,18.09792441762976,9.327432243583171,0.3406721536693411,0.13323659770450252,0.3414781399720619,0.13357742305703815,0.29492858800105753,0.00012410094262759467,SPLMSFT
9.2,99.66546702422127,18.11510516488427,9.33463549394873,0.3413130673976032,0.1336031047473764,0.34209475846312914,0.13393417469037547,0.29725952744519324,0.00012410094262759467,SPLMSFT
9.25,99.67895625711557,18.133080098430057,9.341477232872721,0.34192956669346525,0.13396342930618238,0.342677305849365,0.134280470006326,0.2993746391630201,0.00012410094262759467,SPLMSFT
9.3,99.68974764343102,18.150734488137278,9.348405302887235,0.3425602961156405,0.1343216153706908,0.3432779415235064,0.1346269334450868,0.3014142111766388,0.00011870524946987314,SPLMSFT
9.35,99.6956829059045,18.16757784230162,9.355613948945951,0.3432105570837357,0.13467777712461584,0.34391856677256466,0.1349783991517376,0.3037019850755127,0.00011870524946987314,SPLMSFT
9.4,99.70431601495686,18.18438014458583,9.362795616538879,0.3438556561432664,0.13502958418437416,0.3445405574694915,0.13532067071091636,0.3058764494180745,0.00011870524946987314,SPLMSFT
9.45,99.71294912400921,18.200958703243593,9.370025845370225,0.3444897338304565,0.13537685508641842,0.345153905790553,0.1356595165937302,0.3077595463301193,0.00011870524946987314,SPLMSFT
9.5,99.71942395579848,18.217285126392387,9.377315426826307,0.3451471098617084,0.13572276290929658,0.34579449783294464,0.13599838658042926,0.30990163651373476,0.00011870524946987314,SPLMSFT
9.55,99.72589878758775,18.23290326288282,9.384847814474487,0.34578620994642084,0.1360634299441154,0.3464157012525361,0.1363319696882023,0.3120491223905079,0.00011870524946987314,SPLMSFT
9.6,99.73291318869279,18.248618413142665,9.3922992667253,0.34642740269676736,0.13640048999166296,0.3470359256862766,0.1366601770203554,0.3140886944041266,0.00011870524946987314,SPLMSFT
9.65,99.73884845116629,18.263138330679524,9.400187770121889,0.34707738464277815,0.13673474862096818,0.34766779734810566,0.13698697939803933,0.3159717913161714,0.00011870524946987314,SPLMSFT
9.7,99.74963983748172,18.27877059721897,9.40759605682744,0.3477143920618562,0.13706505832441854,0.3482790011088933,0.1373060189541316,0.31766603896769596,0.00011870524946987314,SPLMSFT
9.75,99.75719380790254,18.293742645391593,9.415236358338774,0.3483394015312976,0.13739203183715068,0.34888503263144793,0.13762589184061758,0.3192199985971198,0.00011330955631215164,SPLMSFT
9.8,99.76204993174449,18.30856423060075,9.422903638315896,0.34898394254665926,0.13771847520317387,0.349517624386128,0.1379471494216627,0.32087647639654027,0.00010791386315443013,SPLMSFT
9.85,99.76798519421799,18.323925223518373,9.430322716407764,0.3496156485461305,0.13804139670867244,0.3501287478948421,0.1382624647536091,0.3225653283549071,0.00010791386315443013,SPLMSFT
9.9,99.77230174874416,18.339417713081097,9.437655463409106,0.35024065801557197,0.13836109828997997,0.3507433916640979,0.13857743936608355,0.32428115877906255,9.172678368126562e-05,SPLMSFT
9.95,99.77446002600723,18.35355627459382,9.445495405567277,0.35092021630254727,0.13868338526959598,0.35141899636048984,0.13889769044630187,0.3259430322716408,9.172678368126562e-05,SPLMSFT
10.0,99.77823701121764,18.369506609418675,9.452579950683365,0.3514977920176115,0.13899372903311014,0.3519881885768054,0.13920482192826145,0.3274322435831719,9.172678368126562e-05,SPLMSFT
10.05,99.78363270437536,18.38323325534905,9.46052241101153,0.3521871160775468,0.13931265442642884,0.35265815638180514,0.13951648262075184,0.32901318167838434,9.172678368126562e-05,SPLMSFT
10.1,99.78956796684886,18.39708598059939,9.468383935942331,0.35284853792902504,0.13962679704443626,0.35330195495909544,0.13982332268910144,0.3305401628420195,8.63310905235441e-05,SPLMSFT
10.15,99.7928053827435,18.41231602432572,9.475662726012096,0.35350144960692376,0.1399377947829028,0.35394839546037016,0.14013142575274087,0.33219664064144,8.63310905235441e-05,SPLMSFT
10.2,99.79928021453276,18.425800798007387,9.483610582033421,0.35418003131660303,0.14024940042686157,0.3546109699666417,0.14043662857668515,0.3335293768513972,7.553970420810109e-05,SPLMSFT
10.25,99.80305719974317,18.439327656334278,9.491515272509483,0.35486070569191663,0.14055978313847883,0.3552815245015354,0.1407424611563863,0.3348081561297772,7.014401105037959e-05,SPLMSFT
10.3,99.80737375426935,18.452559532455304,9.499511689769227,0.35554933219664053,0.14086951531102634,0.3559614261742064,0.14104868416428437,0.3362056406576271,6.474831789265808e-05,SPLMSFT
10.35,99.81169030879552,18.46568545365907,9.507524294108443,0.35624521327556335,0.14117852460158492,0.3566451827185053,0.14135236084523656,0.3373657146865372,6.474831789265808e-05,SPLMSFT
10.4,99.81546729400593,18.477982469789225,9.51584445295765,0.35694639577409315,0.14148702297366017,0.35733919786367985,0.14165726978026255,0.3386984508964944,6.474831789265808e-05,SPLMSFT
10.45,99.82032341784787,18.489944970768015,9.52427252567001,0.35764339294135417,0.1417937315260567,0.3580235596108107,0.14195899456112798,0.3398908990843509,6.474831789265808e-05,SPLMSFT
10.5,99.82517954168982,18.502384215221912,9.532484770656062,0.35832309073937185,0.14209750612357142,0.3586989104313844,0.1422606130519144,0.3411049300448382,6.474831789265808e-05,SPLMSFT
10.55,99.82787738826869,18.515119528371212,9.540556727620014,0.35905733735492323,0.14240585299612393,0.35942696522425327,0.1425659386140626,0.3422488169942752,5.935262473493657e-05,SPLMSFT
10.6,99.83381265074217,18.527374062774793,9.548795951071854,0.3597716338914278,0.1427110112393242,0.3601378515551952,0.1428696296629811,0.3435329919658129,5.935262473493657e-05,SPLMSFT
10.65,99.8370500666368,18.5399298315455,9.556889490808437,0.36049723082235763,0.14301597154398676,0.36086091969453765,0.1431732898065627,0.34473083584682707,5.935262473493657e-05,SPLMSFT
10.7,99.8392083438999,18.552067998101798,9.565128714260277,0.3611991108760987,0.14331798583143127,0.3615579457724214,0.14347317132865012,0.3458261615578445,5.935262473493657e-05,SPLMSFT
10.75,99.84244575979453,18.564188312418562,9.573351750632645,0.36192721900578956,0.14362154970476992,0.36227603819694004,0.14377229480609402,0.34692688296201973,5.935262473493657e-05,SPLMSFT
10.8,99.84568317568916,18.576280569460025,9.581563995618698,0.3626530949588039,0.1439241062643997,0.36299087034104843,0.14407077115944983,0.3479952302072486,5.3956931577215064e-05,SPLMSFT
10.85,99.8489205915838,18.587823956180927,9.589975881251585,0.36341998715825025,0.14423023242517613,0.3637559560990635,0.14437570223926427,0.34900962052090023,5.3956931577215064e-05,SPLMSFT
10.9,99.85107886884688,18.598993761473825,9.598517263520257,0.3642082245471664,0.1445380386558893,0.3645368079240451,0.14468079223527286,0.34993767974402834,5.3956931577215064e-05,SPLMSFT
10.95,99.85323714610998,18.610037941179648,9.607091019947877,0.36498027865517757,0.14484423340415387,0.36530365438423007,0.14498446609522253,0.3508603432739987,5.3956931577215064e-05,SPLMSFT
11.0,99.85593499268883,18.622075898595728,9.615249308002353,0.36572191935597004,0.14514742207573345,0.3660392897668939,0.14528512050269426,0.3516750929408146,5.3956931577215064e-05,SPLMSFT
11.05,99.8624098244781,18.632711384342734,9.623952561065757,0.36649885635046103,0.14545431306757317,0.3668121446741373,0.14558959340674754,0.3524736555281574,5.3956931577215064e-05,SPLMSFT
11.1,99.8661868096885,18.643980606502716,9.632386029471276,0.36730383506445147,0.14576415326413916,0.3676071229543182,0.14589491200874566,0.35338013197865464,4.856123841949356e-05,SPLMSFT
11.15,99.86834508695159,18.65434068913072,9.641164822238888,0.3680929095196214,0.1460723399170341,0.368390829838618,0.14620049822406286,0.3542002773386283,4.856123841949356e-05,SPLMSFT
11.2,99.86888465626737,18.665333907688897,9.649673830348616,0.3688921682808781,0.14638172762462245,0.36918928728726574,0.14650924629150905,0.35502042269860196,4.856123841949356e-05,SPLMSFT
11.25,99.87104293353045,18.675975453331212,9.65830693940097,0.3696649199441006,0.14668875066401377,0.36995561710266134,0.1468133099631595,0.3558783379106797,4.856123841949356e-05,SPLMSFT
11.3,99.87320121079355,18.685351841154706,9.667431056530678,0.3705480248417714,0.14700694531214417,0.37083352464100094,0.14712939008194048,0.35652042539644857,4.856123841949356e-05,SPLMSFT
11.35,99.87913647326704,18.695479026392366,9.676242223457237,0.3713788130985846,0.1473210089173811,0.3716478910911948,0.14743619772995462,0.3572380525864255,4.856123841949356e-05,SPLMSFT
11.4,99.8818343198459,18.704665221793253,9.685414901825363,0.3722697306146234,0.14764146285116908,0.3725335955141156,0.1477538945775429,0.3578963271516675,4.856123841949356e-05,SPLMSFT
11.45,99.88507173574052,18.713953343000526,9.694533623261913,0.37316246177421175,0.1479629690019613,0.3734165365600692,0.1480711955956844,0.358565393103225,4.856123841949356e-05,SPLMSFT
11.5,99.8856113050563,18.723208145166726,9.703652344698462,0.3740342662774573,0.1482833007816753,0.37428704296109033,0.1483908079207957,0.35922906336162475,4.316554526177205e-05,SPLMSFT
11.55,99.88992785958249,18.732446110802943,9.712765670441854,0.3749401114750206,0.14860798670655703,0.37518441614225756,0.14871181973600345,0.35980640252950097,4.316554526177205e-05,SPLMSFT
11.6,99.89208613684556,18.741897924194156,9.721781873708405,0.37579391905381115,0.1489288122759833,0.37603257610474616,0.1490301744623893,0.36036215892474627,4.316554526177205e-05,SPLMSFT
11.65,99.89424441410866,18.750824586584987,9.730997717621793,0.3766774424846087,0.14925391013281825,0.37690918979998583,0.1493522495227653,0.36086395838841434,4.316554526177205e-05,SPLMSFT
11.7,99.89586312205597,18.759725092300638,9.740213561535183,0.3775658488018863,0.14958089447784328,0.37779702348493027,0.14967884134524967,0.3614197147836597,4.316554526177205e-05,SPLMSFT
11.75,99.89748183000329,18.769557098185576,9.749046311234373,0.37844811663330324,0.14990869813227564,0.37867323709781087,0.15000432317489396,0.36192151424732777,4.316554526177205e-05,SPLMSFT
11.8,99.89802139931906,18.77897218870172,9.758035536035138,0.37935200867627455,0.15024007145842488,0.37957698414207314,0.15033532286121343,0.36243410509731133,3.7769852104050545e-05,SPLMSFT
11.85,99.89964010726638,18.788025795857077,9.767159653164844,0.38028254732832245,0.15057561688476817,0.3805080329035847,0.15067079695014815,0.36295748733361033,3.7769852104050545e-05,SPLMSFT
11.9,99.90287752316101,18.7971083381235,9.77626218752192,0.3812288507281487,0.15091428068285337,0.38144362390023384,0.15100495361069047,0.36344849541096297,3.7769852104050545e-05,SPLMSFT
11.95,99.90449623110833,18.80605790950221,9.785407887424258,0.38219189545304927,0.1512561759597743,0.3824081118192227,0.15134724419329404,0.36389094224989615,3.7769852104050545e-05,SPLMSFT
12.0,99.90773364700296,18.814836649384745,9.79461293995133,0.3831366642314104,0.15159810435692786,0.3833431768505416,0.15168484786983796,0.3644143244861951,3.7769852104050545e-05,SPLMSFT
12.05,99.90827321631873,18.822539274975885,9.804238856544705,0.38413598182730535,0.1519470627268796,0.3843398055983106,0.1520329655773908,0.3648297928593397,3.7769852104050545e-05,SPLMSFT
12.1,99.91043149358183,18.830113151282788,9.813907938683343,0.3851470183507524,0.1522991376851237,0.385347076487711,0.15238308699533057,0.3652398655393265,3.7769852104050545e-05,SPLMSFT
12.15,99.9131293401607,18.8366965262234,9.823965510729336,0.3862262757738772,0.15265997044070678,0.38642119577473916,0.15274155042059742,0.3655851899014207,3.7769852104050545e-05,SPLMSFT
12.2,99.91528761742377,18.844866797743734,9.83338099528956,0.38724080007338135,0.153016768877002,0.3874285123774138,0.15309522480172066,0.36597367980877665,3.7769852104050545e-05,SPLMSFT
12.25,99.91690632537109,18.852344051254157,9.84306626450767,0.38827122863170604,0.15337733366782483,0.3884549175878474,0.1534550041668156,0.3663136084777131,3.7769852104050545e-05,SPLMSFT
12.3,99.91906460263418,18.859386384095487,9.85291880021367,0.3893313730420378,0.15374316141615477,0.3895090658645772,0.15381823638104716,0.3666697242261227,3.237415894632904e-05,SPLMSFT
12.35,99.92014374126572,18.867650875665365,9.862274932149159,0.3903378057010893,0.15410606188718604,0.39051335276615284,0.15418007934454311,0.36705281844032095,3.237415894632904e-05,SPLMSFT
12.4,99.9206833105815,18.875804274093095,9.871668833936752,0.39139892668871706,0.15447672176950333,0.39157278843973087,0.15455001487219597,0.3673549772571533,3.237415894632904e-05,SPLMSFT
12.45,99.9206833105815,18.882780768772477,9.88152676533591,0.39248153237685673,0.1548519447428939,0.3926562534964845,0.1549253670924775,0.36776504993714015,3.237415894632904e-05,SPLMSFT
12.5,99.9206833105815,18.89123742498929,9.890785774794558,0.39349396401072656,0.15522285618668924,0.39366669635933604,0.1552961309730876,0.36801325182239536,3.237415894632904e-05,SPLMSFT
12.55,99.92176244921303,18.898086791214684,9.90068147604582,0.3946376755353876,0.15560911452396264,0.3948066329999784,0.15568081201697934,0.36836936757080496,3.237415894632904e-05,SPLMSFT
12.6,99.92392072647613,18.90487849311899,9.910593364376554,0.39574106836882794,0.1559940475083748,0.3959073646377813,0.15606456528073365,0.3687092962397414,3.237415894632904e-05,SPLMSFT
12.65,99.92392072647613,18.912691718532795,9.920089784334145,0.3968360905397313,0.1563807694269327,0.3970026620588362,0.1564513511602965,0.36904382921552015,3.237415894632904e-05,SPLMSFT
12.7,99.92446029579189,18.919058862466997,9.930158147766452,0.39797129189081265,0.15677408818934888,0.398135740162965,0.15684404475093344,0.36938915357761437,3.237415894632904e-05,SPLMSFT
12.75,99.926618573055,18.92598977075673,9.939994496392979,0.39913606958285897,0.15717303069268782,0.3992972416615819,0.1572411841385028,0.36969670808760446,3.237415894632904e-05,SPLMSFT
12.8,99.92769771168653,18.932661632559977,9.949927967496345,0.400316891044768,0.15757629915720542,0.40047697881738015,0.15764353785644258,0.3700042625975946,2.6978465788607532e-05,SPLMSFT
12.85,99.92931641963385,18.93902251058797,9.95998014384918,0.40152352204950004,0.1579850365698091,0.40168411900519435,0.15805235548407998,0.3703010257212693,2.6978465788607532e-05,SPLMSFT
12.9,99.93093512758117,18.94481589378776,9.970253543621482,0.40275582308601265,0.15839928792008087,0.4029118819902269,0.15846462943839312,0.37057620607231306,2.6978465788607532e-05,SPLMSFT
12.95,99.93147469689694,18.950313639333324,9.980640252950096,0.4040058420248957,0.1588184481687223,0.4041607222228222,0.15888310290946575,0.37081901226441055,2.6978465788607532e-05,SPLMSFT
13.0,99.9320142662127,18.956581226025463,9.99071401207556,0.4052447000803958,0.15923975910407373,0.40539852009913224,0.15930386211956168,0.3710294442975617,2.6978465788607532e-05,SPLMSFT
13.05,99.93363297416002,18.962579305592588,10.000890289371023,0.40649081271009474,0.1596649832459703,0.4066412669726256,0.1597273479951827,0.37137476865965585,2.6978465788607532e-05,SPLMSFT
13.1,99.93471211279157,18.968857948431065,10.010947861417018,0.4077372043618783,0.16009329427828478,0.4078832441958403,0.16015400402223895,0.3716607403970151,2.6978465788607532e-05,SPLMSFT
13.15,99.93633082073889,18.9753101859336,10.020929893758801,0.40899503591912933,0.16052586777312516,0.4091426692654482,0.16058769414131494,0.3719628992138475,2.6978465788607532e-05,SPLMSFT
13.2,99.93740995937043,18.9813448512402,10.031073796895319,0.41024045099361683,0.16096059362124354,0.4103855631394526,0.16102126905708025,0.37222189248541815,2.6978465788607532e-05,SPLMSFT
13.25,99.93848909800197,18.987121619054598,10.041314822508674,0.41150232837109413,0.16140015449423678,0.4116465777700992,0.16146021768213983,0.37252944699540824,2.6978465788607532e-05,SPLMSFT
13.3,99.93956823663352,18.993113752500527,10.051464121338348,0.4127879226257601,0.1618453759752958,0.4129258521657911,0.16190358734789184,0.3727992316532943,2.6978465788607532e-05,SPLMSFT
13.35,99.94118694458083,18.998646533778107,10.061791478042228,0.4141117429060124,0.16229771151225603,0.4142494868051656,0.16235565116372777,0.3731229732427576,2.6978465788607532e-05,SPLMSFT
13.4,99.94118694458083,19.004177251690283,10.072113439052949,0.41548774031607966,0.16275849116873764,0.4156251772124561,0.16281646698602942,0.37343052775274777,2.6978465788607532e-05,SPLMSFT
13.45,99.94172651389661,19.009517294656817,10.082505544074719,0.4168366725839434,0.16322006307052433,0.41697279170738283,0.16327731965368603,0.37373268656958014,2.1582772630886026e-05,SPLMSFT
13.5,99.94334522184393,19.01554617776201,10.09261707305229,0.41820178813271225,0.16368686438476124,0.4183334631913101,0.16374241870724052,0.3739431186027313,2.1582772630886026e-05,SPLMSFT
13.55,99.9438847911597,19.02077891322677,10.103041552233007,0.4195882488709511,0.16415936678329754,0.4197194210409816,0.16421453515120868,0.37420750756745963,2.1582772630886026e-05,SPLMSFT
13.6,99.94496392979124,19.026240851860383,10.113368908936886,0.4210049835053659,0.16463849775561806,0.4211360332557724,0.16469332067790385,0.37450966638429206,2.1582772630886026e-05,SPLMSFT
13.65,99.94550349910702,19.03106884787101,10.123944467526021,0.42243497168879796,0.16512267811604042,0.4225646671849356,0.16517677711658832,0.37475247257638955,2.1582772630886026e-05,SPLMSFT
13.7,99.94604306842278,19.037042712924965,10.13405599650359,0.4238067837675966,0.16560497957068682,0.4239371719725965,0.16565905693092461,0.3750870055521683,2.1582772630886026e-05,SPLMSFT
13.75,99.94820134568587,19.04190851843201,10.144604576626936,0.4251855713985096,0.16609164762773393,0.42531017176913893,0.1661429741508718,0.37535679021005436,2.1582772630886026e-05,SPLMSFT
13.8,99.94928048431741,19.04599198943419,10.155460711260272,0.4267327488574618,0.16659852412479983,0.42685312358628574,0.16664844395586115,0.3756859274926753,1.618707947316452e-05,SPLMSFT
13.85,99.94982005363319,19.05074872241785,10.166041665542563,0.42820654350817167,0.16710220065994846,0.4283254934139494,0.16715140469149145,0.3759772949231923,1.618707947316452e-05,SPLMSFT
13.9,99.95035962294895,19.05469145092946,10.176940965721162,0.4297648818505068,0.1676177729543121,0.4298825726054167,0.1676663084651673,0.37631182789897105,1.0791386315443013e-05,SPLMSFT
13.95,99.95089919226473,19.05935921043679,10.187543502776084,0.43129894527148427,0.16813484003793888,0.43141520855961385,0.16818264364597305,0.37667333934053837,1.0791386315443013e-05,SPLMSFT
14.0,99.95197833089627,19.06324092027575,10.198453594340997,0.4328250565630513,0.16865500969340327,0.43293837230895454,0.16870147324531995,0.3770024766231594,1.0791386315443013e-05,SPLMSFT
14.05,99.95305746952783,19.067565267975947,10.209180232338547,0.4344059956942368,0.16918449909582906,0.4345237543158826,0.16923295822793114,0.37734240529209584,1.0791386315443013e-05,SPLMSFT
14.1,99.95413660815937,19.072223909900313,10.219766582313998,0.43590336771109284,0.1697099125991061,0.43601740127828653,0.1697567050019054,0.3776553554952437,1.0791386315443013e-05,SPLMSFT
14.15,99.95413660815937,19.076570687387008,10.230471637538917,0.4374667284509504,0.17024587785970635,0.43758092105717733,0.1702927608940237,0.3779575143120761,1.0791386315443013e-05,SPLMSFT
14.2,99.95413660815937,19.08100916162231,10.241133527218574,0.43902143950618616,0.17078514716158308,0.4391363454828122,0.1708321752079063,0.3782812559015394,1.0791386315443013e-05,SPLMSFT
14.25,99.95629488542247,19.086522036687008,10.251358365752456,0.44049760584461467,0.17132081620094555,0.44061107265778515,0.17136742801265561,0.3786859328883685,1.0791386315443013e-05,SPLMSFT
14.3,99.957374024054,19.091003685715453,10.261987881273168,0.4420364126410299,0.17186653784760247,0.4421457788333854,0.1719114309921585,0.37907442279572445,1.0791386315443013e-05,SPLMSFT
14.35,99.95845316268554,19.095304137699614,10.272682145111771,0.44362669901204854,0.1724213030246185,0.44373432551712216,0.17246516426963182,0.3794629127030804,1.0791386315443013e-05,SPLMSFT
14.4,99.95845316268554,19.100041352362997,10.283192955383013,0.44518810659731395,0.17297721757187492,0.44529638208748973,0.17302122245032434,0.37992154662148675,1.0791386315443013e-05,SPLMSFT
14.45,99.95953230131708,19.104850443325237,10.29366599580215,0.4467463054286068,0.1735367634164226,0.4468506835656219,0.17357908277021392,0.3804233460851548,1.0791386315443013e-05,SPLMSFT
14.5,99.96061143994864,19.109622497630042,10.304144431914446,0.44834007957568256,0.17410364866237069,0.44844151778041663,0.17414466360674433,0.38083341876514165,1.0791386315443013e-05,SPLMSFT
14.55,99.96169057858017,19.112699567076202,10.3152919339783,0.45000179560035164,0.17468120099039977,0.45010461206291635,0.1747231176048963,0.3813028440698634,5.395693157721506e-06,SPLMSFT
14.6,99.96330928652749,19.116725019822354,10.326050946134796,0.45166713891212035,0.17526317784282602,0.4517636967586968,0.17530244247026097,0.3817830607609006,5.395693157721506e-06,SPLMSFT
14.65,99.9649279944748,19.119498532934152,10.337300966368645,0.45344995052149367,0.1758606160872981,0.45354930863397896,0.17590115595642142,0.3822902559177265,5.395693157721506e-06,SPLMSFT
14.7,99.96546756379058,19.123136616896055,10.348194870854083,0.45510636512655595,0.17644983103850354,0.4552034287009699,0.17648954577220927,0.38280284676771004,5.395693157721506e-06,SPLMSFT
14.75,99.96654670242214,19.12632067344755,10.359261437520571,0.45688289873902654,0.17705497504200457,0.4569780153828714,0.1770935638734864,0.38320212806138143,5.395693157721506e-06,SPLMSFT
14.8,99.96654670242214,19.12960201811976,10.370279442948638,0.45859218802911506,0.17765785416328714,0.45868787667794736,0.17769657205361183,0.383752488763469,5.395693157721506e-06,SPLMSFT
14.85,99.9670862717379,19.13384029535318,10.380903562776192,0.4602096790533795,0.17825582396281028,0.4603078903234163,0.1782955663122532,0.38428666238608344,0.0,SPLMSFT
14.9,99.96870497968521,19.13830676793627,10.391425164433748,0.4618896710245881,0.17886387589764832,0.46198235038726193,0.17890127430542305,0.38487479294027505,0.0,SPLMSFT
14.95,99.96870497968521,19.141853844991708,10.402302881839715,0.4636228167029077,0.17948107991467968,0.46371603862366756,0.17951860039865994,0.38544673641499355,0.0,SPLMSFT
15.0,99.96870497968521,19.14712556362792,10.412479159135179,0.4651913393513297,0.18008639384960232,0.46528505229523676,0.180124031863876,0.38604565835550064,0.0,SPLMSFT
0.0,49.88210410450378,13.231869945028317,7.960913598765465,0.09336190558616113,0.026682697971202242,0.12673182139148492,0.03798126043190491,0.0019316581504642994,0.04257201901442269,MLR
0.05,50.628328468216665,13.260170412337725,7.968710375378373,0.09447464565943461,0.027037263510870053,0.12774348162121263,0.03828966284093279,0.002034176320461008,0.04176266504076446,MLR
0.1,51.429049332822544,13.290301917254764,7.9757895248013035,0.09543741136225065,0.027380303810611867,0.12835036130724436,0.03853611794068527,0.0021528815699308813,0.04080762735184776,MLR
0.15,52.22275579632337,13.318600404462837,7.983618675573157,0.09656954347040195,0.0277427727740299,0.12938765986816272,0.0388545329224799,0.0022500040467698683,0.039949712139770034,MLR
0.2,52.966821882773175,13.347599240067593,7.9911834373802835,0.09761629482067415,0.028100211805709988,0.13018106836448834,0.039141060515090226,0.002330939444135691,0.03904323568927282,MLR
0.25,53.72653547938035,13.376395795577826,7.998845321664247,0.09871229356887333,0.02846555364702017,0.130990178622719,0.03941738258922841,0.0024550403867632854,0.03812596785246017,MLR
0.3,54.494342615724136,13.406117871280435,8.006151090199802,0.09976030051852613,0.028829369130949693,0.1317858272406828,0.039701923270708823,0.0026115154883372092,0.037300426799328774,MLR
0.35,55.26484759864676,13.435592445167353,8.01357016829167,0.10083202434536753,0.029198598251199873,0.13266119253300007,0.040010392180068265,0.0027194293514916394,0.036480281439355104,MLR
0.4,56.050460522411015,13.465196375830597,8.020951476531433,0.1019570413903622,0.02957633444988125,0.1335631155949172,0.040314711843411184,0.0028057604420151836,0.03567092746569688,MLR
0.45,56.79236833159772,13.495255485780488,8.028165518283306,0.1030203945546665,0.02995141284268765,0.13442761750035628,0.04063134385872128,0.0029352570778004997,0.03480222086730372,MLR
0.5,57.53967183394215,13.523745686740943,8.036021647520949,0.10418168447065554,0.030339374534342094,0.1352918109527382,0.04092934544730884,0.0030269838614817653,0.034046823825222707,MLR
0.55,58.28373792039194,13.55353774531462,8.043370581601765,0.10532107115300571,0.030728660919463826,0.13625055680945017,0.04125567054806531,0.0030917321793744235,0.03325365693103764,MLR
0.6,59.013775204631656,13.583098744765724,8.050827429545736,0.10650900767807137,0.031126204525509293,0.13719221212010385,0.04157608603258708,0.0031888546562134105,0.032384950332644484,MLR
0.65,59.74489162750293,13.61177342354083,8.058651184624432,0.10773642582810401,0.031530988707077726,0.13822651645940015,0.041905221948362756,0.0033399340646296126,0.03168890591529841,MLR
0.7,60.45118786184867,13.640897874532532,8.06630767321524,0.10895868206957209,0.0319389049021689,0.13924428519404478,0.04224548436292816,0.0034208694619954354,0.030890343327955625,MLR
0.75,61.197951794877326,13.671162024457587,8.073521714967113,0.11009988239547193,0.03234250002824311,0.14008266506788927,0.04255685711119827,0.003577344563569359,0.03016192475166322,MLR
0.8,61.91557898485429,13.701008963741025,8.080913814593192,0.1113009329585125,0.03275540132889663,0.141037889254902,0.042885145819464975,0.0037014455061969535,0.02943890186852854,MLR
0.85,62.65910550198831,13.7310579543928,8.08823577020822,0.11248342855292907,0.033170031795255614,0.14193547533755857,0.04321845018634603,0.003922668925663535,0.028769835916971073,MLR
0.9,63.3993946032277,13.760401126618536,8.095849093253765,0.11367568992030565,0.03358895188039513,0.14283250491914895,0.04354817404995772,0.004106122493026066,0.028133144124359934,MLR
0.95,64.13806499651977,13.790618771144446,8.103122487630374,0.11484869876384671,0.03400953856516985,0.14366829878269358,0.04386674047817488,0.004267993287757712,0.02743709970701386,MLR
1.0,64.83842596839203,13.820445851043266,8.11056314849487,0.11609802014751824,0.03444119129245946,0.14458118691487679,0.044189317915981435,0.004429864082489357,0.02675184667598323,MLR
1.05,65.55605315836898,13.85012095329748,8.11807395337042,0.11735361952809266,0.03487705656819766,0.14561905456101795,0.044555181467598924,0.004629504729325053,0.026125946269687537,MLR
1.1,66.24778102118889,13.880477260147954,8.12532036928124,0.11860601015469456,0.03531617732378082,0.14661532776777786,0.044912400666662695,0.004866915228264799,0.02550004586339184,MLR
1.15,66.9179261113779,13.910016307317802,8.13290131816784,0.1199070901350542,0.03576346332006312,0.14765695899887923,0.045280814523346515,0.005142095579308596,0.024841771298149816,MLR
1.2,67.61666837530284,13.93998897627184,8.140315000566547,0.121194079500143,0.03621280159580323,0.14869366427271857,0.04564792749367841,0.005395693157721507,0.024302201982377668,MLR
1.25,68.3051588222281,13.970597536810564,8.147480481080002,0.12243140293417794,0.036660863909136115,0.1496184792719919,0.045996376121522194,0.005687060588238468,0.02370328004187058,MLR
1.3,68.99904496231109,14.001521663797531,8.154527256343986,0.12368797889204838,0.037114286497683016,0.15054218151675813,0.04634238592887797,0.005951449552966822,0.023001839931366782,MLR
1.35,69.67296703771049,14.03157516678054,8.16193014735638,0.12500747432998985,0.037577411038236794,0.15160962661565747,0.0467191260852518,0.006205047131379733,0.022408313684017418,MLR
1.4,70.34904739037302,14.06127039738234,8.16948411777719,0.1263891916927908,0.03805026163773508,0.15273086448841847,0.04710580444130813,0.006420874857688593,0.021793204664037166,MLR
1.45,70.95390459335358,14.090658734197607,8.177167584833786,0.1277600271942935,0.038525888631813957,0.1538286597972639,0.04749803087217715,0.006706846595047833,0.021183491337214637,MLR
1.5,71.60246691091172,14.120343485484254,8.184737742334068,0.12913253682830364,0.03900533604338194,0.15489420218080976,0.04787983184066281,0.00698202694609163,0.020654713407757926,MLR
1.55,72.22405076268123,14.150113618406774,8.192280921368564,0.13054201688851957,0.03949216435647265,0.15603769069515522,0.04828220473043473,0.007273394376608591,0.020055791467250842,MLR
1.6,72.86559867913431,14.180823795185137,8.199451797575176,0.13185216508662786,0.0399731099763612,0.15696045591066615,0.04863937732328533,0.007580948886598717,0.01958636616252907,MLR
1.65,73.48988037748269,14.210948429782615,8.206860084280727,0.13320877046181737,0.040462234074864975,0.15802133376406927,0.04903096370786705,0.007910086169219729,0.019073775312545525,MLR
1.7,74.1136225065153,14.241446041887873,8.21412268727102,0.13452980052122396,0.04095163327196044,0.15892676514484155,0.0493935325568865,0.008217640679209855,0.018577371542035148,MLR
1.75,74.7238754026536,14.271849667436381,8.221428455806576,0.1358801278995106,0.04144778543572204,0.1599643029287736,0.04979348297825225,0.008482029643938209,0.018043197919420717,MLR
1.8,75.28340878310932,14.302409304800413,8.228674871717395,0.1373062097737586,0.04195516859070914,0.16109886337215557,0.05020372218612281,0.008859728164978714,0.01758995969417211,MLR
1.85,75.86452493619593,14.332502125298868,8.236110136888735,0.13877637713736898,0.042470555263836404,0.16228510069558044,0.05062121717386381,0.009221239606546056,0.01711513869629262,MLR
1.9,76.46344687670302,14.362940790531916,8.243410509731133,0.140163953963946,0.042981846345280704,0.1632920835497347,0.051008026847806656,0.00952879411653618,0.016602547846309077,MLR
1.95,77.07369977284132,14.393641557130085,8.250608364403533,0.14155739025429898,0.04349752203648697,0.16433564817316917,0.05141066731077587,0.00987951417178808,0.016127726848429582,MLR
2.0,77.65481592592792,14.42454680124402,8.257725283678568,0.14297803119789784,0.044019502582209484,0.16541839510839357,0.05182172535904153,0.010375917942298458,0.01565290585055009,MLR
2.05,78.21488887569942,14.454402453279565,8.265263067019905,0.1444834948552066,0.04455334359177945,0.16662706008636988,0.052261724204621746,0.0108129690880739,0.01511333653477794,MLR
2.1,78.77981794931286,14.484277639399638,8.272795454668083,0.14601100125719646,0.045093337976631884,0.16779756835724804,0.05267938113978039,0.011158293450168076,0.014697868161633385,MLR
2.15,79.2924087992964,14.51462533154169,8.280138993055743,0.14746080000863312,0.04562969834611551,0.1689258666666667,0.05311375482616552,0.011579157516470354,0.014309378254277435,MLR
2.2,79.80499964927994,14.54448438773754,8.28767677639708,0.14904620349317177,0.04618299417864487,0.17022165308813095,0.05357186631561523,0.012064769900665288,0.013899305574290602,MLR
2.25,80.31435308336884,14.575393778838976,8.294793695672114,0.15052027716596614,0.04672929791557569,0.17143555124992438,0.05403024105783529,0.012550382284860225,0.013489232894303767,MLR
2.3,80.81777125498427,14.605852381868244,8.302088672821354,0.15201262678529998,0.04728096221030208,0.1726138564046414,0.05448380735162618,0.013073764521159211,0.013025203282739718,MLR
2.35,81.3287433970205,14.635996279168118,8.309507750913221,0.15355924620008313,0.047841675198768446,0.17382147106396248,0.054928362175044175,0.01357556398482731,0.012674483227487819,MLR
2.4,81.83162199932015,14.66589127838898,8.317023951481927,0.15512037476326396,0.048407720685659995,0.1750706979381647,0.055389786179057494,0.014093550527968575,0.012291389013289591,MLR
2.45,82.30968041309427,14.696304001014855,8.324329720017483,0.15673326192313294,0.04898247177648919,0.17636426973981795,0.055855924007081025,0.014638515536898447,0.011935273264879974,MLR
2.5,82.79906978249961,14.727127195771894,8.331468222065148,0.15824849135340172,0.049551611850495295,0.17754967800122512,0.0563185838685135,0.01522125039793237,0.011562970436997189,MLR
2.55,83.24799145322204,14.756316974853172,8.33925420729174,0.15988983876589705,0.05013622957327513,0.17889668630984015,0.05680286884053702,0.015949668974224774,0.011115127904906303,MLR
2.6,83.74169737715356,14.787023106946222,8.34643047919151,0.16141567103537954,0.050713212747505156,0.18006955316009562,0.05726627359370036,0.016451468437892875,0.010618724134395924,MLR
2.65,84.19655431034948,14.81600779724095,8.354292004122309,0.1630969186059687,0.05130903051201349,0.18146208197687827,0.05776113460826992,0.017179887014185276,0.01024102561335542,MLR
2.7,84.66975660028166,14.845380705479926,8.361991658258377,0.16473547579761832,0.05190414915395808,0.18273626377604016,0.05823565111448707,0.017751830488903757,0.009890305558103522,MLR
2.75,85.11328257784636,14.874594867868879,8.36975066501918,0.16641965310009552,0.052507578574728556,0.18406371437084373,0.05871865770433417,0.018388522281514896,0.009544981196009345,MLR
2.8,85.53198836688554,14.904681200098828,8.377153556031576,0.16794729901312772,0.053099458773083544,0.18527934069732965,0.059206967386885,0.019100753778334135,0.009237426686019219,MLR
2.85,85.94260061618816,14.934385275302459,8.384702130759228,0.16954483995834524,0.053701658399580084,0.1865424040180814,0.05970044817060175,0.019786006809364765,0.008886706630767321,MLR
2.9,86.35213372685922,14.964566246747113,8.392051064840045,0.1711453106354508,0.054307444548661564,0.18778578561475637,0.06019190658427008,0.02059536078302299,0.00859533920025036,MLR
2.95,86.76004812958297,14.994778736666067,8.399378416148231,0.17268676814166933,0.05491093955266151,0.18901082526197951,0.060690474167757635,0.021329175052473115,0.008293180383417956,MLR
3.0,87.13235095746576,15.023322041027415,8.407364042021658,0.17442019284207344,0.055536515268595994,0.19049476248567979,0.06122955802082579,0.022068385015080964,0.00798562587342783,MLR
3.05,87.51922215687439,15.053422072249163,8.414718371795633,0.17605902905580767,0.05615649724550909,0.19180356424704995,0.061736274404514214,0.022866947602423745,0.007705049829226311,MLR
3.1,87.89422283133604,15.083234887959977,8.422175219739604,0.17773427765157854,0.056783253644777466,0.19318073334683883,0.06226129139658187,0.02374104989397463,0.007505409182390616,MLR
3.15,88.26598608990304,15.111776224173488,8.430128471454085,0.17950048744691982,0.05742223504678716,0.19465085804408686,0.06279752038807143,0.024604360799210072,0.007278790069766313,MLR
3.2,88.6172457144707,15.140644694471321,8.437936039453309,0.18121368304619254,0.05805911785532075,0.19605437118310728,0.063330793017705,0.025521628636022725,0.007052170957142009,MLR
3.25,88.95501610614409,15.170425272570332,8.44536590893149,0.18283131358149923,0.058689903051220585,0.19738295656393492,0.06386522783075081,0.02635796107546956,0.0067769906060982125,MLR
3.3,89.28037640355468,15.199743634091822,8.45296844059072,0.18451660697231467,0.05933067739423423,0.19878630215270807,0.06440891977467667,0.027259041832809052,0.006571954266104795,MLR
3.35,89.63433387470121,15.229247100253732,8.460484641159427,0.18622491968510738,0.05997716810628036,0.20018796556747456,0.06495022923085891,0.028084582885940443,0.0063723136192691,MLR
3.4,89.96562943458531,15.25819072484677,8.468211273761284,0.18791174769738792,0.06062500786923789,0.20158053161884656,0.06550282498343911,0.028958685177491325,0.006161881586117961,MLR
3.45,90.29152930131168,15.28760046829718,8.475738265716306,0.18960262152989485,0.06127672791501813,0.20298226996534,0.06605729518934524,0.029784226230622716,0.005973032325597708,MLR
3.5,90.6012420885649,15.31696302228407,8.483270653364485,0.19132083952668982,0.061934440270053834,0.20440304860821615,0.06661699110291701,0.03076084669217031,0.00569245628139619,MLR
3.55,90.88613468729261,15.345726051500918,8.491029660125289,0.19303403512596246,0.0625950065435095,0.2058408805404828,0.0671885446950962,0.03176444561950651,0.005476628555087329,MLR
3.6,91.19099135070387,15.374987106566387,8.498572839159783,0.19470747007818356,0.06325473408841409,0.20723704783825525,0.0677489856578411,0.032811210092104484,0.005282383601409355,MLR
3.65,91.47102782558962,15.403726560611,8.506304867454798,0.19643991820129172,0.0639228350042191,0.2087209379564197,0.06833006476560008,0.03390114010996423,0.0051313041929931524,MLR
3.7,91.75753913226463,15.432960451464428,8.513821068023503,0.19811265559830146,0.06458819547415025,0.2101198162968887,0.06890280834870224,0.03502883997992802,0.005001807557207837,MLR
3.75,92.02192809699298,15.462442139193854,8.52121856334274,0.19974995719057045,0.06525286498162987,0.21146896008724864,0.06947107296984319,0.03608100014568372,0.004839936762476191,MLR
3.8,92.29009404693174,15.492392288957173,8.528411022321983,0.20135000933454916,0.06591695239235366,0.2127732451532939,0.0700356173620082,0.03722488709512067,0.004645691808798217,MLR
3.85,92.54045420945002,15.521359699900549,8.535975784129109,0.2030633444448641,0.06659458472905935,0.2142108121370432,0.07061754449962718,0.0383849611240308,0.004521590866170623,MLR
3.9,92.79567049581024,15.55039681578283,8.543491984697814,0.2047705410693185,0.0672743236894018,0.2156436194230758,0.07120219605687221,0.03970151025451485,0.004365115764596699,MLR
3.95,93.02822487090803,15.578577121569298,8.551326531162825,0.20652140465000834,0.06796044009082003,0.21714708971533309,0.07180385275358933,0.040942519680790795,0.004235619128811383,MLR
4.0,93.27750589479477,15.60671771402949,8.55915568193468,0.20826975703193712,0.0686489289679432,0.2186295798327105,0.07239991275439861,0.04219432049338218,0.0040629569477642945,MLR
4.05,93.51275811647143,15.635461323235585,8.566720443741806,0.20995184166877995,0.06933325127446793,0.22007199159886903,0.07300509692874652,0.04361338779386294,0.0039118775393480925,MLR
4.1,93.73775852114842,15.66447053571708,8.574155708913146,0.21154533679377122,0.0700111758345922,0.2214154502178705,0.0735979953549226,0.04490295845855838,0.003696049813039232,MLR
4.15,93.94171572251028,15.692721003980658,8.581871550128687,0.21321556299201977,0.0706989350458362,0.2228577655093191,0.07420681860036092,0.0462141118958847,0.0035989273362002448,MLR
4.2,94.15268732497721,15.721304841776996,8.589430916242655,0.21486625764434827,0.07138735788325895,0.22427578800660186,0.0748159951272491,0.04746051701531837,0.003491013473045815,MLR
4.25,94.34963012523404,15.749384686563134,8.597168340230828,0.21656173534125067,0.07208266547526512,0.22574128488342168,0.07543040221075192,0.048728504907382925,0.0033938909962068276,MLR
4.3,94.53362326191234,15.777937957833597,8.604689936492692,0.21814086082888642,0.07276860592377767,0.22708879615529504,0.07603824557975043,0.050325630082068494,0.003237415894632904,MLR
4.35,94.71707682927487,15.8062425137431,8.612281676765607,0.21979211352538405,0.07346300424603429,0.22852796627587701,0.0766596148173156,0.05193894233622722,0.0031348977246361954,MLR
4.4,94.89027857963774,15.834518408067403,8.619857229959047,0.22147154745242348,0.07416198266613581,0.2299846526898779,0.0772841426220523,0.053314844091446205,0.003016192475166322,MLR
4.45,95.07589042426335,15.862499569903955,8.627524509936169,0.22310285006987418,0.07485848999936107,0.23137339333851661,0.07789507900987148,0.05477168124403101,0.0029460484641159424,MLR
4.5,95.24369648146849,15.891541886082411,8.634738551688043,0.2246448656202619,0.07554801655468155,0.2327190872318971,0.07851852052888447,0.05639578488450519,0.0028165518283306263,MLR
4.55,95.41959607841022,15.918917380914298,8.642589285232527,0.22634048282820649,0.07625386544169559,0.23419137354956912,0.07914572248179129,0.05804686699076797,0.0027248250446493608,MLR
4.6,95.58956041287844,15.946872432202571,8.650175629812283,0.227999966676199,0.07695738996771533,0.2356088028494178,0.07976516265746884,0.05978967588071202,0.0026169111814949306,MLR
4.65,95.76114345529399,15.973993777183226,8.658064133208873,0.22965080083956987,0.07766138002251251,0.23702418697634056,0.08038725218881448,0.0613652182827667,0.0025413714772868296,MLR
4.7,95.91222286371018,16.00190854607694,8.66560191655021,0.23129493847291094,0.07836581865402632,0.23847035186237397,0.08102268884172807,0.06326989796744238,0.0024874145457096145,MLR
4.75,96.06923753459988,16.030031841973393,8.673020994642076,0.23287559858201187,0.07906483037924597,0.23982990941768512,0.08164433035386527,0.06498572839159783,0.002395687762028349,MLR
4.8,96.22571263617381,16.057373898719202,8.680720648778145,0.23446518739781905,0.0797659732289605,0.24119160192443567,0.08226817658479085,0.06673932866785731,0.0022823782057161974,MLR
4.85,96.35682797990643,16.084521545527025,8.688463468459476,0.23609635050422756,0.08047195790705693,0.2426506423863681,0.0829130192395873,0.06857386434148263,0.002223025580981261,MLR
4.9,96.50035341790183,16.11134967679272,8.696298014924487,0.23771746881559142,0.08117759605780596,0.2440679640586646,0.08354785475414549,0.07045696125352743,0.002142090183615438,MLR
4.95,96.6190586673717,16.139704946122663,8.703485078210573,0.23921888665267385,0.08187215436702709,0.24540263190872694,0.08418325280837646,0.07260444713030059,0.0020611547862496157,MLR
5.0,96.75395099631474,16.167377838239755,8.710904156302439,0.2407688543324718,0.08257115590565876,0.24676959940217602,0.08481713327453022,0.0744605655765568,0.0019748236957260715,MLR
5.05,96.88614547867893,16.19366361435028,8.718841220937447,0.24242498991544953,0.08328086430111617,0.24823715449816772,0.08546048747824903,0.0764947418970178,0.0019046796846756918,MLR
5.1,97.00215288156994,16.220679502515374,8.726449148289834,0.24399141989823725,0.08398236668219718,0.2496257385538751,0.08609854426376945,0.07836165172958943,0.0018237442873098692,MLR
5.15,97.10359191293509,16.24647800837598,8.734504918174313,0.24566792409338864,0.08469467738947827,0.25116044137471166,0.08676079414618697,0.08047136775425855,0.0017751830488903757,MLR
5.2,97.21312448403684,16.272043355676523,8.742614644990368,0.24735112481856975,0.0854077844327451,0.2526663107322054,0.08741080960887496,0.08247316991577323,0.001705039037839996,MLR
5.25,97.32589447103322,16.298180595792665,8.750454587148537,0.24895703642632447,0.0861132544684611,0.2540945409226231,0.08805255341095386,0.0846746127241236,0.0016564777994205026,MLR
5.3,97.44729756708196,16.324412770839796,8.758218989602499,0.250555553948838,0.08681845405331803,0.25551143096975676,0.08869077504629488,0.0865037527045912,0.001597125174685566,MLR
5.35,97.52823296444778,16.350138708470297,8.766145262851191,0.25209533732254913,0.0875179311999081,0.25692926617686107,0.0893482723885949,0.08858109457031398,0.001564751015739237,MLR
5.4,97.61726190155018,16.37620747403368,8.77389347822568,0.2536155891503402,0.08821535923705229,0.25832118675414695,0.08999897403109071,0.09069081059498309,0.0014946070046888574,MLR
5.45,97.69927643754754,16.401357656131157,8.78197083088279,0.25513932875418843,0.08891340879221143,0.2597155084083968,0.09064962777391153,0.09266023859755143,0.0014622328457425283,MLR
5.5,97.78938451328149,16.426144813317695,8.790150701709894,0.2568077413088872,0.08962509059330767,0.26124780507184003,0.09130999368179796,0.0949102426443213,0.0014298586867961993,MLR
5.55,97.88974440601513,16.451917859172603,8.797893521391225,0.2582574005492816,0.09031514588825391,0.2625220156320622,0.09193609394454591,0.09720341223635294,0.0013705060620612627,MLR
5.6,97.96960066474941,16.47810163586946,8.805425909039405,0.25973719417480956,0.09100700173876376,0.26387018472214574,0.09258022383493682,0.09953974737364636,0.0013165491304840476,MLR
5.65,98.03974467579978,16.50194474588759,8.813848586058608,0.2614004448209439,0.0917156121004069,0.26543069481563014,0.09325023997551875,0.10188687389725522,0.0012841749715377187,MLR
5.7,98.11582394932366,16.52615826774284,8.822077018124133,0.26294776179093843,0.0924119799784037,0.26685110794595285,0.09390098453847374,0.10424479180717951,0.001235613733118225,MLR
5.75,98.18542839105827,16.55119067605512,8.829933147361777,0.2644251837287477,0.09310070582062613,0.2682114194647469,0.09454727923257879,0.10645163030868761,0.001192448187856453,MLR
5.8,98.25449326347709,16.575948923996126,8.837854024917311,0.2659097207297136,0.09378915554429745,0.2695736978550011,0.09519140534782132,0.10881494391176963,0.0011223041768060734,MLR
5.85,98.3278746904221,16.601223554352803,8.845521304894433,0.267366774055349,0.09447357865930057,0.27090840585181686,0.09583008359330128,0.11126458860537519,0.0010737429383865797,MLR
5.9,98.39154386968322,16.625421667047412,8.853571679085753,0.26887614402184173,0.0951616634028786,0.2723173396507853,0.0964823234846866,0.1136009237426686,0.0010251816999670863,MLR
5.95,98.45737132620742,16.650148756546116,8.861363060005504,0.2703444977419024,0.09584444310594895,0.2736705573396757,0.0971225780122079,0.11599661150469695,0.0010089946204939217,MLR
6.0,98.51834265888968,16.674862670307043,8.869111275379991,0.27171058986796737,0.09651574658202557,0.2749242181754451,0.09775277970002252,0.11858654422040328,0.0009712247683898712,MLR
6.05,98.56744346662494,16.699049866318735,8.877021361549211,0.273173084124252,0.09719474054550639,0.27629988994843385,0.09839966829498546,0.12104158460716656,0.0009496419957589851,MLR
6.1,98.62679609135988,16.723466427133232,8.88479115969633,0.2745493605564039,0.09786377055276109,0.277566539247653,0.09902770915550152,0.12350741638024529,0.0009226635299703777,MLR
6.15,98.67751560704245,16.747854436030934,8.892523187991346,0.27595995670495804,0.09853437952671691,0.27889211150359255,0.09966718717003778,0.126070370630163,0.0008956850641817702,MLR
6.2,98.73902650904049,16.77241189643531,8.90013651103689,0.27728824133856356,0.0991948322022782,0.28011420227764533,0.10028775203990876,0.12859015933481896,0.000852519518919998,MLR
6.25,98.79945827240697,16.79658622066962,8.907852352252432,0.2786119221077736,0.09985275678013525,0.2813193462219018,0.10090193327500017,0.13103440833526678,0.000830936746289112,MLR
6.3,98.84478209493183,16.820524497862813,8.915616754706393,0.27995415784560757,0.10051119076017169,0.28256859845408094,0.10152662571372742,0.1333707434725602,0.0007931668941850615,MLR
6.35,98.88848720950936,16.844447128602994,8.923337991615092,0.281291650208004,0.1011672052956796,0.2838244551024974,0.10215186705583432,0.1359822589608974,0.000766188428396454,MLR
6.4,98.93003404682382,16.868630184485887,8.930902753422219,0.2825794766393464,0.10181596395122343,0.2850305647559313,0.10277010707639474,0.1386369399944964,0.0007392099626078464,MLR
6.45,98.97589743866446,16.891281013131742,8.939028667317746,0.28399551371854986,0.10247479334581339,0.28634792322075936,0.1033920025549746,0.1412484554828336,0.0007068358036615174,MLR
6.5,99.01960255324201,16.914018616835033,8.947068250122753,0.28532226373069014,0.1031225769569055,0.2875880503062403,0.10400678836863662,0.14396248914116752,0.0006852530310306313,MLR
6.55,99.06924293029304,16.936732899564163,8.955064667382496,0.2866432937900967,0.10376726805568415,0.2888056956123916,0.10461278007680358,0.14652544339108522,0.0006636702583997453,MLR
6.6,99.10647321308132,16.959497385016967,8.962990940631189,0.28793139924352384,0.10440664135311496,0.290021837900227,0.10522465197981504,0.14891033976679816,0.0006582745652420238,MLR
6.65,99.13453081750147,16.98111217940183,8.971327286559868,0.28924224499684364,0.10504612888491802,0.2912809017629225,0.10584501804064343,0.15146250263040043,0.0006366917926111377,MLR
6.7,99.16582583781626,17.00381408657556,8.979178020104353,0.29050984232705457,0.1056790545928339,0.29249017038201824,0.1064551302068577,0.15400926980084498,0.0006151090199802518,MLR
6.75,99.20035827402567,17.025786966204414,8.987271559840934,0.2918124569288794,0.10631336233578088,0.29372073411621363,0.10706183025501453,0.1566261809823399,0.0006043176336648087,MLR
6.8,99.22787630913005,17.04698346310519,8.995624092849088,0.29303736388015084,0.10693760939787839,0.2948870740285586,0.10766434884807964,0.15906503428963,0.0005881305541916443,MLR
6.85,99.25917132944484,17.069632760813366,9.003345329757787,0.2942197199635251,0.10755536759304524,0.29600003896499244,0.10825695147202669,0.16171431963007127,0.0005611520884030367,MLR
6.9,99.28938721112807,17.09185112850234,9.011185271915958,0.2953970536493771,0.1081695761670637,0.2971146884618729,0.10884787882513008,0.16444454036787837,0.0005125908499835431,MLR
6.95,99.31150955307474,17.113456256228755,9.019219459027804,0.2965845716413159,0.10878211740995304,0.2982571786783442,0.10944336129030363,0.16704526446990012,0.0004856123841949356,MLR
7.0,99.34010672681066,17.135229733296026,9.027134940890182,0.2977578595069416,0.1093906245658823,0.29937262375753626,0.11002971132092924,0.16945174361824392,0.0004802166910372141,MLR
7.05,99.36384777670465,17.156860223184538,9.035055818445716,0.29893658830321634,0.10999691335514011,0.30049635570229266,0.1106154238974794,0.17221433851499732,0.0004640296115640496,MLR
7.1,99.3935240890721,17.17907074480863,9.042690724263892,0.3001073649700809,0.11059926927770967,0.30160139928016544,0.11119224228735122,0.1748959980143849,0.00045323822524860656,MLR
7.15,99.41025073786103,17.200594909889837,9.050546853501535,0.30124577507513506,0.11119538065442108,0.302697640295267,0.11177359173622073,0.17759384459324568,0.0004478425320908851,MLR
7.2,99.43129394117616,17.222401843050594,9.058235716251287,0.302323637387837,0.11178232215193992,0.3037257438557838,0.11234172813572128,0.18035643948999908,0.00042086406630227754,MLR
7.25,99.45449542175436,17.244009575489624,9.06595155746683,0.3033777828233503,0.11236380730658185,0.30472645878408433,0.11290250414553368,0.1829949334441249,0.0004100726799868345,MLR
7.3,99.47391991712216,17.26478204307024,9.073947974726574,0.30445843535689815,0.11294460950723989,0.3057601940572148,0.11346592649782657,0.18562263601193527,0.0004100726799868345,MLR
7.35,99.49496312043726,17.28566216829222,9.081847269509478,0.3055537365498859,0.113523448962594,0.30681082924342584,0.11402731391591944,0.18833127397711147,0.000404676986829113,MLR
7.4,99.51978330896279,17.305655884540737,9.090048723109215,0.30666466297960965,0.11410064071811375,0.30786335455398145,0.11458185480871837,0.19100214209018362,0.00038848990735594846,MLR
7.45,99.53057469527823,17.32722951235048,9.09756492367792,0.30765630746817896,0.11466291598839906,0.30883302472582574,0.1151356499309735,0.19352193079483956,0.0003776985210405055,MLR
7.5,99.55107832927757,17.348516376068964,9.105145872564519,0.308684503849827,0.11522588589290526,0.3098138818109387,0.11567988755951439,0.19611186351054588,0.00037230282788278395,MLR
7.55,99.56834454738228,17.36859352322579,9.113158476903735,0.3097757592225885,0.1157917545039096,0.3108662313624121,0.11623121019895365,0.19888524979361474,0.00037230282788278395,MLR
7.6,99.58668990411853,17.388990421163825,9.12098762767559,0.3107778670393292,0.11634513035032563,0.3118282603499001,0.1167690956536441,0.20155072221352915,0.00036690713472506246,MLR
7.65,99.59963956769707,17.408413876009142,9.129151311423222,0.31181987501416364,0.11689856015446416,0.3128458199587195,0.1173126282002055,0.20443741805291016,0.00035072005525189795,MLR
7.7,99.61366836990713,17.427385795388243,9.137439096113482,0.31288141453491825,0.11744976562314145,0.31387750146519555,0.11785189224633763,0.20731871819913344,0.00035072005525189795,MLR
7.75,99.62715760280145,17.447469898830377,9.145225081340074,0.31390347243070577,0.11799293981838542,0.31487432935085186,0.11838447821207526,0.21004893893694054,0.00035072005525189795,MLR
7.8,99.64388425159038,17.467214482891446,9.153092001964032,0.3149061382916157,0.11853027520657951,0.31583682309812483,0.11890604990658808,0.21278995106106305,0.0003399286689364549,MLR
7.85,99.65413606859005,17.485533065096106,9.161476909131132,0.3159389385376592,0.11906697182161205,0.31685709587854377,0.11943737696652601,0.2153583010041385,0.00033453297577873344,MLR
7.9,99.66762530148435,17.504774352400574,9.169440952231929,0.31690909832571634,0.11959410772377878,0.3177919461229881,0.1199506442332278,0.2179482337198448,0.0003291372826210119,MLR
7.95,99.67787711848402,17.522415617874465,9.177993125886918,0.31795780283058056,0.12012531279545009,0.31881737328945087,0.12047290138497196,0.22045723103818532,0.0003291372826210119,MLR
8.0,99.68758936616793,17.54124730528443,9.18601652161245,0.3189638169565052,0.12064868823662203,0.31980373573508564,0.12098841452625712,0.2233601139570395,0.0003237415894632904,MLR
8.05,99.69676204453604,17.560524685966488,9.193807902532198,0.3199052374698516,0.12116179995211646,0.32072629232942396,0.12149405846254437,0.22580436295748732,0.0003129502031478474,MLR
8.1,99.70647429221995,17.579998788102767,9.201469786816164,0.3208138728882606,0.12166822015073399,0.3216091596794182,0.1219909046286747,0.22836731720740505,0.0003129502031478474,MLR
8.15,99.71942395579848,17.598764954163386,9.209358290212752,0.321674376997081,0.12216539364836308,0.3224345175718158,0.12247475512864729,0.23142667522783314,0.0003129502031478474,MLR
8.2,99.72913620348238,17.616849110819473,9.21746262133565,0.32261203071228545,0.12266533296910066,0.3233426178076188,0.12296409295586262,0.23411373042037845,0.00030215881683240436,MLR
8.25,99.73669017390318,17.63518278308751,9.225415873050132,0.32351941053131394,0.12315854806643438,0.32423000165544097,0.12344929096959795,0.23667128897713846,0.00029676312367468287,MLR
8.3,99.744244144324,17.653684440060182,9.233250419515143,0.3244016783627308,0.12364546942091095,0.3250923544539351,0.12392814364110358,0.2392720130791602,0.0002913674305169614,MLR
8.35,99.75017940679749,17.672257206305225,9.241004030582788,0.3252637170930164,0.12412632568140214,0.3259415443933575,0.12440368202805727,0.24183496732907794,0.00028597173735923985,MLR
8.4,99.76204993174449,17.689543077513388,9.249221671262,0.32624113145527234,0.12461455333715603,0.32688879977500374,0.12487987583795603,0.2443871301926802,0.00028057604420151836,MLR
8.45,99.77068304079684,17.707751191082405,9.257018447874906,0.32705880567411094,0.12508323920924402,0.3276814661561425,0.12533892071098715,0.24703101983996373,0.0002751803510437968,MLR
8.5,99.78147442711229,17.725134784024913,9.265095800532015,0.32793981790614735,0.12555438004407643,0.32853386260598716,0.12579880580897318,0.249351167897784,0.00026978465788607533,MLR
8.55,99.78687012027,17.742879078831688,9.272978908235446,0.32877521002735616,0.12601723614974283,0.32935998529236826,0.12625794794075404,0.2519572876929635,0.0002535975784129108,MLR
8.6,99.79388452137505,17.760850430230136,9.280721727916777,0.32958953598117985,0.12647423267019364,0.33015885418299973,0.12670863827237902,0.2543745582276227,0.00024820188525518933,MLR
8.65,99.80089892248007,17.778768422843473,9.288437569132318,0.3304425064937167,0.12693129950164414,0.330995633485435,0.1271592213706532,0.256829598614386,0.00023741049893974628,MLR
8.7,99.80737375426935,17.796490585661882,9.296185784506807,0.3312904546087313,0.12738459847559544,0.33182640117636875,0.12760557408250153,0.2590903940474713,0.00023741049893974628,MLR
8.75,99.81384858605861,17.81369441074719,9.304095870676026,0.3321177550894875,0.12783267886299912,0.3326395896814928,0.12804784611401884,0.2613673765600298,0.0002320148057820248,MLR
8.8,99.81978384853211,17.83110342886357,9.311876460209461,0.33288241511225736,0.12827106016593948,0.33338990468056584,0.1284807578449133,0.26376306432205815,0.00022661911262430328,MLR
8.85,99.82194212579519,17.848245801114043,9.31971640236763,0.33366618814782034,0.12870762082758713,0.3341678674616087,0.12891517040358494,0.26612637792514016,0.00022122341946658177,MLR
8.9,99.82949609621599,17.86560932976871,9.327421452196857,0.3344895823193927,0.1291444852244777,0.33497297186744995,0.1293444993158036,0.2683170293471751,0.00022122341946658177,MLR
8.95,99.83489178937373,17.882182636135944,9.335396286683968,0.3353239978633055,0.12957889537005313,0.33579429665940647,0.12977350095230658,0.2708044438928847,0.00021582772630886026,MLR
9.0,99.84190619047875,17.898165717859616,9.3435599704316,0.3361512983440617,0.13000885019534372,0.33660476541288364,0.13019623101703975,0.2730868220986009,0.00021582772630886026,MLR
9.05,99.8429853291103,17.914439283347694,9.351561783384502,0.33697273936104194,0.13043474410875977,0.3374228819835497,0.13062139456625718,0.2753584089180017,0.00021582772630886026,MLR
9.1,99.84514360637338,17.9304380491487,9.359628344655297,0.33778804189216166,0.1308565582882542,0.3382322949320709,0.13104088622097096,0.277559851726352,0.00020503633999341726,MLR
9.15,99.8489205915838,17.94574589024232,9.367926920731872,0.3386139472624951,0.13127601280929657,0.3390483323156069,0.1314562714327738,0.27979906438680646,0.00019964064683569574,MLR
9.2,99.85161843816266,17.96143187791689,9.37603125185477,0.33943441170217925,0.13169177494516368,0.3398630908796161,0.13186971790929994,0.2819465502635796,0.00019964064683569574,MLR
9.25,99.85485585405729,17.977222017531215,9.384049251887143,0.34021692913836177,0.13210037437183808,0.3406372638222453,0.13227490106084144,0.2842181370829804,0.00019964064683569574,MLR
9.3,99.85863283926768,17.991391399127945,9.392671569553183,0.3410216288302677,0.13250768982963348,0.3414307775070108,0.13267772397877492,0.28627929186922996,0.00019424495367797423,MLR
9.35,99.8624098244781,18.007200898417523,9.400597842801876,0.34180442528853466,0.13291010227651115,0.34220774618269056,0.13307743031546942,0.2882595112581138,0.00019424495367797423,MLR
9.4,99.86510767105696,18.022115518972694,9.408842461946874,0.3426126127564977,0.13331222445665633,0.3430081996941912,0.13347641080760977,0.2902019607948935,0.00018345356736253123,MLR
9.45,99.86888465626737,18.03740678457881,9.416898231831352,0.343375040602591,0.1337073713620152,0.3437583767464476,0.13386719564102836,0.29221455434272364,0.00017805787420480972,MLR
9.5,99.87266164147778,18.05217958184115,9.42512126820372,0.3441466761774752,0.13410051293811498,0.3445205103054074,0.13425634360753672,0.2941893780384497,0.00017805787420480972,MLR
9.55,99.87535948805663,18.066801250195624,9.433365887348717,0.34492096246216264,0.13449118700460416,0.3452881328564792,0.13464424790289814,0.2961749931204912,0.00016726648788936672,MLR
9.6,99.87751776531972,18.082642551511796,9.44108172856426,0.3456514422795724,0.1348744741114506,0.3460124661113092,0.13502498432044469,0.29818758666832135,0.0001618707947316452,MLR
9.65,99.87967604258282,18.097380202102492,9.449202246766632,0.3464516776181252,0.13526210731213367,0.3468081440872995,0.1354105880362141,0.30003830942141985,0.0001618707947316452,MLR
9.7,99.88021561189858,18.112283218210102,9.457220246799006,0.3471887144545224,0.13564124359566107,0.34754405164468893,0.13578929785480792,0.3018188881634679,0.0001618707947316452,MLR
9.75,99.8818343198459,18.12692204177143,9.465308390842429,0.3479270068903001,0.13601820524323266,0.34827800417040305,0.13616446880359726,0.3035401142807811,0.0001564751015739237,MLR
9.8,99.88345302779321,18.140501814784294,9.47378502479321,0.3487297534276141,0.13639921119789097,0.3490757638466483,0.13654359097068589,0.3052505490117788,0.0001564751015739237,MLR
9.85,99.8877695823194,18.154709918831546,9.481975687006631,0.34949204176266496,0.13677416552061103,0.3498236840189061,0.1369129603303354,0.30704191914014234,0.0001564751015739237,MLR
9.9,99.88884872095095,18.168170046435602,9.49043073818478,0.35029757852082466,0.13715112408719526,0.3506263378545539,0.13728873031800348,0.3088171021890327,0.0001564751015739237,MLR
9.95,99.89208613684556,18.182743631483053,9.498405572671894,0.35103852166640587,0.13751959690760238,0.3513599301691216,0.13765393762291847,0.31038185320477196,0.0001564751015739237,MLR
10.0,99.89424441410866,18.197279165809434,9.506364220079533,0.3517683039286042,0.13788531802146267,0.3520855472001814,0.13801792419635658,0.3120491223905079,0.00015107940841620218,MLR
10.05,99.89694226068751,18.21098491467617,9.514619630610847,0.35255151891999803,0.13825386274633933,0.3528642513098054,0.1383843584962903,0.3138027226667674,0.0001456837152584807,MLR
10.1,99.89856096863483,18.22422989308464,9.523026120550577,0.35331645796485245,0.13861859892939857,0.35362355118420696,0.13874705896874967,0.3153674736825066,0.0001456837152584807,MLR
10.15,99.9012588152137,18.23702114701471,9.531583689898723,0.3541261800542807,0.13898612559421894,0.3544256411342156,0.13911155704278075,0.3169699945503499,0.00014028802210075918,MLR
10.2,99.90179838452947,18.24964801031084,9.540173633405816,0.3549077209131671,0.13934882044249608,0.355205617036905,0.139473703748894,0.318653450815559,0.00013489232894303767,MLR
10.25,99.90233795384525,18.26305466405979,9.548418252550814,0.3557008411885633,0.13971053784255658,0.3559974545454545,0.1398349195791879,0.3202289932176137,0.00013489232894303767,MLR
10.3,99.90287752316101,18.276522892836876,9.556608914764235,0.3564992628835663,0.14007136197633602,0.35679486936749605,0.14019525320300188,0.32174518299493343,0.00013489232894303767,MLR
10.35,99.90287752316101,18.287944519197456,9.565587348178683,0.35737357858557295,0.14043785136805753,0.357670035052092,0.1405619871715809,0.32325058138593776,0.00013489232894303767,MLR
10.4,99.90341709247679,18.300721290488475,9.573993838118414,0.3581619554855314,0.14079449343074138,0.35845724238201715,0.1409184413726708,0.3247020228453648,0.00013489232894303767,MLR
10.45,99.90557536973988,18.312060243201692,9.582945293067073,0.3589938598306831,0.14115374188879143,0.35928358560796725,0.1412754418475973,0.32629375232689267,0.00013489232894303767,MLR
10.5,99.90665450837142,18.324493527132216,9.591427322711013,0.359806790674084,0.14150926584341206,0.3600943726938863,0.14163010479141108,0.3278045464110547,0.00013489232894303767,MLR
10.55,99.90989192426605,18.3372495827511,9.599752877253376,0.36061790787393494,0.1418634625803623,0.3608958099003056,0.14198014596143707,0.3291588653936428,0.00013489232894303767,MLR
10.6,99.9131293401607,18.349667532078335,9.608186345658895,0.3613868927390158,0.14221240574715707,0.36165628289374196,0.1423254653612283,0.3304916016036,0.00013489232894303767,MLR
10.65,99.91474804810801,18.36167483071935,9.616760102086515,0.36225200071223135,0.14257007519605858,0.3625164094937221,0.14268104744958546,0.33158153162145976,0.00012949663578531615,MLR
10.7,99.91474804810801,18.37309386336891,9.625544290547285,0.36311124922167126,0.14292643122943127,0.3633744363331983,0.14303742099997854,0.3328711022861552,0.00012949663578531615,MLR
10.75,99.91690632537109,18.38477545274919,9.63419898237227,0.36393645703679317,0.1432788192385787,0.36419317939939183,0.14338712771359352,0.3341282987919043,0.00012410094262759467,MLR
10.8,99.91798546400264,18.396531032740626,9.642799717265678,0.3647606882746191,0.14363040604278188,0.36501443305738696,0.14373743894349933,0.3353261426729185,0.00011870524946987314,MLR
10.85,99.91906460263418,18.408982063959478,9.651098293342255,0.3655430661997592,0.1439772962492087,0.3657932232656345,0.14408297589242547,0.3365185908607749,0.00011870524946987314,MLR
10.9,99.9206833105815,18.420263852138845,9.659839316257763,0.36640859270610204,0.144331401099264,0.3666539298651085,0.14443498159393311,0.3378944926159939,0.00011870524946987314,MLR
10.95,99.92338115716035,18.431309414347215,9.668650483184322,0.36726142370759657,0.14468360674227032,0.36749905124979076,0.14478388022484853,0.33890348723648783,0.00011870524946987314,MLR
11.0,99.92392072647613,18.44290831779575,9.677218843918784,0.3681236019489244,0.14503653599520927,0.3683604599766728,0.14513645020147725,0.34004197849276707,0.00011870524946987314,MLR
11.05,99.92553943442344,18.453793853072654,9.686051593617973,0.36902316914958483,0.14539299731558983,0.36925724344609734,0.1454914680402111,0.34103478603378784,0.00011330955631215164,MLR
11.1,99.926618573055,18.46522225197249,9.694646932818225,0.3698910673436463,0.14574642331699575,0.37012207048710294,0.14584351363880013,0.3420114064953354,0.00011330955631215164,MLR
11.15,99.92769771168653,18.476856457666493,9.703139753848479,0.37074780465432494,0.14609879830536027,0.37097501183051745,0.14619455765422285,0.34309594082003747,0.00010791386315443013,MLR
11.2,99.92877685031807,18.488237390334024,9.711713510276098,0.371643326034759,0.14645491920514223,0.37186939906371985,0.14654993957175796,0.34412112252000454,0.00010251816999670863,MLR
11.25,99.93093512758117,18.49912245117909,9.720465324577923,0.3725455439452229,0.14681172476952634,0.3727647674306848,0.1469037945626375,0.34508695159523667,9.712247683898712e-05,MLR
11.3,99.93147469689694,18.510245326477463,9.729103829323433,0.373413721161369,0.14716562254673576,0.3736311084522099,0.147257018326395,0.3459394711141567,9.712247683898712e-05,MLR
11.35,99.93309340484426,18.521177195360487,9.73780168669368,0.3743157995607906,0.14752338403450552,0.3745306704533796,0.14761330980341358,0.3467973863262344,9.172678368126562e-05,MLR
11.4,99.93471211279157,18.53244182591193,9.746348464655512,0.3751972303259538,0.14787960514606838,0.3754074481567069,0.1479676319113564,0.3477794024809397,9.172678368126562e-05,MLR
11.45,99.93471211279157,18.54333254249118,9.755024739253129,0.37610140139100967,0.14823812762660896,0.376311930717232,0.14832628296196143,0.3487560229424873,9.172678368126562e-05,MLR
11.5,99.93525168210734,18.55312697509239,9.764121877917047,0.37706653878154456,0.14860309287295634,0.37727580124505294,0.14869062100721062,0.34964631231351134,9.172678368126562e-05,MLR
11.55,99.93525168210734,18.563710141173683,9.772884483605186,0.3779852189949982,0.14896386061008626,0.3781950766738835,0.149051542101458,0.35057437153663945,8.63310905235441e-05,MLR
11.6,99.93633082073889,18.573628888236453,9.781895291178582,0.3789525885622096,0.14932990758344222,0.37915869950058034,0.14941611568290053,0.3514322867487172,8.63310905235441e-05,MLR
11.65,99.93687039005465,18.58289724105968,9.791148904944073,0.37998036641073085,0.14970244277721786,0.38018507947477537,0.1497881164703554,0.3522416407223754,8.63310905235441e-05,MLR
11.7,99.93848909800197,18.592813563557428,9.800127338358521,0.380951921309211,0.15007042340165,0.38115205165776717,0.15015434136469638,0.35310495162761085,8.63310905235441e-05,MLR
11.75,99.9401078059493,18.602701045431804,9.809100376079813,0.3819275220279172,0.1504395268075516,0.3821244367083824,0.15052199245275394,0.3538711400560073,8.63310905235441e-05,MLR
11.8,99.9401078059493,18.610746211818157,9.818796436684238,0.38300677945104206,0.15081996475604142,0.3832035033419356,0.15090250703577418,0.3545671844733534,8.63310905235441e-05,MLR
11.85,99.9401078059493,18.621047704829707,9.82757522945185,0.38400191171566844,0.15119340754828506,0.3841992319702842,0.15127610245513776,0.35530639443596124,8.63310905235441e-05,MLR
11.9,99.94172651389661,18.63011103799492,9.836834238910502,0.38501308775015775,0.1515694954364453,0.3852071479767849,0.1516507520572436,0.35609416563698854,8.09353973658226e-05,MLR
11.95,99.94280565252815,18.639748191863188,9.845850442177055,0.38608271891136486,0.1519526914544229,0.3862735111403845,0.1520325055338541,0.3566930875774956,8.09353973658226e-05,MLR
12.0,99.94334522184393,18.64916085197332,9.854942185147815,0.38709054668083925,0.15233118672182386,0.3872792664607941,0.15241044076922747,0.35738913199484174,8.09353973658226e-05,MLR
12.05,99.9438847911597,18.657531738943497,9.864438605105406,0.3881698041039641,0.15271830438882944,0.3883571786275368,0.15279689770480567,0.3580150324011374,8.09353973658226e-05,MLR
12.1,99.94550349910702,18.66797574538421,9.87309329693039,0.38917930600594597,0.15310029421106602,0.3893610807635829,0.1531765839770418,0.3586085586484868,8.09353973658226e-05,MLR
12.15,99.94604306842278,18.677038195137484,9.882287558071148,0.3902799086185406,0.15349269342305896,0.3904610130592281,0.15356859100855846,0.3592668332137288,8.09353973658226e-05,MLR
12.2,99.94658263773856,18.686665234249567,9.891244408712966,0.3913544226662278,0.1538844078638257,0.39153399345692474,0.15395961827069246,0.35979561114318553,7.014401105037959e-05,MLR
12.25,99.9476617763701,18.695419602510253,9.90054118802372,0.39244274830710135,0.15427972142378005,0.3926193595197477,0.15435360474658702,0.3603189933794845,7.014401105037959e-05,MLR
12.3,99.9476617763701,18.70340276024938,9.910134730458148,0.3936013875132869,0.15468374858595954,0.3937780471182707,0.15475772657952344,0.36091251962683385,7.014401105037959e-05,MLR
12.35,99.94820134568587,18.712193393534513,9.9193937399168,0.39471677829636376,0.1550855410799201,0.39489175056819104,0.15515880932502846,0.3614574846357637,5.935262473493657e-05,MLR
12.4,99.94874091500165,18.720186890463463,9.92896030388544,0.3958808584331986,0.15549403928602282,0.3960538771526361,0.15556658503307003,0.3620510108831131,5.3956931577215064e-05,MLR
12.45,99.94874091500165,18.729394018431943,9.93803046408357,0.39696723091948,0.1558971000388389,0.39714080678910374,0.1559697870538289,0.3625797888125698,5.3956931577215064e-05,MLR
12.5,99.94982005363319,18.73835884921543,9.947186955372223,0.39806420624497524,0.15630336001558157,0.3982337658389116,0.15637447091498052,0.36307079688992244,5.3956931577215064e-05,MLR
12.55,99.94982005363319,18.74697497371135,9.95647294329666,0.3992507476596181,0.15672062231156378,0.39941978630965225,0.15679176693231361,0.3635779920467483,5.3956931577215064e-05,MLR
12.6,99.94982005363319,18.75493299805267,9.966012528799512,0.4004250121025398,0.15713912732616492,0.400594640293673,0.15721041353943443,0.3640582087377855,5.3956931577215064e-05,MLR
12.65,99.94982005363319,18.76277102460701,9.975589884154468,0.4016686135334775,0.15756670428215996,0.40183802858993733,0.15763805463769662,0.3645600082014536,4.316554526177205e-05,MLR
12.7,99.94982005363319,18.770249914472146,9.985302131838367,0.4029190510054874,0.1579976066165222,0.40308909384582164,0.15806910274089828,0.3649862679609136,4.316554526177205e-05,MLR
12.75,99.95035962294895,18.778324323726036,9.99476617763701,0.4041216361899931,0.1584263616700856,0.4042917752333446,0.15849769074692094,0.3655042545040549,4.316554526177205e-05,MLR
12.8,99.95089919226473,18.786655783821118,10.004116913879342,0.4053419392768693,0.15885924229678167,0.40551272856047765,0.15893053245444988,0.36601144966088067,3.7769852104050545e-05,MLR
12.85,99.9514387615805,18.79311423380966,10.01420686008428,0.4066522269860197,0.15930339747347558,0.4068216033642297,0.15937399517300552,0.3665941845219146,3.7769852104050545e-05,MLR
12.9,99.95251790021204,18.801044273506786,10.023697884348714,0.40791968480518837,0.15974596100983124,0.40808555018489023,0.15981501683247484,0.3670150485882169,3.7769852104050545e-05,MLR
12.95,99.9535970388436,18.807604557935296,10.033728477928918,0.4092827076883231,0.16020070919455662,0.40944507914298206,0.16026824269946843,0.3674251212682037,3.7769852104050545e-05,MLR
13.0,99.95521574679091,18.814953101317272,10.043435329919658,0.41057695162761076,0.16065175500897,0.410734109711201,0.16071713705879098,0.3678783594934523,3.7769852104050545e-05,MLR
13.05,99.95521574679091,18.822724523355028,10.052964124036194,0.41186268539331905,0.1611048748861225,0.41202041954116053,0.16117039956176277,0.36833699341185866,3.237415894632904e-05,MLR
13.1,99.95521574679091,18.830258441180767,10.062579249243255,0.4131500932915345,0.1615610979363533,0.4133084042537111,0.16162676592236172,0.36868771346711054,3.237415894632904e-05,MLR
13.15,99.95521574679091,18.837274490413165,10.07239401509715,0.4145404603389575,0.1620305421804443,0.41469939424561403,0.1620963586930137,0.3691517430786746,3.237415894632904e-05,MLR
13.2,99.95575531610669,18.843890568561456,10.08235986035946,0.4159651471027825,0.16250636041993288,0.4161226126282719,0.1625714606606158,0.3695564200655037,3.237415894632904e-05,MLR
13.25,99.957374024054,18.850797474592003,10.092201604679145,0.4173608155698122,0.162982676634525,0.41751353328942964,0.1630456493771743,0.3699125358139133,3.237415894632904e-05,MLR
13.3,99.95899273200132,18.857431499363404,10.102145867168826,0.41878020091403045,0.16346480751072853,0.4189278563724987,0.16352570423956342,0.37024167309653433,3.237415894632904e-05,MLR
13.35,99.95899273200132,18.864523359562483,10.111901280397987,0.4201490832609411,0.16394576761791804,0.4202967420178455,0.164006750425267,0.3705330405270513,3.237415894632904e-05,MLR
13.4,99.95953230131708,18.87113663989121,10.12184014719451,0.4215305216016575,0.16443130459964866,0.4216775874510142,0.16449194100292275,0.3710078615249308,3.237415894632904e-05,MLR
13.45,99.96007187063286,18.87759243170037,10.13183297092261,0.42294669819190317,0.16492344696947323,0.42309191400147894,0.16498331949732314,0.3714071428186022,3.237415894632904e-05,MLR
13.5,99.9611510092644,18.884635071720542,10.141582988458612,0.42436859473488253,0.16541958230491174,0.4245089582372977,0.1654777292445048,0.37182261119174675,2.6978465788607532e-05,MLR
13.55,99.96276971721171,18.8916014985926,10.151354588767246,0.42582871730344835,0.16592276362570413,0.42596316918559457,0.16597841209908204,0.3722758494169954,2.6978465788607532e-05,MLR
13.6,99.96330928652749,18.898211579258973,10.161261081404822,0.4273259498092622,0.1664331809775113,0.42745879159042455,0.16648807938511587,0.3726157780859318,2.6978465788607532e-05,MLR
13.65,99.96330928652749,18.905195369908267,10.171011098940825,0.4287605418570895,0.1669413039174115,0.4288939101935065,0.16699633147595042,0.37300426799328773,2.6978465788607532e-05,MLR
13.7,99.96384885584327,18.911752968244873,10.18092298727156,0.43020127239077754,0.1674535401370501,0.4303327071777876,0.1675077816933502,0.373484484684325,2.6978465788607532e-05,MLR
13.75,99.96384885584327,18.91862331407713,10.190699983273351,0.43169055276718127,0.1679738648170519,0.43182252614079214,0.16802823580351495,0.37391074444378497,2.6978465788607532e-05,MLR
13.8,99.9649279944748,18.925287011895097,10.20055251897935,0.43320313148764655,0.16850034291287588,0.4333322299803528,0.16855347117808941,0.37422909034009055,2.6978465788607532e-05,MLR
13.85,99.96546756379058,18.93194672342516,10.210399658992193,0.4347083161228706,0.16903005073545604,0.4348357351958502,0.1690824058620995,0.3746391630200774,2.6978465788607532e-05,MLR
13.9,99.96546756379058,18.939057471480613,10.220057949744515,0.4361712289122822,0.16955943049944988,0.43629803686531476,0.1696118037069482,0.3750492357000642,2.6978465788607532e-05,MLR
13.95,99.96600713310634,18.945892687695405,10.229818758666832,0.4377135234847544,0.17010042138770223,0.43783864051384463,0.1701520241631813,0.37541614283478925,2.1582772630886026e-05,MLR
14.0,99.96654670242214,18.951481033274508,10.240070575666502,0.43932766624400393,0.1706523775851971,0.4394531931279046,0.1707038219473823,0.375847798287407,2.1582772630886026e-05,MLR
14.05,99.96654670242214,18.957237806858018,10.250246852961967,0.440911814129162,0.17120542772771105,0.4410378711401136,0.1712570044004919,0.3762093097289743,2.1582772630886026e-05,MLR
14.1,99.96762584105367,18.9630824778069,10.260379964712167,0.44252525933320014,0.17176538328492377,0.4426462405639246,0.17181515343851625,0.3766463608747498,2.1582772630886026e-05,MLR
14.15,99.96870497968521,18.96878345340269,10.270561637700787,0.44420692543691614,0.17233592510595577,0.44432393395763053,0.17238398708110172,0.37714276464526014,2.1582772630886026e-05,MLR
14.2,99.97032368763253,18.974757686138542,10.280624605439938,0.4458104653569521,0.17290283251775665,0.44592256963050114,0.17294901539913565,0.3776013985636665,1.618707947316452e-05,MLR
14.25,99.97140282626408,18.980643611153273,10.290714551644877,0.4474834817760464,0.1734806531184016,0.44759153022452497,0.17352511545375432,0.3779844927778647,1.618707947316452e-05,MLR
14.3,99.97194239557984,18.984442933025843,10.301630038902948,0.4493102393637399,0.17407748809339196,0.44941694295691387,0.17412144706433075,0.37843773100311334,1.0791386315443013e-05,MLR
14.35,99.97410067284294,18.990850490830418,10.311493365995263,0.45096525885837907,0.17466189522661565,0.4510642240440402,0.17470263284551799,0.3788909692283619,1.0791386315443013e-05,MLR
14.4,99.97517981147448,18.996277828845432,10.321739787301775,0.4526412050093615,0.17525254901841444,0.4527380897310657,0.1752921563615817,0.37935499883992596,1.0791386315443013e-05,MLR
14.45,99.97571938079025,19.001990143887973,10.33186210766566,0.45438523254897945,0.1758538947800521,0.4544802369500452,0.17589269735371788,0.3798837767693827,1.0791386315443013e-05,MLR
14.5,99.97571938079025,19.007664983252333,10.341989823722704,0.45609466135011023,0.17645611597644914,0.45619008091187774,0.17649502872262623,0.3802992451425272,1.0791386315443013e-05,MLR
14.55,99.97625895010603,19.012535195258838,10.352430489982895,0.45786673060922756,0.1770688261553251,0.45796024847670397,0.17710690413778346,0.3808118359925108,5.395693157721506e-06,MLR
14.6,99.97787765805334,19.018608147783766,10.362380148165734,0.45951700672842927,0.17767399191747185,0.4596033355352632,0.1777092991017874,0.38131363545617886,5.395693157721506e-06,MLR
14.65,99.97787765805334,19.024584751974974,10.372356784814361,0.4612886574544197,0.17829497301230726,0.46137482011096,0.17833032613024288,0.38187478754458193,5.395693157721506e-06,MLR
14.7,99.97787765805334,19.030669976260487,10.382279464531411,0.46301287442603295,0.17891564372128843,0.46309913952032444,0.17895106901294153,0.38243593963298494,5.395693157721506e-06,MLR
14.75,99.97895679668488,19.035999737213924,10.392493511678978,0.46479805772312527,0.1795464876215729,0.4648799791034786,0.17958010574704858,0.3829539261761262,5.395693157721506e-06,MLR
14.8,99.97949636600066,19.040558478427865,10.403004321950219,0.4666503458315573,0.18018805425003034,0.46673125452926406,0.18022111150799408,0.38356363950294875,5.395693157721506e-06,MLR
14.85,99.98003593531644,19.045939255993126,10.413175203552525,0.46847222053277066,0.18083106439238297,0.4685515323374491,0.18086357036997985,0.3841032088187209,5.395693157721506e-06,MLR
14.9,99.98057550463221,19.050859833007692,10.423518747335876,0.47034473774233404,0.18148336081362387,0.470420907926194,0.1815148842975038,0.3846967350660703,5.395693157721506e-06,MLR
14.95,99.98057550463221,19.056183165948116,10.43368962893818,0.4721091338941256,0.18212956914083442,0.4721856468696201,0.18216118396867834,0.38524170007500014,5.395693157721506e-06,MLR
15.0,99.98111507394798,19.061224341214558,10.443963028710483,0.4739038039420934,0.18278335310797159,0.4739782471910111,0.18281408851956765,0.38577587369761457,5.395693157721506e-06,MLR
0.0,51.630848256921325,13.204468402568585,7.951163581229463,0.08729819764424036,0.024747497617836907,0.11356547281296701,0.033722965326546304,0.0006690659515574669,0.019705071411998943,ANN
0.05,52.94847652603691,13.238629783897327,7.957098843702957,0.0880768087712388,0.025055414949043762,0.11326198522383346,0.03368411101339043,0.0006690659515574669,0.01901981838096831,ANN
0.1,54.264486087205185,13.265592880687032,7.965926197708988,0.08917503969611457,0.02539745711286456,0.11321004736999107,0.03366313909793057,0.0006744616447151884,0.018323773963622236,ANN
0.15,55.57725823247883,13.287247701867575,7.976890246205479,0.09064381194930207,0.025778801296250476,0.11432813661738007,0.0338820089490601,0.0006744616447151884,0.017687082171011097,ANN
0.2,56.932656353698476,13.308693045659313,7.987951417178808,0.09242257773844917,0.026193783152437637,0.11595686376344597,0.03415252838345582,0.0006798573378729098,0.016969454981034138,ANN
0.25,58.14075205171232,13.333045694339868,7.997863305509543,0.09402276939347012,0.026595220071542244,0.11696508239137293,0.0342823403088816,0.0006798573378729098,0.016375928733684774,ANN
0.3,59.37258879962014,13.36414656223071,8.005088138647732,0.0950407814690314,0.026943773110045567,0.11668507778292757,0.034234839672629996,0.0006798573378729098,0.015771611100019962,ANN
0.35,60.75226754004953,13.394574819539349,8.012593547830122,0.09601498707731487,0.02729146730972459,0.11677912897667726,0.03433275593084914,0.0006906487241883528,0.01518348054582832,ANN
0.4,62.11575920100576,13.431085007596467,8.017676290784696,0.0966565983607884,0.027610289782689645,0.1167179832002849,0.03444614776416841,0.0006906487241883528,0.014762616479526043,ANN
0.45,63.28986203212595,13.46879324257349,8.022289608434548,0.09731718314601284,0.027934248632862875,0.11638848147863971,0.03444686108641628,0.0006906487241883528,0.014244629936384777,ANN
0.5,64.36144669324945,13.504828322885086,8.027582783422272,0.098026875818122,0.028266340651126133,0.11601222584945048,0.034422532962443866,0.0006906487241883528,0.01360793814377364,ANN
0.55,65.4977796722656,13.539235508589185,8.033539628668397,0.09893941754571503,0.028621553884160312,0.11573866310785985,0.03437494172193295,0.0006906487241883528,0.013014411896424273,ANN
0.6,66.58231399696763,13.568089699006702,8.041730290881818,0.10039828451490021,0.02903339485620873,0.116437803223689,0.03449095682197935,0.0006906487241883528,0.012372324410655415,ANN
0.65,67.84436662655868,13.595314759679994,8.05058462335364,0.10205469911996243,0.029468363737032162,0.11789487143107096,0.03481772725160782,0.0006906487241883528,0.01182196370856782,ANN
0.7,69.11613150383364,13.618815719262251,8.060938958523307,0.1040589147534438,0.029941151050827848,0.11987055157500294,0.03524599324996183,0.0006960444173460744,0.011298581472268835,ANN
0.75,70.2891551963223,13.640926439165563,8.071859841474534,0.10592138716796254,0.030404458486682114,0.12125102217718721,0.035534699080970886,0.0007014401105037959,0.010796782008600734,ANN
0.8,71.37692693691895,13.670563023085315,8.07978071903007,0.1074148528756347,0.030836161628790524,0.12210673621347848,0.03573384629689408,0.0007176271899769604,0.010262608385986305,ANN
0.85,72.5440153669341,13.704635690769653,8.085937204923031,0.10847722946264292,0.031230056789828833,0.12255330143996195,0.03592387383851113,0.0007176271899769604,0.009760808922318205,ANN
0.9,73.56110352716462,13.741717361267106,8.090901242628135,0.10916348427964802,0.031591325363898776,0.12256437751681544,0.03608797327306381,0.0007230228831346818,0.009161886981811118,ANN
0.95,74.56740030107967,13.780067801283813,8.095368876562727,0.10975598767623683,0.03194721465146352,0.12264714777348443,0.03629921740212353,0.0007338142694501249,0.008600734893408082,ANN
1.0,75.73125131520021,13.816905676420301,8.100451619517301,0.11053585440261582,0.0323249871760182,0.12320060235830571,0.03661193653856366,0.000766188428396454,0.008169079440790362,ANN
1.05,77.15193732362829,13.852007284218663,8.106235802582379,0.11162111080055899,0.03273625358395865,0.12399408375528016,0.0369412993062211,0.00078777120102734,0.007780589533434413,ANN
1.1,78.32010489227498,13.88113786406353,8.114415673409484,0.11333709662067737,0.0332128077006125,0.12549831529489572,0.0373195943294068,0.0008147496668159475,0.007348934080816692,ANN
1.15,79.35931539445214,13.907106403550278,8.123868927821812,0.11518199064386807,0.03370629744199715,0.1271278970349268,0.03773232777041344,0.0008579152120777195,0.006890300162410364,ANN
1.2,80.39366977278736,13.930451986912859,8.134379738093054,0.11732404318712807,0.034233128075240475,0.12933778710837873,0.038254991852105846,0.0008956850641817702,0.006469436096108086,ANN
1.25,81.50626170190954,13.958091131220822,8.143180113633298,0.11916544943426158,0.03473538549100956,0.13094852657919476,0.038670151014511836,0.0009604333820744282,0.0060539677229635306,ANN
1.3,82.40572375130171,13.989767798146671,8.150372572612541,0.12068946806019437,0.03521136969114097,0.13205936128335247,0.03900923711612172,0.0010035989273362003,0.005703247667711632,ANN
1.35,83.44601339211042,14.019287472409586,8.158433738190176,0.12200603376624777,0.03567165003875019,0.1329755055770014,0.03935134089679413,0.0010359730862825292,0.005363318998775178,ANN
1.4,84.59475646538934,14.054447454759977,8.164244899721043,0.1228266377169743,0.03608822597241695,0.13364617468842088,0.03975854784681048,0.0010629515520711368,0.005066555875100495,ANN
1.45,85.67605337419671,14.09086174079049,8.169559657481399,0.12362212968008938,0.036506579883826315,0.13415773783582932,0.04010839649815205,0.001084534324702023,0.004748209978794926,ANN
1.5,86.37695391538473,14.126508768271838,8.175187365444902,0.12449407369437716,0.03693662655511603,0.134682003785489,0.04043861019652303,0.0011223041768060734,0.004451446855120243,ANN
1.55,87.0751566099939,14.160586954266229,8.181446369507858,0.12550580777303555,0.037384521378197616,0.13536432076044588,0.04079430927992776,0.0012086352673296174,0.004149288038287838,ANN
1.6,87.81382700328598,14.191129922603738,8.189124440871296,0.1268875251358366,0.03787255613300687,0.13653343190699732,0.04120920456505829,0.0013489232894303767,0.0037985679830359405,ANN
1.65,88.46238932084411,14.218337604366901,8.19814064413785,0.12887318580069387,0.038423593445369435,0.1384683029704178,0.04173403947351863,0.0014838156183734144,0.003491013473045815,ANN
1.7,89.12767828719116,14.246642812528833,8.206719796258627,0.13095538810681315,0.038988699791201335,0.1404336607035833,0.042258962029818284,0.0016456864131050596,0.00325899866726379,ANN
1.75,89.79890251601172,14.270902575326657,8.21691765632672,0.132684766986991,0.03952426601580575,0.14195515256538904,0.042741319221897174,0.0018669098325716413,0.003075545099901259,ANN
1.8,90.42102593709701,14.299303738792766,8.225459038595393,0.1341807438934243,0.040041503738392374,0.14332305735767986,0.04322251670799968,0.0020179892409878434,0.0028273432146460695,ANN
1.85,90.92552324734396,14.326699659791258,8.234405097850896,0.1357752155957115,0.040573151313395485,0.144843773052844,0.04372517179569005,0.0020827375588805016,0.002633098260968095,ANN
1.9,91.34099162048852,14.362020398079485,8.240183885222816,0.1367656044849002,0.041051071404882254,0.145615780630298,0.04413872560632009,0.002142090183615438,0.0024388533072901212,ANN
1.95,91.75538085500153,14.3978353793945,8.245768427641057,0.13765708004510802,0.04152409563010258,0.1463128811841014,0.04455337652630279,0.002190651422034932,0.0022014428083503746,ANN
2.0,92.13631679193668,14.433400757266657,8.251455488229295,0.1386109170412177,0.042007950953753724,0.14707389572438345,0.044980874892301285,0.0022500040467698683,0.002055759093091894,ANN
2.05,92.50268435734597,14.46727006942875,8.257822406155407,0.13994227091775344,0.04253326974329266,0.14816140440275785,0.0454258706882948,0.002341730830451134,0.0019316581504642994,ANN
2.1,92.86581450686062,14.496578420336082,8.266013068368828,0.1418085101304139,0.043115405279058466,0.1498473512558756,0.045947505997480646,0.0025143930114982223,0.0017967658215212617,ANN
2.15,93.23703819611187,14.522596620921473,8.275514884019575,0.14351431164444542,0.043686256898511765,0.15137054857956356,0.046459318739170315,0.0031348977246361954,0.0016564777994205026,ANN
2.2,93.62283025688896,14.546921939697132,8.285685765621881,0.14542198563666484,0.04428037534920252,0.15306157732517262,0.046977013832784284,0.003512596245676701,0.0015431682431083509,ANN
2.25,93.94063658387874,14.565128368624372,8.298300896224633,0.1480948776958232,0.04495364102166214,0.15556445074467415,0.04757715641285174,0.003706841199354675,0.0014244629936384777,ANN
2.3,94.22067305876449,14.596185696029833,8.305773931248078,0.14992540208165842,0.04555058799006966,0.15716957139421153,0.0480937824015064,0.003998208629871636,0.0013489232894303767,ANN
2.35,94.49531384049253,14.62720672511074,8.313257757657837,0.1516164154252076,0.046138891455601655,0.1587097267302762,0.048631672995438746,0.004165475117761003,0.001278779278379997,ANN
2.4,94.78344385511484,14.663590236420676,8.318594098190824,0.15268813925204905,0.046672232050488587,0.1595206206358694,0.04908461279640653,0.004311158833019484,0.001224822346802782,ANN
2.45,95.02571047789654,14.699242782562202,8.324221806154327,0.15374828366238066,0.04720955868430912,0.16032352571629743,0.049540000487422846,0.004429864082489357,0.0011654697220678455,ANN
2.5,95.25610657573125,14.73404349228439,8.330189442786768,0.1548859962122234,0.04775962567820361,0.1611966155850482,0.05000316062377903,0.004559360718274673,0.001095325711017466,ANN
2.55,95.47840913382937,14.768400785746472,8.336329741600254,0.15607658344709255,0.0483195311469989,0.16213241708250212,0.05047873494394876,0.005023390329838723,0.0010413687794402508,ANN
2.6,95.6969347067171,14.796329191017744,8.34503299466366,0.15788060073489343,0.048943027214030536,0.16371321534974462,0.05102159500120364,0.005509002714033658,0.0009658290752321497,ANN
2.65,95.91438114097328,14.81810377117774,8.356191288113827,0.16059395099631477,0.04965967137681238,0.16623950117292322,0.05166181458039504,0.005794974451392898,0.0009172678368126561,ANN
2.7,96.15233120922879,14.83931347743978,8.367570804983462,0.1639348219259387,0.050442965250216826,0.16940249002817032,0.0523688753387377,0.006075550495594417,0.0008741022915508841,ANN
2.75,96.34118046974905,14.864144196038973,8.377493484700512,0.16657325475765242,0.05116365745790946,0.17187407894618936,0.05302372630370765,0.0067769906060982125,0.000852519518919998,ANN
2.8,96.55592905742635,14.89584369953332,8.38465356952081,0.16808429885665263,0.05177876965016819,0.17312004363229955,0.05354872784920864,0.007429869478182515,0.0008147496668159475,ANN
2.85,96.74369917931507,14.92640088135744,8.392261496873196,0.16959855170962537,0.05239870673324466,0.17440160269495475,0.05408998817125344,0.007974834487112387,0.0007931668941850615,ANN
2.9,96.91204480583599,14.962867293643168,8.397495319236185,0.17052671867395447,0.05296610804647468,0.17510490507210066,0.05458557134508442,0.008422677019203273,0.0007769798147118969,ANN
2.95,97.04963498135788,15.000580654254648,8.40222194644235,0.17145725732600237,0.05353817906734804,0.1758525692491591,0.0551001138304043,0.00891368509655593,0.0007500013489232894,ANN
3.0,97.19046257277442,15.036448219034847,8.407676992224806,0.17246131829733505,0.05412161558169728,0.1766688864461544,0.055623408556377416,0.009437067332854916,0.0007068358036615174,ANN
3.05,97.34262111982216,15.070271858832951,8.41394139198092,0.17400891428941423,0.054762454967819146,0.17802800762715626,0.056199660129426204,0.009793183081264535,0.0006744616447151884,ANN
3.1,97.47697387944942,15.09901829803523,8.42222917667118,0.17648802551083725,0.055498833042224485,0.18036097488611014,0.05687984693484622,0.010343543783352128,0.0006528788720843023,ANN
3.15,97.61564319360286,15.127911939954801,8.430441421657234,0.17872466654076716,0.05621585963714455,0.18243276376620934,0.057535977538686715,0.011665488606993898,0.0006366917926111377,ANN
3.2,97.75323336912477,15.15528675072782,8.439220214424846,0.1807418567011811,0.05691122071826821,0.1842749323338982,0.05816863485189596,0.014098946221126297,0.0006259004062956948,ANN
3.25,97.89028397533089,15.179473399928826,8.449234620925576,0.18323673267038254,0.05765289309551996,0.18660221171516292,0.05884741148611968,0.015604344612130597,0.0006043176336648087,ANN
3.3,98.03596769058937,15.20947764059333,8.456896505209542,0.1853346997242801,0.0583585870512677,0.18850404794901288,0.05948254123618425,0.016705066016305784,0.0005881305541916443,ANN
3.35,98.17139958884819,15.242419934365529,8.46336594130565,0.1869053150383364,0.059016938390868356,0.18988053291122536,0.060074169471235526,0.01740650612680958,0.0005827348610339228,ANN
3.4,98.30089622463349,15.277805031168691,8.468847965553895,0.18796252971678007,0.05963028458594678,0.19074278206648226,0.0606220754497914,0.017816578806796414,0.0005773391678762012,ANN
3.45,98.42068061273491,15.314777837387968,8.473687902316371,0.18886307349473652,0.06023359738088171,0.19145709856035437,0.06116325220707045,0.018183485941521478,0.0005719434747184797,ANN
3.5,98.54262327809941,15.350727789750987,8.478927120372518,0.18992517105966017,0.06085728515338384,0.19233196092689125,0.06172332564177057,0.018809386347817172,0.0005611520884030367,ANN
3.55,98.63650833904377,15.385998717830148,8.484419936007079,0.19096801610074832,0.061482557154075634,0.1932320379856241,0.06230044177290262,0.020206870875667044,0.0005557563952453152,ANN
3.6,98.72229986025155,15.418437433671384,8.491002681659499,0.19222222037089987,0.06212740338153082,0.19435702172546662,0.06290094335434838,0.022872343295581465,0.0005503607020875936,ANN
3.65,98.79568128719656,15.445640804188494,8.499630395018697,0.1942428983073711,0.06284478311583926,0.196276893561477,0.06358147731856725,0.02492810238867336,0.0005449650089298722,ANN
3.7,98.85665261987882,15.46969728653397,8.509482930724696,0.19724712909195877,0.06365892669875285,0.19921076074972438,0.06436681235559272,0.026503644790728042,0.0005449650089298722,ANN
3.75,98.9170843832453,15.498105462882037,8.517560283381805,0.19942350135162112,0.06439426878444736,0.20130505106749724,0.06507187123674525,0.02835976323698424,0.0005287779294567077,ANN
3.8,98.99208451813763,15.53137280909728,8.523652020956872,0.20063529426491777,0.0650357272290099,0.20240302008557487,0.06567437477871867,0.03061516297691183,0.0005287779294567077,ANN
3.85,99.04819972697793,15.559690491543854,8.53168620806872,0.2021000206978789,0.06570187481627979,0.20378180002070065,0.06631061632260109,0.03207200012949664,0.0005179865431412646,ANN
3.9,99.10377536650246,15.591492285336193,8.538306723573244,0.20325182386299254,0.06634097024064506,0.20484424164815537,0.06691924836436616,0.03270869192210777,0.0005179865431412646,ANN
3.95,99.16258842192163,15.624103915509965,8.544592706101989,0.20443543554574736,0.06698799475698328,0.2059316913065007,0.0675329853809476,0.033248261237879925,0.0005179865431412646,ANN
4.0,99.21168922965688,15.656496141136683,8.550954228334943,0.205605793679485,0.06763834763542655,0.2070219463974939,0.06815584686288018,0.03398747120048777,0.0005071951568258216,ANN
4.05,99.2656461612341,15.68708076830459,8.558022586371559,0.20706633478117767,0.06832088551597634,0.2083925689561455,0.06880703828596577,0.034715889776780175,0.0005071951568258216,ANN
4.1,99.30665342923278,15.713732373655061,8.566650299730755,0.2092055971035919,0.0690739405250243,0.21047153194818743,0.06953765180542006,0.0355252437504384,0.0005071951568258216,ANN
4.15,99.35197725175765,15.741331610149762,8.574867940409964,0.2111235949129405,0.06980762980267549,0.21231824056655008,0.07024534751592305,0.03806121953456751,0.0005071951568258216,ANN
4.2,99.39190538112479,15.772041591544994,8.581774427651848,0.21236440612303256,0.07047112395541376,0.21349173685981998,0.070885279508914,0.041654751177610035,0.0005017994636681002,ANN
4.25,99.43291264912347,15.79341289320064,8.592360777627299,0.21431951386962927,0.07120120072763987,0.21538019096819008,0.0715908631708001,0.04354324378281256,0.0004910080773526571,ANN
4.3,99.47230120917484,15.816836322350085,8.602100003776986,0.2165293687794402,0.07195862585650094,0.21752658199669117,0.07232454398595299,0.0445576340964642,0.0004856123841949356,ANN
4.35,99.51007106127888,15.838437771159027,8.612551461423491,0.21925555405675193,0.07277084094082625,0.22019287849261218,0.0731138141161636,0.045183534502759894,0.0004856123841949356,ANN
4.4,99.54460349748831,15.866861891215388,8.620261906945876,0.22072404728785483,0.07346655707252715,0.22159997276802404,0.073787779441607,0.04588497461326369,0.0004802166910372141,ANN
4.45,99.58129421096082,15.895520150409812,8.627864438605105,0.2220012708799836,0.07414831877177697,0.2228101646212281,0.07444574051442615,0.046581019030609766,0.0004694253047217711,ANN
4.5,99.61366836990713,15.924523023742376,8.635315890855919,0.22338801064030686,0.07484551022625731,0.22413827303011094,0.07512190442122263,0.04728785483427128,0.0004694253047217711,ANN
4.55,99.63902812774843,15.953810050553873,8.64263245077779,0.2247821444858713,0.07554700410599831,0.22548909171251572,0.07580798280178175,0.048901167088430016,0.0004694253047217711,ANN
4.6,99.6703231480632,15.981645792066361,8.650483184322274,0.22627421508312068,0.07625713030274801,0.2269234157274174,0.07649710770808632,0.05168534475781431,0.0004640296115640496,ANN
4.65,99.69838075248337,16.002501706493693,8.66108032568404,0.22853778174421174,0.07704157914698123,0.22913710509054303,0.07726278737671674,0.05315297329671456,0.0004640296115640496,ANN
4.7,99.71672610921962,16.019498019733405,8.673199052516281,0.23162502159895967,0.07790984039449698,0.23219571654906712,0.07811953394313118,0.054124198065104434,0.0004640296115640496,ANN
4.75,99.73237361937701,16.032749589203064,8.686790803580582,0.23555155988410054,0.07886365601544247,0.23610041781677915,0.07906384508106139,0.05592635957978342,0.0004640296115640496,ANN
4.8,99.74532328295554,16.06166659634035,8.69406959365035,0.23697596762584106,0.07957489382227702,0.23750102712849117,0.0797667559847022,0.058710537249167714,0.0004640296115640496,ANN
4.85,99.76043122379717,16.089941382939045,8.70154802436695,0.23817813427721993,0.08026186855163221,0.2386740287199347,0.08044348499767008,0.06142996660065935,0.0004640296115640496,ANN
4.9,99.77446002600723,16.12048421765609,8.708076813087793,0.23915443255113766,0.08092670972179612,0.23962442834815997,0.08109942198113114,0.06292457360534821,0.00045863391840632805,ANN
4.95,99.78525141232268,16.148564051044257,8.715566035190712,0.24041031095379667,0.08162144495397972,0.24085961169059403,0.08178696502709212,0.06406306486162745,0.0004478425320908851,ANN
5.0,99.79334495205927,16.177084704813684,8.722855616646793,0.24166032989267963,0.08231883486930437,0.2420943623682076,0.08247919871015669,0.06538500968526922,0.0004478425320908851,ANN
5.05,99.79820107590122,16.20488779864498,8.730404191374445,0.24308320301295502,0.08303542318007234,0.24351392418860396,0.083194608339527,0.06662601911154517,0.0004478425320908851,ANN
5.1,99.80197806111161,16.226482389498916,8.740413202182019,0.24576488426777746,0.08387763902361191,0.24619268907799272,0.08403535026606791,0.06782386299255934,0.0004478425320908851,ANN
5.15,99.80737375426935,16.246405031939418,8.751053509089045,0.2486611335056358,0.0847424888656807,0.24908247660237007,0.08489733752725637,0.07096415641035325,0.0004478425320908851,ANN
5.2,99.81546729400593,16.27402033946122,8.758521148419332,0.2503200593094591,0.08547861652706916,0.2507262292327735,0.08562801225667639,0.07710445522384034,0.00044244683893316354,ANN
5.25,99.82463997237406,16.300459196314673,8.76633950780487,0.251792877382873,0.0861832252457129,0.25218041269566716,0.0863260252077012,0.08178252119158488,0.00043705114577544205,ANN
5.3,99.8311148041633,16.326972001473735,8.774071536099886,0.25341553031570196,0.0868996777970158,0.2537911317695385,0.08703813132815856,0.08354691285415981,0.0004316554526177205,ANN
5.35,99.84082705184721,16.349890368125134,8.783211840309065,0.2554932682684681,0.0876625390805666,0.2558488914060896,0.08779372763299263,0.08478252658727803,0.00042086406630227754,ANN
5.4,99.84568317568916,16.378696233169208,8.789978039528847,0.25673184730188364,0.08834811650528439,0.2570781987278907,0.08847610702690066,0.0856026719472517,0.000404676986829113,ANN
5.45,99.85107886884688,16.410248215338882,8.795627330264983,0.25773018832048256,0.08901425072536122,0.2580655340570743,0.08913847390857865,0.08670878904458461,0.000404676986829113,ANN
5.5,99.85431628474151,16.439397466226822,8.80221547161056,0.2589848111237609,0.08970845488244046,0.2593138998935498,0.08983073170905098,0.08768540950613221,0.00039388560051367,ANN
5.55,99.85593499268883,16.468606662663063,8.808749656024562,0.2600889015124128,0.09039012533200363,0.2604155193066257,0.09051185922697755,0.09017821974499954,0.00038848990735594846,ANN
5.6,99.85809326995192,16.49748123302707,8.815343193063297,0.26102013771967214,0.09104916895537486,0.2613430092397472,0.09116984969671318,0.09514765314326105,0.00038848990735594846,ANN
5.65,99.85971197789925,16.52622131928594,8.821888168863612,0.26208125870729976,0.09170998392225033,0.26240180374230704,0.09183007092231214,0.0993508981131261,0.00038848990735594846,ANN
5.7,99.85971197789925,16.54983562111613,8.830424155439129,0.2642021055721323,0.09247032384063592,0.26452521095999953,0.09259136567797716,0.10173039879568128,0.000383094214198227,ANN
5.75,99.86025154721501,16.571632176541566,8.83963460365936,0.2666972605634183,0.09326547651623072,0.2670213108270206,0.09338694577527902,0.10481673528189799,0.0003776985210405055,ANN
5.8,99.8624098244781,16.59929641840585,8.84642778134493,0.2679168660950829,0.09393212546814302,0.2682368257275311,0.09405241167350177,0.10850199370862178,0.0003776985210405055,ANN
5.85,99.86348896310965,16.626014085251768,8.853533909233649,0.2688991633438189,0.09457117811111414,0.2692172877458396,0.09469120982411393,0.1112160273669557,0.00037230282788278395,ANN
5.9,99.86510767105696,16.652860003809455,8.860548310338688,0.26998930262824217,0.09522043372811972,0.2703043961033698,0.09533970801937729,0.11254336788375519,0.00036690713472506246,ANN
5.95,99.8661868096885,16.681356690482104,8.866882854105853,0.27111111091926426,0.09587619121625324,0.27142492636356264,0.09599524207319327,0.11343905294793696,0.0003615114415673409,ANN
6.0,99.8661868096885,16.709543812097813,8.873319916043014,0.27214181849967367,0.09652627617968156,0.27245701501472286,0.09664611886969562,0.11484193316894455,0.00035611574840961944,ANN
6.05,99.86780551763582,16.735428027220795,8.8806472673512,0.2732153559700647,0.09718202451448511,0.2735275573997233,0.09730107888120103,0.11616387799258632,0.00035072005525189795,ANN
6.1,99.86888465626737,16.759352664206173,8.888735411394626,0.2747593246750444,0.09788633288192149,0.2750708769139337,0.09800519732961822,0.11741567880517771,0.00035072005525189795,ANN
6.15,99.872122072162,16.781623988809404,8.897449455844345,0.2765280456691469,0.09861359085353212,0.27683322539655103,0.0987301284762374,0.12025381340613922,0.00035072005525189795,ANN
6.2,99.87481991874087,16.810078838064477,8.90359515035099,0.27750169323326124,0.09925437243476753,0.27780117414816774,0.09936901554391332,0.1264156949922572,0.0003453243620941764,ANN
6.25,99.87481991874087,16.836314084864927,8.910517824672347,0.2784295811755057,0.09987811440101932,0.27873022507712,0.09999345539407398,0.13065131412106856,0.0003453243620941764,ANN
6.3,99.87697819600395,16.861240986629742,8.917909924298424,0.27964123457776,0.10052662944672704,0.2799377667810162,0.10064055073034918,0.13220527375049235,0.0003399286689364549,ANN
6.35,99.8780573346355,16.87996946891196,8.927757064311267,0.28176556921864965,0.10126628454509116,0.28206181013143755,0.10137994252286489,0.1332682253025635,0.0003291372826210119,ANN
6.4,99.87913647326704,16.90064454250005,8.936805641736767,0.28334050937501687,0.10195642343253687,0.28363588795790595,0.1020697529343077,0.13425563715042654,0.00031834589630556887,ANN
6.45,99.88129475053013,16.922405667623828,8.945395585243858,0.2845952716893375,0.10261822392696354,0.28488754903221286,0.10273040381514847,0.13571786999616905,0.00031834589630556887,ANN
6.5,99.88129475053013,16.943950375786876,8.954044881375687,0.2860004269072426,0.10329677037583264,0.28629367584124293,0.10340960344425483,0.136958879422445,0.00031834589630556887,ANN
6.55,99.88345302779321,16.96529754646804,8.962742738745932,0.2874110230557969,0.10397758104694246,0.28770029038932127,0.1040889273791192,0.13889593326606703,0.00031834589630556887,ANN
6.6,99.88399259710899,16.986506249100422,8.97144059611618,0.2886163984611483,0.10463580964386862,0.28890565127108114,0.10474728013369394,0.142732271101207,0.00031834589630556887,ANN
6.65,99.88453216642476,17.008217824015208,8.979857877442226,0.2898583257595787,0.1052905901205628,0.2901474536055186,0.10540215846279855,0.14597508268899764,0.0003075545099901259,ANN
6.7,99.88507173574052,17.026682538250665,8.98953235527402,0.2913692303475366,0.10597097534882167,0.2916586689714779,0.10608270103066016,0.14727544474000853,0.0002913674305169614,ANN
6.75,99.88669044368785,17.03733780207151,9.002303960978347,0.29415959070429987,0.1067779856658233,0.2944483062180281,0.10688921046275218,0.1487430732789088,0.0002913674305169614,ANN
6.8,99.8877695823194,17.055571111960987,9.012000021582773,0.295754062406587,0.10746876518025295,0.2960412486698177,0.10757950155862854,0.15226646091090093,0.0002913674305169614,ANN
6.85,99.8877695823194,17.075646414352892,9.02086514544091,0.2970092432540345,0.10811716653693314,0.297296722452397,0.10822843415987043,0.15745172203547128,0.0002913674305169614,ANN
6.9,99.8877695823194,17.094278743896933,9.030232068762714,0.29816830099334707,0.10874977630944992,0.29845568579068205,0.10886152858280122,0.15972330885487204,0.00028057604420151836,ANN
6.95,99.8877695823194,17.110137398468865,9.040672735022905,0.29957220061187156,0.10940649091946902,0.299860604110736,0.10951883453234246,0.16125029001850721,0.00026978465788607533,ANN
7.0,99.8877695823194,17.12869208787674,9.050001888492606,0.30074214021248236,0.11004143728443615,0.3010318582147199,0.11015440071556154,0.16331144480475684,0.00026438896472835385,ANN
7.05,99.8877695823194,17.146455557248235,9.059600826620192,0.3018292102539753,0.11066681488704538,0.30212014965023626,0.11078038629771096,0.16550749191994948,0.00026438896472835385,ANN
7.1,99.88884872095095,17.165696926965147,9.068568468648325,0.3031512168906778,0.11131453988019366,0.3034409220913211,0.11142768526844665,0.1676172079446186,0.00026438896472835385,ANN
7.15,99.88938829026671,17.181293033920728,9.078944386590623,0.30511232361209284,0.11202242613856443,0.30540214234475604,0.11213561243359908,0.17081145829398975,0.0002589932715706323,ANN
7.2,99.88938829026671,17.19999991678774,9.087987568322964,0.30642833127397706,0.11265918068628818,0.30671960727712716,0.11277297517204148,0.176773699233272,0.0002589932715706323,ANN
7.25,99.88992785958249,17.22027095326534,9.096248374547436,0.3074833137757441,0.11324975057085908,0.3077752128299726,0.11336387338126855,0.18508306669616312,0.0002535975784129108,ANN
7.3,99.89208613684556,17.241805979536117,9.103899467445085,0.30841287585049615,0.11381608425981582,0.3087002465902891,0.11392861411712289,0.18748954584450692,0.00024820188525518933,ANN
7.35,99.89262570616134,17.26139603041539,9.1122951659985,0.3098159384027669,0.11442853644403811,0.3101028705262134,0.1145409859464376,0.1887683251228869,0.0002428061920974678,ANN
7.4,99.89262570616134,17.282535632032378,9.120048777066145,0.3109525348642713,0.1150174863861767,0.3112399904069485,0.11513040680204062,0.18982588098180034,0.00023741049893974628,ANN
7.45,99.89262570616134,17.301758939328156,9.1285415980964,0.3120630427608683,0.11560522809859175,0.31235113334125547,0.11571863019031206,0.19160645972384843,0.00023741049893974628,ANN
7.5,99.89316527547712,17.320690916089756,9.137115354524019,0.3133118061003707,0.11620632801323588,0.3135988467658735,0.11631958826466908,0.1932089805916917,0.00023741049893974628,ANN
7.55,99.89316527547712,17.341582513772224,9.144868965591664,0.3143204709360988,0.11678398994611727,0.314608590358387,0.11689776920967543,0.19550754587688107,0.00023741049893974628,ANN
7.6,99.89316527547712,17.36370118760341,9.152061424570908,0.3151520962591659,0.11733824178846675,0.3154408257757852,0.11745248674367634,0.20107050552249195,0.00023741049893974628,ANN
7.65,99.89370484479288,17.38781761608797,9.158320428633864,0.31586639279567047,0.11786351713414106,0.31615403889032917,0.11797757493813646,0.20726476126755625,0.00023741049893974628,ANN
7.7,99.89370484479288,17.41192017056032,9.164498497299455,0.31670304051625986,0.11839115556677003,0.31699129755423033,0.1185056452161279,0.21031872359482662,0.00022661911262430328,ANN
7.75,99.89424441410866,17.433100323889818,9.171793474448695,0.31787925811377354,0.11894825421300652,0.31816634989224196,0.11906252692714839,0.21250937501686154,0.00021043203315113877,ANN
7.8,99.89478398342443,17.454975357624008,9.17876471000847,0.31891219787085945,0.11948913548002413,0.3191987987339174,0.11960323799860131,0.21524499144782636,0.00020503633999341726,ANN
7.85,99.89586312205597,17.47569035589461,9.186129831168762,0.3199035633373441,0.120019360190001,0.3201878891217457,0.12013298595572766,0.21913528621454356,0.00020503633999341726,ANN
7.9,99.89640269137175,17.497752762250663,9.192896030388544,0.32087135143768236,0.12054233355274284,0.32115509109273466,0.1206557578295324,0.22101838312658836,0.00019964064683569574,ANN
7.95,99.89640269137175,17.522368497580715,9.198610069442571,0.321654426918034,0.12104743357856367,0.32193869934806446,0.1211612498035929,0.2225345729039081,0.00019964064683569574,ANN
8.0,99.89640269137175,17.545381407720516,9.20493382182342,0.32254367030156533,0.12156274463051829,0.3228274683619512,0.12167685360974144,0.22454716645173822,0.00019964064683569574,ANN
8.05,99.89640269137175,17.567501891122262,9.211570524407419,0.32329702992991,0.12206259085172536,0.32358105063708203,0.12217705584642512,0.22636551504589036,0.00019964064683569574,ANN
8.1,99.89694226068751,17.588536369678447,9.218611903978244,0.32409852086784324,0.12256722561038984,0.3243838551598232,0.12268216457554292,0.2277036469490053,0.00019964064683569574,ANN
8.15,99.89748183000329,17.61056108340427,9.225232419482769,0.32510690668148684,0.12309301461254207,0.325392640974814,0.12320803028571145,0.22909573578369746,0.00019424495367797423,ANN
8.2,99.89748183000329,17.63511430212602,9.230789983435223,0.325777117728629,0.1235824306325033,0.32606256223567726,0.12369775132269659,0.23345545585513644,0.00019424495367797423,ANN
8.25,99.89748183000329,17.660026009623543,9.236093949809263,0.3263329297210966,0.12404670102621972,0.3266186653127582,0.12416236707523268,0.23886194039917338,0.00018345356736253123,ANN
8.3,99.89748183000329,17.68348203502461,9.24190511134013,0.3269043669503002,0.12450436197008427,0.3271901303532944,0.12462033811638963,0.24116050568436273,0.00018345356736253123,ANN
8.35,99.89856096863483,17.703572389627762,9.24902742630832,0.32773194645314113,0.12498570992551489,0.3280151554295282,0.12510102073232662,0.2425795729848435,0.00018345356736253123,ANN
8.4,99.89856096863483,17.724278541300933,9.25587456092547,0.3286709952787685,0.12547793792439887,0.32895376125739284,0.12559350801184221,0.24412274122795186,0.00018345356736253123,ANN
8.45,99.89964010726638,17.74617120498618,9.262214500385792,0.3294486298284709,0.12595392286482082,0.32972960114935695,0.1260688272948059,0.24595188120841943,0.00018345356736253123,ANN
8.5,99.90071924589793,17.76678815702431,9.269029260843995,0.33028290586134135,0.12643423435343284,0.33056184275367406,0.1265483288799463,0.24749504945152778,0.00018345356736253123,ANN
8.55,99.90071924589793,17.78624935623546,9.276275676754814,0.3311909832355813,0.12692142305312573,0.3314698450221173,0.1270358024964692,0.24903821769463613,0.0001726621810470882,ANN
8.6,99.90179838452947,17.80633388472816,9.283236120928276,0.3320786919976475,0.12740531337046962,0.332355125146502,0.12751870847926294,0.25174685565981236,0.0001726621810470882,ANN
8.65,99.90179838452947,17.8271112762974,9.289851240739642,0.3328328886922458,0.1278693484751424,0.3331089460170346,0.12798298394002552,0.2551515380423346,0.0001618707947316452,ANN
8.7,99.90233795384525,17.849669961624997,9.29570556781577,0.33356169437714817,0.12832737577681017,0.33383694434842726,0.12844081145648142,0.25666233212649664,0.0001564751015739237,ANN
8.75,99.90341709247679,17.869034797496344,9.302811695704488,0.33444479927481885,0.12880073444012424,0.3347185537660542,0.12891352610830484,0.2578817587801417,0.0001564751015739237,ANN
8.8,99.90665450837142,17.888999913092444,9.309648038935322,0.3353140925793032,0.12927252116068005,0.3355811643119464,0.12938260222747916,0.25980262554429057,0.0001564751015739237,ANN
8.85,99.90773364700296,17.908092408400048,9.316775749596673,0.3361925936125785,0.1297400529254711,0.3364568519242609,0.12984907120798447,0.26391953942363205,0.00015107940841620218,ANN
8.9,99.90827321631873,17.925469340468602,9.324513173584844,0.33709857832118395,0.13020175589082905,0.3373619909809195,0.13031040862063678,0.26667673862722774,0.00015107940841620218,ANN
8.95,99.90935235495027,17.94139952038316,9.332784771195632,0.33798670561637706,0.13065872641565143,0.33824839726730216,0.13076670988767203,0.26868933217505786,0.00015107940841620218,ANN
9.0,99.90989192426605,17.95877393749714,9.34043586409328,0.3388163777848521,0.13110729206163127,0.3390767117073329,0.13121484635149677,0.271128185482348,0.00015107940841620218,ANN
9.05,99.91043149358183,17.976380341085356,9.347941273275671,0.33956541257088585,0.131543471998869,0.339824726436136,0.1316506420068446,0.2736749526527925,0.0001456837152584807,ANN
9.1,99.91097106289759,17.992553888389747,9.35597546038752,0.34034583734143403,0.13197954665080738,0.34060415104121655,0.13208631585602845,0.2756875462006227,0.0001456837152584807,ANN
9.15,99.91097106289759,18.009660306453128,9.363594179126222,0.3411439800143526,0.13241452058715478,0.3414025860191825,0.13252153821025014,0.2777648880663454,0.0001456837152584807,ANN
9.2,99.91151063221336,18.02526579917111,9.371768654260169,0.34191701069965946,0.13284379843855068,0.3421745972598005,0.1329503973873944,0.28052208726994116,0.00014028802210075918,ANN
9.25,99.91205020152914,18.040139563431843,9.380148165734111,0.3427955117329347,0.13327249533580662,0.343051884084895,0.13337863448370374,0.28624691771028365,0.00013489232894303767,ANN
9.3,99.91205020152914,18.05534989795281,9.388306453788585,0.34366117775031974,0.1336892170669919,0.34391803285629424,0.13379559369512717,0.2890958436975606,0.00013489232894303767,ANN
9.35,99.91205020152914,18.071071276011782,9.396211144264647,0.34445136829382783,0.13409431286889195,0.34470780191175676,0.13420083386448217,0.29121095541538744,0.00013489232894303767,ANN
9.4,99.91205020152914,18.08468734392744,9.404919793021211,0.3452863418819099,0.13450130921620265,0.3455433708700114,0.13460806951217885,0.293040095395855,0.00013489232894303767,ANN
9.45,99.91366890947646,18.09613821782634,9.414453982830905,0.34612884906627533,0.13490615692015565,0.34638100785751696,0.13501121797104232,0.29546276162367197,0.00013489232894303767,ANN
9.5,99.91474804810801,18.10900099380353,9.423378459313776,0.3469445701305218,0.1353047245101333,0.347194381963008,0.13540876387913586,0.29735125422887454,0.00013489232894303767,ANN
9.55,99.91636675605533,18.120909999513486,9.432648260158741,0.34776084923893746,0.13570114178747572,0.34801032727429826,0.13580454292920136,0.29903471049408364,0.00013489232894303767,ANN
9.6,99.91744589468686,18.13596856884248,9.440623094645854,0.34852815997151076,0.13609075950760058,0.348776328501998,0.13619361283993697,0.3013440671655884,0.00012949663578531615,ANN
9.65,99.91744589468686,18.151149017293964,9.448479223883496,0.34927566013607936,0.13647026120444858,0.34952388776325727,0.13657328667734697,0.3052235705459902,0.00012949663578531615,ANN
9.7,99.91798546400264,18.16550504747654,9.456605137779025,0.35001130186205365,0.13684205355103515,0.3502583854715116,0.13694457110728023,0.3075599056832836,0.00012949663578531615,ANN
9.75,99.91906460263418,18.18046273262258,9.464450475630352,0.3507179252912325,0.13720790673058547,0.3509624965574593,0.13730934528306726,0.30929731888006995,0.00012410094262759467,ANN
9.8,99.91960417194996,18.196043726483232,9.472015237437477,0.35141143468243635,0.1375708071628304,0.35165466874027984,0.1376718201239655,0.310748760339497,0.00011330955631215164,ANN
9.85,99.92176244921303,18.21208100803867,9.479358775825137,0.35210145629758327,0.13793037316075651,0.3523383331101367,0.13802900704352208,0.3133548801346765,0.00011330955631215164,ANN
9.9,99.92230201852881,18.22815675417703,9.486637565894902,0.3527578557515391,0.13828177420572788,0.35299208380627356,0.13837973220703673,0.3153566822961912,0.00010791386315443013,ANN
9.95,99.92284158784457,18.24187723258287,9.494822832415165,0.35347452397576246,0.13863647130069795,0.35370851626977695,0.13873423737643265,0.31722359212876283,0.00010791386315443013,ANN
10.0,99.92338115716035,18.256490908805436,9.50260881764176,0.3541698470105162,0.1389854251183407,0.3544035794396056,0.13908304649728212,0.3194466177097441,0.00010791386315443013,ANN
10.05,99.92446029579189,18.27136925463891,9.510249119153093,0.35487381972989146,0.13933188507448696,0.3551045361757734,0.13942821557203108,0.3210815127365337,0.00010791386315443013,ANN
10.1,99.92553943442344,18.287201103129874,9.51747934798444,0.35550440964102453,0.13966978666172408,0.3557335760468695,0.1397653416799326,0.32237108340122916,0.00010791386315443013,ANN
10.15,99.9260790037392,18.304176220121633,9.524229360124748,0.35615425207599294,0.14000908306433557,0.35638253681504994,0.14010421529723832,0.32335849524909216,0.00010791386315443013,ANN
10.2,99.92715814237076,18.32261039889482,9.530375054631394,0.356719550819336,0.14034008869959785,0.35694467819306896,0.1404339056372924,0.3247397926974689,0.00010791386315443013,ANN
10.25,99.92715814237076,18.339590672714937,9.537065714146967,0.3573437232225238,0.14067391093341092,0.3575687471354982,0.14076783969398604,0.3268764871879266,0.00010791386315443013,ANN
10.3,99.92769771168653,18.35617265231579,9.543875078912013,0.35796524491590803,0.14100386384951258,0.35818990469710954,0.1410975103903077,0.3286732530094479,0.00010791386315443013,ANN
10.35,99.92769771168653,18.371345731926674,9.551213221606513,0.3586022523349862,0.14133267328466523,0.35882737302037254,0.14142648129517074,0.3303513135814993,0.00010251816999670863,ANN
10.4,99.92823728100231,18.388136246944253,9.557871506963142,0.35923326077924606,0.14165857368645773,0.35945703671706253,0.1417517915156527,0.33197541722197343,0.00010251816999670863,ANN
10.45,99.92877685031807,18.406016414480398,9.564065762708207,0.3597868405950371,0.141975422420986,0.36000865135717414,0.14206797844258237,0.33325419650035343,0.00010251816999670863,ANN
10.5,99.92931641963385,18.423018066597642,9.570583760042734,0.36042426654724197,0.14229891285834564,0.36064346743555675,0.1423907461595081,0.3346840551871496,9.712247683898712e-05,ANN
10.55,99.93039555826539,18.438378058949482,9.577733053476715,0.36107062120615313,0.14262217966516302,0.36128554009632613,0.1427125416771457,0.33577398520500934,9.712247683898712e-05,ANN
10.6,99.93039555826539,18.452648905043983,9.585297815283841,0.36174432002935253,0.1429479331469325,0.361959568562234,0.14303842637464625,0.33695024631339265,9.712247683898712e-05,ANN
10.65,99.93147469689694,18.469376074212292,9.591848186777314,0.3623320800505037,0.14326313866027365,0.3625445209334469,0.14335239710168732,0.3387308250554407,9.712247683898712e-05,ANN
10.7,99.93147469689694,18.486518524865915,9.59820431331711,0.3629536017438881,0.14358000451997066,0.3631645143245899,0.14366920783439058,0.3396534885854111,9.712247683898712e-05,ANN
10.75,99.93255383552848,18.50375683247863,9.604506482925329,0.3635244809289225,0.14389251326564484,0.3637315779016025,0.14398025805769252,0.34036032438907265,9.172678368126562e-05,ANN
10.8,99.93255383552848,18.519182288194553,9.611520884030368,0.3641881349570772,0.1442150339037566,0.3643956798410436,0.14430291071969015,0.34099701618168377,9.172678368126562e-05,ANN
10.85,99.93309340484426,18.532664083303658,9.619296077870644,0.36493465854434987,0.14454603779539832,0.36514171298371023,0.14463370462474476,0.34215169451743616,9.172678368126562e-05,ANN
10.9,99.93363297416002,18.54774762168414,9.626402205759362,0.3656128217209025,0.14486882462720918,0.365817936223746,0.14495579648107682,0.3436570929084405,9.172678368126562e-05,ANN
10.95,99.93471211279157,18.56291275070532,9.633448981023347,0.36623490145845583,0.14518481445485446,0.36643717011856686,0.14527069460646774,0.34484414540313924,8.63310905235441e-05,ANN
11.0,99.93525168210734,18.576847029378644,9.640965181592053,0.3669268762281947,0.14550682124740785,0.3671277543584953,0.14559205281069124,0.34608515482941515,7.553970420810109e-05,ANN
11.05,99.93579125142311,18.589894631207365,9.64881051944338,0.36768163096696216,0.1458337798901413,0.36788087224507865,0.14591833419027045,0.3474286824256878,7.553970420810109e-05,ANN
11.1,99.93633082073889,18.603288819997925,9.656488590806818,0.3684203419358668,0.14615750779657927,0.36861834680776395,0.14624150877423783,0.3487452315561719,7.553970420810109e-05,ANN
11.15,99.93740995937043,18.61683164148287,9.664085726772889,0.36916700503418165,0.1464815600946358,0.369361497141191,0.14656438743718844,0.34972724771087715,7.553970420810109e-05,ANN
11.2,99.93902866731774,18.632776320312047,9.670700846584257,0.3698139177372621,0.14679551430446092,0.37000407835007004,0.14687651425166665,0.3507632207971597,7.553970420810109e-05,ANN
11.25,99.94118694458083,18.645794205366165,9.678465249038217,0.3705808099367085,0.14712062674545365,0.3707653857383492,0.14719908965393427,0.3520312086892243,7.553970420810109e-05,ANN
11.3,99.94226608321239,18.65954203876948,9.685911305595873,0.37131017366577995,0.14744077523053326,0.3714910278254672,0.14751782312749337,0.35330998796760427,7.553970420810109e-05,ANN
11.35,99.94334522184393,18.672175851479654,9.693778226219832,0.3721131992251783,0.1477670131681368,0.3722911953700303,0.1478428223793569,0.3545240189280916,7.014401105037959e-05,ANN
11.4,99.9438847911597,18.68307622275107,9.702314212795347,0.3729900261259463,0.14809946854472786,0.373166644272765,0.1481746183305098,0.35571646711594807,7.014401105037959e-05,ANN
11.45,99.9438847911597,18.692290044539746,9.711503078242947,0.3739207042890364,0.14843667660711463,0.3740978449810774,0.14851194264054418,0.3568010014406501,7.014401105037959e-05,ANN
11.5,99.94550349910702,18.70251688836129,9.720265683931085,0.37480436723087635,0.14876897911813905,0.3749764892459186,0.14884216611339574,0.3578046003679863,7.014401105037959e-05,ANN
11.55,99.94604306842278,18.712239590320205,9.729211743186589,0.37574285801233454,0.14910675139101268,0.3759136019175848,0.1491792599324359,0.35854920602375184,7.014401105037959e-05,ANN
11.6,99.94658263773856,18.720062322281425,9.738902408097855,0.3767626837314455,0.14945309377089747,0.3769320828789531,0.14952491999490777,0.35927762460004425,7.014401105037959e-05,ANN
11.65,99.94820134568587,18.729074380203375,9.748102064931771,0.3777511194660421,0.149797111445092,0.3779166012837608,0.14986720017675306,0.3600869785737025,7.014401105037959e-05,ANN
11.7,99.94982005363319,18.736931882773696,9.757749564297777,0.3787946620623418,0.15014742879241297,0.37895636190887494,0.15021569138657984,0.36076144021841766,7.014401105037959e-05,ANN
11.75,99.94982005363319,18.744275812450038,9.767585912924304,0.37985843375977285,0.15050025724738922,0.3800206676743684,0.15056863155902125,0.3616733123620726,7.014401105037959e-05,ANN
11.8,99.9514387615805,18.75243800753208,9.777076937188736,0.38091062604069426,0.15085223983035462,0.3810686125359662,0.15091866562778192,0.36256360173309665,5.935262473493657e-05,ANN
11.85,99.9514387615805,18.76104678187345,9.78637371649949,0.3819734211608293,0.15120594833694634,0.382131924013323,0.1512724826691001,0.363254250457285,5.935262473493657e-05,ANN
11.9,99.95251790021204,18.7672067676641,9.796636324885476,0.38319051549373284,0.15157571683073034,0.3833456104078382,0.15164082817990845,0.36386935947726523,5.935262473493657e-05,ANN
11.95,99.95305746952783,18.770711089381994,9.807951093437218,0.3845236830138184,0.15195855868247463,0.38467719508113524,0.1520229590690253,0.36436576324777564,5.935262473493657e-05,ANN
12.0,99.9535970388436,18.77628131576199,9.818429529549514,0.3857887691452682,0.1523366859048256,0.3859409315346537,0.15240038733163255,0.36487295840460143,5.935262473493657e-05,ANN
12.05,99.95575531610669,18.78027471393703,9.829528470374946,0.38706641127052377,0.15271784443230002,0.3872117828459764,0.1527786141350345,0.36537475786826956,5.3956931577215064e-05,ANN
12.1,99.95683445473823,18.787722518262175,9.839235322365688,0.38822198123377916,0.15308899380071792,0.38836422976146123,0.15314854896129448,0.3659035357977263,5.3956931577215064e-05,ANN
12.15,99.95683445473823,18.79476850880521,9.849093253764845,0.3894011285631808,0.1534643505120257,0.38954332801088243,0.1535239529161349,0.36636216971613256,4.856123841949356e-05,ANN
12.2,99.957374024054,18.80085192431976,9.859328883685043,0.39068909450556555,0.15385260102197362,0.390829880013387,0.15391149440358962,0.36665893283980727,4.316554526177205e-05,ANN
12.25,99.95845316268554,18.808053090142668,9.869111275379991,0.39187131107789763,0.15423324462120905,0.3920096247355011,0.15429098458983095,0.36700965289505916,3.7769852104050545e-05,ANN
12.3,99.95845316268554,18.81582898892055,9.878656256576,0.39301976597799637,0.15461298391584397,0.3931585569806106,0.15467082266094098,0.36737116433662653,3.7769852104050545e-05,ANN
12.35,99.95953230131708,18.824031619891194,9.888023179897806,0.3941666862566299,0.15499498820173446,0.394301557568364,0.15505132854520695,0.36772728008503613,3.7769852104050545e-05,ANN
12.4,99.96061143994864,18.831962922791114,9.897492621389606,0.3953069100052337,0.15537902620061336,0.395437694742524,0.15543376480885462,0.36801325182239536,3.7769852104050545e-05,ANN
12.45,99.9611510092644,18.838020454670804,9.907706668537173,0.3966067343862128,0.15578150194368073,0.39673602936397834,0.15583550611891211,0.3682452666281774,3.7769852104050545e-05,ANN
12.5,99.9611510092644,18.844723503097264,9.917656326720012,0.3977981586873358,0.1561762307653833,0.39792791670130234,0.15623032744978468,0.36856361252448294,3.7769852104050545e-05,ANN
12.55,99.9611510092644,18.852139647427315,9.927314617472334,0.39902041492880375,0.15657675774183444,0.3991506479615245,0.1566309484836335,0.36886037564815766,3.7769852104050545e-05,ANN
12.6,99.96169057858017,18.861174642080858,9.93632002935257,0.40009395239919493,0.15696581625247275,0.40022300059375365,0.15701956332034486,0.3691517430786746,3.7769852104050545e-05,ANN
12.65,99.96223014789595,18.871407363311597,9.944839828848613,0.40115395729848424,0.15735627546487121,0.40128236222019503,0.1574095777442901,0.3695078588270842,3.7769852104050545e-05,ANN
12.7,99.96276971721171,18.882043693407095,9.953192361856766,0.40217727079365234,0.15774603474692367,0.40230403039986184,0.15779858590340662,0.3697128951670776,3.7769852104050545e-05,ANN
12.75,99.96276971721171,18.891131892233837,9.962160003884899,0.4033201452520598,0.15815058830051368,0.4034467722601261,0.15820317796546293,0.36991793150707103,3.7769852104050545e-05,ANN
12.8,99.96330928652749,18.89988588925306,9.971257142548817,0.4044017743629036,0.15855246616097962,0.40452676026232687,0.15860432155289983,0.3701931118581149,3.237415894632904e-05,ANN
12.85,99.96330928652749,18.906819926507197,9.981077304095871,0.40561454385349605,0.1589702090203751,0.4057399748900223,0.15902215830638447,0.3703495869596888,3.237415894632904e-05,ANN
12.9,99.96384885584327,18.91637448142549,9.989845305477168,0.4066845935478301,0.15937752698172963,0.40680836108082424,0.15942872043419748,0.3706571414696789,3.237415894632904e-05,ANN
12.95,99.96654670242214,18.927371262336194,9.998030571997433,0.4076659142192702,0.15977927312633092,0.40778000831214817,0.15982672077849863,0.3708783648891455,3.237415894632904e-05,ANN
13.0,99.96654670242214,18.93788118982292,10.006404687778215,0.40870764317201996,0.16018992814736363,0.40882069029691637,0.16023732122374554,0.3712290849443974,3.237415894632904e-05,ANN
13.05,99.9670862717379,18.945869775770376,10.015782402486336,0.4098979513848045,0.16061828451665908,0.410009183816227,0.16066511532722605,0.3714287255912331,2.6978465788607532e-05,ANN
13.1,99.96762584105367,18.952756202477882,10.02559716834023,0.4111781047088213,0.16105893586179926,0.4112883760504768,0.16110530586636584,0.371585200692807,2.6978465788607532e-05,ANN
13.15,99.96816541036945,18.96260333563523,10.034224881699428,0.41228191607538855,0.16148632358692594,0.41239059814113127,0.1615320129127341,0.37174167579438094,2.6978465788607532e-05,ANN
13.2,99.96816541036945,18.973248021646672,10.042528853469161,0.4133677305175009,0.16191542703031078,0.41347452547038427,0.16196098290104327,0.3720006690659516,2.6978465788607532e-05,ANN
13.25,99.96870497968521,18.98384053044017,10.050849012318368,0.41438867232495014,0.16234171273435016,0.41449369475644304,0.16238649548492273,0.37221649679226043,2.1582772630886026e-05,ANN
13.3,99.96870497968521,18.99252053069264,10.059929963902812,0.4156093939449531,0.162790981997399,0.4157147985211172,0.16283585018918972,0.37241613743909613,2.1582772630886026e-05,ANN
13.35,99.96978411831677,18.99947919599169,10.06969616851829,0.417019850582465,0.16326260175437463,0.4171214730808465,0.16330582937630195,0.37258340392698547,1.618707947316452e-05,ANN
13.4,99.97032368763253,19.008223657066857,10.078744745943787,0.4182836811145344,0.16372400332039572,0.41838454387461005,0.1637667762321814,0.3727614618011903,1.618707947316452e-05,ANN
13.45,99.97140282626408,19.016971638639365,10.087787927676128,0.41942809019440686,0.16417768755952508,0.4195253222797927,0.16421917789426663,0.37295031106171056,1.618707947316452e-05,ANN
13.5,99.97140282626408,19.025089090150374,10.097079311293726,0.420641696751253,0.16464194644716618,0.4207392759930915,0.1646835197511951,0.37322009571959663,1.618707947316452e-05,ANN
13.55,99.97194239557984,19.031818103900196,10.106921055613409,0.4220601055181754,0.1651298958751112,0.42215748662841834,0.1651712449853877,0.3733981535938014,1.618707947316452e-05,ANN
13.6,99.97248196489562,19.038510683788886,10.11677359131941,0.4234034573443477,0.16561470661311392,0.42350004615666925,0.1656555988860839,0.3736355640927412,1.618707947316452e-05,ANN
13.65,99.9730215342114,19.045812486653283,10.126377925140153,0.42481028669476023,0.16610970285225896,0.42490510900622286,0.16614980083968214,0.37380822627378824,1.618707947316452e-05,ANN
13.7,99.97517981147448,19.05541111572523,10.135059595430928,0.4259759014530601,0.1665854859513569,0.42606449160491555,0.16662275027967974,0.3740348453864126,1.618707947316452e-05,ANN
13.75,99.97625895010603,19.062287298818422,10.144825800046403,0.4273841259138955,0.1670888787940062,0.4274687306424018,0.16712445517949037,0.37425606880587914,1.618707947316452e-05,ANN
13.8,99.97625895010603,19.070165860866478,10.15418732767505,0.4287453351534804,0.16759202325288916,0.4288302631240926,0.16762768168160444,0.3744395223732417,1.618707947316452e-05,ANN
13.85,99.97679851942179,19.076671412969752,10.164093820312626,0.4302354525961377,0.16811195389185093,0.43031855154622484,0.16814681809536272,0.3746499544063928,1.0791386315443013e-05,ANN
13.9,99.97733808873757,19.08193792387777,10.174491321027556,0.4318469446455839,0.16864800310199246,0.43192822602285047,0.16868205770104616,0.3748873649053326,1.0791386315443013e-05,ANN
13.95,99.97787765805334,19.08506247262758,10.185741341261405,0.4335886004974828,0.1692011989877596,0.4336680757291194,0.16923444635150833,0.37510319263164144,1.0791386315443013e-05,ANN
14.0,99.97787765805334,19.08924318604962,10.196565101735795,0.43524487559150277,0.1697508022408407,0.43532415914340594,0.16978407821492536,0.37530822897163485,1.0791386315443013e-05,ANN
14.05,99.97787765805334,19.093330178357437,10.20742123636913,0.43692905289397993,0.1703076145059575,0.43700870910778655,0.17034097419893016,0.3756103877884672,1.0791386315443013e-05,ANN
14.1,99.97787765805334,19.095188678509462,10.219162264680332,0.4387881770434838,0.17088573062068318,0.4388682446300973,0.1709191782892444,0.3759017552189842,1.0791386315443013e-05,ANN
14.15,99.97787765805334,19.099109672094077,10.230072356245245,0.44052815876287527,0.1714568196213163,0.44060861135936785,0.17149035324801234,0.3762524752742361,1.0791386315443013e-05,ANN
14.2,99.97787765805334,19.10119337775019,10.24171086638645,0.4424634559414674,0.17205130708156594,0.4425443367657535,0.1720849313759259,0.37650607285264903,1.0791386315443013e-05,ANN
14.25,99.98003593531644,19.103130784682847,10.253403333459232,0.444474647127063,0.1726581223586474,0.4445490275451169,0.17268882014271553,0.37671110919264245,1.0791386315443013e-05,ANN
14.3,99.98111507394798,19.10610916700791,10.264674936465713,0.4464131530596278,0.17326290976487574,0.4464837991127804,0.17329201277659861,0.3769754981573708,1.0791386315443013e-05,ANN
14.35,99.98219421257953,19.109910093678174,10.275612006496415,0.44831733927579004,0.1738692660117322,0.4483837844792227,0.1738966186995036,0.3773046354399918,1.0791386315443013e-05,ANN
14.4,99.98273378189529,19.111008775434403,10.287622819465502,0.4505069650844697,0.17450798614497776,0.4505730430812569,0.17453514634624195,0.37766614688155914,1.0791386315443013e-05,ANN
14.45,99.9843524898426,19.11008964909805,10.300432195021934,0.4528573076138625,0.17516691898992923,0.4529178541639683,0.17519175439635798,0.3781085937204923,1.0791386315443013e-05,ANN
14.5,99.98543162847415,19.110993539067135,10.312502360615756,0.45500912593008264,0.17581104801603342,0.45506635346939645,0.175834400006923,0.37863197595679127,1.0791386315443013e-05,ANN
14.55,99.98543162847415,19.10996182106233,10.325338714637976,0.45731091861676,0.17647450795726086,0.4573684815386442,0.17649793579739984,0.3790042787846741,1.0791386315443013e-05,ANN
14.6,99.98597119778992,19.112833286240317,10.336604921951299,0.45929476563806754,0.17711184769232102,0.45935027827335173,0.17713441755910167,0.3794629127030804,1.0791386315443013e-05,ANN
14.65,99.98597119778992,19.115156050006508,10.348081561297771,0.4612927032746461,0.17775518633565437,0.4613484962359759,0.17777782538237746,0.3799647121667485,1.0791386315443013e-05,ANN
14.7,99.98758990573724,19.117019437633086,10.359730862825293,0.4634208047136774,0.17841546168087433,0.46347078827909977,0.17843561063455474,0.3805690298004133,1.0791386315443013e-05,ANN
14.75,99.98812947505301,19.119261518004095,10.371218293558082,0.465496310489767,0.17907522419424016,0.4655441789424264,0.1790944873593254,0.38098449817355784,1.0791386315443013e-05,ANN
14.8,99.98866904436878,19.122493149910103,10.382301047304042,0.4674567196559706,0.17972866557088352,0.46750285615610426,0.17974722053403652,0.3814539234782796,1.0791386315443013e-05,ANN
14.85,99.98866904436878,19.126495838844026,10.393065455153696,0.46936718386903564,0.1803818834568562,0.469413536867553,0.18040049552702178,0.3819773057145786,5.395693157721506e-06,ANN
14.9,99.98866904436878,19.12971810986862,10.404132021820184,0.4712910411421603,0.18104106604520978,0.4713376121567948,0.18105973569911601,0.382473709485089,5.395693157721506e-06,ANN
14.95,99.98920861368455,19.13119758260226,10.4158838415177,0.47344174337004197,0.18172672525609251,0.4734861425588058,0.18174448291588186,0.38308342281191154,5.395693157721506e-06,ANN
15.0,99.99028775231609,19.132961728988793,10.42751156027259,0.4754657695715279,0.18240492302532413,0.4755065110109812,0.18242121257486063,0.3835852222755796,5.395693157721506e-06,ANN
0.0,49.95332725418571,13.272475135310255,7.894276788267605,0.08051698441184248,0.022547195298940337,0.09771043283646576,0.028224128389140155,0.0006205047131379733,0.0178381615794273,SVR
0.05,51.7668197244959,13.302035251941819,7.902089751959986,0.08132545090189011,0.022836732689418788,0.09834960402747524,0.028507849476283834,0.0006205047131379733,0.01723384394576249,SVR
0.1,53.50315378265069,13.33047771427673,7.910361349570772,0.08223729507427172,0.02313918275279699,0.09926968428483547,0.028839883911788867,0.0006205047131379733,0.01665110908472857,SVR
0.15,55.40405648211597,13.357575042733309,7.919183307883647,0.08323228782785579,0.023452673398750727,0.10030915299663039,0.02920958637580005,0.0006259004062956948,0.01600902159895971,SVR
0.2,57.047584617957945,13.383786462680797,7.928372173331247,0.08429829170196348,0.0237760876571178,0.10104206295399516,0.02943611053488827,0.0006259004062956948,0.01539930827213718,SVR
0.25,58.62204788138108,13.410865634342628,7.937226505803068,0.0853079331149876,0.02409713671116318,0.10168862132061926,0.029658938403821642,0.0006312960994534163,0.01468707677531794,SVR
0.3,60.2008276993304,13.439270344057151,7.945562851731748,0.08629581080541511,0.024419190909003022,0.10238463385078693,0.029893217710065943,0.0006366917926111377,0.014158298845861233,SVR
0.35,61.634463371337,13.468471525444098,7.953591643150437,0.087259971618654,0.02474204568630542,0.1029957413966681,0.03010571395002174,0.0006420874857688593,0.013640312302719969,SVR
0.4,62.96450173471535,13.498939000994147,7.961124030798617,0.08816358463954072,0.02506217434454071,0.10335752871612937,0.03026165780633727,0.0006474831789265808,0.01313851283905187,SVR
0.45,64.14885638283522,13.529971751313475,7.968440590720487,0.08907138299169602,0.025385854152934876,0.10369432785203003,0.030405831996062765,0.0006582745652420238,0.012582756443806553,SVR
0.5,65.29705988679837,13.559518778374892,7.976361468276022,0.09015719743380836,0.025729991738614663,0.1042100401761736,0.030541119485105097,0.0006636702583997453,0.012118726832242504,SVR
0.55,66.32655814129163,13.589266247520507,7.984212201820507,0.09124468600842807,0.026077613583373654,0.10471106824486476,0.030680999743572072,0.0006690659515574669,0.011573761823312632,SVR
0.6,67.36792692073188,13.61771669036397,7.992591713294448,0.0924362498205932,0.02643870914218792,0.1052608725321373,0.030827981614781005,0.0006744616447151884,0.011077358052802253,SVR
0.65,68.37260498669961,13.644450764091015,8.001667269185736,0.09375002530580091,0.026815126201418023,0.10598027869977984,0.03098641323497742,0.0006798573378729098,0.010629515520711369,SVR
0.7,69.2040813023045,13.672936103483497,8.010052176352835,0.09499418478090789,0.027188354880771603,0.1067182420433813,0.03116445570830563,0.0006798573378729098,0.01013311175020099,SVR
0.75,70.04904685080369,13.702552647153656,8.017994636681001,0.09620918644817705,0.02756233295840511,0.10733394725166379,0.03133007812758591,0.0006798573378729098,0.009636707979690611,SVR
0.8,70.85732168583037,13.733108282354987,8.025570189874442,0.09738833377757874,0.027936422014720273,0.10782803746516198,0.031477841132941414,0.0006906487241883528,0.009221239606546056,SVR
0.85,71.64401374822617,13.765208515767549,8.032536029741062,0.09843843339286582,0.028301585798589334,0.10812532104232565,0.031602919787212705,0.0006906487241883528,0.00881116692655922,SVR
0.9,72.3427560121511,13.79713980137413,8.039577409311887,0.09958884144755657,0.028680086651172224,0.10872980740630246,0.03178385370299604,0.0006960444173460744,0.008384907167099222,SVR
0.95,73.01613851823474,13.828172556057153,8.046985696017439,0.10090763933028656,0.029078648231754878,0.10958100024386101,0.03199656465697688,0.0006960444173460744,0.008039582805005045,SVR
1.0,73.71164336626505,13.861316318454604,8.053557650283544,0.10209515732222539,0.029468269498800898,0.1102688030919685,0.03219937951165974,0.0006960444173460744,0.007640301511333654,SVR
1.05,74.36290353040204,13.892831855389073,8.06078787911489,0.10339470268111992,0.02987257406474902,0.11122794598712804,0.03246015628918427,0.0006960444173460744,0.0072895814560817555,SVR
1.1,75.05786880911657,13.922451631888912,8.068784296374634,0.1049017009598938,0.0303009417879134,0.11250585796545105,0.03276597320538038,0.0007014401105037959,0.006879508776094921,SVR
1.15,75.78574781609319,13.953925841264216,8.076046899364927,0.10627267597243881,0.030720149237152477,0.11354615936663438,0.03305138329287845,0.0007068358036615174,0.006485623175581251,SVR
1.2,76.55787150696314,13.984596006988516,8.083638639637842,0.10767225074865243,0.031146155495385422,0.11458100240332095,0.033350443979333816,0.0007122314968192389,0.006134903120329353,SVR
1.25,77.33107433646464,14.015808776039313,8.091019947877603,0.1090123938208522,0.03157047033018067,0.11555658342171364,0.03365389281306332,0.0007122314968192389,0.005789578758235177,SVR
1.3,78.10589587391344,14.048696603375626,8.097737585858967,0.11025250747573287,0.031989179650294665,0.11650721887866478,0.03397558801306204,0.0007176271899769604,0.005519794100349101,SVR
1.35,78.90014190673004,14.08163812418387,8.104439036760857,0.11155763327631883,0.032418300662677826,0.1175927442623848,0.03432350264266256,0.0007338142694501249,0.005206843897201254,SVR
1.4,79.72460382122989,14.114895420745965,8.111021782413278,0.11292135371466497,0.03285725491240144,0.11882497566257885,0.03471145030241545,0.0007338142694501249,0.004791375524056698,SVR
1.45,80.56741109246599,14.149045361684935,8.117253808010446,0.11420094899451258,0.033292311535643146,0.12007166364403489,0.03513038153888996,0.0007338142694501249,0.004543173638801508,SVR
1.5,81.45770046349004,14.181928743869934,8.123998424457598,0.11554123157775464,0.03373752958547387,0.121288631233109,0.03554162826760912,0.0007392099626078464,0.004246410515126826,SVR
1.55,82.3846805479866,14.215239663211648,8.13057577441686,0.11684691542250976,0.034183663228500354,0.12258019265682513,0.035993558576244644,0.0007769798147118969,0.004057561254606573,SVR
1.6,83.30356709274656,14.248776472216443,8.1370667932856,0.11815985384146373,0.03463478363108493,0.12395569611824678,0.036465541548237536,0.000809353973658226,0.003814755062509105,SVR
1.65,84.26507961345254,14.280960915214846,8.144102777163269,0.11964243768783757,0.03510668737244482,0.12548630985266154,0.03695392715081478,0.0008579152120777195,0.0035719488704116374,SVR
1.7,85.20986548536958,14.311681901377302,8.151726891595128,0.12115264472058401,0.03558568397928267,0.12717267754967643,0.03749120752556171,0.0008956850641817702,0.0033938909962068276,SVR
1.75,86.1859463776014,14.342936617174226,8.159140573993838,0.122517760269353,0.036055091773380996,0.1285818454276252,0.03798447363016414,0.0009496419957589851,0.003205041735686575,SVR
1.8,87.15609200735972,14.375208513515815,8.166149579405719,0.12373959797769421,0.036514938221944716,0.12979846779216114,0.0384621843798688,0.0010413687794402508,0.0030323795546394867,SVR
1.85,88.07335984417239,14.407417296456076,8.173185563283388,0.12491023513351643,0.03697407476192696,0.13095812376477223,0.03894072348504921,0.0011330955631215164,0.002832738907803791,SVR
1.9,88.96904490835415,14.439401794185374,8.180313273944737,0.1260843600653958,0.03743788362921036,0.13216057250635274,0.03943602550845721,0.001224822346802782,0.0026654724199144243,SVR
1.95,89.81455002616912,14.471725111335271,8.187306092277144,0.12732098594421934,0.03791208984462842,0.13343110145624068,0.03994055018566968,0.0013435275962726551,0.0025521628636022728,SVR
2.0,90.63361624751124,14.503591399080568,8.194482364176913,0.12856584297453774,0.03839141265939681,0.134644565087454,0.04043057908606808,0.0014568371525848069,0.00236331360308202,SVR
2.05,91.36635137832981,14.536768226356365,8.201135253840384,0.12982520915325385,0.03887652481514587,0.1358174458696525,0.04090173855966996,0.0015809380952124014,0.002217629887823539,SVR
2.1,92.05915837978125,14.567463262830838,8.208780951044876,0.13126607919798416,0.03938358788412341,0.13720368134289868,0.041403821366920675,0.0017913701283635403,0.0020287806273032866,SVR
2.15,92.7152746677602,14.59684767131996,8.216950030485666,0.13267304805943897,0.03989158115544025,0.13853421257972903,0.04189895570919806,0.0020071978546724006,0.001872305525729363,SVR
2.2,93.29045555837331,14.627564526069202,8.224584936303842,0.13403914018550392,0.040399899618617466,0.1397740085368252,0.04237809842798882,0.002223025580981261,0.001715830424155439,SVR
2.25,93.83326229004008,14.655945635042412,8.233153297038305,0.13552060794353946,0.04092384831800802,0.1411150552948753,0.042866763412399055,0.002406479148343792,0.0016133122541587305,SVR
2.3,94.33452218439243,14.683930019682386,8.241878132874339,0.13699565819362985,0.04145171615206271,0.14241778154009826,0.043342300452051265,0.0025629542499177155,0.0015269811636351863,SVR
2.35,94.7553862506947,14.712588632364398,8.25033318405249,0.13841769424765152,0.041979242914017195,0.1437123515001737,0.04383257389301489,0.002703242272018475,0.0014028802210075918,SVR
2.4,95.12121424678821,14.742486688829787,8.258291831460129,0.13980708471777825,0.04250840261359509,0.1449168586031051,0.04430351253678536,0.0028057604420151836,0.0013165491304840476,SVR
2.45,95.4897400894606,14.773568679965651,8.265775657869888,0.14110300278957336,0.04303332552006622,0.1460004782623436,0.04476121846852209,0.002940652770958221,0.0012571965057491111,SVR
2.5,95.78704278245105,14.803528863124772,8.273707326811738,0.14253201439570934,0.04357602253777325,0.14723916032108153,0.04524184240693473,0.003064753713585816,0.00118165680154101,SVR
2.55,96.02984897454851,14.832809360660235,8.281908780411475,0.14399464816303625,0.04412688926870896,0.1485281376373086,0.04573498839076275,0.003269790053579233,0.001138491256279238,SVR
2.6,96.27427387459329,14.861191147629878,8.290466349759622,0.14563543753136246,0.04469978357690114,0.15000328809379693,0.046251941328434444,0.003507200552518979,0.0010791386315443013,SVR
2.65,96.5068282496911,14.8881197146591,8.299601258275644,0.1474561961442377,0.04529495456998964,0.15166061382429738,0.0467900882383155,0.0037284239719855613,0.0010305773931248078,SVR
2.7,96.69297966363249,14.914324669280756,8.309022138529025,0.14934336201324103,0.045901559310631744,0.1534111027878842,0.04734711419496327,0.004041374175133408,0.0009550376889167067,SVR
2.75,96.87157710715307,14.941515189417855,8.318043737488736,0.15112477851219153,0.04650263876947858,0.15503821280530256,0.047892979238870516,0.004343532991965813,0.000863310905235441,SVR
2.8,97.02751263941121,14.969706991922543,8.326660659461618,0.1528872215093912,0.047106805951229944,0.15665609538215142,0.04844501483883693,0.004618713343009609,0.0008039582805005045,SVR
2.85,97.19100214209018,14.99821306253686,8.335148084798714,0.1546630575666503,0.04771736305742093,0.15827442779816467,0.04899900058846848,0.004823749683003027,0.0007715841215541754,SVR
2.9,97.35017509024296,15.02781733160478,8.343193063296876,0.15632351799193883,0.048322080611282715,0.1597688760794138,0.04954513256046343,0.005023390329838723,0.0007392099626078464,SVR
2.95,97.50125449865918,15.058464648625002,8.350817177728738,0.15797407313322506,0.04893103001500947,0.16125838120220032,0.05009740567465686,0.005239218056147583,0.0006744616447151884,SVR
3.0,97.64100295144415,15.087565221200872,8.359056401180577,0.15993336621109025,0.049575223739109796,0.16308207527588817,0.0506926866288433,0.00551439840719138,0.0006312960994534163,SVR
3.05,97.76186647817711,15.116532599237175,8.367344185870838,0.16188610226996808,0.050224167962081775,0.16490772282473717,0.05129582861541874,0.005805765837708341,0.0006205047131379733,SVR
3.1,97.87085947996309,15.144513190132894,8.376020460468455,0.16402606214759383,0.05089649336047894,0.16694565498078698,0.05193004655868263,0.006118716040856189,0.0005881305541916443,SVR
3.15,97.98416903627525,15.171112146144594,8.385241700075,0.1662508447389294,0.051582105848882495,0.16905732248880767,0.05257299570090395,0.0066259111976820105,0.0005611520884030367,SVR
3.2,98.09963686985049,15.199067876492228,8.393912578979458,0.16850004176266503,0.052275275551813855,0.17118366901892623,0.05322063737154469,0.006933465707672136,0.0005341736226144292,SVR
3.25,98.20862987163646,15.228113339791362,8.402141011044984,0.17058712695526432,0.052958170818654754,0.17315293549361863,0.053860964380753724,0.007370516853447578,0.0005071951568258216,SVR
3.3,98.30197536326504,15.258065816883096,8.409997140282627,0.17255046585335587,0.053633965191699835,0.17501003431657755,0.05449881015478149,0.007872316317115678,0.0004964037705103787,SVR
3.35,98.40988922641947,15.289707583620974,8.417168016489239,0.17422780711476102,0.05428694340710663,0.17654907652999685,0.05510418452867593,0.008406489939730108,0.0004910080773526571,SVR
3.4,98.50323471804805,15.321440772077949,8.424290331457431,0.1760074099701618,0.05495425486214438,0.17821291799363492,0.055730987656796134,0.009059368811814409,0.0004694253047217711,SVR
3.45,98.59442193241354,15.352775085029839,8.43155833014088,0.17798832725958136,0.05564534492665042,0.18008102342279234,0.05638192016502243,0.009874118478630357,0.00045323822524860656,SVR
3.5,98.68992570130521,15.385660261853598,8.438189637031721,0.1796426491990094,0.056308592848813836,0.18161781401273885,0.05700518979873345,0.010775199235969849,0.00044244683893316354,SVR
3.55,98.76816325209218,15.417578723426576,8.445187851057286,0.18143132027215875,0.05698807665101751,0.18331670935809888,0.05765388726747478,0.01177879816330605,0.00043705114577544205,SVR
3.6,98.84424252561605,15.447445665074737,8.452984627670194,0.18349301445506197,0.057697008715743486,0.18528413749583766,0.05832902509767483,0.01296045496484706,0.000426259759459999,SVR
3.65,98.91384696735066,15.47884848080349,8.46014471249049,0.18533707141199893,0.058387880002284655,0.18703682024874538,0.05898783037221725,0.014077363448495412,0.00042086406630227754,SVR
3.7,98.9926240874534,15.50954494074226,8.467563790582357,0.18711541866801917,0.059075129960074954,0.18870513965530397,0.05963660271249285,0.015345351340559966,0.000415468373144556,SVR
3.75,99.04766015766215,15.541093728228027,8.474615961539499,0.18868868469187888,0.059744783577465474,0.190205580406171,0.06028127920972195,0.01671585740262123,0.0004100726799868345,SVR
3.8,99.104854505134,15.57346798940708,8.481312016748232,0.19017796506828247,0.06040852826501733,0.19161346472554633,0.06091711327123682,0.017951471135739454,0.0003992812936713915,SVR
3.85,99.16582583781626,15.606191156676756,8.487840805469075,0.19160307036523447,0.061067965682424154,0.192949487308678,0.061545914008448104,0.019424495367797424,0.00038848990735594846,SVR
3.9,99.21870363076192,15.63994065812454,8.493927147350984,0.1928645292095849,0.061712668113949924,0.19414054618919432,0.06216743722539916,0.02123744826879185,0.0003776985210405055,SVR
3.95,99.26888357712873,15.674274497665172,8.499743704575009,0.19400307882568135,0.062345792026822576,0.1952033979714966,0.06277495070151842,0.02299644423820906,0.0003615114415673409,SVR
4.0,99.32607792460058,15.706932518921487,8.506196953591644,0.19537000801800003,0.06300181568775642,0.19648826753004062,0.06340285065087777,0.024625943571840957,0.0003615114415673409,SVR
4.05,99.38381184138821,15.739592264959093,8.512617828449331,0.19677069888255194,0.06366237227659186,0.1977982385675738,0.06403154828818194,0.026131341962845257,0.00035611574840961944,SVR
4.1,99.43129394117616,15.771543782132914,8.519292300885434,0.19806061797952876,0.06431374924671306,0.19901342672795058,0.06465684360004742,0.027804006841738924,0.0003399286689364549,SVR
4.15,99.47338034780638,15.80321266216501,8.526042313025743,0.1993965757204599,0.06496977668813483,0.20028417732985454,0.06529007564956683,0.02982739177588449,0.0003399286689364549,SVR
4.2,99.51330847717352,15.832148597439877,8.533844485331809,0.2008905994723012,0.06564077322609013,0.2017195870108604,0.06594059873675671,0.031737467153717905,0.0003399286689364549,SVR
4.25,99.54945962133024,15.860424173574822,8.541878672443655,0.20246051723114605,0.06632042713513056,0.20323877158559986,0.06660257578016501,0.033205095692618154,0.0003237415894632904,SVR
4.3,99.58615033480275,15.88860209458243,8.549923650941817,0.20377624587094584,0.0669773267246805,0.2044943343411029,0.06723821161107943,0.0346457457657298,0.0003237415894632904,SVR
4.35,99.61960363238063,15.916478416413781,8.558060356223661,0.2050647698574997,0.06763331805746611,0.2057277899343545,0.06787464979493749,0.03599466905516017,0.0003129502031478474,SVR
4.4,99.64550295953771,15.943818554788827,8.566385910766027,0.20644927744114644,0.06830094894726466,0.2070752319521757,0.06852946882322858,0.037235678481436114,0.0003075545099901259,SVR
4.45,99.66978357874744,15.970703864493101,8.574867940409964,0.20793172177647803,0.06898054962931703,0.20851844084863114,0.06919497988575496,0.03851985345297384,0.0003075545099901259,SVR
4.5,99.6919059206941,15.997361742290307,8.583414718371795,0.20936701137951688,0.06965796410208859,0.2099173521828082,0.06985942257813144,0.03987956812871966,0.0003075545099901259,SVR
4.55,99.70431601495686,16.02435465016076,8.591799625538895,0.21077146904221053,0.0703344749035316,0.211305163860703,0.0705301561550169,0.04132561389498902,0.00030215881683240436,SVR
4.6,99.71888438648271,16.049989632997967,8.600697123555978,0.21244434595026251,0.0710386994073671,0.21295510404086312,0.07122620281686212,0.04287417783125509,0.00030215881683240436,SVR
4.65,99.73615060458741,16.073047370672818,8.610598220500396,0.21430835298624637,0.07176389140356876,0.21479179173789786,0.07194131174794599,0.04411518725753104,0.00030215881683240436,SVR
4.7,99.75233768406059,16.097189355393116,8.62004068352641,0.2160363367560014,0.07247879943570924,0.21649326672219998,0.07264652115442378,0.04542634069485736,0.00029676312367468287,SVR
4.75,99.76312907037602,16.11891426619455,8.630421997161866,0.21790438961221156,0.07320963914888644,0.2183449938667561,0.07337134861398892,0.04685080368849584,0.00029676312367468287,SVR
4.8,99.78147442711229,16.14069171953426,8.640754749558901,0.219866751933007,0.07395217744720498,0.22027626371344525,0.07410227288460992,0.048134978660033564,0.00029676312367468287,SVR
4.85,99.7928053827435,16.161871897782436,8.651303329682248,0.22188701133635136,0.0747037456611606,0.22227864226354288,0.07484712528511868,0.049230304371051026,0.00029676312367468287,SVR
4.9,99.80305719974317,16.184976760474388,8.661058742911408,0.2237132108798757,0.0754399174052681,0.22409232265040438,0.0755790052608802,0.050476709490484696,0.00029676312367468287,SVR
4.95,99.81061117016398,16.209476623048204,8.670231421279535,0.22541454804055402,0.07616702157008577,0.22578188494015636,0.0763018389496095,0.05164217921255254,0.00028597173735923985,SVR
5.0,99.81438815537437,16.232987934271794,8.679776402475545,0.22732389616528087,0.07691762588208233,0.22768721841839246,0.07705095905920935,0.052877792945670764,0.0002751803510437968,SVR
5.05,99.82032341784787,16.255389602506046,8.689742247737856,0.22945143956014308,0.07769293973348895,0.22980659061621622,0.07782312795405802,0.05392995311142646,0.00026978465788607533,SVR
5.1,99.8257191110056,16.278934292830403,8.69922787630913,0.23164985456448667,0.07847882590096247,0.2319978199664883,0.07860621409359982,0.05531125055980317,0.00026978465788607533,SVR
5.15,99.83273351211064,16.30161682741792,8.709026455083553,0.2339548560051367,0.07927729040079251,0.23429178028677516,0.0794005258221145,0.05700010251817,0.00026978465788607533,SVR
5.2,99.8370500666368,16.323067533742407,8.71928366777638,0.23646200894605926,0.08009724259694652,0.2367940133707324,0.08021840852942154,0.05860801907917101,0.0002589932715706323,SVR
5.25,99.84082705184721,16.344904893041928,8.729357426901847,0.23887568948865012,0.08091110698696749,0.23920356216560915,0.081030541213424,0.06007564761807126,0.0002589932715706323,SVR
5.3,99.84460403705762,16.36861649083365,8.738648810519443,0.24106433872003366,0.08170543227805219,0.24139187868896755,0.08182489494704016,0.061764499576438085,0.0002589932715706323,SVR
5.35,99.84838102226803,16.392711758090535,8.74775134487652,0.24305767249221677,0.08248245428633695,0.24337994647990835,0.08259998989790682,0.06372853188584872,0.0002535975784129108,SVR
5.4,99.84946016089957,16.41763772369709,8.756481576405713,0.24491721517484746,0.08324723738918864,0.24523994181157935,0.08336498953524316,0.06557385894578947,0.0002428061920974678,SVR
5.45,99.8526975767942,16.443919376564494,8.76463446876703,0.2467572263115581,0.08401172420539105,0.24707555447962823,0.08412789435989727,0.06741379031257251,0.00023741049893974628,SVR
5.5,99.85485585405729,16.46917818599648,8.773154268263072,0.24863741662844716,0.08478046475855468,0.24895369627804437,0.08489590731585826,0.06996595317617478,0.00023741049893974628,SVR
5.55,99.85701413132037,16.495354770255695,8.781253203692813,0.2504534318658846,0.08554134773534566,0.25076665165236567,0.08565593660748719,0.07256667727819655,0.00023741049893974628,SVR
5.6,99.85755370063615,16.52108307539285,8.78947624006518,0.2524294662688243,0.08631583238347482,0.25274359102821115,0.08643094010438894,0.07542639465178894,0.0002320148057820248,SVR
5.65,99.85917240858348,16.544985283538136,8.798373738082264,0.2545438956257115,0.08710176908604936,0.2548569053341402,0.0872165059237469,0.07832927757064312,0.0002320148057820248,SVR
5.7,99.86187025516233,16.571292809925126,8.806246054399379,0.2562234690637933,0.08784228504040499,0.25653233592504743,0.08795564247086488,0.08182029104368893,0.0002320148057820248,SVR
5.75,99.86456810174118,16.59835601833856,8.813746067888612,0.2576801038563019,0.08855643277355932,0.257984435007186,0.08866833412676593,0.08518720357410715,0.00022661911262430328,SVR
5.8,99.86672637900428,16.625606363069014,8.821105793355743,0.2591244616770894,0.08926530858988045,0.25942514489480567,0.08937615814810798,0.08826814436716612,0.00021582772630886026,SVR
5.85,99.86780551763582,16.65296809150494,8.828368396346036,0.26057858527083677,0.08997331152286797,0.2608786694329185,0.09008408444167755,0.09064224935656359,0.00021582772630886026,SVR
5.9,99.86942422558313,16.68083583342611,8.835377401757917,0.26191189230196454,0.0906679276700198,0.2622099104116353,0.09077810599492286,0.09341563563963244,0.00021582772630886026,SVR
5.95,99.87050336421468,16.70979532878203,8.84188460770613,0.26308183190257534,0.09134255212301813,0.2633782543478144,0.09145254259476358,0.09687427495373194,0.00021582772630886026,SVR
6.0,99.87158250284622,16.73892739841459,8.848262317018555,0.26418689886852315,0.09200738777598148,0.26448161698587214,0.09211713775010884,0.09961528707785446,0.00021582772630886026,SVR
6.05,99.87266164147778,16.765874248119232,8.855460171690956,0.26547723649862676,0.09268780165913802,0.2657699039098418,0.09279726100470138,0.10247500445144686,0.00021043203315113877,SVR
6.1,99.87481991874087,16.792603733592337,8.862679609135988,0.2666880528346273,0.09335618443473788,0.2669762152338453,0.09346436518327154,0.10609011886712026,0.00021043203315113877,SVR
6.15,99.87589905737241,16.81945374865999,8.869780341331548,0.26780135095207014,0.09400977752644733,0.2680880120581515,0.09411767716455131,0.10930055629596457,0.00021043203315113877,SVR
6.2,99.87751776531972,16.844196934915193,8.87766344903498,0.2690605776197439,0.09467389567247292,0.2693442983803874,0.09478098317202187,0.11218185644218785,0.00021043203315113877,SVR
6.25,99.8780573346355,16.86761333250563,8.886026773429448,0.27039862802630943,0.09534376572864557,0.2706825273598514,0.0954510778344016,0.11448042172737721,0.00019964064683569574,SVR
6.3,99.8780573346355,16.89237268274427,8.893807362962884,0.27161042093960597,0.09600033402401012,0.2718957997698628,0.09610837027108417,0.11671963438783163,0.00019424495367797423,SVR
6.35,99.87859690395126,16.917461691658747,8.901409894622113,0.27269358467191485,0.09664318257783126,0.2729786715647081,0.09675138490220633,0.11895884704828606,0.00018884926052025274,SVR
6.4,99.88075518121435,16.942812588566937,8.908866742566083,0.2737036446180659,0.09727854173239588,0.2739845974329055,0.0973853686344061,0.12089050519875036,0.00018884926052025274,SVR
6.45,99.88129475053013,16.96662221227758,8.91690632537109,0.27475374423335297,0.09791865675817092,0.27503460463608725,0.09802564714930663,0.12249302606659364,0.00018884926052025274,SVR
6.5,99.88237388916167,16.989573024324958,8.925253462686085,0.27587583154645956,0.09856624791916403,0.27615532122194303,0.09867287967379387,0.1245649722391587,0.00018884926052025274,SVR
6.55,99.88291345847745,17.012400015309414,8.933605995694236,0.2769885716197331,0.09921204916201788,0.27726745487154,0.09931878037599425,0.12673404088856274,0.00018884926052025274,SVR
6.6,99.88291345847745,17.033712247293916,8.94252507648395,0.27821654781393496,0.09986896092733172,0.278496870546036,0.09997637895680528,0.12849303685797997,0.00018345356736253123,SVR
6.65,99.88291345847745,17.053789638941712,8.95190279119207,0.2795162326838717,0.10053351189821577,0.2797979392813155,0.10064161119511515,0.13028980267950122,0.00017805787420480972,SVR
6.7,99.88345302779321,17.07191390667584,8.962025111555956,0.2809857024922707,0.10121503357718091,0.2812669138760892,0.10132322704878936,0.13225923068206957,0.0001726621810470882,SVR
6.75,99.88453216642476,17.089011390172885,8.972514339054566,0.2824590786098536,0.10189632299435962,0.28273965282872104,0.10200440464035852,0.13441750794515817,0.0001726621810470882,SVR
6.8,99.88615087437208,17.105262051556252,8.983305725370009,0.2839159924244468,0.10257660612479731,0.28419448329209923,0.10268397971587,0.13597146757458198,0.0001726621810470882,SVR
6.85,99.8877695823194,17.1212129291311,8.994188838469134,0.2854914906249832,0.1032704929053593,0.28576756522349767,0.10337692550058349,0.13730959947769691,0.0001726621810470882,SVR
6.9,99.8877695823194,17.137243619502915,9.005012598943523,0.2870925193462578,0.10396915978730079,0.28737011346927743,0.10407626594893239,0.13884737202764752,0.00016726648788936672,SVR
6.95,99.8877695823194,17.153454568831524,9.015728445554759,0.28856687204113673,0.10465636909334898,0.2888461226954761,0.10476416196940763,0.14077903017811183,0.0001618707947316452,SVR
7.0,99.8877695823194,17.17061230224627,9.02602882379285,0.290059919215682,0.10534603189291866,0.2903402887346388,0.10545445903162133,0.1425542132270022,0.0001618707947316452,SVR
7.05,99.88884872095095,17.18919277428732,9.035724884397274,0.29144526386558245,0.10602615230361512,0.2917241779319062,0.10613411530933897,0.14437256182115435,0.0001564751015739237,SVR
7.1,99.88884872095095,17.20857509813895,9.045059433560132,0.2929166868285734,0.10671454812867046,0.29319598122370044,0.10682306657193458,0.14672508403792092,0.0001564751015739237,SVR
7.15,99.88884872095095,17.22535025829661,9.055386790264011,0.2946316960713958,0.1074249389166923,0.29491289884241634,0.10753415741269513,0.1492502684357346,0.00015107940841620218,SVR
7.2,99.88884872095095,17.24259444001733,9.06547673646895,0.29624039789999623,0.10812348991352361,0.2965229717545252,0.10823335356428265,0.15157581218671257,0.00015107940841620218,SVR
7.25,99.88938829026671,17.257868086324905,9.076311288329656,0.2982150371925129,0.1088570832023082,0.2984979165982456,0.10896705311730963,0.15378804638137838,0.00015107940841620218,SVR
7.3,99.88938829026671,17.27358036485548,9.086924616770894,0.30019651252610163,0.1095906766130798,0.30048144643705976,0.1097013512725329,0.1562215039955108,0.00015107940841620218,SVR
7.35,99.88938829026671,17.28954992707291,9.097381470110557,0.302089537858881,0.11031359650725708,0.30237656799619717,0.11042497651856376,0.15889776780174064,0.00015107940841620218,SVR
7.4,99.88992785958249,17.30666985910514,9.107325732600238,0.30378334142327595,0.11101526351981668,0.304069906367992,0.1111266543328589,0.1613474124953462,0.00015107940841620218,SVR
7.45,99.88992785958249,17.325256452991063,9.116638698990466,0.30536888441885696,0.11170568323366287,0.3056571965278265,0.11181773706057228,0.16361899931474697,0.0001456837152584807,SVR
7.5,99.88992785958249,17.344747335781967,9.125541592700706,0.3069653092757361,0.1123957541002975,0.3072553805400558,0.11250846942056798,0.16637080282518493,0.00014028802210075918,SVR
7.55,99.89100699821402,17.364840341363916,9.134142327594114,0.3084561242736048,0.11307186348901142,0.3087457598349277,0.11318440113522102,0.16977548520770722,0.00014028802210075918,SVR
7.6,99.89208613684556,17.38681612259269,9.14191752143439,0.309811613560456,0.11372910017399307,0.3101004953627932,0.11384136887122334,0.1735147005660082,0.00013489232894303767,SVR
7.65,99.89208613684556,17.408977088213952,9.149541635866251,0.31119960892015985,0.11438283160057666,0.3114891522094926,0.11449563004892442,0.17746434795746036,0.00013489232894303767,SVR
7.7,99.89316527547712,17.431472001445655,9.156949922571803,0.31249873574592757,0.11502027731626478,0.3127870017446728,0.11513259078449904,0.18200752159626185,0.00013489232894303767,SVR
7.75,99.89316527547712,17.45402106598139,9.164244899721043,0.31383762321874675,0.11565215739856405,0.31412732114402997,0.11576505031592377,0.18627011919086187,0.00013489232894303767,SVR
7.8,99.89370484479288,17.47740835835653,9.17111901280398,0.3150212349015016,0.11626050683365476,0.31531063520871144,0.11637333495103297,0.19017660103705222,0.00012949663578531615,SVR
7.85,99.8953235527402,17.50014718924424,9.178181975147437,0.31619591787755014,0.11686196844252578,0.31648199841200403,0.11697363488657668,0.19361905327167855,0.00012410094262759467,SVR
7.9,99.8953235527402,17.52310141666344,9.185093858082478,0.31734228011201454,0.1174555429269152,0.3176295618751317,0.1175677335439131,0.19677013807578791,0.00011870524946987314,SVR
7.95,99.8953235527402,17.547550980760292,9.19134207075912,0.318295977597082,0.11802514522772055,0.31858425870292045,0.11813783376002074,0.2001100721404175,0.00011870524946987314,SVR
8.0,99.8953235527402,17.571761393355573,9.19761726190155,0.3191136518159205,0.11857552818491783,0.31940251041649786,0.118688666244849,0.20370899947661777,0.00011870524946987314,SVR
8.05,99.89586312205597,17.596619364251932,9.20356331576136,0.319896169252103,0.11911612670266918,0.32018453736631736,0.11922948593161271,0.20719461725650587,0.00011870524946987314,SVR
8.1,99.89640269137175,17.621452985528872,9.209444621303275,0.320587306955588,0.11964060186130875,0.3208734055017527,0.11975364637832593,0.21118743019321978,0.00011870524946987314,SVR
8.15,99.89640269137175,17.645079067589336,9.215725208138863,0.32139675002293167,0.12016757625320867,0.3216828500656257,0.12028098587050702,0.21536909239045393,0.00011870524946987314,SVR
8.2,99.89640269137175,17.66818343037136,9.222140687303394,0.3221881961658204,0.12068551915911688,0.3224741393856574,0.12079926948287797,0.218525572887721,0.00011870524946987314,SVR
8.25,99.89694226068751,17.69074534801881,9.228718037262658,0.32305790800343176,0.12120694963320305,0.3233424480668892,0.12132042369405456,0.22104536159237698,0.00011870524946987314,SVR
8.3,99.89748183000329,17.714059438671356,9.234944667166667,0.3238414020169101,0.12171679397908486,0.3241261169150331,0.12183064247527646,0.2236352943080833,0.00010791386315443013,SVR
8.35,99.89856096863483,17.736764327303412,9.241360146331198,0.3246474968192389,0.12222467635413388,0.324929808225985,0.12233765051648135,0.22623062271694733,0.00010791386315443013,SVR
8.4,99.89964010726638,17.76017048051483,9.247446488213109,0.32533975061106224,0.12271835638044527,0.3256205043559982,0.12283072482689637,0.22866408033107974,0.00010251816999670863,SVR
8.45,99.90017967658216,17.784121372551382,9.25326844113029,0.32595359919712086,0.12320158150620596,0.3262320903925508,0.12331357373985319,0.23079537912837972,9.712247683898712e-05,SVR
8.5,99.90071924589793,17.807636765617687,9.259225286376415,0.326591583193495,0.12368548388939758,0.3268679688683168,0.12379709185476663,0.23274322435831718,9.712247683898712e-05,SVR
8.55,99.9012588152137,17.830399508191572,9.26544112489411,0.32723961198491364,0.12416822247380546,0.327515012389954,0.12427954533894797,0.23512272504087237,9.712247683898712e-05,SVR
8.6,99.90233795384525,17.85233073378733,9.271942935149164,0.32794302666011993,0.12465340026865047,0.3282145993778085,0.12476364856581508,0.23724323245185694,9.712247683898712e-05,SVR
8.65,99.90287752316101,17.874120675101775,9.278460932483691,0.3286451857359456,0.12513658951170586,0.3289151098172862,0.1252464691658621,0.23912632936390174,9.712247683898712e-05,SVR
8.7,99.90395666179256,17.8941400257734,9.285647995769777,0.32950652691101956,0.12563357490784557,0.32977288831519536,0.1257424033929895,0.2411712970706782,9.712247683898712e-05,SVR
8.75,99.90449623110833,17.91336490830314,9.293110239406905,0.33042074277112016,0.12613349321636208,0.3306863367106656,0.12624219126575248,0.24334036572008222,9.712247683898712e-05,SVR
8.8,99.9050358004241,17.932580282243478,9.30053471319193,0.33120898016003625,0.12661913819485188,0.3314735373763887,0.1267275141957489,0.24536914634738552,9.712247683898712e-05,SVR
8.85,99.90557536973988,17.951609751024503,9.30799695682906,0.33206125311736173,0.12710976088239495,0.33232468598710285,0.1272177887535563,0.24700404137417514,9.712247683898712e-05,SVR
8.9,99.90557536973988,17.970241769940394,9.315588697101973,0.3329431024156517,0.12760326473990855,0.3332072291124337,0.1277116353784701,0.2484285043678136,9.712247683898712e-05,SVR
8.95,99.90557536973988,17.987785953468784,9.323585114361716,0.3338355545531556,0.12809767434416364,0.33410038509813245,0.12820638726360403,0.2499339027588179,9.712247683898712e-05,SVR
9.0,99.9071940776872,18.004968559183062,9.331694841177772,0.33471559020789604,0.1285905808212821,0.33497819899438863,0.12869834764716173,0.2516281504103425,9.712247683898712e-05,SVR
9.05,99.90827321631873,18.022131247911,9.339777589528039,0.3355371707359186,0.12907688017877034,0.335797474182207,0.12918389106248984,0.2533709593002865,9.712247683898712e-05,SVR
9.1,99.90989192426605,18.038660386062126,9.348076165604615,0.33635958833019475,0.12956181296458838,0.33661658939546135,0.12966740525039094,0.25538894854127436,9.172678368126562e-05,SVR
9.15,99.91043149358183,18.05422559363236,9.356720066043284,0.33719274827472706,0.13004586176826408,0.3374493765303753,0.130151426686212,0.2575688085769938,8.63310905235441e-05,SVR
9.2,99.91151063221336,18.068812829632297,9.365709290844048,0.33815188669044366,0.13053921224501794,0.3384058592961025,0.13064386688226995,0.26000226619112626,8.63310905235441e-05,SVR
9.25,99.9125897708449,18.082327416017815,9.375076214165853,0.33917101485434326,0.13103455269696287,0.33942138619978285,0.13113804967867937,0.262370975487366,8.63310905235441e-05,SVR
9.3,99.9131293401607,18.093511924215694,9.385333426858681,0.34047083923532234,0.13155498907519972,0.3407205077225498,0.1316581299394876,0.26436738195572296,8.63310905235441e-05,SVR
9.35,99.91366890947646,18.10568229202009,9.395153588405735,0.3417389946097025,0.1320701490027584,0.3419880584750477,0.13217295619382471,0.26668213432038546,8.63310905235441e-05,SVR
9.4,99.91474804810801,18.117798105530703,9.404946771487,0.3429249779801763,0.13257399240640377,0.3431720582584042,0.13267602515294416,0.26916415317293735,8.63310905235441e-05,SVR
9.45,99.91528761742377,18.129321103076887,9.414928803828785,0.343999352516821,0.13306366334061642,0.3442466075085324,0.13316566384382605,0.2714789055375999,8.09353973658226e-05,SVR
9.5,99.91690632537109,18.14206698966867,9.424376662547955,0.34513832066604433,0.1335567562788697,0.3453812251281193,0.13365720196297834,0.2737558880501584,8.09353973658226e-05,SVR
9.55,99.91744589468686,18.155954580537774,9.433322721803457,0.34603426057960535,0.13402337974821685,0.34627590055081536,0.1341233753279743,0.2760706404148209,8.09353973658226e-05,SVR
9.6,99.9185250333184,18.171405442009444,9.441594319414243,0.34691694694414915,0.13448498233090683,0.347155985700554,0.13458396061456135,0.27860661619895,8.09353973658226e-05,SVR
9.65,99.91906460263418,18.18578637026142,9.450238219852913,0.3478858511328258,0.1349500509357508,0.3481239396704881,0.13504860033701452,0.2816228086741163,8.09353973658226e-05,SVR
9.7,99.92014374126572,18.199831190032395,9.458957659995791,0.3487929519297696,0.13540361041620452,0.3490321943569943,0.1355022592581388,0.2844609432750778,8.09353973658226e-05,SVR
9.75,99.9206833105815,18.213877848255052,9.467612351820776,0.3497276759130862,0.13585337794751012,0.3499654963118162,0.13595167550454673,0.2881515973949593,8.09353973658226e-05,SVR
9.8,99.92122287989727,18.228245145324582,9.476062007305769,0.35060296819238873,0.1362885924096271,0.35083972849066075,0.13638655174633532,0.29193397829852213,8.09353973658226e-05,SVR
9.85,99.92176244921303,18.242150743804032,9.484624972347072,0.3514467309761348,0.13671277540825677,0.3516823970451649,0.13681026096054627,0.29554369702103783,8.09353973658226e-05,SVR
9.9,99.92230201852881,18.25650172275102,9.492939735503121,0.35231407112602725,0.13713139784197265,0.3525480937204693,0.13722833815623897,0.29863542920041225,8.09353973658226e-05,SVR
9.95,99.92284158784457,18.271694145344163,9.500860613058656,0.3531310477896543,0.13753944212111308,0.35336421638317406,0.13763605698603518,0.30152752073295097,8.09353973658226e-05,SVR
10.0,99.92284158784457,18.2879232511465,9.508306669616312,0.3538643178279098,0.13793306518717477,0.35409791301906146,0.1380298830288653,0.304549108901275,8.09353973658226e-05,SVR
10.05,99.92284158784457,18.303928027793223,9.515785100332915,0.35457233636751145,0.1383183134186983,0.3548064782763648,0.1384153402312549,0.3073494736501325,7.553970420810109e-05,SVR
10.1,99.92392072647613,18.321066793145086,9.52275633589269,0.35522120222518383,0.13869247572510646,0.35545270447967514,0.1387883722742137,0.30989624082057704,7.553970420810109e-05,SVR
10.15,99.92446029579189,18.338595840939014,9.529517139419315,0.3558340742339464,0.13905758090699094,0.3560637015869931,0.13915288243598162,0.31256710893364914,7.553970420810109e-05,SVR
10.2,99.92499986510767,18.35641695092358,9.536110676458051,0.356439133624341,0.13941696305004056,0.3566674320766332,0.13951170279928904,0.31502754501357016,7.553970420810109e-05,SVR
10.25,99.92499986510767,18.37474695955742,9.542450615918375,0.35700764112165667,0.13976783621725886,0.35723636627536526,0.13986274811610874,0.31762826911559194,7.014401105037959e-05,SVR
10.3,99.926618573055,18.393141574890418,9.548715015674489,0.35759456407655404,0.14011550920559326,0.357819329513977,0.14020876055310783,0.31982971192394233,7.014401105037959e-05,SVR
10.35,99.92715814237076,18.410796121661612,9.555233013009016,0.358238826069831,0.14046500892910677,0.35846226866380837,0.14055769350886155,0.3219394279486114,7.014401105037959e-05,SVR
10.4,99.92715814237076,18.427934035002824,9.561918276831433,0.35888225099685434,0.14081120951439718,0.35910616261514705,0.14090405658665875,0.3239897913485456,7.014401105037959e-05,SVR
10.45,99.92877685031807,18.445215565297353,9.56850641817701,0.3594707085732168,0.14114875410609434,0.359691735573782,0.1412402222554194,0.32564626914796607,7.014401105037959e-05,SVR
10.5,99.92877685031807,18.46175254301902,9.575364344180475,0.3600918117334743,0.14148810531820183,0.3603127229766578,0.14157967641817262,0.32693044411950384,6.474831789265808e-05,SVR
10.55,99.92931641963385,18.47876623904103,9.58200644245763,0.36073202790652503,0.14182847157897943,0.3609506088271185,0.14191946512445494,0.3281067052278871,6.474831789265808e-05,SVR
10.6,99.93039555826539,18.495417191954378,9.588772641677414,0.36132411276998705,0.14216404682190342,0.3615393478326602,0.14225378558568366,0.32912109554153873,6.474831789265808e-05,SVR
10.65,99.93039555826539,18.511661498348882,9.595679128919297,0.36194716908483643,0.142502245286688,0.36216283812444655,0.1425921339056563,0.3303836877404456,6.474831789265808e-05,SVR
10.7,99.9320142662127,18.527033096560004,9.602909357750644,0.36257803801805394,0.14284032082339146,0.3627888283272231,0.14292841389802957,0.3315977187009329,6.474831789265808e-05,SVR
10.75,99.93309340484426,18.542691155813813,9.60999929855989,0.3632365301376442,0.1431801262197345,0.3634469149987311,0.14326783969202533,0.33296282906983643,6.474831789265808e-05,SVR
10.8,99.93363297416002,18.55805646293826,9.617180966152818,0.36389404567993827,0.14351893558284665,0.3641027652502564,0.14360600703085039,0.3341282987919043,6.474831789265808e-05,SVR
10.85,99.93471211279157,18.57320858983296,9.624421986370479,0.36454151642718774,0.1438557756951284,0.36474700645746494,0.14394146941129277,0.3353585168318648,6.474831789265808e-05,SVR
10.9,99.93525168210734,18.588081716817513,9.631754733371823,0.3652014036572008,0.14419385397589807,0.36540549149357765,0.1442789217488677,0.33630276313446605,6.474831789265808e-05,SVR
10.95,99.93525168210734,18.603382576505716,9.638898631112646,0.36584482858422407,0.14453075369804136,0.36604793728302,0.14461582689734304,0.33707434725602026,6.474831789265808e-05,SVR
11.0,99.93579125142311,18.617903472397444,9.646339291977144,0.36651043576697073,0.14487065092984988,0.3667121353677367,0.1449550994634685,0.3378837012296785,6.474831789265808e-05,SVR
11.05,99.93633082073889,18.632479568051163,9.653742182989538,0.3671798097478592,0.14521171071488267,0.3673802350781524,0.14529562599398105,0.33870384658965214,6.474831789265808e-05,SVR
11.1,99.9379495286862,18.646497479675258,9.661350110341925,0.36789731503833645,0.1455578036955868,0.36809265414808484,0.14563976027800138,0.3395995316538339,5.935262473493657e-05,SVR
11.15,99.9379495286862,18.66012260778091,9.669098325716414,0.36862416756864674,0.1459054276848073,0.36881856199721413,0.14598738684767334,0.34048442533170026,5.935262473493657e-05,SVR
11.2,99.93848909800197,18.67280335093564,9.677202656839311,0.3693974772760382,0.146257373374203,0.3695893792321522,0.1463385817422619,0.3416984562921876,5.935262473493657e-05,SVR
11.25,99.9401078059493,18.68516413572009,9.685409506132205,0.37020719936546653,0.14661202262951217,0.370394437982529,0.14669134947998416,0.34299342265004074,5.935262473493657e-05,SVR
11.3,99.9401078059493,18.69637720606577,9.694053406570875,0.37105403139214266,0.14697004173225464,0.37124149831013586,0.1470494778717453,0.3439430646457997,5.935262473493657e-05,SVR
11.35,99.94064737526507,18.70743011999151,9.702740472554806,0.37190797848197565,0.14732874013334865,0.3720935294644833,0.14740747097823842,0.34504378604997493,5.935262473493657e-05,SVR
11.4,99.94118694458083,18.71854983541158,9.711378977300319,0.3727602514393011,0.14768710412450003,0.37294415548740983,0.14776516052583943,0.3462146514652005,5.935262473493657e-05,SVR
11.45,99.94172651389661,18.72828685772472,9.720546259975288,0.3736628878828918,0.148049746656417,0.37384614232420027,0.14812742301844042,0.3473531427214797,5.3956931577215064e-05,SVR
11.5,99.94226608321239,18.737445705526078,9.729923974683407,0.37460375035206894,0.14841610592424467,0.3747856695712265,0.14849312494016287,0.34841609427355086,5.3956931577215064e-05,SVR
11.55,99.94280565252815,18.74592044296756,9.73955528696994,0.37554307819978083,0.14878249111615868,0.3757225344469219,0.1488587538258659,0.34934415349667897,5.3956931577215064e-05,SVR
11.6,99.9438847911597,18.75436502222544,9.749181203563316,0.37655620738886214,0.14915666567410588,0.37673231522061873,0.1492314608149229,0.35017509024296806,4.856123841949356e-05,SVR
11.65,99.94496392979124,18.761298943969255,9.759395250710883,0.3775927744330474,0.14953401367181224,0.3777662228892572,0.14960768615199216,0.3510114226824149,4.316554526177205e-05,SVR
11.7,99.94658263773856,18.7684568748392,9.769501383995294,0.3787009106419256,0.14991883986844298,0.37886827480916024,0.14999023975859324,0.35205818715501286,4.316554526177205e-05,SVR
11.75,99.9476617763701,18.774776622568645,9.779920467482855,0.37984085536844486,0.1503066533518638,0.38000598207691794,0.15037688478381162,0.35321286549076525,4.316554526177205e-05,SVR
11.8,99.94874091500165,18.780160064873716,9.79068487533251,0.38103506989041336,0.15069844926552267,0.38119670616180257,0.1507671701113884,0.35498265284649794,4.316554526177205e-05,SVR
11.85,99.94928048431741,18.78620730293414,9.80114712436533,0.38222998196759345,0.15108771995094294,0.3823912833906467,0.15115614281017786,0.3566769004980225,4.316554526177205e-05,SVR
11.9,99.94928048431741,18.79123364784447,9.811987071919194,0.38346130642681014,0.151478962127065,0.3836226743612306,0.15154745327595293,0.3581337376506073,4.316554526177205e-05,SVR
11.95,99.95035962294895,18.79506553622336,9.823280257698306,0.38475736400964733,0.15187599572480182,0.38491593165659865,0.1519431629332366,0.3592398547479402,4.316554526177205e-05,SVR
12.0,99.95089919226473,18.80115559493132,9.833645384254288,0.386003755661431,0.15226767348878903,0.3861609972684381,0.15233415249081905,0.36055640387842425,3.237415894632904e-05,SVR
12.05,99.95197833089627,18.807032676823127,9.844075259128164,0.3872804212093906,0.15266248627517748,0.3874359214873355,0.1527280200640803,0.3612470526026126,3.237415894632904e-05,SVR
12.1,99.95305746952783,18.81450781601292,9.853852255129956,0.3884619402265112,0.1530494909387516,0.3886149290780906,0.15311387279375435,0.3620240324173245,3.237415894632904e-05,SVR
12.15,99.9535970388436,18.821764577987107,9.863699395142797,0.3897042860580684,0.15344318041517027,0.38985589341797705,0.1535068592937545,0.3629305088678217,3.237415894632904e-05,SVR
12.2,99.95413660815937,18.828050317457652,9.873918837983522,0.3909647683251229,0.1538396075992635,0.3911154078424598,0.1539028317309129,0.36366971883042953,2.6978465788607532e-05,SVR
12.25,99.95467617747515,18.834768902981608,9.883949431563726,0.3922253901032195,0.15423714554487003,0.3923747690945699,0.1542997628778091,0.36447367711093004,2.6978465788607532e-05,SVR
12.3,99.95575531610669,18.841787898192226,9.893845132814986,0.3934684334899882,0.1546342546777398,0.39361426613621525,0.1546954022002851,0.36515353444880294,2.6978465788607532e-05,SVR
12.35,99.95791359336977,18.84760220865618,9.90421025937097,0.3947614218298954,0.15503789235063076,0.3949002770019701,0.15509601572428108,0.3657038951508906,2.6978465788607532e-05,SVR
12.4,99.95791359336977,18.854317181154478,9.91420308309907,0.3960118593019052,0.15543918819226002,0.39615068268062936,0.15549735969791345,0.36636216971613256,2.6978465788607532e-05,SVR
12.45,99.95845316268554,18.861297714389455,9.9240772015777,0.3972335574992041,0.15583942621370742,0.3973718668221272,0.1558972253445621,0.3669395088840088,2.6978465788607532e-05,SVR
12.5,99.95845316268554,18.869708918240995,9.933368585195296,0.3983672242288205,0.15623317808925935,0.3985060047501834,0.15629107610327345,0.36741432988188827,2.6978465788607532e-05,SVR
12.55,99.96061143994864,18.87733077230005,9.942967523322883,0.399556974397436,0.1566348261785994,0.39968915470150046,0.15668983992349267,0.36776504993714015,2.1582772630886026e-05,SVR
12.6,99.96061143994864,18.886066728974253,9.952113223225222,0.400616839785683,0.15702646288146685,0.40074943771996113,0.157081568344312,0.36813195707186525,2.1582772630886026e-05,SVR
12.65,99.9611510092644,18.89544861371299,9.96099453416283,0.40166387015803984,0.15741970702775804,0.4017952701108166,0.15747423532684393,0.3684233245023822,2.1582772630886026e-05,SVR
12.7,99.96169057858017,18.905032583733064,9.969789514009918,0.40271899217084917,0.15781670459081767,0.4028491859528667,0.15787068467714122,0.36868771346711054,2.1582772630886026e-05,SVR
12.75,99.96223014789595,18.915750375889377,9.978125859938597,0.40373030771638085,0.1582125288085817,0.40385884870697325,0.15826575622904143,0.3689089368865771,2.1582772630886026e-05,SVR
12.8,99.96330928652749,18.926295629219137,9.98652695418517,0.4047474827256883,0.1586121475205478,0.4048732933257766,0.15866416397263414,0.36917332585130547,2.1582772630886026e-05,SVR
12.85,99.96384885584327,18.936286426366685,9.99514387615805,0.4058437604959721,0.15902243231022453,0.4059679217557457,0.1590736915537752,0.3694808803612956,2.1582772630886026e-05,SVR
12.9,99.9649279944748,18.945856712871183,10.003922668925664,0.40695552399194956,0.15943722173525895,0.40707736753243956,0.15948741774430297,0.36976685209865484,2.1582772630886026e-05,SVR
12.95,99.9649279944748,18.955426132278202,10.01269606600012,0.40797702384356793,0.15984637355756834,0.4080992257702355,0.1598966591166914,0.3700312410633832,2.1582772630886026e-05,SVR
13.0,99.96546756379058,18.96418967538658,10.02178780897088,0.40910831888546556,0.16026960726541797,0.4092287088719645,0.16031938098805634,0.37024167309653433,1.618707947316452e-05,SVR
13.05,99.96654670242214,18.97415419045202,10.030393939557445,0.4102016669238614,0.16069247104932294,0.410317726055346,0.16074057951210757,0.37053843622020904,1.618707947316452e-05,SVR
13.1,99.9670862717379,18.983337181101746,10.039307624654,0.4112813428801129,0.16111736164284127,0.41139665926853486,0.16116501842894265,0.37073807686704474,1.618707947316452e-05,SVR
13.15,99.96762584105367,18.99242948984522,10.048253683909504,0.4124028721490505,0.1615498882234396,0.4125164708079429,0.16159677311897863,0.3709593002865113,1.0791386315443013e-05,SVR
13.2,99.96762584105367,19.0008494912612,10.057464132129734,0.4135428168755698,0.16198775895281822,0.4136562264766047,0.16203468053240155,0.37117512801282015,1.0791386315443013e-05,SVR
13.25,99.96762584105367,19.009472723433888,10.066588249259441,0.41470912918908126,0.16243170114198205,0.41482235827130776,0.16247866026224803,0.3714287255912331,1.0791386315443013e-05,SVR
13.3,99.96870497968521,19.01788189009589,10.075793301786515,0.4158861838528486,0.16288030929097397,0.41599530350020236,0.1629256082859515,0.37166613609017285,1.0791386315443013e-05,SVR
13.35,99.96924454900099,19.02630596827385,10.084987562927271,0.4170456601252878,0.16333087341990887,0.4171530307649128,0.16337540959029662,0.37189815089595485,1.0791386315443013e-05,SVR
13.4,99.96924454900099,19.034206079030472,10.094386860408022,0.4182285742528314,0.1637874377793704,0.41833630881495715,0.16383206073004447,0.3721355613948946,1.0791386315443013e-05,SVR
13.45,99.96978411831677,19.043065589047167,10.103397667981417,0.41937772670814155,0.16424448844635103,0.4194829924923222,0.16428840628222205,0.3723675762006766,1.0791386315443013e-05,SVR
13.5,99.97140282626408,19.050673945747423,10.112904879325322,0.42062397884888275,0.16471484457742067,0.4207242044905008,0.1647565784750707,0.37254023838172373,1.0791386315443013e-05,SVR
13.55,99.97194239557984,19.058206924346635,10.122439069135016,0.4218837635607259,0.16519067357349962,0.4219822115813278,0.16523161032597272,0.37270750486961307,1.0791386315443013e-05,SVR
13.6,99.97248196489562,19.065636837041687,10.132011028796814,0.42322251152250284,0.1656783342235873,0.42331849233060953,0.16571848642795015,0.3728909584369756,1.0791386315443013e-05,SVR
13.65,99.9730215342114,19.072639297419347,10.141750254946501,0.42459362604608986,0.16617333415879595,0.42468671530577545,0.16621258292124705,0.37305822492486496,1.0791386315443013e-05,SVR
13.7,99.9730215342114,19.079107059889985,10.15169991312934,0.42604091359876534,0.16668004801297903,0.42613216064074955,0.16671916404867948,0.3732416784922275,1.0791386315443013e-05,SVR
13.75,99.97356110352716,19.085159802898623,10.16181144210691,0.4275106624292489,0.16719324051441048,0.4276001378208588,0.16723155681321644,0.3734898803774827,1.0791386315443013e-05,SVR
13.8,99.97517981147448,19.090458295742888,10.172219734208156,0.42903802932019663,0.16771623240644118,0.42912137922250343,0.1677519597113302,0.37375426934221107,1.0791386315443013e-05,SVR
13.85,99.97517981147448,19.09539176813056,10.1827683143315,0.4305907872208402,0.16824582767902582,0.4306739644335544,0.16828157760213008,0.37400786692062393,1.0791386315443013e-05,SVR
13.9,99.97679851942179,19.100273166374453,10.19333308153432,0.4321505206735984,0.16878050209505172,0.4322269473366073,0.16881360035161816,0.3742506731127214,5.395693157721506e-06,SVR
13.95,99.97733808873757,19.10399660196496,10.204356482655545,0.4338221419822697,0.16933050566971633,0.43389675440253433,0.1693627714798183,0.3744772922253457,5.395693157721506e-06,SVR
14.0,99.97787765805334,19.106978092783315,10.215671251207286,0.4355247347423286,0.16988793807951108,0.4355984985428404,0.1699197042505532,0.374763263962705,5.395693157721506e-06,SVR
14.05,99.9784172273691,19.10884118026834,10.227428466597962,0.4372723895690459,0.1704543364835895,0.437345296109405,0.17048560111052177,0.374995278768487,5.395693157721506e-06,SVR
14.1,99.97949636600066,19.111340144251315,10.238926688717067,0.43917838942875786,0.1710408147749967,0.43924822217545,0.17107063686011734,0.3752057108016381,5.395693157721506e-06,SVR
14.15,99.97949636600066,19.111912252312536,10.251191099264567,0.44114451854769504,0.17163799733781046,0.4412147545049785,0.17166789308573793,0.3754053514484738,5.395693157721506e-06,SVR
14.2,99.98111507394798,19.113202645188554,10.263164142381552,0.4431971445128498,0.17224860806592412,0.4432652295869356,0.17227706888118857,0.37566974041320217,5.395693157721506e-06,SVR
14.25,99.98165464326375,19.113656451210296,10.275466322781156,0.44531380604641374,0.17287033293361043,0.4453821199250939,0.17289861110537666,0.3759341293779305,5.395693157721506e-06,SVR
14.3,99.98273378189529,19.11350446623057,10.2880059136797,0.447549191476963,0.17350868546995227,0.447612805198029,0.1735351405120371,0.37618233126318573,5.395693157721506e-06,SVR
14.35,99.98327335121107,19.114026690823632,10.300270324227203,0.44971314725386197,0.1741451898294621,0.44977484694174896,0.17417081983598107,0.3765222599321222,5.395693157721506e-06,SVR
14.4,99.98327335121107,19.113625444327216,10.31289624621627,0.4518932863116657,0.17478796722019097,0.45195535072476267,0.17481367224809474,0.376932332612109,5.395693157721506e-06,SVR
14.45,99.98327335121107,19.112166711856162,10.325937636578484,0.4542451634625241,0.1754522616082988,0.4543076213316638,0.175478044880794,0.3772884483605186,5.395693157721506e-06,SVR
14.5,99.98327335121107,19.113223764103537,10.337964636627044,0.4564219542553133,0.17610443463577907,0.45648477628951645,0.17613029374420192,0.3777362908926095,5.395693157721506e-06,SVR
14.55,99.98327335121107,19.113545120073436,10.350277608412965,0.4587169109009188,0.17677287199031017,0.4587801168686792,0.17679880927035554,0.37811938510680776,5.395693157721506e-06,SVR
14.6,99.98381292052684,19.116719939590894,10.36144129755629,0.460769815888158,0.17742281749240274,0.46083101791120473,0.17744788062929964,0.37855104055942546,5.395693157721506e-06,SVR
14.65,99.98543162847415,19.119156121153747,10.372890958436976,0.46291103136516426,0.17808599289012728,0.4629655033727994,0.17810829912581663,0.37903125725046266,5.395693157721506e-06,SVR
14.7,99.9865107671057,19.12051762336287,10.384761483383963,0.46513734857796496,0.17876224532773327,0.4651883799943877,0.17878309090290007,0.379452121316765,5.395693157721506e-06,SVR
14.75,99.9865107671057,19.122679325202935,10.396302871048329,0.4673473429988183,0.17944184031726645,0.46739867256675366,0.17946274667503873,0.3798891724625404,5.395693157721506e-06,SVR
14.8,99.98812947505301,19.125141112071546,10.40771476207691,0.46943582330184036,0.18011454260175735,0.46948108984356013,0.18013305590710538,0.38043413747147026,5.395693157721506e-06,SVR
14.85,99.98974818300033,19.12647033493857,10.419569099944423,0.47164079532517134,0.18080325252922366,0.47168119908911355,0.180819640904619,0.38095751970776925,5.395693157721506e-06,SVR
14.9,99.99028775231609,19.128758221076076,10.431029552211426,0.47376875725316037,0.18148930450225978,0.47380696194047983,0.1815047846614895,0.3814701105577528,5.395693157721506e-06,SVR
14.95,99.99028775231609,19.131396635218156,10.44233892507001,0.4757865054577435,0.1821694567523816,0.47582490613280076,0.18218498275578104,0.382047449725629,5.395693157721506e-06,SVR
15.0,99.99028775231609,19.135588496065925,10.45301700182914,0.47773073134304195,0.1828473930227132,0.477769320864474,0.18286296442089972,0.3824952922577199,5.395693157721506e-06,SVR
0.0,52.06466198680213,13.241137753340752,7.934625781701047,0.08562950606745695,0.023949401510609973,0.11065187916221901,0.03232782102298571,0.0006474831789265808,0.01762772954627616,RF
0.05,52.98139025429902,13.277472216437063,7.939730107428251,0.08625381798168702,0.02423416737981076,0.10997410591494217,0.03223617850805363,0.0006474831789265808,0.017206865479973885,RF
0.1,53.61430506169975,13.321652318379572,7.941704931123977,0.0865589286311666,0.02449085602918835,0.1092108624163438,0.032213826688235005,0.0006474831789265808,0.016856145424721986,RF
0.15,55.50711422142845,13.335421710841528,7.9558524385835225,0.08806090451241819,0.02486667108998454,0.10853146042207382,0.03172544083447081,0.0006528788720843023,0.016311180415792114,RF
0.2,56.777799960071874,13.369416763678998,7.9619279890791175,0.08878343220041761,0.02517013844697081,0.10781196183525298,0.03152297356709005,0.0006528788720843023,0.015048588216885282,RF
0.25,58.44129216059741,13.395931535310197,7.97101433635672,0.08993983922992668,0.025518891405294668,0.10932993236144067,0.03190994631640043,0.0006528788720843023,0.014455061969535917,RF
0.3,59.389855017724855,13.428312923062569,7.97776434849703,0.09097277898701256,0.02585895833393976,0.11135235272420028,0.032613393303091716,0.0006582745652420238,0.014034197903233639,RF
0.35,61.05172851030307,13.462937442465796,7.983624071266315,0.09202692442252593,0.026204452017174824,0.11220917636037439,0.03285467651237526,0.0006582745652420238,0.013672686461666299,RF
0.4,62.651551531567506,13.505676442825195,7.986257169527283,0.09232645463031408,0.0264799219151769,0.11120859017861756,0.03277522868437712,0.0006582745652420238,0.012237432081712378,RF
0.45,63.81162556047762,13.515024029898019,8.002266191126242,0.094200227439258,0.026911425478248104,0.11236113698166815,0.03296786639377642,0.0006744616447151884,0.011573761823312632,RF
0.5,65.1395056465929,13.541583295469163,8.011401099642265,0.09559436128482247,0.027300157994266053,0.11246444411679435,0.032936986301169764,0.0006744616447151884,0.01120685468858757,RF
0.55,65.59867913431499,13.5825912408333,8.014762616479526,0.09612059693632544,0.02760819730523769,0.11257725709021517,0.03312080943206098,0.0006744616447151884,0.010964048496490101,RF
0.6,66.1485002670868,13.62290936866681,8.018415500747304,0.09664153116822152,0.027918933462737758,0.11268466400750439,0.03332426849832075,0.0006744616447151884,0.009771600308633648,RF
0.65,67.22709932931534,13.641888188849979,8.03062055867007,0.09810974537723988,0.028325087020150477,0.11285546129027083,0.033338124636290455,0.0006744616447151884,0.009221239606546056,RF
0.7,68.19832409770521,13.67274828565804,8.038082802307198,0.09929196194957184,0.02870725187748383,0.11298155950440686,0.03336102619025938,0.0006798573378729098,0.008821958312874663,RF
0.75,69.00983634862654,13.702355718678753,8.046052241101153,0.10063084942239103,0.029108376811477623,0.11370389178876915,0.033494370003103124,0.0006798573378729098,0.008579152120777195,RF
0.8,69.61847053681751,13.73510274823081,8.052769879082517,0.1017392646533537,0.029490823578936124,0.11410258050315439,0.03366065482689668,0.0006906487241883528,0.008395698553414665,RF
0.85,70.8276453734629,13.765284451626936,8.060518094457004,0.10295719605251089,0.02988776055096805,0.11358246700236922,0.03355184393819378,0.0006906487241883528,0.008077352657109096,RF
0.9,72.83430365881954,13.806960548667373,8.063685366340588,0.10348440828130986,0.030221418783108817,0.11174896312210156,0.033060419151155575,0.0006906487241883528,0.006922674321356693,RF
0.95,73.72513259915935,13.82204478005641,8.077503736517512,0.10606717620715148,0.03075847604629435,0.11372745619414945,0.03332979135446249,0.0006960444173460744,0.006561162879789352,RF
1.0,75.49761780147087,13.84820294429706,8.086897638305105,0.1076577416002547,0.03120367587520213,0.11587653875730763,0.03394327736909662,0.0006960444173460744,0.006269795449272391,RF
1.05,76.0161439139279,13.888212056909541,8.090755558912877,0.10852689539369675,0.031583005811260834,0.11665326150067785,0.03426755173587104,0.0006960444173460744,0.006161881586117961,RF
1.1,76.74024593569413,13.923572540494394,8.09647499366006,0.1094042803386337,0.031966922231400415,0.11716399384074529,0.03454972200406707,0.0006960444173460744,0.0060539677229635306,RF
1.15,77.8722623601841,13.943593392252259,8.108334727220733,0.11172476750497749,0.03249516986327636,0.11947438032745995,0.03496256407299898,0.0006960444173460744,0.005741017519815683,RF
1.2,79.08197676614527,13.975395884431208,8.115494812041028,0.11289805537060318,0.032916572562328626,0.11984471665131513,0.03516361009498733,0.0007014401105037959,0.004812958296687584,RF
1.25,80.14600745684794,14.010005371716575,8.121543384070835,0.11418950908904511,0.03335365858241059,0.12021072126136921,0.03537928931255391,0.0007122314968192389,0.004580943490905559,RF
1.3,81.36975066501918,14.037406289474374,8.130478651940022,0.11565800232014806,0.03381207410888088,0.12253828867743116,0.0360940427444646,0.0007122314968192389,0.0044244683893316355,RF
1.35,82.20230611925561,14.07119396773198,8.136861756945606,0.11743537299887227,0.03430510692796786,0.12444918381600022,0.03657982184843931,0.0007176271899769604,0.004311158833019484,RF
1.4,83.04673209843902,14.110891472633114,8.140886944041267,0.1181724098352695,0.03470153985953005,0.12516119646813456,0.03700194606483614,0.0007338142694501249,0.0038255464488245483,RF
1.45,85.67659294351249,14.12931913329527,8.153426534939811,0.12059780930541243,0.03526621755094695,0.12917953112030583,0.03816568273900289,0.0007769798147118969,0.003566553177253916,RF
1.5,86.67965230153291,14.156212767374464,8.162577630535306,0.12197757351362142,0.03573299745166959,0.130579994472318,0.03866513738346709,0.0012841749715377187,0.0033938909962068276,RF
1.55,86.83990438831725,14.200546149109554,8.16475209487787,0.12250157698844778,0.03612062110062216,0.13081841456913318,0.03900636195153126,0.0012841749715377187,0.003280581439894676,RF
1.6,87.31850237140715,14.237837175810503,8.169748506741918,0.1233916574382328,0.036547926837109106,0.13118305144905149,0.03926456772741384,0.001300362051010883,0.0028813001462232846,RF
1.65,89.59062876012366,14.26726685802114,8.177896003410078,0.12449267858395431,0.037000129792735946,0.13231748553670483,0.0397649327979628,0.0013489232894303767,0.0025521628636022728,RF
1.7,90.05735621826658,14.29474835048891,8.186825875586107,0.12601488356633736,0.03749768963982994,0.13363601394797078,0.04017360928217785,0.0013489232894303767,0.0024874145457096145,RF
1.75,90.61527089077498,14.327684993504436,8.193575887726416,0.12832713958118627,0.03807702639204513,0.13650733242824822,0.040927399960192484,0.0013489232894303767,0.002341730830451134,RF
1.8,90.91203401444966,14.358681639785413,8.201102879681438,0.1297209944046662,0.03857201810000832,0.13769988846815834,0.04135532577921578,0.0014406500731116423,0.002271586819400754,RF
1.85,91.45268246885337,14.395721947353733,8.2062126011018,0.13040194780206438,0.039002484962500264,0.1381976137634815,0.04174997142086074,0.0015161897773197433,0.002169068649404046,RF
1.9,92.33272002287774,14.428145636308127,8.213173045275262,0.13161178756076902,0.0394887683520277,0.1389199244987524,0.042053526836838634,0.0015161897773197433,0.0018453270599407554,RF
1.95,92.62354788407893,14.44069646184388,8.228086741163203,0.13471576874059127,0.04016406725410386,0.1419837244818306,0.042685952832199905,0.0015539596294237938,0.001726621810470882,RF
2.0,93.26887278574242,14.468462618350005,8.236914095169237,0.13635362837702944,0.04070244110167592,0.1435417997200014,0.04321842327403194,0.001672664878893667,0.001629499333631895,RF
2.05,93.61743456373122,14.507330438392412,8.241300793706463,0.1373961943960331,0.04118808068256244,0.1442119055699004,0.043586005832857745,0.0018237442873098692,0.001564751015739237,RF
2.1,93.86833429556528,14.547067101058639,8.24533677218844,0.13827064960908203,0.04166158670288207,0.14479443229540895,0.04397315582817314,0.001937053843622021,0.0015539596294237938,RF
2.15,94.35502581839175,14.556520910931352,8.2614860818095,0.1410817971111459,0.04232819716922833,0.1471564230089609,0.04446004865911794,0.001958636616252907,0.0014622328457425283,RF
2.2,94.5730118219637,14.590009704984988,8.2680202662235,0.14217333150599193,0.04283296933364416,0.1480380836057624,0.0448955014731144,0.002266191126243033,0.00128957066469544,RF
2.25,94.99063847237136,14.61966471216987,8.276086827494295,0.14396158404601447,0.043410084322343556,0.14963196728183634,0.045396385901394644,0.0025413714772868296,0.0012194266536450606,RF
2.3,95.18056687152315,14.657715443637997,8.280791871927827,0.1453819459675287,0.04395618203362906,0.15109389756293898,0.04596095564402159,0.0025521628636022728,0.0011762611083832885,RF
2.35,95.39963201372665,14.684894239393484,8.289845845046484,0.1469100104136878,0.04451827932752239,0.1525620552127461,0.04650410826290387,0.002557558556759994,0.0011654697220678455,RF
2.4,95.58902084356266,14.72599637855981,8.293331462826371,0.1476377000102518,0.045008080344058954,0.15313387416882107,0.046952375729020904,0.002584537022548602,0.0010575558589134154,RF
2.45,95.7163592020849,14.740851150366947,8.30730630810487,0.15062616604706122,0.04572106043559634,0.1561178033078909,0.047649927746729284,0.0035395747114653083,0.0010035989273362003,RF
2.5,95.82535220387088,14.771077248176415,8.315124667490409,0.15236084634684596,0.04631700584635666,0.15778804675780986,0.048224790292532245,0.0035935316430425234,0.0009820161547053141,RF
2.55,95.9586258248666,14.807331483590314,8.320531152034446,0.153587008897498,0.0468692069958055,0.15888770279403744,0.0487381968890413,0.003631301495146574,0.0009658290752321497,RF
2.6,96.08380590612573,14.852032222321602,8.322559932661749,0.1541943004645692,0.04736690113398363,0.15936574104169593,0.04920206603541039,0.0036366971883042957,0.0008687065983931626,RF
2.65,96.31258329601312,14.867512235722852,8.336264993282361,0.1564126655479596,0.0480242915790497,0.16135349750978997,0.04977288523335218,0.004602526263536445,0.0008417281326045551,RF
2.7,96.48254763048135,14.901700856358097,8.342480831800057,0.15785702336874707,0.04861159465431535,0.16260979440088583,0.05029813880435931,0.004607921956694167,0.000820145359973669,RF
2.75,96.66600119784388,14.928292694730358,8.35173444556555,0.16007469089692614,0.04927983245584776,0.16464398352255602,0.05089704276302358,0.004732022899321761,0.000809353973658226,RF
2.8,96.7820086007349,14.960264951870093,8.358829782067954,0.16175161362520435,0.04990079800193829,0.16621030603950515,0.05147962851412175,0.00522842666983214,0.000798562587342783,RF
2.85,96.84621734931179,14.998277526904834,8.363486265263067,0.16277353200994968,0.05046032554274393,0.16717648208236763,0.0520259375111533,0.006544975800316187,0.0007931668941850615,RF
2.9,97.63344898102335,15.040746431648751,8.366351378329817,0.1632704703425726,0.050972969876013546,0.16654526525446678,0.05214479244968528,0.006679868129259225,0.0007338142694501249,RF
2.95,97.80071546891271,15.052226816449458,8.381599607193538,0.16629339560682663,0.0517345491853884,0.169399829854847,0.05283919276310876,0.0075593661139678305,0.0007068358036615174,RF
3.0,97.97499635790712,15.075756579686917,8.392018690681098,0.1688726757566111,0.05245831268908188,0.1717887562947461,0.053490362028770236,0.007861524930800235,0.0006960444173460744,RF
3.05,98.05053606211523,15.115937652041262,8.395774093118872,0.1698401848348648,0.053031665595452734,0.17266307268324893,0.05403499906820494,0.00798023018027011,0.0006852530310306313,RF
3.1,98.15737078663811,15.156305372758311,8.39944856015928,0.17054527364257854,0.05358435059604534,0.17322303367451272,0.054541634055882526,0.008401094246572385,0.0006798573378729098,RF
3.15,98.34945746305299,15.173988036993237,8.412193187397818,0.17344375505711346,0.054355623208978354,0.17588616557490372,0.055224307227322134,0.008465842564465044,0.0006744616447151884,RF
3.2,98.4325511376819,15.20298726721118,8.420400036690713,0.17510086721738705,0.05501138841281204,0.17744386537154386,0.05584565874269966,0.009372319014962258,0.0006474831789265808,RF
3.25,98.5118678271004,15.233289797193079,8.428056525281521,0.1764082251946496,0.055634604069975536,0.17864920494043543,0.05643502159543497,0.011071962359644532,0.0006259004062956948,RF
3.3,98.56042906551991,15.26599449436198,8.434736393410779,0.1783343146444508,0.05632143227067432,0.18053324054416553,0.05710705878197958,0.011433473801211872,0.0006205047131379733,RF
3.35,98.60467374941322,15.2947491765807,8.442991803942093,0.18068382010759015,0.05705560968534502,0.1828463053292257,0.05782664535926421,0.011557574743839467,0.0006151090199802518,RF
3.4,98.64729972535922,15.334533070613572,8.446833537470392,0.18166053691463474,0.05766308088057075,0.18376886193429823,0.05841844248935487,0.01167627999330934,0.0006151090199802518,RF
3.45,98.67697603772669,15.352684786295043,8.459286797278413,0.18433859088235768,0.05843515138855048,0.1864377347018006,0.059184458197260356,0.014735638013737435,0.0005881305541916443,RF
3.5,98.7077314887257,15.379601631829464,8.46819508668181,0.18633080856620246,0.05914091305111424,0.18840727205938626,0.05988219748921924,0.016203266552637683,0.0005827348610339228,RF
3.55,98.73255167725122,15.417780928039692,8.47257638952588,0.1874382472198691,0.059763859780629126,0.18949244401696325,0.060499915939325695,0.017007224833138188,0.0005773391678762012,RF
3.6,98.86042960508922,15.451437242458493,8.478759853884629,0.18902337168232317,0.06043835120475751,0.19088868913497903,0.0611079681955156,0.01723384394576249,0.0005557563952453152,RF
3.65,98.93165275477114,15.475890536052137,8.488574619738525,0.19074410087787927,0.06112427332238705,0.19251341994949633,0.061760017835749643,0.020811188509331852,0.0005287779294567077,RF
3.7,99.00179676582152,15.504858557263592,8.496560245611953,0.19309472242935688,0.06187419272106166,0.19476966319495534,0.06247484446565845,0.020832771281962738,0.0005287779294567077,RF
3.75,99.04550188039907,15.539590991921758,8.50222572342756,0.19482005548930847,0.06256814953269067,0.19643694702665015,0.06314860399972037,0.021890327140876152,0.0005287779294567077,RF
3.8,99.06978249960882,15.567312623335607,8.51068077460571,0.19695750416817295,0.06330637802179791,0.1985532215958913,0.06387885167679375,0.022872343295581465,0.0005179865431412646,RF
3.85,99.09082570292392,15.606736334647458,8.51439840719138,0.19778354904954865,0.06391466007279026,0.19935003031887086,0.06447943519151762,0.026190694587580193,0.0005125908499835431,RF
3.9,99.2850706566019,15.643204230105397,8.519270718112802,0.19875189519405606,0.06453844378129903,0.19998563818964393,0.06498486319036859,0.026848969152822217,0.0005125908499835431,RF
3.95,99.31960309281132,15.665358491120307,8.529819298236148,0.20101685696557012,0.06528635741247477,0.2022052921900126,0.0657158191944172,0.03001084534324702,0.0005125908499835431,RF
4.0,99.35899165286268,15.688871609751807,8.539801330577932,0.20358162796695684,0.06606644566038136,0.20471880624507857,0.06647630054735892,0.030280630001133096,0.0005125908499835431,RF
4.05,99.42697738664997,15.731347074064118,8.542191622646804,0.20412055912330784,0.0666561936232707,0.2051385413874131,0.06702515718494946,0.030922717486901955,0.0005125908499835431,RF
4.1,99.46528680806979,15.768265953769863,8.546788753217182,0.2051378736436576,0.06729613567300269,0.20609002935847498,0.06764311137434903,0.031861568096345494,0.0005125908499835431,RF
4.15,99.53273297254131,15.793541496754637,8.556026179903201,0.2070999569423686,0.0680317989465283,0.20793919224576746,0.0683374764879604,0.03219610107212423,0.0005125908499835431,RF
4.2,99.56240928490878,15.817918283634041,8.565614326644472,0.2095602341730831,0.06882154188597739,0.21035600966822385,0.06911074900817828,0.03294610242104752,0.0005071951568258216,RF
4.25,99.58830861206584,15.855280554931833,8.569941672556965,0.21032489419585285,0.06944266857680867,0.2110758489461993,0.06971683520239122,0.037683521013527004,0.0004964037705103787,RF
4.3,99.59424387453934,15.884128381468093,8.577630535306719,0.2122172219734209,0.07017213042728102,0.21296442793136885,0.07044509303947818,0.03880582519033308,0.0004910080773526571,RF
4.35,99.59856042906551,15.915477922395967,8.584299612049662,0.21330373397074456,0.07082733484386987,0.2140470699337447,0.07109986393357068,0.03919971079084675,0.0004856123841949356,RF
4.4,99.60179784496015,15.941840693812896,8.592954303874647,0.21524391403581658,0.07157076151697632,0.21598973025271534,0.0718442910026738,0.03985258966293105,0.00047482099787949256,RF
4.45,99.60989138469674,15.953172580841711,8.607576632332073,0.21855102329320739,0.0724468878368407,0.2192943425383241,0.07271806877371349,0.043462308385446735,0.00047482099787949256,RF
4.5,99.616366216486,15.973779087463477,8.618443558351723,0.22072474484306626,0.07321291498743904,0.22146386229160125,0.07348235226554425,0.04490295845855838,0.00047482099787949256,RF
4.55,99.62014320169641,16.007956439228515,8.623839251509445,0.2213741687449078,0.07383087570889575,0.22210722588542428,0.07409976291641124,0.04672670274586825,0.0004694253047217711,RF
4.6,99.6260784641699,16.045869522645216,8.627724150583004,0.2226261408383828,0.07451125075064616,0.22335220519930674,0.07477834870244948,0.0473418117658485,0.0004694253047217711,RF
4.65,99.66438788558972,16.0484790842777,8.645681017411901,0.22554457233196465,0.0753521483393346,0.22620426989188513,0.07559386043868471,0.050773472614159376,0.0004694253047217711,RF
4.7,99.67302099464209,16.074369677455074,8.654292543691625,0.2273877922226479,0.07609068421618544,0.2280360435020327,0.07632832494839392,0.051264480691512036,0.0004640296115640496,RF
4.75,99.69298505932565,16.09804300043772,8.663761985183427,0.22939605367635554,0.07684769317084929,0.23001000194843155,0.07707263522277055,0.05326628285302672,0.0004640296115640496,RF
4.8,99.70269730700954,16.129091586907933,8.670253004052165,0.2303757002152882,0.07750739234278851,0.23097268262060155,0.07772687539158037,0.055645783535581896,0.00045863391840632805,RF
4.85,99.70809300016727,16.151371029890353,8.680202662235004,0.23223105756665025,0.0782506306303343,0.23282209203861642,0.07846806551541335,0.05717276469921709,0.00045323822524860656,RF
4.9,99.80845289290089,16.175284433595042,8.689477858773127,0.23327822745004945,0.07891904518562795,0.23366316201926715,0.07906043015626768,0.05786880911656316,0.0004478425320908851,RF
4.95,99.82086298716365,16.19214625068978,8.70150485882169,0.23553732975778735,0.0797004068870138,0.2358997843254901,0.07983342381529723,0.062444356914310994,0.00043705114577544205,RF
5.0,99.83327308142641,16.215704464919327,8.710812429518759,0.237795315977187,0.08048229682115944,0.23813543133863715,0.08060682668586773,0.06400371223689251,0.0004316554526177205,RF
5.05,99.83597092800527,16.25031332534029,8.71566315766755,0.23900501622484932,0.08116343433903372,0.23934557493149716,0.081288230859727,0.06553608909368543,0.000426259759459999,RF
5.1,99.83651049732104,16.2918413887239,8.717718916760642,0.23935532845202961,0.0817634499150472,0.23969530700967412,0.08188873099551289,0.06661522772522972,0.000426259759459999,RF
5.15,99.83974791321567,16.299078875696246,8.733463549394873,0.2426295131034408,0.08264958018097025,0.24296781305259513,0.0827736119768876,0.06813141750254946,0.000415468373144556,RF
5.2,99.8429853291103,16.329398638170755,8.739954568263611,0.24450035618049673,0.08340402119488276,0.2448344186509009,0.08352655151347536,0.06941019678092947,0.000415468373144556,RF
5.25,99.84568317568916,16.357625027554818,8.747222566947062,0.24602130556349922,0.0841214720192854,0.24635152245645703,0.084242845473008,0.0729821456513411,0.000404676986829113,RF
5.3,99.84784145295225,16.389775739986497,8.75286646199004,0.24756876204453607,0.08483930275473484,0.24789657095611484,0.08495996256782275,0.07518898415284919,0.0003992812936713915,RF
5.35,99.84999973021534,16.42362299426622,8.757798125536198,0.24855580266870986,0.08550420843687308,0.24888001547648003,0.08562397922726839,0.07651632466964868,0.0003992812936713915,RF
5.4,99.85053929953112,16.461903369794047,8.760943814647149,0.24929311852719158,0.08614965671842859,0.24961639149230505,0.08626978881514717,0.0768454619522697,0.00038848990735594846,RF
5.45,99.85539542337307,16.47023583028839,8.776035568409295,0.25319412629159405,0.08710399182509675,0.2535117475049307,0.08722130482401538,0.07951633006534184,0.00038848990735594846,RF
5.5,99.8564745620046,16.495431162821028,8.784307166020083,0.25485891155919344,0.08783648870574484,0.25517534765247174,0.08795375241385818,0.08380590612573044,0.000383094214198227,RF
5.55,99.85809326995192,16.52655211631571,8.790156097403052,0.25568035257617366,0.0884852954983632,0.25599409901118503,0.08860199620999296,0.08526274327831525,0.0003776985210405055,RF
5.6,99.85863283926768,16.56153634481594,8.794445673463441,0.2567907209617282,0.08916658565442719,0.2571047958026919,0.08928370684770295,0.08565662887882892,0.0003776985210405055,RF
5.65,99.86025154721501,16.577136884633855,8.80642950796674,0.2588399986618681,0.08993623224190166,0.2591531928633951,0.09005293849072372,0.09030771638078486,0.00036690713472506246,RF
5.7,99.86402853242542,16.59797296111232,8.816260460900109,0.2607430687896921,0.09068895705860122,0.26104989084779096,0.09080325495953416,0.09212066928177928,0.00036690713472506246,RF
5.75,99.8661868096885,16.61534633689327,8.82745652420238,0.2630297942838027,0.09148310242881055,0.2633345974444174,0.09159646280360333,0.09264405151807827,0.0003615114415673409,RF
5.8,99.86834508695159,16.648610116895636,8.832264086805912,0.26407863829970923,0.09215901740967355,0.2643794125420743,0.09227122236416829,0.09608110805954687,0.00035611574840961944,RF
5.85,99.86996379489891,16.674994137013137,8.83972633044304,0.26499452829231707,0.09281230981501123,0.26529179089317745,0.09292373812392733,0.10077536110676458,0.00035611574840961944,RF
5.9,99.87104293353045,16.70291191777854,8.846519508128612,0.26568357333016784,0.09344079451594581,0.2659791384701827,0.0935519688367427,0.10244802598565825,0.0003453243620941764,RF
5.95,99.87104293353045,16.71147194599886,8.861001548563936,0.2687134741465363,0.09429416363000878,0.26901267222060143,0.0944063315923319,0.10541565722240508,0.0003453243620941764,RF
6.0,99.872122072162,16.73294068639364,8.870282140795217,0.2710511211710812,0.09508163253875622,0.27135194225699094,0.09519427029186397,0.10748220770181241,0.0003453243620941764,RF
6.05,99.87374078010932,16.767685328618672,8.874204809720881,0.2714031075307689,0.09567556881184673,0.27170039470769697,0.09578737233350239,0.10979156437331722,0.00033453297577873344,RF
6.1,99.87374078010932,16.79617219599658,8.880587914726465,0.27216093151246673,0.09630809725172049,0.27245833859718316,0.09642054060428382,0.11280775684848354,0.00033453297577873344,RF
6.15,99.87643862668818,16.80798213767048,8.893591535236574,0.2748977196289921,0.09713107469948343,0.27519129259227243,0.09724185276350529,0.11378977300318885,0.00033453297577873344,RF
6.2,99.87697819600395,16.837818945130355,8.899321761370075,0.2758904802058997,0.09778146554437014,0.2761839289916534,0.09789244760972238,0.1183437380283058,0.0003291372826210119,RF
6.25,99.87697819600395,16.874317120436107,8.902305579686294,0.27642173825492483,0.09837962444907919,0.2767152826773993,0.09849120730052625,0.12189949981924428,0.0003291372826210119,RF
6.3,99.87751776531972,16.899635871860838,8.909713866391845,0.2782000855109451,0.09909730795328464,0.27849403649800664,0.09920912426211485,0.12498044061230326,0.0003237415894632904,RF
6.35,99.8780573346355,16.93178836535347,8.914337975428014,0.2791663389898183,0.09973441463868601,0.2794598255063287,0.0998463723581133,0.12586533429016958,0.00031834589630556887,RF
6.4,99.8780573346355,16.963312187085165,8.919194099269962,0.2800949244872743,0.10037126153760782,0.2803889860026903,0.10048385740577596,0.1271225307959187,0.00031834589630556887,RF
6.45,99.87913647326704,16.98445781750086,8.92815094991178,0.28211420731332254,0.10111212455905001,0.28240824163060685,0.10122469347699738,0.1302034715889777,0.0003075545099901259,RF
6.5,99.87913647326704,17.00875020379881,8.935796647116272,0.28390078572083766,0.10182850390014771,0.2841968422929193,0.10194184124362275,0.1342988026956883,0.0003075545099901259,RF
6.55,99.87967604258282,17.04245026647395,8.93961140217878,0.28409428753648835,0.10238543441253872,0.28439001968559235,0.10249912152148258,0.13544808533828298,0.0003075545099901259,RF
6.6,99.88021561189858,17.074987893406025,8.943868604080222,0.28506486585767243,0.10302024433416065,0.2853602256808077,0.10313405246207717,0.13676463446876702,0.0003075545099901259,RF
6.65,99.88021561189858,17.09265771725385,8.954017902909897,0.28649987643862673,0.1036973266829064,0.2867969572418711,0.10381186197783125,0.13989953219340323,0.00030215881683240436,RF
6.7,99.88021561189858,17.11130677360108,8.96371935920748,0.2885084169144189,0.10442724169591731,0.28880790652095223,0.10454256651751077,0.14353622938170751,0.0002913674305169614,RF
6.75,99.8818343198459,17.136677802625005,8.970674407687783,0.28896392046748287,0.10500346356147039,0.28925954782458374,0.10511770514295138,0.144960692375346,0.00028597173735923985,RF
6.8,99.88237388916167,17.154349028122173,8.980678022802199,0.2901443233962651,0.10565101971868976,0.2904390798800745,0.10576529618485951,0.14828443936050245,0.00028597173735923985,RF
6.85,99.88345302779321,17.16838573963553,8.992079122444466,0.29109899745862855,0.10627357542412623,0.29139214900846494,0.10638748887165016,0.14995710423939612,0.00028057604420151836,RF
6.9,99.8877695823194,17.173398967369938,9.00703598387767,0.29246955393804663,0.10693362727549267,0.29275249117083046,0.10704364090560106,0.153291642610868,0.0002751803510437968,RF
6.95,99.88884872095095,17.1781837069159,9.021987449617715,0.29521289907355946,0.10771719242469206,0.29549600557455147,0.10782684960979114,0.15813157937334418,0.0002751803510437968,RF
7.0,99.88938829026671,17.190572323597394,9.033830996098914,0.296813369750665,0.10838549491264238,0.29709679201417394,0.10849522776136158,0.1615902186874437,0.00026978465788607533,RF
7.05,99.88938829026671,17.21556015833928,9.040591799625538,0.2976328576130532,0.10897704372713353,0.29791481301585926,0.10908710866447809,0.16223230617321255,0.00026978465788607533,RF
7.1,99.88938829026671,17.24468716063581,9.045663751193796,0.2980050730738724,0.10952570853931877,0.29828744064647167,0.10963628675892698,0.1649301527520733,0.00026438896472835385,RF
7.15,99.88938829026671,17.2204715701686,9.072016316576109,0.3021128362029429,0.11043366377350913,0.30239905414632035,0.11054508420318761,0.16735821467304798,0.0002589932715706323,RF
7.2,99.88938829026671,17.24046735481485,9.080638634242147,0.30333007004688856,0.1110608140890298,0.30361735655330363,0.11117280496808675,0.17043915546610694,0.0002535975784129108,RF
7.25,99.88938829026671,17.26486720565775,9.087421020541404,0.30422810262608385,0.11164968799683125,0.3045162438961151,0.11176221928041354,0.17424311914230062,0.00024820188525518933,RF
7.3,99.88938829026671,17.28988557647528,9.09389585233067,0.30453921225038183,0.11217729756676904,0.30482769802515014,0.11229031374340684,0.1762988782353925,0.00024820188525518933,RF
7.35,99.89046742889826,17.3071616092582,9.103430042140364,0.30657412031316605,0.11287180465107562,0.3068616839626208,0.1129843729922479,0.17837622010111528,0.00024820188525518933,RF
7.4,99.89100699821402,17.32467047840237,9.11284013100743,0.3071971766280155,0.11343045627896671,0.3074837625681274,0.11354292147027327,0.18021615146789832,0.0002428061920974678,RF
7.45,99.89100699821402,17.340358985940735,9.122924681519212,0.3094075895819956,0.11414014985868848,0.30969505105033734,0.1142531384119269,0.18303270329622895,0.0002428061920974678,RF
7.5,99.89208613684556,17.368212976133307,9.128050590019047,0.3098971338293774,0.11467331732965587,0.3101828957992362,0.11478593042791937,0.18792120129712464,0.00023741049893974628,RF
7.55,99.89208613684556,17.393493267692005,9.13415311898043,0.31061031427754365,0.11522476230439577,0.3108965673758865,0.11533784291379762,0.19009026994652867,0.0002320148057820248,RF
7.6,99.89262570616134,17.42574913609282,9.137439096113482,0.3108151164876196,0.11572818395517197,0.31110046906564975,0.1158412724836397,0.1907485445117707,0.0002320148057820248,RF
7.65,99.89316527547712,17.434063945717728,9.150248471669913,0.31381906825012273,0.11650016712635651,0.31410623244659297,0.11661351887882497,0.19507589042426335,0.0002320148057820248,RF
7.7,99.89370484479288,17.463944675423726,9.154343802776623,0.314250854925998,0.11701393885177604,0.3145365026359001,0.11712707613838173,0.1991280559857122,0.0002320148057820248,RF
7.75,99.89370484479288,17.4872954487626,9.160996692440094,0.3158756005244614,0.11763973424289384,0.31616241845994303,0.11775338056867668,0.20087626056881397,0.00022661911262430328,RF
7.8,99.89424441410866,17.517433855348102,9.16489238289997,0.31640825368390946,0.11815835814691042,0.3166937881460756,0.11827179492428233,0.2040165539866079,0.00022661911262430328,RF
7.85,99.8953235527402,17.541247077207203,9.171264696519238,0.3168756156755678,0.11866697777358393,0.31715793940768827,0.11877953618860883,0.20594281644391446,0.00022661911262430328,RF
7.9,99.89640269137175,17.57339855143775,9.174275493301247,0.31734339620035285,0.11917663132787687,0.3176233375427377,0.11928874541721364,0.20719461725650587,0.00022661911262430328,RF
7.95,99.89640269137175,17.57892007481581,9.187840265899759,0.32023183281984324,0.11991004516715613,0.3205139316736974,0.12002273495401666,0.213275563445258,0.00022661911262430328,RF
8.0,99.89640269137175,17.598676753839865,9.195637042512667,0.3212050618508306,0.12045116446347759,0.32148775102219385,0.12056426959450119,0.21620002913674305,0.00022661911262430328,RF
8.05,99.89640269137175,17.62442643102383,9.200994965818284,0.32150752179050684,0.12092549316732133,0.3217901056600105,0.1210389429262223,0.21785650693616354,0.00021582772630886026,RF
8.1,99.89640269137175,17.653097032077188,9.205155045242886,0.3218782026298608,0.12140651706140335,0.32216103125725803,0.12152034406292399,0.22016046791451063,0.00021043203315113877,RF
8.15,99.89640269137175,17.65622872109807,9.219469819190323,0.32433736377223693,0.12208530999933048,0.32462274266640023,0.1221997315984105,0.22228097532549518,0.00021043203315113877,RF
8.2,99.89748183000329,17.676475510132725,9.226883501589032,0.3251574096787944,0.12260145549899801,0.32544110098680473,0.12271526162228077,0.22592846390011492,0.00020503633999341726,RF
8.25,99.89856096863483,17.69620876722952,9.23441588923721,0.3260162396551073,0.12311173492693966,0.32629966160576845,0.12322535909417064,0.23044465907312783,0.00020503633999341726,RF
8.3,99.89856096863483,17.72322856520141,9.238980645648644,0.3265334070888617,0.12358487865666538,0.32681665591833425,0.1236988120282411,0.23240869138253845,0.00020503633999341726,RF
8.35,99.89856096863483,17.74319030232804,9.246334975422618,0.3276098742911408,0.12411173945972212,0.3278936575764941,0.12422604864934406,0.233347541991982,0.00020503633999341726,RF
8.4,99.89856096863483,17.762906764160316,9.2537648449008,0.3280443116768195,0.12457761783530515,0.32832853609873336,0.1246922936590178,0.23454538587299617,0.00019964064683569574,RF
8.45,99.89856096863483,17.778777607432858,9.262656947224725,0.3292844253317002,0.12511372781222346,0.3295693503794323,0.12522878615986066,0.24037813017649312,0.00018884926052025274,RF
8.5,99.8991005379506,17.804016121767187,9.267696524634037,0.3298409348793793,0.12557029370169406,0.33012464195823826,0.12568514137655085,0.24537993773370095,0.00018884926052025274,RF
8.55,99.90017967658216,17.824973879854998,9.274397975535928,0.33021022060831046,0.126004837893548,0.33049282537213465,0.12611937829482314,0.24588713289052677,0.00018345356736253123,RF
8.6,99.90017967658216,17.844572407740294,9.281628204367275,0.33099092440094324,0.12648150039039774,0.33127305239052,0.1265962916694142,0.24683137919312806,0.00018345356736253123,RF
8.65,99.90179838452947,17.86040608907914,9.290293687578576,0.3322956316684023,0.12700178698248488,0.3325749313803328,0.12711547487995994,0.25189253937507083,0.00018345356736253123,RF
8.7,99.90287752316101,17.884214089881866,9.295710963508927,0.3328026147960698,0.12743957843564616,0.3330800717676733,0.12755267569726836,0.2537270750486961,0.00018345356736253123,RF
8.75,99.90395666179256,17.912417112687297,9.299342265004073,0.33304717765319725,0.12785175523534703,0.3333214115308795,0.1279640612254593,0.2547684438281364,0.00017805787420480972,RF
8.8,99.90395666179256,17.938693401997096,9.303691193689197,0.33367469832139984,0.12829644948741284,0.33394869759930873,0.12840900625388993,0.2583242056190749,0.00017805787420480972,RF
8.85,99.90395666179256,17.96367204459278,9.308509547679042,0.3339082398061868,0.12869899678669008,0.33418246360076687,0.12881184368008222,0.2604501087232171,0.0001726621810470882,RF
8.9,99.90449623110833,17.991350344578635,9.312205597492081,0.33420442174895987,0.12910468344130846,0.33447712380911226,0.1292171192913667,0.26236018410105055,0.0001726621810470882,RF
8.95,99.90449623110833,18.004350632366677,9.321718204529144,0.33582679565970447,0.1296342159944512,0.336100769340448,0.12974703179161912,0.26539256365569003,0.0001726621810470882,RF
9.0,99.9071940776872,18.0287363876618,9.326612098223197,0.3364657562333745,0.13006202970987552,0.33673250431786383,0.13017197891590962,0.26896451252610165,0.00016726648788936672,RF
9.05,99.9071940776872,18.05494673631829,9.330745199182013,0.33683071711999485,0.13046236820411208,0.3370975249431576,0.1305725637014521,0.2690022823782057,0.0001618707947316452,RF
9.1,99.90989192426605,18.08002790247321,9.335309955593445,0.33741317572153906,0.13088469279077283,0.33767280265275484,0.13099197711364682,0.2707073214160457,0.0001618707947316452,RF
9.15,99.91097106289759,18.086721578519256,9.347202063313064,0.3391173031030631,0.1314157828926507,0.3393750806186814,0.13152207177112948,0.27221811550020775,0.00015107940841620218,RF
9.2,99.91151063221336,18.108423696985614,9.353029411923403,0.33950514380061825,0.13181330825229096,0.3397615716669636,0.13191915949035876,0.27662100111690846,0.00015107940841620218,RF
9.25,99.91205020152914,18.125536078370015,9.360642734968948,0.34000501186512927,0.13221738917341408,0.34025976562078103,0.13232275252321588,0.2771551747395229,0.00015107940841620218,RF
9.3,99.91205020152914,18.136199687573445,9.370808220878095,0.3409125311952,0.13266060450549075,0.341166408208673,0.13276609423329572,0.27897352333367503,0.00015107940841620218,RF
9.35,99.9131293401607,18.142353731533984,9.382759681222447,0.34251607111523574,0.13317300013731878,0.3427687745447476,0.13327782066604216,0.2793728046273464,0.00015107940841620218,RF
9.4,99.91366890947646,18.142521049433686,9.397090642249356,0.3434548409187786,0.13362306262960294,0.3437065044255911,0.13372757935347565,0.28160122590148545,0.00015107940841620218,RF
9.45,99.91420847879223,18.15226145223321,9.407493538657443,0.34427851411243543,0.1340494033571418,0.34452902874053587,0.13415346987799995,0.2872720994102507,0.00014028802210075918,RF
9.5,99.91474804810801,18.16199318314431,9.417815499668166,0.3452863418819098,0.1344831571662664,0.34553585587687324,0.13458676379146936,0.28995915460279603,0.00014028802210075918,RF
9.55,99.91474804810801,18.178556938080117,9.42538026147529,0.34586056933195924,0.13487504303782502,0.3461090373538544,0.13497873254115225,0.2913134735853841,0.00014028802210075918,RF
9.6,99.91474804810801,18.196791919743355,9.432254374558228,0.3462104630260126,0.13524538901579,0.346459089963548,0.13534927688128845,0.29186383428747176,0.00014028802210075918,RF
9.65,99.91474804810801,18.18090564379312,9.452693260239677,0.3486248411238149,0.13580588963364348,0.3488752488618874,0.13591012330945115,0.29891060955145604,0.00013489232894303767,RF
9.7,99.91528761742377,18.195444715875368,9.460867735373625,0.34924859499387584,0.1361808325317306,0.349497228668942,0.13628451919849408,0.30115521790506816,0.00013489232894303767,RF
9.75,99.91744589468686,18.213393896991693,9.46765012167288,0.3498639782013996,0.1365540457987845,0.3501097597580732,0.13665631104546297,0.30262824213712614,0.00013489232894303767,RF
9.8,99.91960417194996,18.230625358416052,9.474702292630022,0.3504795009199657,0.13692812993753434,0.3507197511664074,0.13702805222542672,0.3026552206029148,0.00012410094262759467,RF
9.85,99.92014374126572,18.249627198713586,9.480999066545083,0.35112683215617296,0.13730106051518992,0.3513668228420228,0.13740087145240237,0.3068206957206758,0.00012410094262759467,RF
9.9,99.92014374126572,18.259375295360552,9.490959516114238,0.3520368626850048,0.1376967652098513,0.3522773014229014,0.13779677463733772,0.3072577468664512,0.00012410094262759467,RF
9.95,99.9206833105815,18.27221559485565,9.499635790711853,0.3534674089126059,0.13813896648071036,0.3537084771419005,0.13823913496638995,0.310943005293175,0.00011870524946987314,RF
10.0,99.92176244921303,18.29377519995431,9.50478328198432,0.35402754574738443,0.1384935300069067,0.35426565142449823,0.13859256909395037,0.311466387529474,0.00011870524946987314,RF
10.05,99.92176244921303,18.313971710367113,9.5104649468794,0.3544483110509192,0.13883642939512691,0.35468674618225804,0.13893565151032522,0.3127073969557499,0.00011870524946987314,RF
10.1,99.92176244921303,18.331857920854343,9.517053088224978,0.3547703025365153,0.1391703488267985,0.3550089897833552,0.1392697459493954,0.3129232246820588,0.00011870524946987314,RF
10.15,99.92284158784457,18.34623751278213,9.524968570087356,0.3559548907965661,0.1395786208248093,0.35619079838004203,0.13967685550594477,0.31878294745134433,0.00010791386315443013,RF
10.2,99.92446029579189,18.36872024523452,9.529587283430367,0.35628706658824927,0.1398982783785102,0.35651759485509704,0.1399944261643283,0.31946280478921724,0.00010791386315443013,RF
10.25,99.92553943442344,18.389287123348726,9.534934415349667,0.3566743492416353,0.14022020114926187,0.3569015951402576,0.14031502225181994,0.3229915881143671,0.00010791386315443013,RF
10.3,99.926618573055,18.407119615751494,9.541328311741568,0.35709497503412774,0.14054061112477673,0.35731881514279373,0.14063421167474507,0.32387648179223344,0.00010251816999670863,RF
10.35,99.92715814237076,18.422668027841276,9.548628684583965,0.3579801725974327,0.1409084094622267,0.3582028681951209,0.14100143946253138,0.3239682085759147,0.00010251816999670863,RF
10.4,99.92715814237076,18.446405448805333,9.55264308029331,0.3582453830888185,0.14121782386088977,0.3584679927860992,0.14131096305264437,0.32483691517430785,9.712247683898712e-05,RF
10.45,99.92877685031807,18.45599777094127,9.562236622727738,0.35884653617002904,0.14154955132734207,0.35906376764704295,0.14164086787669042,0.3311660632483152,9.172678368126562e-05,RF
10.5,99.93039555826539,18.470178895629257,9.569920089784334,0.35962668191849256,0.14188900902298224,0.3598407346709574,0.14197899851541354,0.33261750470774226,9.172678368126562e-05,RF
10.55,99.93147469689694,18.486774788371875,9.576626936379382,0.3602318808199295,0.14221313117533838,0.3604419043011564,0.14230166467675756,0.33266067025300405,9.172678368126562e-05,RF
10.6,99.9320142662127,18.50316100406734,9.583414718371795,0.3606303243566985,0.14251998570504576,0.3608385331439956,0.14260785913211443,0.3331732611029876,9.172678368126562e-05,RF
10.65,99.93363297416002,18.50774437737662,9.594858983559323,0.36171613879881076,0.1428857592953776,0.3619217367528751,0.142972106999719,0.3378621184570476,9.172678368126562e-05,RF
10.7,99.93471211279157,18.52036024414823,9.603044250079586,0.3625501358095967,0.1432224655253164,0.36275251003174735,0.14330741666172317,0.3388926958501724,9.172678368126562e-05,RF
10.75,99.93525168210734,18.533595830107373,9.610959731941964,0.363391108372497,0.1435595227198659,0.36359318570510707,0.1436442872808652,0.3399988129475053,8.63310905235441e-05,RF
10.8,99.93687039005465,18.554607866384174,9.615745711772863,0.36380838589997455,0.1438553767839239,0.36400595438838973,0.143938307319334,0.3407757927622172,8.63310905235441e-05,RF
10.85,99.93687039005465,18.570443102528632,9.622571263617381,0.36449017636362646,0.1441747536169041,0.36468705874222523,0.14425770474551983,0.34259414135636934,8.63310905235441e-05,RF
10.9,99.9379495286862,18.581102354791554,9.63145257455499,0.36528413370527646,0.1445056233409369,0.3654779899145872,0.1445872697409727,0.3427344293784701,7.553970420810109e-05,RF
10.95,99.93848909800197,18.58893783503648,9.641440002589933,0.3662616875785747,0.14485373596538148,0.366454172239349,0.14493474780371,0.34464450475630354,7.014401105037959e-05,RF
11.0,99.93902866731774,18.608899954197863,9.646555119703454,0.36686632843584255,0.14516511383631378,0.3670573430946981,0.1452454752703555,0.34528119654891465,7.014401105037959e-05,RF
11.05,99.9401078059493,18.621856672881687,9.654465205872672,0.36762750068255523,0.14549377226851706,0.3678159852285366,0.1455729858809983,0.3452919879352301,7.014401105037959e-05,RF
11.1,99.94064737526507,18.630392866491157,9.66413428801131,0.36855566764688424,0.14584031718891055,0.3687427176106639,0.1459190559322104,0.34616069453362325,7.014401105037959e-05,RF
11.15,99.94064737526507,18.643436008647782,9.671974230169479,0.3694051503833639,0.14617817310517206,0.36959158808571285,0.14625693180967178,0.34832976318302733,7.014401105037959e-05,RF
11.2,99.94064737526507,18.65786102503872,9.679231437466614,0.370055829884586,0.14649479633016121,0.3702426540116508,0.14657366949854153,0.34884235403301084,7.014401105037959e-05,RF
11.25,99.94172651389661,18.676453214444727,9.684815979884856,0.370578159226905,0.14680125816050418,0.37076156933459303,0.14687868281851407,0.34886393680564176,7.014401105037959e-05,RF
11.3,99.9438847911597,18.690731813272325,9.692116352727252,0.37119158927983686,0.14711804939796594,0.37136789561029854,0.14719264704423216,0.3497596218698235,7.014401105037959e-05,RF
11.35,99.94496392979124,18.707349578689048,9.69847247926705,0.37168978321184026,0.14742552939098671,0.37186361038918964,0.1474989653224158,0.34977041325613895,7.014401105037959e-05,RF
11.4,99.94820134568587,18.723682632008636,9.704941915363158,0.37229330798076976,0.1477463552201072,0.37245735709388506,0.1478157327495447,0.34984595296034704,7.014401105037959e-05,RF
11.45,99.94820134568587,18.73577648683993,9.713073224951843,0.3729593336966433,0.14807077268066726,0.3731237279809109,0.14814025232660066,0.3530186205370873,7.014401105037959e-05,RF
11.5,99.94820134568587,18.753155190867336,9.719051652970599,0.3736381944284072,0.14839286470381235,0.37380196345222605,0.14846234953480666,0.3538009960449569,7.014401105037959e-05,RF
11.55,99.94874091500165,18.768851890491042,9.725693751247753,0.3741907976669023,0.1487045171149246,0.3743524133925003,0.1487732561573865,0.35410315486178934,7.014401105037959e-05,RF
11.6,99.94928048431741,18.77940043487271,9.734386212924843,0.3746493704628965,0.14900870866532737,0.37480877923115535,0.14907668593050433,0.355117545175441,6.474831789265808e-05,RF
11.65,99.94982005363319,18.78527168420395,9.744902418889243,0.3756650108507389,0.14936207089371106,0.37582304573526226,0.14942936042377825,0.3580581979463992,6.474831789265808e-05,RF
11.7,99.95035962294895,18.79895204332284,9.752267540049532,0.37645882868134645,0.1496924356521852,0.37661536856311495,0.14975901995663093,0.3580851764121878,5.935262473493657e-05,RF
11.75,99.95197833089627,18.806237235868426,9.762190219766582,0.3774836767979799,0.15004860426209696,0.37763614519228683,0.1501134378805239,0.3581283419574496,5.935262473493657e-05,RF
11.8,99.95305746952783,18.81195996508058,9.77273340419677,0.37864678035751853,0.15042088211381402,0.37879697405611995,0.15048453016897587,0.35895388301058095,5.3956931577215064e-05,RF
11.85,99.9535970388436,18.816545454008683,9.783692057000103,0.3798949856528519,0.1507981861120296,0.3800439931550848,0.15086124425534853,0.36136575785208247,5.3956931577215064e-05,RF
11.9,99.9535970388436,18.807372514002992,9.80013273405168,0.3818184243928495,0.15124087198025388,0.38196720823549085,0.15130396327759318,0.3613765492383979,5.3956931577215064e-05,RF
11.95,99.95467617747515,18.804954643361626,9.813870168831238,0.38347414144270037,0.1516615076352382,0.3836196918094025,0.1517231777183031,0.3614736717152369,4.856123841949356e-05,RF
12.0,99.95521574679091,18.809190706380825,9.824942131190884,0.3849988576238446,0.1520724290911672,0.38514288073414304,0.15213338014535885,0.36211036350784803,4.856123841949356e-05,RF
12.05,99.95575531610669,18.817300399062,9.834454738227947,0.38618037664096516,0.15245226198887146,0.38632298328214154,0.15251250814021686,0.3621319462804789,4.856123841949356e-05,RF
12.1,99.95629488542247,18.82778341033114,9.84301770326925,0.38690653161606403,0.1527913781843771,0.3870475099432124,0.15285089155005677,0.3621535290531098,4.856123841949356e-05,RF
12.15,99.95683445473823,18.81206586446264,9.862021334570745,0.38932383944575427,0.1532914393501458,0.3894639119474449,0.1533502912186926,0.3651157645966989,3.7769852104050545e-05,RF
12.2,99.95791359336977,18.814563097409494,9.873719197336685,0.39064947336955647,0.15368622645139857,0.39078659724163983,0.1537437479614042,0.3651319516761721,3.7769852104050545e-05,RF
12.25,99.95791359336977,18.823305092011097,9.882918854170601,0.39192544136230456,0.1540799627337717,0.3920625441904402,0.15413752900762084,0.36515353444880294,3.7769852104050545e-05,RF
12.3,99.95899273200132,18.833325863737738,9.891605920154532,0.39314686053751896,0.15447189691976265,0.3932805109442557,0.15452794201708434,0.3652182827666956,2.6978465788607532e-05,RF
12.35,99.96007187063286,18.844057833702156,9.900007014401105,0.39441376031251846,0.1548718904967181,0.39454436886736943,0.15492660042593867,0.36532080093669234,2.6978465788607532e-05,RF
12.4,99.9611510092644,18.845007546001685,9.912319986187025,0.39627302397306474,0.15533304575066617,0.396402887083628,0.15538713994877681,0.3653477794024809,2.6978465788607532e-05,RF
12.45,99.9611510092644,18.85187204250399,9.922237270210918,0.3974016683051587,0.15572240062242068,0.3975319700530602,0.15577658788681892,0.3675492222108313,2.6978465788607532e-05,RF
12.5,99.9611510092644,18.866265226243577,9.929127570373328,0.3984934817220894,0.15610917532644839,0.39862420779332947,0.15616345397983838,0.3676409489945126,2.6978465788607532e-05,RF
12.55,99.96223014789595,18.877429093943924,9.937307441200433,0.39930013456858726,0.1564717547210299,0.39942811816714613,0.15652483541896564,0.36776504993714015,2.1582772630886026e-05,RF
12.6,99.96276971721171,18.885149848550203,9.946863213782759,0.4000078740861044,0.15682818102928553,0.4001345235339839,0.15688067346971238,0.36778123701661336,2.1582772630886026e-05,RF
12.65,99.96276971721171,18.894412620675116,9.955782294572472,0.40121799286689364,0.1572336308538015,0.4013445347612055,0.15728616486892108,0.36925965694182905,2.1582772630886026e-05,RF
12.7,99.96276971721171,18.90936849021487,9.962413601463313,0.4018868088036129,0.15758857582450217,0.4020135997927281,0.1576411859012224,0.369319009566564,2.1582772630886026e-05,RF
12.75,99.96384885584327,18.92104261448169,9.970356061791477,0.4026376572331965,0.15795499487509576,0.4027616359612664,0.15800630452003295,0.3694323191228761,2.1582772630886026e-05,RF
12.8,99.96438842515903,18.933535792207252,9.977969384837023,0.4034931389444945,0.15833509135341142,0.4036142715540274,0.15838553975400105,0.36945390189550703,2.1582772630886026e-05,RF
12.85,99.9649279944748,18.945854939190784,9.985636664814145,0.4043129058289672,0.15871292378503316,0.4044332639851459,0.15876296249112096,0.37065174577652116,2.1582772630886026e-05,RF
12.9,99.96546756379058,18.958894442282133,9.993007181667593,0.4048911790992429,0.15906958566428883,0.40500969362386585,0.15911886910180117,0.37070030701494067,1.618707947316452e-05,RF
12.95,99.96600713310634,18.959736361212027,10.005255405135621,0.40612320111367095,0.15949342959433305,0.40624050676310247,0.15954211918694006,0.3707488682533602,1.618707947316452e-05,RF
13.0,99.96600713310634,18.968800866079647,10.014212255777439,0.4075823471049408,0.159942950242395,0.40769903246073297,0.15999163239641506,0.3709161347412495,1.618707947316452e-05,RF
13.05,99.96600713310634,18.97795332986266,10.023131336567152,0.40878074695817784,0.160371171604028,0.4088972815890322,0.16041989206824703,0.3710024658317731,1.618707947316452e-05,RF
13.1,99.96600713310634,18.985674446494475,10.032622360831585,0.40963022969465757,0.1607695252840869,0.40974649495331134,0.160818272960538,0.37102404860440397,1.618707947316452e-05,RF
13.15,99.9670862717379,18.985981543879205,10.045070224946448,0.41128287750157816,0.16124867590248182,0.41139554281272933,0.16129581021331446,0.37170390594227687,1.618707947316452e-05,RF
13.2,99.9670862717379,18.988621340296998,10.056579238451867,0.41298491221746797,0.16173595649647088,0.4130978588021934,0.1617831687471559,0.37176865426016953,1.618707947316452e-05,RF
13.25,99.96762584105367,18.99453307146707,10.066777098519962,0.41462639914100574,0.16222176364443017,0.4147377872005094,0.16226822052397732,0.37189275520279713,1.618707947316452e-05,RF
13.3,99.96816541036945,19.00769327317275,10.074072075669202,0.415383107034365,0.16262540137909157,0.4154924975549727,0.16267120232801707,0.37207081307700196,1.0791386315443013e-05,RF
13.35,99.96870497968521,19.01800017526927,10.082505544074719,0.4166498672983224,0.16308250658853754,0.4167585282418026,0.16312784520427537,0.372243475258049,1.0791386315443013e-05,RF
13.4,99.96978411831677,19.01680979272541,10.095536143050618,0.41831479207696404,0.1635823042201203,0.41842071346146575,0.1636263599444573,0.3722812451101531,1.0791386315443013e-05,RF
13.45,99.96978411831677,19.01919205732474,10.107136883339718,0.42027269004440654,0.1641155421044428,0.4203789240974324,0.16415968176266285,0.37232980634857255,1.0791386315443013e-05,RF
13.5,99.9708632569483,19.03467795611716,10.113493009879514,0.42133674076392225,0.164566089131889,0.42143916579860624,0.16460866069674934,0.37255102976803917,1.0791386315443013e-05,RF
13.55,99.97140282626408,19.042666448482006,10.122843746121845,0.42271469132858147,0.16505113457014642,0.4228157941278066,0.16509316875318927,0.37277764888066345,1.0791386315443013e-05,RF
13.6,99.97194239557984,19.04090172088503,10.136090172824051,0.4241315654740386,0.16554368649616139,0.4242309234514063,0.16558492837815075,0.3734413191390632,1.0791386315443013e-05,RF
13.65,99.97248196489562,19.047299241090656,10.14606141377952,0.4258294148586597,0.16606673870412006,0.4259248572878098,0.166106978338128,0.3735114631501136,1.0791386315443013e-05,RF
13.7,99.97248196489562,19.056816426773494,10.154780853922398,0.4269782882918854,0.16654064581517097,0.42707404695545165,0.16658096550387053,0.37374887364905335,1.0791386315443013e-05,RF
13.75,99.97410067284294,19.07214730872034,10.16116935462114,0.42774532000237403,0.16698141158017915,0.42783478114256396,0.1670191522475173,0.3741211764769361,1.0791386315443013e-05,RF
13.8,99.97464024215871,19.082688615443445,10.169467930697717,0.42866065195081293,0.16744008569051697,0.42874817577151003,0.16747700540680271,0.37454204054323836,5.395693157721506e-06,RF
13.85,99.97464024215871,19.094360703692384,10.177307872855886,0.4296608066129614,0.1679107932956434,0.42974858413479705,0.16794778072794822,0.37458520608850016,5.395693157721506e-06,RF
13.9,99.97464024215871,19.101779808204576,10.186847458358738,0.43084776656073115,0.16840413637302326,0.43093584516908995,0.1684411966646253,0.37470930703112776,5.395693157721506e-06,RF
13.95,99.97464024215871,19.107857495391592,10.196921217484205,0.43215651964841656,0.16891402912060666,0.4322449302375786,0.16895116586411751,0.374801033814809,5.395693157721506e-06,RF
14.0,99.97625895010603,19.12164048803932,10.203908640123453,0.43319434229198256,0.1694017862086134,0.43327627997344687,0.16943652388954117,0.37523268926742676,5.395693157721506e-06,RF
14.05,99.97733808873757,19.133290985496142,10.211743186588466,0.43429578197083085,0.169899900613479,0.43437357168993634,0.16993289394837305,0.3752758548126885,5.395693157721506e-06,RF
14.1,99.97733808873757,19.138384206394775,10.22220003992813,0.4352412483044034,0.1703877851355414,0.43531813599149444,0.17042072915233109,0.3752974375853194,5.395693157721506e-06,RF
14.15,99.9784172273691,19.13916506262313,10.234378119385108,0.4371338551040559,0.17097220841947586,0.4372088248557689,0.1710040344499607,0.3755240566979437,5.395693157721506e-06,RF
14.2,99.97949636600066,19.143136724326325,10.245277419563704,0.43872204880944027,0.17153206961092238,0.4387929042877573,0.17156213668981435,0.37563736625425587,5.395693157721506e-06,RF
14.25,99.98057550463221,19.145338865710023,10.256883555545963,0.44080662280327837,0.1721457283933679,0.4408728680982423,0.172173994846004,0.3756481576405713,5.395693157721506e-06,RF
14.3,99.98165464326375,19.147927741796874,10.268327820733491,0.4428058160392374,0.17275554101242493,0.4428689254879951,0.1727823674202071,0.3760852087863467,5.395693157721506e-06,RF
14.35,99.98219421257953,19.148644139337733,10.280516691576784,0.4451480669281779,0.17340392794631726,0.4452093430329196,0.1734299070213704,0.37631722359212877,5.395693157721506e-06,RF
14.4,99.98219421257953,19.132358388999787,10.299498740105648,0.44847247555481207,0.17415235148041047,0.44853434370210465,0.17417841778746154,0.3770510378615789,5.395693157721506e-06,RF
14.45,99.98273378189529,19.12423128829055,10.315200207194618,0.4512767870158039,0.17485426145360647,0.4513368584087511,0.17487948343403753,0.37774708227892495,5.395693157721506e-06,RF
14.5,99.98381292052684,19.125405214617253,10.327167854618443,0.4538649958722947,0.1755389267500264,0.4539224288867422,0.17556294274362017,0.37835139991258976,5.395693157721506e-06,RF
14.55,99.98381292052684,19.13058593417266,10.33752218978811,0.4558129885557348,0.17616621182827596,0.45587073694435587,0.17619028793534458,0.3788963649215196,0.0,RF
14.6,99.98381292052684,19.13314953025949,10.34891789373722,0.45721744621842836,0.17674562359713097,0.45727542198453336,0.17676975158346558,0.37904744432993587,0.0,RF
14.65,99.9843524898426,19.112428739859116,10.369621168383397,0.46187111605596404,0.17764557968044364,0.46192791054699306,0.17766903231780395,0.3793280203741374,0.0,RF
14.7,99.98543162847415,19.110526136288296,10.382786659688238,0.46399810140665715,0.17830576853215835,0.464050499303854,0.1783274057003108,0.38002946048464115,0.0,RF
14.75,99.98597119778992,19.115171600486224,10.393319052732108,0.4659703690114551,0.17895498754522618,0.4660216556525118,0.17897602892179304,0.38079564891303763,0.0,RF
14.8,99.98705033642146,19.12212993372391,10.402917990859695,0.46829406493177134,0.17964305892181615,0.4683428553173348,0.17966292439838058,0.3809737067872424,0.0,RF
14.85,99.98866904436878,19.130919464741755,10.411772323331517,0.4698924429432426,0.1802653942990088,0.4699363439820411,0.18028313992250425,0.38215536358878344,0.0,RF
14.9,99.98920861368455,19.123408978694297,10.427128466058392,0.4733004186842063,0.18106639768696894,0.4733443840421341,0.18108389881449144,0.38264097597297836,0.0,RF
14.95,99.98920861368455,19.1264689958744,10.438243593963298,0.47503077414168,0.18170969844326212,0.47507492624910264,0.18172724960188508,0.38333702039032447,0.0,RF
15.0,99.99136689094765,19.138331236838926,10.445824542849897,0.4766267804654324,0.18234383089141082,0.4766627693735599,0.18235814023602787,0.38409241743240546,0.0,RF
