LM,pdr,mean_tp_dbm,mean_sf,mean_toa_s,mean_energy_j,mean_toa_delivered_s,mean_energy_delivered_j,frac_tp_clamped_high,frac_tp_clamped_low,scheme
0.0,84.13558297766723,15.38536086495751,8.111248401525902,0.09270536662116298,0.030155676568253617,0.09190154722281008,0.030610066511740693,0.18125212455418085,0.0003992812936713915,Friis
0.05,84.13558297766723,15.425215093164587,8.11132394123011,0.0927084358640933,0.030276200350679128,0.09190486356144704,0.030713916761585722,0.20017482045831017,0.00038848990735594846,Friis
0.1,84.13558297766723,15.46516014960557,8.111334732616426,0.09270955195243158,0.030396668939428908,0.09190619009690182,0.030817426991764433,0.20017482045831017,0.000383094214198227,Friis
0.15,84.13558297766723,15.505105171087049,8.111345524002742,0.09270983097451616,0.03051844851146243,0.09190619009690182,0.030922003797804527,0.2001802161514679,0.000383094214198227,Friis
0.2,84.13558297766723,15.545023048637187,8.111367106775372,0.09271136559598131,0.030641757084096295,0.09190801408315216,0.031027965216352153,0.2001802161514679,0.000383094214198227,Friis
0.25,84.13558297766723,15.584860227640974,8.111421063706949,0.09271359777265786,0.03076656028518333,0.0919105013371299,0.031135216854394337,0.2001802161514679,0.00037230282788278395,Friis
0.3,84.13558297766723,15.624785218448697,8.111426459400107,0.09271415581682699,0.030892055026700824,0.09191116460485729,0.031242880862704926,0.2102863494358803,0.00037230282788278395,Friis
0.35,84.13558297766723,15.663740527747422,8.111458833559054,0.09271582994933443,0.031003325233201352,0.09191315440803945,0.03133429317709826,0.21963708567821166,0.00036690713472506246,Friis
0.4,84.13558297766723,15.702713541104965,8.111469624945368,0.09271652750454586,0.031115143037300737,0.09191381767576684,0.03142591603034992,0.21964248137136938,0.0003615114415673409,Friis
0.45,84.13612254698299,15.741645748953044,8.111496603411156,0.09271848065913788,0.031228370083203567,0.09191571546571582,0.031518561170248253,0.2196478770645271,0.00035611574840961944,Friis
0.5,85.32857073483945,15.780604825942588,8.11151279049063,0.09271931772539159,0.031342793147101394,0.09099336282581477,0.031217933541304928,0.21966406414400025,0.00035611574840961944,Friis
0.55,87.33792686677494,15.819307435594764,8.1116314957401,0.09272392158978701,0.03145889670632726,0.08950003939060705,0.030694065750523275,0.21966406414400025,0.0003453243620941764,Friis
0.6,87.33792686677494,15.858306947654336,8.1116314957401,0.09272392158978701,0.03157589333087911,0.08950003939060705,0.0307875609172313,0.219669459837158,0.0003399286689364549,Friis
0.65,87.33792686677494,15.897279434135003,8.111642287126415,0.09272475865604074,0.03169432164241401,0.08950099781300581,0.030882226782155926,0.2196748555303157,0.0003399286689364549,Friis
0.7,87.33792686677494,15.936278696334218,8.111642287126415,0.09272475865604074,0.031814035381406085,0.08950099781300581,0.030977890462158684,0.21968025122347343,0.00033453297577873344,Friis
0.75,87.38540896656289,15.975169860888418,8.111685452671678,0.0927271303437596,0.03193535441588074,0.08946896980624126,0.031059022568720007,0.21969643830294658,0.0003291372826210119,Friis
0.8,88.60915217473413,16.01406043050459,8.111728618216938,0.0927304786087745,0.03205816060559269,0.09109019897455882,0.03178320045067987,0.21970722968926204,0.0003291372826210119,Friis
0.85,90.07947856021323,16.05176389686762,8.112246604760081,0.0927823767165049,0.03218710767800675,0.09296355389434971,0.03258882780684758,0.21970722968926204,0.0003237415894632904,Friis
0.9,90.07947856021323,16.090748622483638,8.112252000453239,0.09278293476067405,0.03231251537380355,0.09296417339634735,0.03270008812878885,0.21971262538241976,0.00031834589630556887,Friis
0.95,90.07947856021323,16.129747004546797,8.112252000453239,0.09278293476067405,0.03243931613102155,0.09296417339634735,0.032812571168832766,0.2197234167687352,0.0003129502031478474,Friis
1.0,90.07947856021323,16.16865072950283,8.112289770305342,0.0927843298710969,0.032567707157889356,0.09296572215134144,0.03292649210073208,0.21973420815505063,0.00030215881683240436,Friis
1.05,90.08001812952901,16.20744608968247,8.112370705702707,0.0927873991140272,0.032697736682103254,0.09296841766298487,0.033041682593949205,0.2197503952345238,0.00029676312367468287,Friis
1.1,90.08055769884479,16.24634934036022,8.112408475554812,0.09279130542321119,0.03282934560442242,0.09297111314233689,0.03315819936210332,0.2197503952345238,0.0002913674305169614,Friis
1.15,90.08055769884479,16.28302723100927,8.11333653477794,0.09288728902030398,0.03297143910406197,0.09300084888199389,0.03327884693582469,0.21975579092768152,0.00028057604420151836,Friis
1.2,90.08055769884479,16.32187699072522,8.113395887402675,0.09288896315281141,0.033105933805081623,0.09300255249207842,0.033398137196751436,0.21976118662083924,0.00026978465788607533,Friis
1.25,90.08109726816056,16.360632635969182,8.113493009879514,0.09289147435157258,0.03324206471226195,0.09300493800539084,0.033518729950535106,0.21976118662083924,0.00026978465788607533,Friis
1.3,90.08109726816056,16.399495785071068,8.113536175424777,0.09289565968284115,0.03337945573510829,0.09300834520515125,0.033640525722326176,0.2277522081874248,0.00026978465788607533,Friis
1.35,90.08109726816056,16.435137363342818,8.114534378658954,0.09299778176579455,0.03351338093491228,0.09304055873015872,0.03375361727976314,0.2379608596418339,0.00026978465788607533,Friis
1.4,90.08109726816056,16.47321234189494,8.114539774352112,0.09299806078787913,0.03363802869857014,0.0930408684755915,0.033864162148769014,0.2379608596418339,0.00026978465788607533,Friis
1.45,90.08109726816056,16.5112602441479,8.114555961431586,0.09299847932100598,0.03376413160123647,0.09304133309374064,0.03397600015071818,0.23797165102814932,0.00026978465788607533,Friis
1.5,91.23739431186027,16.549132387966242,8.11464229252211,0.09300294367435914,0.03389207932820333,0.09219322384723198,0.03370616401334722,0.23797165102814932,0.00026438896472835385,Friis
1.55,93.48146309615665,16.584347236433015,8.115791575164703,0.09310701891190451,0.03403119864209125,0.09063434479255654,0.03313142282947919,0.23797704672130704,0.0002589932715706323,Friis
1.6,93.48200266547242,16.622368182209726,8.115796970857861,0.09310729793398909,0.03416082774530211,0.09063531404362406,0.03324381683702508,0.254369162534465,0.0002589932715706323,Friis
1.65,93.48200266547242,16.6586646464374,8.115807762244177,0.09310785597815824,0.03426205587300286,0.09063561252041812,0.03333033117676651,0.27523430797537407,0.0002589932715706323,Friis
1.7,93.48200266547242,16.69483602444347,8.115829345016808,0.09310966962170797,0.03436285290158528,0.09063740338118242,0.03341649200766202,0.27523430797537407,0.0002589932715706323,Friis
1.75,93.48470051205128,16.730886071327845,8.115899489027859,0.09311204130942681,0.034464870117322764,0.0906377723856907,0.033502819779914664,0.27523430797537407,0.0002535975784129108,Friis
1.8,94.61617736722549,16.766802037097687,8.116002007197855,0.09311636615173767,0.034567327890159996,0.0920289583074335,0.034188985267492714,0.29129189081275325,0.0002535975784129108,Friis
1.85,96.21384211122682,16.798488163472815,8.117113519988346,0.09318235487473898,0.034647099008191996,0.0939615241257094,0.03506426178252293,0.3124430079910216,0.0002428061920974678,Friis
1.9,96.21384211122682,16.83284065838979,8.117118915681504,0.09318291291890812,0.03471964109275777,0.09396210412974719,0.035133784006812434,0.3124430079910216,0.00022661911262430328,Friis
1.95,96.21438168054259,16.86718027981328,8.117129707067818,0.09318333145203499,0.034793009318371315,0.09396302719314478,0.03520436850396472,0.3124430079910216,0.00022122341946658177,Friis
2.0,96.21438168054259,16.901279831478668,8.117216038158341,0.09318556362871158,0.034866508207806374,0.09396534719628528,0.035274828716411244,0.3285815262257666,0.00022122341946658177,Friis
2.05,96.21438168054259,16.93275682714393,8.117674672076749,0.09319867766668646,0.034912319993384865,0.09397839721395043,0.035319168290688166,0.34924163532668223,0.00021043203315113877,Friis
2.1,96.21438168054259,16.965257174567718,8.117685463463063,0.09319937522189789,0.0349557474479668,0.09397897721473555,0.03536121895264261,0.34924703101983995,0.00021043203315113877,Friis
2.15,96.21546081917414,16.997743726412057,8.117701650542537,0.09319993326606703,0.03499965837275196,0.09397850315445914,0.03540340319311607,0.34925242671299767,0.00021043203315113877,Friis
2.2,96.21546081917414,17.029933452059627,8.11783654287148,0.09320342104212419,0.035044358943552414,0.09398198312013864,0.03544670553391862,0.34925242671299767,0.00019964064683569574,Friis
2.25,96.21546081917414,17.060261830668196,8.118716040856189,0.09322657987514367,0.035091479868398646,0.09400590788418507,0.03549248692835536,0.34926321809931316,0.00019424495367797423,Friis
2.3,96.2160003884899,17.092750288031272,8.118721436549347,0.0932271379193128,0.035136492037500335,0.09400610569762224,0.0355359015825781,0.3569682679285394,0.00018345356736253123,Friis
2.35,96.2160003884899,17.12422666261691,8.118796976253554,0.09323132325058138,0.03516773385588775,0.09401045563032752,0.03556579309707169,0.3675114523587273,0.00017805787420480972,Friis
2.4,96.2160003884899,17.155842172756806,8.118796976253554,0.09323132325058138,0.03519805067178741,0.09401045563032752,0.03559474085366377,0.367516848051885,0.0001726621810470882,Friis
2.45,96.2160003884899,17.186945232058264,8.119002012593548,0.09323662467018828,0.035229230256849896,0.0940159655450875,0.035624555639094155,0.367516848051885,0.0001618707947316452,Friis
2.5,96.57373484484685,17.21807605409574,8.119196257547225,0.09324262364500653,0.0352608348274272,0.09376926157232808,0.03553872088509386,0.367516848051885,0.00015107940841620218,Friis
2.55,97.39118235824165,17.242314062531975,8.122147701704499,0.09332116836181362,0.03529984197581527,0.09327931106161844,0.03532603992000814,0.36752763943820044,0.0001456837152584807,Friis
2.6,97.39118235824165,17.273916484936933,8.122153097397657,0.09332130787285589,0.035331628381767476,0.09327945430974306,0.035356584856524306,0.36753843082451587,0.0001456837152584807,Friis
2.65,97.39118235824165,17.305491969578213,8.122169284477131,0.09332200542806732,0.035363834922956354,0.09327945430974306,0.03538746737189044,0.36753843082451587,0.00014028802210075918,Friis
2.7,97.39118235824165,17.337081231004046,8.122180075863445,0.09332284249432103,0.035396424510191635,0.09328031379849087,0.03541878785187371,0.3675492222108313,0.00012949663578531615,Friis
2.75,97.39118235824165,17.368076651366675,8.122428277748702,0.09333037609060449,0.03543003299769113,0.09328761945284712,0.03545108792487075,0.36756001359714674,0.00012949663578531615,Friis
2.8,97.64693821391765,17.399246837517946,8.122606335622907,0.09333497995499992,0.035463730607919956,0.09358977043962602,0.03561613288120246,0.36756540929030446,0.00012949663578531615,Friis
2.85,98.08021237448268,17.419598766954632,8.127111739409603,0.09345398287406992,0.03550892217517002,0.09420829715857516,0.0358727048303283,0.36756540929030446,0.00012410094262759467,Friis
2.9,98.08183108243,17.451200673969414,8.127117135102761,0.09345426189615448,0.035543036332421236,0.09420716909637031,0.03590512199927265,0.3675708049834622,0.00012410094262759467,Friis
2.95,98.08237065174578,17.482788455802268,8.127127926489077,0.09345481994032363,0.035577561377735455,0.09420736203851932,0.03593833795111803,0.3675869920629354,0.00012410094262759467,Friis
3.0,98.08237065174578,17.513890163966092,8.12733296282907,0.09346040038201506,0.03561296544625252,0.09421248263000678,0.035972560732994985,0.3675923877560931,0.00012410094262759467,Friis
3.05,98.08237065174578,17.53679005630517,8.130818580608958,0.09355470984660047,0.03565738542702229,0.09430792476578703,0.036015940544550214,0.36760317914240853,0.00012410094262759467,Friis
3.1,98.08291022106155,17.56840369230091,8.130818580608958,0.09355470984660047,0.035693100916923674,0.09430754820112223,0.036050318803618704,0.36760317914240853,0.00012410094262759467,Friis
3.15,98.08398935969309,17.59999033748046,8.130829371995274,0.0935554074018119,0.035729297597203356,0.09430736402944184,0.036084989728704,0.36760857483556625,0.00012410094262759467,Friis
3.2,98.08398935969309,17.630875414679668,8.131120739425791,0.09356294099809531,0.03576657199075718,0.0943150447899132,0.03612108837109109,0.36760857483556625,0.00011870524946987314,Friis
3.25,98.08452892900887,17.64980878238748,8.136192690994049,0.09369575551035163,0.03581643227043544,0.09444993417426271,0.03616990368977459,0.3676193662218817,0.00011870524946987314,Friis
3.3,98.08506849832463,17.681380714893102,8.136208878073521,0.09369687159868993,0.035853987506896626,0.09445069471460635,0.0362060562800146,0.3676463446876703,0.00011870524946987314,Friis
3.35,98.08560806764041,17.712903786297773,8.13623585653931,0.09369812719807051,0.03589160814380467,0.0944511707786671,0.03624235640590619,0.3681427484581807,0.00011870524946987314,Friis
3.4,98.08560806764041,17.744490662412808,8.13623585653931,0.09369812719807051,0.0359294776749232,0.0944511707786671,0.03627911379444325,0.3681481441513384,0.00011870524946987314,Friis
3.45,98.08668720627195,17.774674573528053,8.136797008627713,0.09371263634646824,0.0359691919692439,0.09446520827121853,0.03631734903477687,0.3681481441513384,0.00011330955631215164,Friis
3.5,98.34999703236876,17.805033811438673,8.137288016705066,0.09372616891756999,0.036009258357142984,0.09429528227129338,0.03627172659977632,0.3681535398444961,0.00011330955631215164,Friis
3.55,99.07949474729271,17.81706108127189,8.145111771783762,0.09393250574911105,0.03606849976965385,0.09400090191529568,0.03611082535627677,0.3681535398444961,0.00011330955631215164,Friis
3.6,99.07949474729271,17.848647421462328,8.145111771783762,0.09393250574911105,0.036108264168447486,0.09400090191529568,0.036149591000193625,0.3681913096966002,0.00011330955631215164,Friis
3.65,99.08003431660848,17.88017916052088,8.14511716747692,0.09393264526015334,0.03614778064831762,0.09400053081229442,0.03618812730097696,0.3691193689197283,0.00010251816999670863,Friis
3.7,99.08003431660848,17.911569684604554,8.145176520101655,0.09393599352516821,0.03618794890679155,0.09400362855337967,0.03622751999849452,0.3691193689197283,0.00010251816999670863,Friis
3.75,99.08057388592425,17.941139162247495,8.145964291302683,0.0939588733361031,0.036230478304955224,0.09402606795222977,0.03626909351306608,0.3691193689197283,0.00010251816999670863,Friis
3.8,99.13291210955416,17.970479161196582,8.146843789287392,0.0939820321691226,0.036273508578680155,0.09410786897880541,0.036337069496404466,0.3691571387718323,9.712247683898712e-05,Friis
3.85,99.32014266212708,17.96825164210996,8.160333022181694,0.09433248390734515,0.036348043136067064,0.09467254613115449,0.03650277584405713,0.37013375923337993,9.712247683898712e-05,Friis
3.9,99.32122180075864,17.99969964961771,8.160349209261168,0.09433332097359888,0.03638916128270897,0.09467334353931824,0.036543731485574556,0.37013375923337993,9.172678368126562e-05,Friis
3.95,99.3217613700744,18.031134418385275,8.160370792033799,0.09433429755089486,0.03643076881384557,0.09467479571481344,0.0365853601826619,0.37013375923337993,9.172678368126562e-05,Friis
4.0,99.32230093939017,18.059142599200314,8.16176288086849,0.09437210504335439,0.036476428037694505,0.09471220639189035,0.03663073096667071,0.3701607376991685,9.172678368126562e-05,Friis
4.05,99.32284050870595,18.062073395435284,8.173169376203914,0.09467554156032654,0.03654766379607489,0.09501607344712563,0.03670176666562124,0.37109958830861206,9.172678368126562e-05,Friis
4.1,99.32284050870595,18.09350055545367,8.173174771897072,0.09467609960449569,0.036590017730420095,0.09501663529590713,0.03674402693158426,0.37109958830861206,8.63310905235441e-05,Friis
4.15,99.3239196473375,18.12491428101793,8.173185563283388,0.09467721569283398,0.036632915860677365,0.09501686710126034,0.03678659238710499,0.37109958830861206,8.63310905235441e-05,Friis
4.2,99.3239196473375,18.151120671264056,8.175279092228584,0.09473148548828325,0.036681462557597376,0.09507122538026945,0.036835052623557185,0.3711157753880852,8.63310905235441e-05,Friis
4.25,99.32445921665327,18.144534418411084,8.1904895512402,0.09512769684837562,0.03676373733849942,0.09546961504989653,0.03691747274055348,0.3711157753880852,8.63310905235441e-05,Friis
4.3,99.32553835528482,18.17575847172923,8.190575882330723,0.09513202169068649,0.036808675735557364,0.09547349384788384,0.03696235497702976,0.37113735816071614,8.63310905235441e-05,Friis
4.35,99.32607792460058,18.205584881835883,8.191212574123334,0.09516480678562372,0.03685651550899279,0.09550542091653809,0.037009883075350455,0.37161757485175334,8.63310905235441e-05,Friis
4.4,99.32715706323214,18.2369860335731,8.191217969816492,0.095164946296666,0.03690165822798339,0.09550466421129256,0.037054555404749036,0.37162297054491106,8.63310905235441e-05,Friis
4.45,99.32823620186367,18.26415146012962,8.192917613161175,0.09520945031915526,0.036951633189170545,0.09554843161966016,0.03710407531959675,0.37162297054491106,8.63310905235441e-05,Friis
4.5,99.36816433123082,18.285476048842906,8.196953591643151,0.0953160367554618,0.037008184314874217,0.09562769196685526,0.037147821271410954,0.37162297054491106,8.63310905235441e-05,Friis
4.55,99.56510713148765,18.266805062024588,8.21698780033777,0.09584841089282536,0.037106667809468856,0.09602410071154899,0.0371872673233236,0.37162297054491106,8.63310905235441e-05,Friis
4.6,99.56564670080343,18.298205842970063,8.216993196030929,0.09584868991490994,0.03715430768196758,0.09602372045434841,0.03723465581134547,0.3716283662380688,8.63310905235441e-05,Friis
4.65,99.56564670080343,18.329566151172056,8.21701477880356,0.0958499455142905,0.03720259396631048,0.09602428093297496,0.037282842171706625,0.3716283662380688,8.63310905235441e-05,Friis
4.7,99.56672583943497,18.360643289659908,8.217149671132502,0.0958569210664048,0.03725199379294529,0.09603024609548584,0.037331802342847234,0.3716283662380688,8.09353973658226e-05,Friis
4.75,99.56672583943497,18.385029757669113,8.219960827267675,0.09595220710828617,0.03731053790546679,0.09612524619303096,0.037390284677685556,0.3716337619312265,7.553970420810109e-05,Friis
4.8,99.56834454738228,18.4028604914977,8.225394290277501,0.09609269472786822,0.037374082601218654,0.09626786268038778,0.037454618786657956,0.3716391576243842,7.553970420810109e-05,Friis
4.85,99.6028769835917,18.3785100638575,8.247700085791521,0.09667487430732791,0.03748115898090852,0.09688748016489976,0.03757759838565165,0.3716445533175419,7.553970420810109e-05,Friis
4.9,99.6028769835917,18.409924059206414,8.247700085791521,0.09667487430732791,0.03753260254190947,0.09688748016489976,0.03762899212481193,0.3716445533175419,7.553970420810109e-05,Friis
4.95,99.6028769835917,18.440798485239558,8.24791591351783,0.09668575616862621,0.03758569934801644,0.09689812527830895,0.03768201552411904,0.3716445533175419,7.553970420810109e-05,Friis
5.0,99.6028769835917,18.45810280677921,8.253559808560807,0.09683768369367572,0.03765309615407847,0.0970502383462353,0.03774937925777735,0.37164994901069964,6.474831789265808e-05,Friis
5.05,99.60341655290746,18.427264160674657,8.278460932483691,0.09756035089271743,0.0377765990238792,0.09777427673105885,0.037872806281387665,0.3716607403970151,6.474831789265808e-05,Friis
5.1,99.60395612222324,18.458664397006014,8.27846632817685,0.09756062991480201,0.03783095007449384,0.09777458746797113,0.03792706808249925,0.3716607403970151,6.474831789265808e-05,Friis
5.15,99.60503526085479,18.490037654871596,8.278482515256323,0.09756202502522486,0.03788603872624937,0.09777492880320257,0.03798168496833907,0.3716607403970151,6.474831789265808e-05,Friis
5.2,99.60611439948633,18.502822563416483,8.285933967507136,0.09775510830774874,0.03796037298796033,0.0979684166346159,0.038055818863414255,0.37166613609017285,6.474831789265808e-05,Friis
5.25,99.6066539688021,18.471875295525713,8.310878256975283,0.09840871754085889,0.0380801718778727,0.0986222554657537,0.03817545808251064,0.37166613609017285,6.474831789265808e-05,Friis
5.3,99.60719353811788,18.50280313892112,8.31107250192896,0.09841834380277663,0.03813843650897729,0.09863110533300831,0.03823343660662576,0.37166613609017285,6.474831789265808e-05,Friis
5.35,99.60827267674942,18.5230333749895,8.315545531556712,0.09864965311088687,0.03821888363106171,0.09886211569442112,0.03831362474910943,0.37169851024911915,6.474831789265808e-05,Friis
5.4,99.6088122460652,18.55443184018652,8.31555092724987,0.09865021115505601,0.03827770246124769,0.09886172022880915,0.03837214404582132,0.37169851024911915,5.935262473493657e-05,Friis
5.45,99.60989138469674,18.576846628702327,8.319149854586069,0.09874410208651456,0.03834627273449844,0.09895616835491035,0.03844083348376287,0.37169851024911915,5.935262473493657e-05,Friis
5.5,99.62284104827526,18.585124701144895,8.328403468351562,0.09898922298781113,0.038430256070598065,0.09919173491339622,0.03852056525571223,0.37169851024911915,5.935262473493657e-05,Friis
5.55,99.8100716008482,18.563375406911668,8.349667895086142,0.09963264791483437,0.03855372773081722,0.09970272977224687,0.03858755291914844,0.37172548871490774,5.3956931577215064e-05,Friis
5.6,99.81061117016398,18.594772945396446,8.3496732907793,0.09963278742587665,0.03861577519539936,0.09970330899222625,0.038649820900213745,0.37172548871490774,5.3956931577215064e-05,Friis
5.65,99.81115073947974,18.626170312267487,8.349678686472458,0.09963306644796122,0.03867855164345453,0.09970388820594323,0.0387128032536834,0.3717308844080655,5.3956931577215064e-05,Friis
5.7,99.8122298781113,18.65682588394575,8.34998084528929,0.09964841266261269,0.03874351572191374,0.09971916373760031,0.03877777654845097,0.3717308844080655,4.856123841949356e-05,Friis
5.75,99.8122298781113,18.665628795002466,8.359024027021631,0.10001379208235986,0.038843216346325475,0.10008439188042272,0.038877437072091355,0.37174707148753866,4.316554526177205e-05,Friis
5.8,99.81276944742706,18.66903561418771,8.37022548601706,0.10030425407239944,0.0389365585843905,0.10037485768652761,0.038970590836727104,0.3717524671806964,4.316554526177205e-05,Friis
5.85,99.81978384853211,18.665481740889373,8.384211122681876,0.10066768033755455,0.03903788541937644,0.1007422291363737,0.03907397072417142,0.3717524671806964,4.316554526177205e-05,Friis
5.9,99.82140255647943,18.696891959253087,8.384211122681876,0.10066768033755455,0.03910488656930588,0.10074101477821862,0.03914034358695798,0.3717524671806964,4.316554526177205e-05,Friis
5.95,99.82194212579519,18.726885808162887,8.384777670463436,0.10069683814539238,0.0391754972957434,0.10076968005924228,0.03921071367934372,0.3717524671806964,4.316554526177205e-05,Friis
6.0,99.82248169511097,18.730629609860365,8.395844237129923,0.1009973449304765,0.03927325177363121,0.10107073559490604,0.03930848107934361,0.3717524671806964,4.316554526177205e-05,Friis
6.05,99.82248169511097,18.698369771215877,8.421311908834369,0.101859383660762,0.03942647473969604,0.10193346876824283,0.039461741945951624,0.3717902370328004,4.316554526177205e-05,Friis
6.1,99.82248169511097,18.72977810108697,8.421311908834369,0.101859383660762,0.03949723391916851,0.10193346876824283,0.0395324715826314,0.3717902370328004,4.316554526177205e-05,Friis
6.15,99.82463997237406,18.76117309239296,8.421317304527527,0.10185966268284657,0.03956883956443835,0.10193378050678889,0.03960392497105859,0.3717902370328004,3.7769852104050545e-05,Friis
6.2,99.82463997237406,18.76055805430339,8.434126680083956,0.10219504722850217,0.0396738074001386,0.10226905543544064,0.03970885754281847,0.3717956327259581,3.7769852104050545e-05,Friis
6.25,99.8257191110056,18.741084997697175,8.454479234674883,0.10274667388970121,0.039800797995751036,0.10282039984865682,0.03983599540076869,0.3717956327259581,3.7769852104050545e-05,Friis
6.3,99.82733781895291,18.77030807979183,8.455353336966434,0.10279187546740193,0.03987974444438396,0.10286471112840717,0.03991450068536,0.3718010284191159,3.237415894632904e-05,Friis
6.35,99.82841695758445,18.7680333415855,8.468826382781264,0.10348845410153612,0.04002281517789108,0.1035610955652244,0.040057271715277835,0.37182261119174675,3.237415894632904e-05,Friis
6.4,99.83003566553177,18.799413790811002,8.468837174167579,0.10348901214570526,0.040099536863710046,0.10356095359370436,0.040133861631601986,0.37182800688490447,2.6978465788607532e-05,Friis
6.45,99.83003566553177,18.81422928508347,8.475473876751577,0.10366200583813995,0.04019390047905788,0.10373396231717995,0.04022820264613077,0.37182800688490447,2.6978465788607532e-05,Friis
6.5,99.83057523484754,18.803522946847398,8.492319230789983,0.10413620387087026,0.0403184789094427,0.10420742622109078,0.04035251755856076,0.3718334025780622,2.6978465788607532e-05,Friis
6.55,99.86780551763582,18.78853919220737,8.510875019559387,0.10491718668558754,0.04047398461323377,0.10496260857538035,0.0404969657677893,0.37189275520279713,2.6978465788607532e-05,Friis
6.6,99.86780551763582,18.81994301998487,8.510875019559387,0.10491718668558754,0.0405549623344445,0.10496260857538035,0.04057792689313954,0.37189815089595485,2.6978465788607532e-05,Friis
6.65,99.86834508695159,18.851346683952357,8.510875019559387,0.10491718668558754,0.040636872614789196,0.10496218117770371,0.040659627818951265,0.3719089422822703,2.1582772630886026e-05,Friis
6.7,99.86942422558313,18.877502846103724,8.512973944197741,0.10502586578752839,0.04073027797183049,0.10507000789881732,0.040752598996767087,0.3719089422822703,2.1582772630886026e-05,Friis
6.75,99.86942422558313,18.854314985135385,8.534810314407041,0.10598570175845637,0.04090735807761655,0.10603067974131643,0.04092974207991233,0.37193052505490115,2.1582772630886026e-05,Friis
6.8,99.87050336421468,18.84868943544915,8.549621492124986,0.10637507707747675,0.041030493265292435,0.10641857608877699,0.041052449096480516,0.37193052505490115,2.1582772630886026e-05,Friis
6.85,99.87050336421468,18.87715117728681,8.550797753233368,0.10645459837157979,0.041124739975801884,0.10649722265023527,0.04114659240473304,0.37193052505490115,2.1582772630886026e-05,Friis
6.9,99.87266164147778,18.908540082662547,8.550803148926526,0.10645487739366437,0.0412123363242136,0.10649799437051921,0.04123419772210428,0.37193052505490115,2.1582772630886026e-05,Friis
6.95,99.87320121079355,18.935706709802414,8.552497396578051,0.10654276935030456,0.04130945824191192,0.10658500349004306,0.04133105243090354,0.3719359207480589,1.618707947316452e-05,Friis
7.0,99.87374078010932,18.92823313520965,8.568047784258605,0.10705365878715606,0.04144871240749257,0.10709568358554067,0.04147011078441253,0.3719359207480589,1.618707947316452e-05,Friis
7.05,99.87589905737241,18.8911630932206,8.595436322727199,0.10829977141685505,0.04166065892895404,0.10834144933361425,0.04168158957597221,0.3719844819864784,1.618707947316452e-05,Friis
7.1,99.87643862668818,18.922549570534407,8.595441718420357,0.10830032946102419,0.04175334357977595,0.10834198150229059,0.04177444803754966,0.3719844819864784,1.618707947316452e-05,Friis
7.15,99.87643862668818,18.953909068584824,8.59545790549983,0.10830172457144704,0.04184718010775765,0.10834337833866367,0.04186827194089811,0.3719898776796361,1.0791386315443013e-05,Friis
7.2,99.87643862668818,18.95131616823788,8.609055052257288,0.10866375572617937,0.04197711374914151,0.10870529864292504,0.041998181925066956,0.3719898776796361,1.0791386315443013e-05,Friis
7.25,99.87697819600395,18.95635817370911,8.619598236687477,0.10905424713353801,0.04211113059037952,0.10909484567137569,0.04213200851632733,0.3719898776796361,1.0791386315443013e-05,Friis
7.3,99.87697819600395,18.974160993498355,8.625037095390459,0.1093353618837444,0.04223581792049078,0.10937560826557899,0.04225664862415464,0.3719898776796361,1.0791386315443013e-05,Friis
7.35,99.87697819600395,18.949957020475733,8.647278142586588,0.11048535140530825,0.04244612070357969,0.11052575712163365,0.042466953439704705,0.37206002169068647,1.0791386315443013e-05,Friis
7.4,99.87751776531972,18.98135347982189,8.647278142586588,0.11048535140530825,0.042546480820388526,0.1105252997093557,0.04256708012960525,0.37206002169068647,1.0791386315443013e-05,Friis
7.45,99.87859690395126,18.993622206923924,8.654929235484236,0.11069936134417509,0.04266880230458639,0.11073935337208549,0.042689258272579564,0.37206002169068647,1.0791386315443013e-05,Friis
7.5,99.87913647326704,18.98442945196305,8.67116487619582,0.11127317026109758,0.04282732003372261,0.11131311873544777,0.04284758359067189,0.3720816044633174,5.395693157721506e-06,Friis
7.55,99.8856113050563,18.9517231903327,8.696805210081314,0.11272785189901417,0.04307283791724444,0.11276616146196268,0.04309190104644779,0.3721355613948946,5.395693157721506e-06,Friis
7.6,99.88669044368785,18.983089164012508,8.696816001467628,0.11272854945422561,0.04317912335909921,0.1127662002020278,0.04319786633451018,0.3721355613948946,5.395693157721506e-06,Friis
7.65,99.88830915163517,19.014454915912438,8.696826792853944,0.11272924700943703,0.04328663536523606,0.11276772481445067,0.043305751360468235,0.37214635278121005,5.395693157721506e-06,Friis
7.7,99.88938829026671,19.02723202522046,8.7042728494116,0.1131142974861465,0.04343270176839026,0.11315338006136293,0.04345195187746864,0.37215174847436777,5.395693157721506e-06,Friis
7.75,99.88992785958249,18.976864844648784,8.73697614564055,0.11461432021280614,0.043688496996775905,0.11465346684744152,0.043707605025921394,0.3721949140196295,5.395693157721506e-06,Friis
7.8,99.89100699821402,18.983758382227084,8.746774724414973,0.11488190239191078,0.04382664878119459,0.11491968338095727,0.04384538689152305,0.3721949140196295,5.395693157721506e-06,Friis
7.85,99.89316527547712,19.001133053764264,8.752380849605844,0.11537381832701135,0.04398802449146901,0.11541062009884678,0.04400605646606893,0.3721949140196295,5.395693157721506e-06,Friis
7.9,99.89424441410866,19.032509429895534,8.752386245299002,0.11537395783805364,0.04410322586174587,0.115410071633439,0.044120967720777574,0.3722003097127873,5.395693157721506e-06,Friis
7.95,99.89424441410866,19.054928473790383,8.755974381248887,0.11555950752429413,0.044237771881829785,0.11559581775658025,0.04425552331963241,0.3722111010991027,5.395693157721506e-06,Friis
8.0,99.8953235527402,19.04494596680967,8.77252297216362,0.11623641510146597,0.0444214478720641,0.11627232554999214,0.04443914650041296,0.37222189248541815,5.395693157721506e-06,Friis
8.05,99.89586312205597,19.000739300020868,8.80276043661949,0.11774062315939415,0.04468715540557097,0.11777537880522845,0.044704552698218485,0.37230282788278396,5.395693157721506e-06,Friis
8.1,99.89586312205597,19.03211039960917,8.802765832312648,0.11774090218147873,0.04480896630771732,0.11777537880522845,0.04482632892100776,0.37230282788278396,5.395693157721506e-06,Friis
8.15,99.89694226068751,19.063481499197486,8.802771228005806,0.11774146022564788,0.044932214720999064,0.1177753634291517,0.04494940597453818,0.37230282788278396,5.395693157721506e-06,Friis
8.2,99.89802139931906,19.07428151862198,8.81100505576449,0.11797723388711127,0.04507972519062105,0.11800996586440822,0.04509647542051163,0.37230282788278396,5.395693157721506e-06,Friis
8.25,99.8991005379506,19.05991003265935,8.82930724695548,0.11894446394328047,0.04529985782977025,0.11897703771077958,0.04531633262741905,0.3723190149622571,5.395693157721506e-06,Friis
8.3,99.89964010726638,19.063316963151987,8.840497914564594,0.11952315574668296,0.04548419077254,0.11955678547316455,0.04550085869332596,0.37232980634857255,5.395693157721506e-06,Friis
8.35,99.89964010726638,19.059789715468625,8.854461968456778,0.1202455439236401,0.045684243464556525,0.1202779442497043,0.04570079362084915,0.37235138912120347,0.0,Friis
8.4,99.90017967658216,19.09117214601257,8.854461968456778,0.1202455439236401,0.045816041036468615,0.12027743426880114,0.04583235341680818,0.37235138912120347,0.0,Friis
8.45,99.9012588152137,19.10141694861113,8.862917019634928,0.12050782468313789,0.04597485450680251,0.12053909396705373,0.04599086668321685,0.37235138912120347,0.0,Friis
8.5,99.90287752316101,19.08974107320284,8.880140072194374,0.12126216088877856,0.04618308802583945,0.12129486372891606,0.04619944535840037,0.37238376328014977,0.0,Friis
8.55,99.9050358004241,19.056264519380594,8.9060825648967,0.1229907027027027,0.04648785707784718,0.12302368502406064,0.04650386436864689,0.37242692882541156,0.0,Friis
8.6,99.9050358004241,19.087643172939316,8.9060825648967,0.1229907027027027,0.04662726171422992,0.12302368502406064,0.046643271541631406,0.37242692882541156,0.0,Friis
8.65,99.90557536973988,19.11900833726516,8.906087960589858,0.12299126074687182,0.04676833479603638,0.1230231602415234,0.04678409261592476,0.37242692882541156,0.0,Friis
8.7,99.90827321631873,19.1184973850075,8.91884337921471,0.12365086895480028,0.046975012362294996,0.12368186732770584,0.04699020734417063,0.3724808857569888,0.0,Friis
8.75,99.91043149358183,19.079133680393184,8.947138394133802,0.12494190414011536,0.04724497591271349,0.12497292411714826,0.047260239553375015,0.37257800823382775,0.0,Friis
8.8,99.91205020152914,19.09767651949901,8.952269698326795,0.1251423815078804,0.04741131906934484,0.1251728099368148,0.04742642061309024,0.37257800823382775,0.0,Friis
8.85,99.9125897708449,19.095311047618665,8.965764326914258,0.126536096820318,0.047695328981637156,0.1265663704143737,0.04771022118219287,0.37257800823382775,0.0,Friis
8.9,99.91420847879223,19.126655168741188,8.965775118300572,0.1265372129086563,0.04784658369526831,0.1265672521628306,0.047861593002171736,0.37257800823382775,0.0,Friis
8.95,99.91582718673955,19.141447478753342,8.972406425191412,0.1268801310505954,0.04803279862081587,0.12690994462595245,0.04804773746983428,0.3725941953133009,0.0,Friis
9.0,99.91744589468686,19.121193329637773,8.993055742906012,0.12791711662790758,0.04828829605117865,0.12794684799654388,0.04830329614646162,0.37264815224487813,0.0,Friis
9.05,99.91906460263418,19.085867071824026,9.019732049877788,0.12966170221169457,0.04861478629485462,0.12969119282007527,0.048629661428862665,0.3727992316532943,0.0,Friis
9.1,99.91960417194996,19.11722711024136,9.019732049877788,0.12966170221169457,0.04877452738565088,0.12969077172973906,0.04878925041532252,0.3727992316532943,0.0,Friis
9.15,99.91960417194996,19.1485871486587,9.019732049877788,0.12966170221169457,0.0489361181911015,0.12969077172973906,0.04895084068396624,0.3727992316532943,0.0,Friis
9.2,99.91960417194996,19.16725355478325,9.024809397139203,0.12995509393362215,0.04912806119226269,0.12998412026956968,0.049142778988990374,0.3728046273464521,0.0,Friis
9.25,99.92122287989727,19.123773559955907,9.054744702778242,0.1320753827542855,0.049499472189928874,0.13210509195569886,0.049513876959898014,0.37285318858487154,0.0,Friis
9.3,99.92284158784457,19.118303609617627,9.069474945098822,0.1328373920672519,0.04974192881552549,0.13286666658026888,0.04975604354271199,0.37293412398223735,0.0,Friis
9.35,99.92392072647613,19.148281099685253,9.070019910107751,0.13286585231987827,0.049915244602561464,0.1328946909153743,0.04992927361695086,0.3735654200816908,0.0,Friis
9.4,99.92553943442344,19.17958933944828,9.07002530580091,0.13286641036404742,0.050087523240749436,0.13289491159048566,0.05010147222520137,0.3735654200816908,0.0,Friis
9.45,99.92715814237076,19.185497152396753,9.080190791710057,0.13326025003642092,0.050300013519103376,0.13328870056912057,0.05031391125372576,0.3735708157748485,0.0,Friis
9.5,99.92769771168653,19.171965016789546,9.098131471459482,0.1343282070651206,0.05058010979622797,0.13435601254866386,0.05059374225081865,0.37365714686537205,0.0,Friis
9.55,99.92769771168653,19.13582690532227,9.125109937248089,0.1367356096108086,0.05099269861040133,0.13676431928898097,0.05100641339835847,0.3740672195453589,0.0,Friis
9.6,99.92823728100231,19.16712347180831,9.125109937248089,0.1367356096108086,0.05117465809721617,0.1367646977105831,0.05118854609431509,0.3740726152385166,0.0,Friis
9.65,99.92985598894963,19.198405911983926,9.125115332941247,0.13673616765497776,0.051358767677281994,0.13676541412396126,0.051372767416330595,0.3740834066248321,0.0,Friis
9.7,99.92985598894963,19.196043463330028,9.138577587369761,0.13743232775598516,0.05161249612942574,0.13746206288235074,0.05162654332823817,0.3742182989537751,0.0,Friis
9.75,99.93093512758117,19.181477067614416,9.156912152719698,0.1382565589938111,0.051880857471469435,0.13828663580356895,0.051894769218264636,0.375092401245326,0.0,Friis
9.8,99.93255383552848,19.193041656759352,9.164784469036816,0.13888170797429486,0.052131997934260745,0.13891038555569954,0.0521456679370133,0.375092401245326,0.0,Friis
9.85,99.93309340484426,19.168684418706764,9.187025516232943,0.14118168701742267,0.05254828985483317,0.14121045642490374,0.05256175379440591,0.375092401245326,0.0,Friis
9.9,99.9341725434758,19.199929798644508,9.187025516232943,0.14118168701742267,0.05274472312621829,0.14121018799099402,0.05275794456138084,0.375092401245326,0.0,Friis
9.95,99.9341725434758,19.21255415285356,9.194471572790599,0.1415672955383013,0.052980805035619985,0.14159549210360076,0.05299399705682243,0.3752974375853194,0.0,Friis
10.0,99.93525168210734,19.19901550334692,9.212379878381077,0.1427278878990789,0.05329446867419268,0.14275600542078573,0.05330758900948507,0.37546470407320875,0.0,Friis
10.05,99.93525168210734,19.15241838144229,9.24348604943534,0.14525610700738664,0.05374278923928244,0.14528530416331462,0.05375601177842844,0.37835139991258976,0.0,Friis
10.1,99.93633082073889,19.183487201166276,9.243491445128498,0.14525638602947122,0.05394780577308911,0.14528499173393083,0.05396089595722492,0.3783567956057475,0.0,Friis
10.15,99.93740995937043,19.21455567781136,9.243496840821656,0.1452566650515558,0.05415519019525308,0.14528565650021324,0.054168471006410375,0.3783621912989052,0.0,Friis
10.2,99.93848909800197,19.223245441641872,9.252453691463474,0.1460658290968149,0.05444351204074941,0.14609444776183864,0.05445650830793126,0.3783621912989052,0.0,Friis
10.25,99.93902866731774,19.15378590592269,9.292667792567972,0.14922296398374812,0.054962631714580545,0.14925216162401467,0.05497561602860871,0.3785672276388986,0.0,Friis
10.3,99.9401078059493,19.160802765455948,9.302288313468189,0.14972129742679388,0.0552275218155871,0.14975029886298602,0.05524046232453795,0.37874528551310344,0.0,Friis
10.35,99.94172651389661,19.18894187605223,9.303421409031312,0.14977989206455403,0.05545080781218028,0.14980887530300982,0.05546366291836646,0.3832183151408546,0.0,Friis
10.4,99.94226608321239,19.219767471062298,9.303426804724468,0.1497801710866386,0.05566865744824913,0.14980820610497442,0.05568121336930677,0.3832183151408546,0.0,Friis
10.45,99.94280565252815,19.222468015487735,9.314682220651475,0.15034951565020802,0.055944334701139416,0.15037818443315495,0.0559570915748972,0.3832183151408546,0.0,Friis
10.5,99.94280565252815,19.20932802959347,9.332272180345647,0.1516950996530569,0.05629810471287212,0.1517238405200106,0.056310877504796686,0.38341256009453256,0.0,Friis
10.55,99.94280565252815,19.1729245874663,9.359137336577943,0.15400498398018697,0.05674751023919652,0.15403281327236307,0.05676020772834351,0.3867902640112662,0.0,Friis
10.6,99.94334522184393,19.20357158503284,9.359142732271101,0.1540055420243561,0.05697476547810883,0.15403212127756058,0.05698713789368386,0.3867902640112662,0.0,Friis
10.65,99.94334522184393,19.234231811103587,9.359142732271101,0.1540055420243561,0.05720459296394158,0.15403212127756058,0.05721697660652787,0.3867956597044239,0.0,Friis
10.7,99.9438847911597,19.24503054205695,9.367085192599268,0.15441682057701542,0.05747691710015001,0.1544421012260499,0.05748896212114022,0.38708702713494086,0.0,Friis
10.75,99.94550349910702,19.22659118375992,9.386676954454954,0.1554725006339939,0.057812807636172796,0.15549725144683418,0.057824482476121805,0.3921266045442528,0.0,Friis
10.8,99.94604306842278,19.22624289176658,9.398973739161402,0.1566584840044676,0.05816195511855025,0.1566841523054747,0.05817370690727463,0.3921266045442528,0.0,Friis
10.85,99.94712220705433,19.221739713477923,9.412932397360427,0.15810214427004363,0.0585394411557326,0.1581245116743596,0.05855046908041369,0.3921320002374105,0.0,Friis
10.9,99.94712220705433,19.252133113466062,9.412932397360427,0.15810214427004363,0.058780282935908444,0.1581245116743596,0.058791319343987125,0.3921320002374105,0.0,Friis
10.95,99.9476617763701,19.262775653597792,9.420826296450173,0.15851063260185716,0.05906333121974533,0.1585324998596385,0.05907409081615757,0.39269315232581353,0.0,Friis
11.0,99.94820134568587,19.2489952830054,9.438481004462238,0.1599474568263612,0.05944885074740827,0.15996907330608895,0.05945935775121526,0.39315178624421987,0.0,Friis
11.05,99.94982005363319,19.217993837673717,9.462955868625663,0.16196520503094428,0.05989145773156918,0.16198650002159357,0.059901722685815076,0.4008946059255502,0.0,Friis
11.1,99.95035962294895,19.247949107377437,9.462955868625663,0.16196520503094428,0.06013799332935615,0.16198674220070067,0.06014839969401836,0.4008946059255502,0.0,Friis
11.15,99.9514387615805,19.277904238614052,9.462955868625663,0.16196520503094428,0.06038738125920949,0.16198569118401232,0.06039730496522642,0.4009000016187079,0.0,Friis
11.2,99.95197833089627,19.27419011322893,9.476423518747335,0.1633028369043829,0.06076953019944617,0.1633242078987713,0.06077949400123978,0.4009000016187079,0.0,Friis
11.25,99.95305746952783,19.220991267000525,9.509677175678373,0.16588811602898565,0.06127619114518469,0.16590949617265685,0.06128628617371276,0.4015906503428963,0.0,Friis
11.3,99.95413660815937,19.240250720152066,9.513934377579815,0.16610826445371302,0.061556877148454904,0.16613018759716705,0.06156711542586681,0.4024647526344472,0.0,Friis
11.35,99.95521574679091,19.269788084028125,9.513961356045604,0.16610993858622045,0.06181428116319669,0.1661302084750337,0.06182402455295089,0.4159324027561201,0.0,Friis
11.4,99.95521574679091,19.298991171356185,9.513961356045604,0.16610993858622045,0.06206745858606891,0.1661302084750337,0.062077201119038784,0.4159431941424355,0.0,Friis
11.45,99.95521574679091,19.297438443748717,9.52626353644521,0.16694142439824533,0.06240437064931804,0.1669615085344129,0.062414094355357636,0.41594858983559324,0.0,Friis
11.5,99.95575531610669,19.27755388118678,9.545887672459843,0.1687476738627227,0.0628387800165366,0.16876765625016865,0.06284848167782105,0.41728132604555046,0.0,Friis
11.55,99.95629488542247,19.267755578817606,9.561367916129345,0.1699209617283484,0.06321095283395685,0.1699401273940362,0.06322033331731934,0.4284773893478226,0.0,Friis
11.6,99.95683445473823,19.296318220117314,9.561373311822503,0.16992110123939067,0.06346708222501615,0.16994046619487943,0.06347658934691738,0.4284773893478226,0.0,Friis
11.65,99.95683445473823,19.324894350649938,9.561373311822503,0.16992110123939067,0.06372616382590421,0.16994046619487943,0.06373567377197872,0.4284773893478226,0.0,Friis
11.7,99.95845316268554,19.345955321095474,9.56436252583188,0.17007595849632817,0.06400254427603001,0.17009542721423324,0.06401206395345636,0.4305655225998608,0.0,Friis
11.75,99.95953230131708,19.325051545918157,9.583986661846515,0.17130965464326367,0.06438031133913986,0.1713294613134115,0.06439006301219054,0.4457058376004273,0.0,Friis
11.8,99.96007187063286,19.31549535679696,9.598894962041298,0.17283730055629593,0.0647823875460255,0.17285735088713639,0.06479213445922577,0.4457112332935851,0.0,Friis
11.85,99.96061143994864,19.34186086158409,9.59943453135707,0.17289310497321034,0.06504530810580213,0.1729128025045881,0.06505511411856388,0.4457166289867428,0.0,Friis
11.9,99.96276971721171,19.369574785151208,9.59943453135707,0.17289310497321034,0.06530581375972343,0.17291102305898604,0.06531492431241448,0.4457220246799005,0.0,Friis
11.95,99.96330928652749,19.376049141186336,9.60791116530785,0.17333144866807307,0.06561109921264148,0.1733497108250344,0.06562026126933256,0.44741087663826734,0.0,Friis
12.0,99.96546756379058,19.36848701057539,9.6219561545974,0.17465178117226832,0.06600322832890973,0.1746691292768892,0.06601199303251407,0.4513605240297195,0.0,Friis
12.05,99.96654670242214,19.366002620546137,9.633767326919653,0.17553139829388176,0.06634755911916254,0.17554882989782533,0.06635633403536863,0.4709360988059331,0.0,Friis
12.1,99.9670862717379,19.39245581560584,9.633767326919653,0.17553139829388176,0.06659951971065485,0.17554802193531668,0.0666079555123385,0.4709360988059331,0.0,Friis
12.15,99.96762584105367,19.41890884542481,9.633767326919653,0.17553139829388176,0.06685439498395496,0.17554721398152992,0.06686248370660136,0.47094149449909084,0.0,Friis
12.2,99.96762584105367,19.411679156162776,9.647240372734483,0.17692399751798116,0.06724742557852625,0.17694026419391926,0.06725555143141776,0.47094149449909084,0.0,Friis
12.25,99.96870497968521,19.386952639285106,9.667690049802248,0.17827655707294432,0.06763945821831113,0.17829357001214405,0.0676476434630582,0.47287854834271287,0.0,Friis
12.3,99.96924454900099,19.40710381313215,9.670128903109537,0.17840295407725548,0.06791343925567515,0.1784196018048749,0.06792165400958276,0.4783120113525384,0.0,Friis
12.35,99.96978411831677,19.432731625341166,9.670134298802695,0.17840351212142463,0.06816770110660812,0.17841933658252235,0.0681755650780349,0.5005476628555088,0.0,Friis
12.4,99.97032368763253,19.457704242198396,9.670134298802695,0.17840351212142463,0.06841312836452136,0.17841949002040175,0.06842108461648781,0.5005476628555088,0.0,Friis
12.45,99.9708632569483,19.45496966655261,9.681217052548655,0.1792668064510907,0.06874529493922547,0.17928221253353047,0.0687529154239405,0.5005584542418242,0.0,Friis
12.5,99.97194239557984,19.448631908371834,9.693697290822465,0.18046032341784785,0.0691108598648842,0.18047636202308925,0.06911862106513816,0.5060135000242806,0.0,Friis
12.55,99.9730215342114,19.450009840784293,9.702842990724804,0.1809742820976296,0.06940317033283476,0.18098879038012117,0.06941022061017807,0.5279739711762071,0.0,Friis
12.6,99.9730215342114,19.473597652992588,9.702848386417962,0.18097484014179874,0.06963743888515277,0.18098934857488264,0.06964447532871126,0.5279739711762071,0.0,Friis
12.65,99.97356110352716,19.49718546520089,9.702853782111118,0.1809753981859679,0.06987441996342426,0.18098948813712992,0.0698813780036529,0.5279739711762071,0.0,Friis
12.7,99.97464024215871,19.51686049991126,9.704364576195282,0.1810535243696481,0.07011907252415726,0.18106791325842206,0.0701260740692633,0.5354200277338629,0.0,Friis
12.75,99.97464024215871,19.493390800921997,9.722839429567319,0.18233590987034146,0.07047072626927066,0.18235062405146635,0.07047774392977575,0.5601161153167542,0.0,Friis
12.8,99.97625895010603,19.491373744319937,9.732443763388064,0.1833292284914181,0.07078480784066615,0.1833424820253765,0.07079139780754291,0.5601323023962274,0.0,Friis
12.85,99.97625895010603,19.51053439029232,9.733576858951185,0.18344641776693837,0.0710168636069342,0.183459699129468,0.07102343667812769,0.5601323023962274,0.0,Friis
12.9,99.97733808873757,19.532514285939616,9.733582254644343,0.1834469758111075,0.07124021856317479,0.1834589747802106,0.07124642821904316,0.5601323023962274,0.0,Friis
12.95,99.97787765805334,19.535236381449625,9.741249534621465,0.18384346619328448,0.071502839671147,0.183855679122682,0.0715091140498392,0.5637204383461122,0.0,Friis
13.0,99.97787765805334,19.535516141638613,9.749790916890138,0.1846629540556727,0.07180480198508975,0.18467534831509178,0.07181106843727655,0.5727690157716111,0.0,Friis
13.05,99.97787765805334,19.528231967762547,9.761111081135038,0.18565808632029904,0.07211612886202916,0.18567070077499293,0.07212239668598908,0.5905748031920921,0.0,Friis
13.1,99.98003593531644,19.54868947492429,9.761116476828196,0.1856582258313413,0.07232422362192192,0.18567032069769446,0.072330042321454,0.5905801988852498,0.0,Friis
13.15,99.98111507394798,19.569160464980033,9.761116476828196,0.1856582258313413,0.07253471423207837,0.1856705492773802,0.07254052677973734,0.5905801988852498,0.0,Friis
13.2,99.98111507394798,19.569788506850358,9.769053541463204,0.18647869027102562,0.07282729092491834,0.18649116869043372,0.07283311396342398,0.5905909902715653,0.0,Friis
13.25,99.98111507394798,19.546884336952814,9.786357529420018,0.18780920708130763,0.0731704005088009,0.18782193681529208,0.073176243064614,0.5945784075151215,0.0,Friis
13.3,99.98111507394798,19.56415230258671,9.787469042210507,0.18786654611968723,0.07338756788175321,0.187879286684152,0.0733934056418437,0.6057690751242358,0.0,Friis
13.35,99.98111507394798,19.583584431646464,9.787474437903665,0.1878666856307295,0.07359114958863998,0.1878794262215458,0.07359698193208226,0.6197277333232614,0.0,Friis
13.4,99.98111507394798,19.602584555747413,9.787479833596823,0.1878668251417718,0.07378951494826466,0.18787956575893963,0.07379534262667067,0.6197277333232614,0.0,Friis
13.45,99.98111507394798,19.59770849203451,9.797035606179147,0.188725794629127,0.07407363826962929,0.1887386974926874,0.07407947699350549,0.6197331290164191,0.0,Friis
13.5,99.98165464326375,19.598812436062556,9.804114755602079,0.18941190993508977,0.0743399800102976,0.1894244782756517,0.07434583538883933,0.6303086876055533,0.0,Friis
13.55,99.98219421257953,19.599931148917634,9.81090793328765,0.18978998485968498,0.07456688655321568,0.18980173780895837,0.07457235641681578,0.6479903740834067,0.0,Friis
13.6,99.98327335121107,19.617531630213467,9.81090793328765,0.18978998485968498,0.07475067140460338,0.1898009450518612,0.0747557759380804,0.6479903740834067,0.0,Friis
13.65,99.98327335121107,19.6351321115093,9.81090793328765,0.18978998485968498,0.07493658438427143,0.1898009450518612,0.07494168444842224,0.6479903740834067,0.0,Friis
13.7,99.98381292052684,19.650696511532963,9.811620164784468,0.18982681577484847,0.0751237705495647,0.18983689719000768,0.07512848208197949,0.6607457927082603,0.0,Friis
13.75,99.9843524898426,19.629802667167077,9.826593213297146,0.19098364133748433,0.07540785790812854,0.19099399559642524,0.07541257148613746,0.6803105760981585,0.0,Friis
13.8,99.98489205915838,19.635144133608563,9.830850415198588,0.19142393818693915,0.07561514262318246,0.19143346780712872,0.07561947349091891,0.6803105760981585,0.0,Friis
13.85,99.98489205915838,19.651061122769967,9.830877393664377,0.19142630987465803,0.07578205267957283,0.1914358398532149,0.07578638063058744,0.6803159717913162,0.0,Friis
13.9,99.98489205915838,19.66703183494751,9.830882789357535,0.1914264493857003,0.07595067324276923,0.19143597938533763,0.07595499820970997,0.6803159717913162,0.0,Friis
13.95,99.98489205915838,19.668594176979127,9.836575245638931,0.1917212362180507,0.07614655343019033,0.19172969450365607,0.07615077090771116,0.6869310916026827,0.0,Friis
14.0,99.98543162847415,19.673526434694967,9.840740720756692,0.1921361420578094,0.07634833509646756,0.19214474238286938,0.076352606285074,0.7023897524995548,0.0,Friis
14.05,99.98597119778992,19.665165383663155,9.849983543135869,0.19301673575671896,0.07658700847618209,0.19302553898125804,0.07659133606265194,0.7095983985582708,0.0,Friis
14.1,99.98597119778992,19.679644996036558,9.849999730215343,0.19301729380088808,0.07673843100103016,0.1930260971037251,0.07674275414588398,0.7095983985582708,0.0,Friis
14.15,99.9865107671057,19.694165076108646,9.849999730215343,0.19301729380088808,0.07689155242162676,0.19302617169253344,0.0768959210709458,0.7095983985582708,0.0,Friis
14.2,99.98705033642146,19.701225583199243,9.852983548531562,0.19332589222642485,0.07707640485726401,0.19333488467370713,0.07708082116665593,0.7096037942514285,0.0,Friis
14.25,99.98705033642146,19.68188437263045,9.866451198653236,0.19443095919237258,0.07733730060349107,0.19444009476064295,0.07734172411259436,0.7162512882217414,0.0,Friis
14.3,99.98758990573724,19.695324488901754,9.866634652220597,0.19444044594324797,0.07748658420993655,0.19444867294803292,0.07749060197023173,0.7309761348491634,0.0,Friis
14.35,99.98758990573724,19.708752205787153,9.866640047913755,0.19444058545429027,0.07762866255446477,0.19444881247639081,0.0776326718374146,0.7315157041649355,0.0,Friis
14.4,99.98758990573724,19.722176420578904,9.866640047913755,0.19444058545429027,0.0777720745758549,0.19444881247639081,0.07777607901597819,0.7315157041649355,0.0,Friis
14.45,99.98758990573724,19.713680631917416,9.875408049295054,0.1953248064402993,0.078003080578467,0.19533314320867726,0.07800709078541967,0.7315157041649355,0.0,Friis
14.5,99.98758990573724,19.720552376286143,9.877938629386025,0.19558373893478226,0.0781714993244707,0.19559210784091513,0.07817550726492613,0.7430301133635132,0.0,Friis
14.55,99.98866904436878,19.72214282853804,9.882357702082198,0.1958119789999622,0.07832895606604666,0.1958195185632878,0.07833260056124411,0.7504330043759071,0.0,Friis
14.6,99.98866904436878,19.73459419985346,9.882368493468514,0.19581225802204674,0.07846314147356127,0.19581979761699184,0.07846677762466933,0.7504330043759071,0.0,Friis
14.65,99.98866904436878,19.747059060401778,9.882373889161672,0.19581239753308904,0.07859886689218526,0.19581993714384385,0.07860249460102203,0.7504330043759071,0.0,Friis
14.7,99.98866904436878,19.759247268281204,9.882384680547986,0.1958129555772582,0.07873161626421073,0.1958204952512519,0.07873523491766615,0.7638952588044223,0.0,Friis
14.75,99.98920861368455,19.738578536741908,9.895285782888099,0.19692346347385511,0.07896272678948489,0.19693020582473975,0.078965952196818,0.7716272870994372,0.0,Friis
14.8,99.98920861368455,19.743913504806393,9.897719240502232,0.19717514139413916,0.07910945766608947,0.19718191090749157,0.07911267493592501,0.771632682792595,0.0,Friis
14.85,99.99028775231609,19.755318233703417,9.897724636195388,0.19717528090518144,0.07923331036413148,0.19718215475271833,0.0792365958053961,0.7716380784857527,0.0,Friis
14.9,99.99028775231609,19.766736329779125,9.897724636195388,0.19717528090518144,0.07935858143851794,0.19718215475271833,0.0793618588762527,0.7716380784857527,0.0,Friis
14.95,99.99028775231609,19.76882001882845,9.901372124770008,0.19736389983435218,0.07949987110661436,0.19737079200280594,0.07950314186316262,0.7790733436570929,0.0,Friis
15.0,99.99028775231609,19.774991896299397,9.90323903460258,0.19755558800645323,0.07963661142690082,0.19756249879394536,0.0796398748240979,0.7896866720983311,0.0,Friis
0.0,50.23120545180837,13.312965073218683,7.867147243070581,0.07145825341412484,0.021406042841798267,0.08766182467372038,0.028755400859762255,0.08004510799479855,0.030528831886388285,SPLMSF
0.05,50.779407876632874,13.345451657106235,7.871927827208323,0.07181637825967313,0.021575244898308216,0.08783116515603916,0.028859040739230384,0.08199834891789373,0.029773434844307275,SPLMSF
0.1,51.30980451403689,13.377773059423825,7.876751576891325,0.07217506114939054,0.021744540342390668,0.0879708704229499,0.028953671394586267,0.08398396399993525,0.02896947656380677,SPLMSF
0.15,51.87797100354498,13.409956598379154,7.881607700733275,0.07253625523786911,0.021914198242580615,0.08805728494908838,0.02902542210788459,0.08586706091198006,0.028273432146460695,SPLMSF
0.2,52.43372739879029,13.442117463842319,7.886447637495751,0.07290721509930773,0.022084798891606375,0.08821271008571988,0.029120462783447383,0.08800375540243778,0.02753961787701057,SPLMSF
0.25,52.98408810087788,13.474710557669633,7.8910879336113915,0.07325208639583886,0.022252830134103424,0.08834069700703687,0.029214475827861474,0.0899408092460598,0.02678961652808728,SPLMSF
0.3,53.505851629229554,13.506703370843702,7.895944057453341,0.07362597598916544,0.02242375631660283,0.08848022072526322,0.029305926190517518,0.09175915784021195,0.026196090280737914,SPLMSF
0.35,54.05998931652755,13.539114729637477,7.900605936341612,0.07398675154451716,0.022593491257744142,0.08858488415127107,0.029386025193506422,0.09376096000172662,0.025554002794969055,SPLMSF
0.4,54.60495432545742,13.571116005799613,7.905408103251984,0.07435589776240603,0.022764106375932878,0.08873630197330068,0.02948083986644197,0.09571959661797953,0.024874145457096146,SPLMSF
0.45,55.11646603680942,13.603094178730085,7.910188687389725,0.07471388309691204,0.022933535831086316,0.08883059405378417,0.029567143076914288,0.09791564373317219,0.024286014902904503,SPLMSF
0.5,55.6592727684762,13.635435288035252,7.9147966093464195,0.07506740407806489,0.023102576646928014,0.0889488509524502,0.029655620871802783,0.09969082678206256,0.0237086757350283,SPLMSF
0.55,56.22204356482655,13.667940234029011,7.919312804519433,0.075415205106484,0.023271071434976323,0.08904287483444978,0.02973454633065536,0.1018598954314666,0.02299104854505134,SPLMSF
0.6,56.7249221671262,13.699656827237767,7.9241149714298045,0.0757801659931043,0.023441124442562043,0.08918955015694854,0.029830046665397184,0.1039426329903471,0.022386730911386533,SPLMSF
0.65,57.28013899305574,13.732253051802141,7.928534044125978,0.0761221075577474,0.0236088479337605,0.08930511734285364,0.02991453346189916,0.10608472317396254,0.021895722834033873,SPLMSF
0.7,57.809996061144,13.765138473406573,7.932802037413737,0.07644870290773903,0.023774800961255015,0.08944441825258306,0.030010102435254045,0.10845882816336,0.021291405200369064,SPLMSF
0.75,58.34794666896883,13.798637867382249,7.936789454657292,0.07675925448786779,0.023938903206048103,0.08953863603913516,0.03009070476549345,0.1107897676074957,0.020768022964070078,SPLMSF
0.8,58.90532177216146,13.831833163463681,7.940863202991372,0.07706659731402395,0.024102412891818557,0.0896281018219124,0.030176537574328716,0.11301279318847696,0.020244640727771095,SPLMSF
0.85,59.448128503828244,13.864668723205263,7.945044865188606,0.077390960487339,0.02426723886744101,0.08974421245813553,0.030260405993010622,0.11546243788208252,0.019753632650418435,SPLMSF
0.9,59.97690643328495,13.897648702709484,7.9491294049090016,0.07770262815580602,0.024430407990783984,0.08986086403915183,0.03034993149511318,0.11775021178095645,0.019219459027804007,SPLMSF
0.95,60.531044120582955,13.929775958272865,7.953521499139387,0.0780448487425337,0.02459632732295685,0.08999816644084718,0.03043606461178433,0.12006496414561897,0.018669098325716414,SPLMSF
1.0,61.06144075798697,13.962158758919308,7.957773305347671,0.07837521089066708,0.024760751108899363,0.09010427704189383,0.030519612414838908,0.12241209066922783,0.01833456534993768,SPLMSF
1.05,61.60748490554839,13.994543306021775,7.961987341703852,0.07870403841733528,0.024924760588953432,0.09022754180716244,0.03060200559855755,0.12452180669389692,0.0179137012836354,SPLMSF
1.1,62.14165852816282,14.026578160685313,7.966309291923187,0.07903802785256807,0.025089131230985245,0.09034255092950359,0.03068036711549829,0.12670706242277413,0.017330966422601478,SPLMSF
1.15,62.665580333777584,14.059774585866332,7.970134838372012,0.07933686050514478,0.025249946450622635,0.09043722624418804,0.030761976531200646,0.1287304473569197,0.01680218849314477,SPLMSF
1.2,63.186804292813484,14.092886193513158,7.973960384820836,0.07963150782645292,0.025410083071570774,0.09052978108722012,0.030843420249971686,0.13118009205052528,0.016332763188423,SPLMSF
1.25,63.67781237016613,14.12551944231168,7.977937010678077,0.07993717652010165,0.02557083824670356,0.09065177223427329,0.03093677413388737,0.13373225491412755,0.015917294815278444,SPLMSF
1.3,64.20605073030707,14.157559855642466,7.982107881488996,0.08025958653882471,0.025732661570046826,0.09076728212109751,0.031018888541191385,0.13624125223246805,0.01543168243108351,SPLMSF
1.35,64.70892933260671,14.190101119713692,7.986035946107816,0.08056260452267001,0.025892026119792223,0.09087124800920557,0.031098211542998997,0.13877722801659714,0.015021609751096674,SPLMSF
1.4,65.22044104395871,14.222235364372613,7.990088111669266,0.08087943409970162,0.026052319798588793,0.09097033861427094,0.031172428656586232,0.1410488148359979,0.01461153707110984,SPLMSF
1.45,65.72979447804762,14.254979759343767,7.993854305493355,0.08117003560078345,0.0262095724437134,0.09106153831504117,0.031245306652510497,0.14354162507486523,0.014217651470596171,SPLMSF
1.5,66.23051480308418,14.28783054314551,7.997539563920079,0.08145212692828585,0.026365601271697514,0.09113077768092093,0.0313201603467318,0.14589414729163183,0.01379139171113617,SPLMSF
1.55,66.69994010780594,14.32023305775444,8.001365110368903,0.08174886691522827,0.026522594306849216,0.09124448682624557,0.03140231106851074,0.1483006264399756,0.013370527644833893,SPLMSF
1.6,67.2163079429999,14.352869994724829,8.005055764488786,0.08202677291146207,0.02667727204575232,0.09135237336843964,0.031483751030742704,0.1508096237583161,0.012992829123793388,SPLMSF
1.65,67.73483405545694,14.384977380578675,8.008919080789713,0.08232700067446162,0.026833690050951306,0.09144416661488827,0.03155909273466831,0.1530380450324551,0.01257196505749111,SPLMSF
1.7,68.24580619749317,14.417761575302373,8.012474842580652,0.08259207165480513,0.026986335362585618,0.09153713318891225,0.03164419346247691,0.155422941408168,0.012183475150135162,SPLMSF
1.75,68.72062719537266,14.449260689228595,8.016500029676312,0.08289411306135443,0.027141950638017498,0.09167184485168259,0.031732235511677545,0.15812618368018647,0.0118921077196182,SPLMSF
1.8,69.19976474777833,14.481367164439181,8.020233849341455,0.08318066874220996,0.027295316506561956,0.0918007955711501,0.03182121033542634,0.16073230347536596,0.011557574743839467,SPLMSF
1.85,69.70048507281487,14.513559223934381,8.023892129302391,0.08346387615805063,0.027447798797239548,0.09191151682174982,0.03189891770310742,0.1631711567826561,0.011185271915956684,SPLMSF
1.9,70.1612772684843,14.546263542837297,8.02730220737807,0.08372155305315296,0.027597224650114233,0.09200343152454779,0.031972387599474426,0.16560461439678847,0.010899300178597443,SPLMSF
1.95,70.63825654362688,14.578615671329345,8.03080940793059,0.08398676354453875,0.02774675813791769,0.09209990308289286,0.03205176175101225,0.16812440310144441,0.010478436112295165,SPLMSF
2.0,71.09850916998052,14.610911713978442,8.034295025710477,0.0842491838150788,0.02789535615932441,0.09221029504663467,0.03213426770285866,0.17069275304451986,0.010203255761251369,SPLMSF
2.05,71.56145964291302,14.643500798643345,8.037618772695634,0.08449556031575596,0.028041779613346158,0.0923027247242266,0.03221370660341964,0.1733150599191725,0.009944262489680738,SPLMSF
2.1,72.03735977942407,14.675702247848397,8.041050433543946,0.08475728303108457,0.028188929480862244,0.0923953679826828,0.03228558829911132,0.175921179714352,0.009642103672848332,SPLMSF
2.15,72.5094829307247,14.707658856264667,8.044536051323833,0.08501398334889092,0.028334972090328047,0.0924891115609001,0.03235771042179665,0.17827370193111858,0.009372319014962258,SPLMSF
2.2,72.98754134449882,14.738618788741627,8.04837778485213,0.08530737507081848,0.02848401628889714,0.09258634683226143,0.03242511038702323,0.18072874231788186,0.009113325743391625,SPLMSF
2.25,73.44024000043166,14.770862513484111,8.051658366292026,0.08554454384270475,0.028626870556286578,0.09268620602605261,0.03250689119898615,0.18338342335148083,0.008865123858136436,SPLMSF
2.3,73.91344229036383,14.802947720363944,8.054955134811394,0.08578143359250646,0.02876888300894649,0.09271927700640939,0.03256278094270659,0.1860327086919221,0.00859533920025036,SPLMSF
2.35,74.35480999066544,14.835589349493953,8.057982118672875,0.086003116638699,0.0289086590805559,0.09280289617137384,0.03263422963789355,0.18863343279394387,0.008347137314995172,SPLMSF
2.4,74.7665013785996,14.866728066605901,8.061564858929602,0.08625925891233617,0.029051062323317108,0.09292594190535987,0.032720935122917974,0.19113703441912666,0.008098935429739981,SPLMSF
2.45,75.208408648217,14.898330197028434,8.064915584380547,0.08649838083881446,0.029191031700101493,0.09303511388518215,0.03280020901273486,0.19382408961167197,0.00784533785132707,SPLMSF
2.5,75.65679074962365,14.93025589357831,8.068088251957288,0.08672034290709157,0.029328502808584442,0.09311770549933318,0.03287207566211167,0.1963384826231702,0.007645697204491375,SPLMSF
2.55,76.08682749429406,14.962207087188714,8.071206962602451,0.08695025710477897,0.0294660845274064,0.09322582915171543,0.03294905633696232,0.19878812731677575,0.0073813082397630216,SPLMSF
2.6,76.50121672880707,14.99376070725123,8.074438982803926,0.08717724157057835,0.02960263866038211,0.09330076562610204,0.03302070164382278,0.20127014616932765,0.007170876206611883,SPLMSF
2.65,76.94582184500331,15.025120087967075,8.077703377164347,0.08740729527930806,0.0297387651696466,0.09339951025903538,0.03309133126917692,0.20376295640819497,0.006938861400829857,SPLMSF
2.7,77.36344849541096,15.05649813834653,8.080913814593192,0.08762855979237372,0.02987323125551629,0.09352197070721159,0.03317060021671381,0.20640684605547852,0.00669605520873239,SPLMSF
2.75,77.75085926413536,15.088003687539302,8.084027129545197,0.08784912675022796,0.03000683625569637,0.09359804533026135,0.033243373911237654,0.20878095104487598,0.006453249016634922,SPLMSF
2.8,78.1841334247004,15.119288334653776,8.087183610042464,0.08807346050622393,0.030140020386254195,0.09369692929655421,0.03332094896575879,0.21143023638531724,0.006215838517695175,SPLMSF
2.85,78.56560893095131,15.150951157095857,8.090140449892896,0.08827728613900385,0.030270345935094402,0.09378322509752211,0.033390175267099406,0.21404714756681217,0.006064759109278973,SPLMSF
2.9,78.96866720983311,15.182076015106428,8.093264556231217,0.08848976145640548,0.03040064263481763,0.09387942512384272,0.03346208571389447,0.21671261998672658,0.005821952917181506,SPLMSF
2.95,79.34798443882093,15.212514324054036,8.096615281682162,0.08872148929764263,0.03053187813502038,0.09397393072121205,0.033532354556559965,0.21918384745296304,0.005643895042976696,SPLMSF
3.0,79.72568295986144,15.2435213164313,8.099690826782062,0.08892991879481797,0.03066003378041286,0.09403987384777814,0.03359897719847921,0.22171982323709216,0.005503607020875937,SPLMSF
3.05,80.11363329790161,15.274558264306838,8.10270701925723,0.08912579229818758,0.030786123659789284,0.0941053427534231,0.03366151915837995,0.22426659040753671,0.00533634053298657,SPLMSF
3.1,80.4605763679431,15.30474892704408,8.106014579162911,0.08934831241063382,0.030913903314545882,0.09422788497854076,0.03373892457640341,0.22685652312324303,0.005115117113519988,SPLMSF
3.15,80.82856264129971,15.335806092217513,8.108928253468083,0.08953721036188912,0.031037516548337484,0.09429978451556052,0.03380343005298257,0.22937631182789897,0.004915476466684293,SPLMSF
3.2,81.1738870033939,15.3668614726119,8.11179876222799,0.08973043315545531,0.0311607864744444,0.09435613054864996,0.033858638228612105,0.2317180426583501,0.004742814285637205,SPLMSF
3.25,81.53485887564545,15.397878417625128,8.11464229252211,0.08990984435583517,0.03128202530723205,0.09447549798492497,0.03393850975071524,0.2339950251709086,0.0045755477977478375,SPLMSF
3.3,81.89475160926548,15.427903459837834,8.117841938564638,0.09011520461008024,0.031405157324674866,0.09459659281318768,0.03401523411035077,0.23613171966136628,0.004408281309858471,SPLMSF
3.35,82.24277381793851,15.458630402391192,8.120717843017703,0.0903014518515321,0.0315257116904489,0.09468229272485124,0.0340814895569956,0.23850042895760604,0.0042572019014422684,SPLMSF
3.4,82.60536439813741,15.48923744427584,8.123599143163927,0.09048449033901139,0.03164525645757629,0.09477656597537477,0.03415016689261214,0.24076122439069134,0.00411691387934151,SPLMSF
3.45,82.95014919091581,15.519434552193061,8.12659914855962,0.09067687606632385,0.03176486424795427,0.09488062487153134,0.034221862473489795,0.2432810130953473,0.003949647391452143,SPLMSF
3.5,83.31058149385161,15.548986588591251,8.129809585988465,0.0908653554844523,0.03188316444404674,0.094990766233598,0.034294573473399294,0.2457414491752683,0.003814755062509105,SPLMSF
3.55,83.64025834578838,15.579339252934009,8.132653116282583,0.09104127890877502,0.031999328770540826,0.09504702495919697,0.03435236366110397,0.24820728094834704,0.0036474885746197385,SPLMSF
3.6,83.99907194077687,15.609308819292012,8.135604560439857,0.09122459641833888,0.032115323462154885,0.0951442603322242,0.03442350502396639,0.25068929980089893,0.003491013473045815,SPLMSF
3.65,84.35572725850227,15.639195993784403,8.138545213210815,0.09139507891201241,0.03222927294438635,0.09523268609879812,0.034487762363139725,0.2529231167681956,0.0033723082235759417,SPLMSF
3.7,84.68108755591287,15.669154638243855,8.141415721970723,0.09156807260444715,0.03234274141346692,0.0953315408749729,0.034564924335246015,0.25508678972444193,0.003205041735686575,SPLMSF
3.75,84.98378594206105,15.698430692258707,8.144518245536412,0.09175250620234927,0.032456613508866645,0.09543111869615181,0.0346373852193832,0.2573206066917387,0.0031079192588475877,SPLMSF
3.8,85.31130451673474,15.727565537610491,8.147631560488419,0.0919363817560823,0.032569577370409705,0.09550301415470241,0.03469590603666696,0.259716294453767,0.0030269838614817653,SPLMSF
3.85,85.65015404703965,15.75664364049246,8.150723292667793,0.09211551393437759,0.03268127175465422,0.09560048240496921,0.034760792884798344,0.26195550711422144,0.0029568398504313856,SPLMSF
3.9,85.9631042501875,15.78586590784501,8.15371250667717,0.09229101882557342,0.03279176111891074,0.09570994765186608,0.03483098085119793,0.2643350077967766,0.0028273432146460695,SPLMSF
3.95,86.29925593391356,15.815335809173606,8.156561432664446,0.09245689745485154,0.03290059131303326,0.09580449750845622,0.03489672154707395,0.2664986807530229,0.0027625948967534113,SPLMSF
4.0,86.59224207237783,15.844325767772904,8.159561438060141,0.09262445021663708,0.03300886864700151,0.09590745116024027,0.03496811290436657,0.2685922096982189,0.002654681033598981,SPLMSF
4.05,86.88630734947364,15.873479945536127,8.162453529592678,0.09279046835695745,0.033116233274581075,0.09597142696036118,0.03502508387412497,0.27082063097235787,0.0025737456362331587,SPLMSF
4.1,87.16418554709631,15.90179177424498,8.165642384248892,0.0929651361818996,0.03322376236525713,0.09608961838260784,0.03510038722476276,0.27285480729281886,0.0024874145457096145,SPLMSF
4.15,87.43720762087702,15.930416311121652,8.168663972417217,0.09313171236638916,0.03332971731357103,0.09619054267201482,0.03517206105600146,0.27513178980537734,0.0023902920688706275,SPLMSF
4.2,87.69296347655302,15.95815949807934,8.171998510788688,0.0933143323207416,0.033436557241060434,0.09631457045113337,0.035245177994949084,0.27702028241057985,0.0023255437509779693,SPLMSF
4.25,87.96382727307063,15.985778938523191,8.175343840546477,0.09350141662844715,0.03354317999733411,0.09643749075607574,0.035319839394493166,0.27922712091208796,0.002217629887823539,SPLMSF
4.3,88.22551839122012,16.01404548905618,8.17838701148743,0.09366213334916068,0.033646390700211984,0.09654502725810495,0.03539092396482138,0.2814069809478075,0.0021312987972999953,SPLMSF
4.35,88.48990735594849,16.042249358365098,8.181413995348912,0.09382061789319765,0.03374860694948556,0.0966387332760166,0.03545566424062598,0.2835706539040538,0.0020503633999341725,SPLMSF
4.4,88.76508770699228,16.070124701681753,8.184532705994075,0.09398175314703802,0.03385036480982384,0.096736780981211,0.035517202799350556,0.28548612497504494,0.00196942800256835,SPLMSF
4.45,89.03109537966795,16.0984745242458,8.187424797526614,0.0941339596941721,0.03395064093419239,0.09682555205934401,0.035578797170996185,0.2874879271365596,0.0018777012188870843,SPLMSF
4.5,89.29872176029093,16.12640650137074,8.190446385694939,0.09429425788175877,0.03405108803093909,0.09692016145015105,0.03564075254916912,0.28943577236649703,0.0018399313667830338,SPLMSF
4.55,89.55070063075652,16.153881055866105,8.19361365757852,0.09445483509143002,0.03415094361377349,0.0970447108160056,0.035713392236756694,0.2912487252674915,0.0017697873557326542,SPLMSF
4.6,89.79296725353822,16.181574588242214,8.196656828519476,0.09460885528211381,0.03424957532317082,0.09715157081049898,0.03578205389272976,0.293234340349533,0.0017212261173131607,SPLMSF
4.65,90.03901086153033,16.208742968849975,8.199872661641479,0.09477738462119537,0.03434898162216737,0.09725238141809289,0.035845521636369594,0.29510125018210465,0.001651082106262781,SPLMSF
4.7,90.28343576157512,16.2352069481547,8.203331300955577,0.0949538660896872,0.0344484440528406,0.09735856021515016,0.0359070405459641,0.29731348437677046,0.0015701467088969584,SPLMSF
4.75,90.51545056735714,16.262463704869965,8.206433824521268,0.09511011845704757,0.0345452177088746,0.09747413759351431,0.03597741050706305,0.2990455018803991,0.001510794084162022,SPLMSF
4.8,90.77228556166467,16.28935578476786,8.209649657643268,0.09527125371088797,0.03464201880419894,0.09759256374865509,0.036043242748929595,0.3007613323045545,0.0014514414594270853,SPLMSF
4.85,90.97462405507923,16.316598387143387,8.212692828584224,0.09541913541571118,0.034737086845233876,0.09767975573822994,0.03610246516859548,0.30239622733134414,0.0014082759141653132,SPLMSF
4.9,91.20394101428239,16.342958338486728,8.216054345421485,0.09559073399772303,0.034833923345935394,0.09777496473427949,0.03615902007272227,0.3042469500844426,0.0013705060620612627,SPLMSF
4.95,91.42948098827516,16.36948804382555,8.219313344088748,0.09575605458283198,0.03492961364793411,0.0978932705415789,0.036224880683062725,0.30596278050859804,0.001300362051010883,SPLMSF
5.0,91.6399130214263,16.39604590361279,8.22252917721075,0.0959159342372918,0.0350243271046849,0.09802091062712331,0.036297896578247384,0.3075383229106527,0.001246405119433668,SPLMSF
5.05,91.85358247047208,16.422525672116276,8.225745010332753,0.09606674567400302,0.035117754122650405,0.09811959759156456,0.036360346210093784,0.3092595490279659,0.001214030960487339,SPLMSF
5.1,92.07048933541247,16.448410898487047,8.229165879794747,0.09623555403516913,0.0352124606985612,0.09824407208284253,0.03642802696441019,0.31086206989580917,0.001160074028910124,SPLMSF
5.15,92.26149687319581,16.474434277442935,8.23250041816622,0.09640157217548952,0.03530648220870349,0.09834779177851465,0.036488868768837904,0.31249696492259876,0.0011007214041751873,SPLMSF
5.2,92.45897924276842,16.4999880892606,8.235991431639265,0.09656619520538705,0.0353999503290935,0.09848311798175738,0.036558657990607826,0.31407250732465347,0.0010791386315443013,SPLMSF
5.25,92.6472889339729,16.525800848523904,8.239347552783368,0.09672844654756572,0.03549278055529842,0.09860248378041536,0.03662510371866219,0.3156480497267081,0.0010467644725979722,SPLMSF
5.3,92.84908785807168,16.551453935785972,8.242736048086417,0.09688330380450325,0.035584475002073505,0.09872355109251513,0.036692783863998185,0.31730452752612864,0.0010359730862825292,SPLMSF
5.35,93.03901625722348,16.576814151323564,8.24621087447999,0.09704360199208989,0.03567629593048202,0.09883481191426184,0.036756324912151875,0.31874517759924026,0.0010035989273362003,SPLMSF
5.4,93.22570724048065,16.601508339253193,8.249923111372503,0.09721617715139774,0.03576897168362692,0.09895234772945627,0.036816462165130306,0.320223597524456,0.0009604333820744282,SPLMSF
5.45,93.40268597605392,16.626927037435188,8.253317002368709,0.09738191626963359,0.03586067611105374,0.09909256062759238,0.03688839919574511,0.32187467963071875,0.0009118721436549346,SPLMSF
5.5,93.58236255820604,16.6519139574288,8.256851181387017,0.09754695783265795,0.0359518086865505,0.09922252485311837,0.03695537624918149,0.3233315167833036,0.0008741022915508841,SPLMSF
5.55,93.75232689267426,16.676876474300535,8.260369173325852,0.09771730081528922,0.03604325513269996,0.0993552893401015,0.03702297985852148,0.3246264831411567,0.0008471238257622766,SPLMSF
5.6,93.91042070219551,16.7014452439384,8.26401666190047,0.09789182912918908,0.036134825972370346,0.09949242381655526,0.03709164846903678,0.32616965138426507,0.0008417281326045551,SPLMSF
5.65,94.07337063555869,16.726039650744635,8.267626380622987,0.09806203260077805,0.03622571725881477,0.09961698432454447,0.03715645698790443,0.32741605650369876,0.000809353973658226,SPLMSF
5.7,94.25682420292122,16.750517387737197,8.271257682118133,0.09822595807546418,0.03631582784950466,0.09973821490763585,0.03722077756409374,0.3287541884068137,0.00078777120102734,SPLMSF
5.75,94.40574533407434,16.77492011931521,8.274894379306438,0.0983894650170234,0.036405748381979935,0.09986993604435172,0.037289700088459034,0.32994663659467016,0.000766188428396454,SPLMSF
5.8,94.56276000496405,16.79906905608288,8.27860661619895,0.0985595289775701,0.03649609440179162,0.10002130460583374,0.03736499633777463,0.3313495168156777,0.0007230228831346818,SPLMSF
5.85,94.70952285885407,16.823343225358947,8.282243313387255,0.09872415200746763,0.036585709568357064,0.10015429014174376,0.03743414458386647,0.33260671332142683,0.0007122314968192389,SPLMSF
5.9,94.84009863327091,16.847192751509265,8.286025694290817,0.09889868032136748,0.03667614685270022,0.10030280407350516,0.037505804325775764,0.3337937658161256,0.0006744616447151884,SPLMSF
5.95,94.982005363319,16.871428070750813,8.289630017320174,0.0990666516162799,0.03676582292483587,0.10043363851096103,0.037572876812031704,0.3350779407876633,0.0006366917926111377,SPLMSF
6.0,95.12391209336707,16.89467201057306,8.293606643177416,0.09925638663378891,0.036857470232370244,0.10058798856468665,0.03764350826385926,0.33622182773710024,0.0006151090199802518,SPLMSF
6.05,95.25880442231012,16.917686259215692,8.297653413045706,0.09943914609918363,0.03694841007965736,0.1007526653903232,0.03771815321856425,0.3373279448344332,0.0005935262473493657,SPLMSF
6.1,95.3947758898847,16.941036291985657,8.301543707812424,0.09962204507562064,0.03703932719787891,0.10090447394201292,0.037789571716189185,0.33847722747702785,0.0005719434747184797,SPLMSF
6.15,95.53560348130122,16.964374427731055,8.305417815499668,0.09980061920974677,0.03712983819626665,0.10105436438701222,0.03786128968284502,0.33950780487015264,0.0005611520884030367,SPLMSF
6.2,95.65700657734996,16.987752368461386,8.309254153334809,0.09997626361198489,0.03722003341695971,0.10119957076780758,0.03793304478019254,0.34058694350169694,0.0005395693157721507,SPLMSF
6.25,95.78812192108259,17.01079521583789,8.31320380072626,0.10015999965467563,0.03731103750159952,0.10135263039424987,0.038003959678894174,0.3417308304511339,0.0005395693157721507,SPLMSF
6.3,95.90089190807896,17.03314670946619,8.317407045696125,0.10035475706970695,0.037403046791568674,0.10151726983841203,0.03807941963347592,0.34284234324162455,0.0005179865431412646,SPLMSF
6.35,96.01042447918073,17.055335470816694,8.321653456211251,0.10054853790744228,0.03749493475393394,0.10168393402233347,0.03815337712098288,0.3439160861800111,0.0005071951568258216,SPLMSF
6.4,96.1231944661771,17.077957370179234,8.325705621772702,0.10073464563785188,0.037586095158512335,0.1018476588903608,0.03822865909154939,0.34497903773208227,0.0004856123841949356,SPLMSF
6.45,96.24028100769965,17.10090733940345,8.329606707925734,0.10091587048178145,0.03767684539609726,0.10200714947439239,0.03830409256990684,0.34596105388678755,0.0004802166910372141,SPLMSF
6.5,96.346036593591,17.12251572203792,8.334025780621907,0.10111676638267333,0.03776962886889292,0.10218710083388868,0.038383625928643,0.3469053001893888,0.0004640296115640496,SPLMSF
6.55,96.45179217948233,17.145047307815478,8.338056363410725,0.10130343215725209,0.037861123840565836,0.10234033249607008,0.038456327476987524,0.347871129264621,0.00044244683893316354,SPLMSF
6.6,96.56078518126832,17.16631628329612,8.342572558583738,0.10151423334214629,0.03795504841261248,0.10252764595242483,0.03853510459116842,0.3488261669535377,0.000426259759459999,SPLMSF
6.65,96.67193646031737,17.18811919224712,8.346856738950969,0.10171401315469991,0.03804804788570937,0.1026946375463958,0.03860965840303819,0.34974343479035036,0.000415468373144556,SPLMSF
6.7,96.7760733382614,17.209349399605195,8.35135135135135,0.10192272167395983,0.03814204347458827,0.10288167530860068,0.03868806624506101,0.35077401218347515,0.000404676986829113,SPLMSF
6.75,96.86995839920576,17.230973122496685,8.355667905877528,0.10213449943615006,0.038236389512353225,0.10306769725731348,0.038766812464300734,0.35180998526975765,0.00038848990735594846,SPLMSF
6.8,96.96708087604475,17.252133534724013,8.360151726891596,0.10234669573146712,0.03833093246648033,0.10325537891737892,0.03884586727860224,0.35261933924341593,0.0003615114415673409,SPLMSF
6.85,97.06258464493641,17.272917760116577,8.364770440234604,0.10255931055991105,0.03842579143083609,0.10344369143193856,0.03892462122562607,0.35342329752391644,0.00035611574840961944,SPLMSF
6.9,97.1499948740915,17.293970999384157,8.369265052634987,0.10277066978897442,0.038520769810599494,0.10363524112612536,0.03900650505720363,0.35423265149757466,0.0003453243620941764,SPLMSF
6.95,97.24064251914122,17.31478440013513,8.373840600432734,0.10298384266158751,0.038616237256262974,0.10383030672681569,0.03908990170154293,0.3549772571533402,0.0003453243620941764,SPLMSF
7.0,97.3204987778755,17.335936378571727,8.378265068822067,0.10319227215876287,0.03871153708870358,0.10402478892480331,0.039175990480555145,0.3557974025133139,0.0003399286689364549,SPLMSF
7.05,97.39927589797823,17.35626760262032,8.383002487414545,0.10341535031537825,0.03880856193974905,0.10422956050810743,0.03925979693793893,0.3565635909417103,0.00033453297577873344,SPLMSF
7.1,97.47103861697593,17.377315079883488,8.387437747190193,0.10362657003339933,0.03890473276785056,0.10442634474054228,0.03934692577248424,0.35729740521116043,0.0003237415894632904,SPLMSF
7.15,97.54603875186825,17.39806924594898,8.391975525135837,0.10384546285874616,0.03900198017824831,0.10463424129214258,0.03943620345719325,0.358139133343765,0.0003129502031478474,SPLMSF
7.2,97.62049931744482,17.41803943627443,8.396810066205155,0.10407677216685639,0.03910068220942048,0.10484154041221955,0.03952093136361031,0.3590078399421582,0.0002913674305169614,SPLMSF
7.25,97.70736997728413,17.438106849159272,8.401590650342897,0.10430668636454384,0.039199577343607614,0.10505645592100904,0.03960839520404584,0.35970388435950423,0.0002751803510437968,SPLMSF
7.3,97.78021183491337,17.4583282031862,8.40629569477643,0.1045375771395272,0.03929895354322359,0.10527225335091793,0.039698213409404694,0.3604215115494812,0.00026978465788607533,SPLMSF
7.35,97.8454997221218,17.478527729977873,8.410995343516804,0.10475995774093118,0.03939789102546124,0.10549059790448881,0.03979226076268095,0.36106359903525004,0.0002589932715706323,SPLMSF
7.4,97.91294588659332,17.49867970132899,8.415700387950338,0.10499824260115574,0.0394987813426393,0.10571985720662387,0.03988548895529156,0.36183518315680424,0.0002428061920974678,SPLMSF
7.45,97.97445678859134,17.51893031524597,8.420351475452295,0.10522913337613915,0.03959933685006907,0.1059347143006625,0.039975554931636875,0.3625851845057275,0.0002320148057820248,SPLMSF
7.5,98.03003242811587,17.538604758906732,8.425218390680559,0.10546755774740599,0.039701004010215146,0.10616355592738962,0.04007037163412515,0.36327043753675814,0.0002320148057820248,SPLMSF
7.55,98.09154333011391,17.558098388276157,8.430144658533559,0.10570305238678489,0.03980285311868507,0.10638370956456687,0.04016311459373726,0.36388015086358066,0.0002320148057820248,SPLMSF
7.6,98.14496069237535,17.577208126532827,8.435211214408659,0.105949428887462,0.039906215898807954,0.10661891715550179,0.04025809668874576,0.3646193608261885,0.00022661911262430328,SPLMSF
7.65,98.20755073300491,17.596726170793556,8.440099712409555,0.10618980641332088,0.04000939776287346,0.10683763807681951,0.040349734875183514,0.3653477794024809,0.00021582772630886026,SPLMSF
7.7,98.2717594815818,17.615697803948542,8.445193246750444,0.10644818086363463,0.04011477708611345,0.10708242595947949,0.040446755710516806,0.36596828411561894,0.00021043203315113877,SPLMSF
7.75,98.32733512110633,17.634852901693993,8.450200450000809,0.10669037203304323,0.040219083188553724,0.10730467724287038,0.04054037130396017,0.36665893283980727,0.00020503633999341726,SPLMSF
7.8,98.37859420610468,17.653478616723454,8.455407293898011,0.10694749088397638,0.04032536184539197,0.10755720486156817,0.04064178223236418,0.36720929354189485,0.00018884926052025274,SPLMSF
7.85,98.43093242973458,17.67215888837208,8.460581763636265,0.10720265658031758,0.04043206053197181,0.10779312186377961,0.040737861708672544,0.36781361117555966,0.00018345356736253123,SPLMSF
7.9,98.47733539089099,17.690859898685975,8.46573465060189,0.10746591391711134,0.04054003962043299,0.10804379913539458,0.04083820247990768,0.3684718857408017,0.00017805787420480972,SPLMSF
7.95,98.52050093615277,17.70992091068106,8.470731062465939,0.10771968450302967,0.04064764522419688,0.10829001052625814,0.04094013719487322,0.36913016030604373,0.00017805787420480972,SPLMSF
8.0,98.56366648141453,17.728948920875123,8.47572747432999,0.10797624530979373,0.04075604019997327,0.10853501545401292,0.041040942445428046,0.369745269326024,0.00017805787420480972,SPLMSF
8.05,98.61060901188671,17.747488054373882,8.480907339761403,0.10823782851408005,0.04086549091102169,0.10879007001608684,0.041145771399241304,0.37041973097073916,0.00016726648788936672,SPLMSF
8.1,98.65431412646426,17.765643267037266,8.486227493214916,0.10850903798028413,0.04097640303813897,0.10905312691493607,0.04125118869910714,0.3710887969222966,0.0001618707947316452,SPLMSF
8.15,98.69478182514717,17.784357420696896,8.49131023616949,0.10876936558518988,0.041086764510925924,0.10930964173327358,0.041357865696792936,0.37174167579438094,0.0001564751015739237,SPLMSF
8.2,98.73470995451432,17.802243588434685,8.49671132502037,0.10903652923116765,0.04119835017087848,0.10956145828141735,0.04146149252863701,0.37232980634857255,0.00015107940841620218,SPLMSF
8.25,98.77517765319722,17.819874795923415,8.502204140654928,0.10931778349241636,0.041311986279646946,0.10983026774389146,0.04156872692274617,0.3728477928917138,0.0001456837152584807,SPLMSF
8.3,98.81240793598549,17.83754654088472,8.507669977823701,0.10960657134994847,0.041427030261997545,0.11011206500229341,0.04167949164997388,0.37338196651432826,0.00014028802210075918,SPLMSF
8.35,98.84694037219491,17.855286793960712,8.513098045140369,0.10988154761429428,0.04154143372739698,0.11037902067730737,0.04178896554688886,0.37393772290957356,0.00014028802210075918,SPLMSF
8.4,98.8820123777201,17.87286230416512,8.518580069388614,0.11015931409948575,0.04165674699119862,0.11064264654236308,0.04189699665096807,0.3745744147021847,0.00014028802210075918,SPLMSF
8.45,98.91924266050837,17.890839457758638,8.523889431455812,0.11043289525340871,0.041772293663551056,0.11090479393443516,0.04200591696892398,0.3751625452563764,0.00013489232894303767,SPLMSF
8.5,98.95269595808625,17.90813760422653,8.52945778679458,0.11073633177038088,0.0418913643204824,0.11119453219333446,0.04211747739784613,0.3758100284353029,0.00012949663578531615,SPLMSF
8.55,98.97967442387487,17.924904009484628,8.535225782780184,0.11103014202543532,0.04201012260131299,0.11147642681610538,0.04222978262664027,0.3764521159210718,0.00012949663578531615,SPLMSF
8.6,99.01474642940006,17.942420818135766,8.54068082856264,0.11131139628668393,0.04212830043250825,0.11174212855095443,0.04234043961990482,0.37714276464526014,0.00012949663578531615,SPLMSF
8.65,99.04766015766215,17.95912140190775,8.546448824548246,0.11161594889199439,0.04224935452476531,0.1120319149307069,0.04245467208204047,0.3777039167336632,0.00012949663578531615,SPLMSF
8.7,99.08489044045044,17.976496446122233,8.551936244489648,0.11190445772744194,0.04236959774174609,0.11230999800693756,0.042569151328631434,0.3782866515946971,0.00012949663578531615,SPLMSF
8.75,99.12104158460716,17.99319602912034,8.557682657702621,0.11220998691004838,0.04249221948440845,0.11260936567521665,0.04268795043382822,0.3788855735352042,0.00012410094262759467,SPLMSF
8.8,99.15125746629042,18.00964804289101,8.563515402006118,0.11252151506747314,0.0426161017062637,0.11291288184588592,0.04280712049647468,0.37954924379360394,0.00010791386315443013,SPLMSF
8.85,99.18093377865787,18.02564999810923,8.569515412797506,0.11284308801994246,0.0427416408057746,0.11322358083943096,0.04292727878314832,0.3801643528135842,0.00010251816999670863,SPLMSF
8.9,99.20899138307803,18.041783035480023,8.575450675270998,0.11315363960007123,0.04286682821851526,0.11353214956463094,0.043050194072861474,0.3807740661404067,9.712247683898712e-05,SPLMSF
8.95,99.23381157160355,18.058817614596418,8.58101363491661,0.1134467522999142,0.0429910703502444,0.1138192330504097,0.04317046309122936,0.3813945708535447,9.172678368126562e-05,SPLMSF
9.0,99.25863176012906,18.074281545430853,8.587191703582201,0.11377683542596298,0.043119588626866226,0.11414145178001615,0.04329471664907711,0.38204205403247127,8.63310905235441e-05,SPLMSF
9.05,99.28021453275994,18.091008989566742,8.592851785704651,0.11407803976625856,0.0432460396493023,0.1144366080250436,0.04341764892985165,0.3826733501319247,8.63310905235441e-05,SPLMSF
9.1,99.30233687470661,18.106042851998126,8.5991755380855,0.11441942328673252,0.04337708142770739,0.11477625072810257,0.04354743503102153,0.3833747902424285,8.63310905235441e-05,SPLMSF
9.15,99.33201318707407,18.12209537418603,8.605078426400047,0.11473974063982126,0.04350680437754058,0.11508662271110022,0.043671728985707925,0.38404385619398596,8.63310905235441e-05,SPLMSF
9.2,99.35791251423115,18.137036256789994,8.611412970167212,0.11508949482283239,0.04364012230230747,0.11542829561807941,0.043800546879369746,0.3846805479865971,8.09353973658226e-05,SPLMSF
9.25,99.37140174712545,18.15296735813028,8.61733744125439,0.11541302092989374,0.043771616134635795,0.11574872889970025,0.04393042698749632,0.3854629234944667,7.553970420810109e-05,SPLMSF
9.3,99.39082624249325,18.16842944140398,8.623434574522616,0.11574435965532308,0.04390454144558373,0.11607618058239777,0.0440610303046993,0.38620752915023226,7.014401105037959e-05,SPLMSF
9.35,99.41834427759763,18.183247747739784,8.62977451398294,0.11608909144081195,0.04403946255459442,0.11640749943285122,0.044189277411009954,0.38689817787442066,7.014401105037959e-05,SPLMSF
9.4,99.43938748091273,18.19870789717059,8.635844668785376,0.11642852180669389,0.04417465480872617,0.1167403436682692,0.04432141661392235,0.3875834309054513,7.014401105037959e-05,SPLMSF
9.45,99.45503499107012,18.21411754338588,8.64192021928097,0.11675595422293926,0.04430939946702578,0.11706046138571961,0.044452474715651794,0.38834422364069,7.014401105037959e-05,SPLMSF
9.5,99.4690637932802,18.229450319165977,8.648011956856038,0.11708603734898804,0.044445130218095284,0.11737986397539447,0.04458354845033967,0.38906185083066697,7.014401105037959e-05,SPLMSF
9.55,99.48740915001646,18.244084380672906,8.654368083395834,0.11743927930805634,0.0445838235642556,0.11772295710558998,0.044716882688053225,0.38980645648643253,6.474831789265808e-05,SPLMSF
9.6,99.50575450675271,18.259979321128686,8.660206223392487,0.1177690834120205,0.044721039312416576,0.11804335088413757,0.044849818613103276,0.3905186879832518,6.474831789265808e-05,SPLMSF
9.65,99.52302072485742,18.275146937828794,8.666319543740187,0.11810697915643734,0.04485974008286162,0.11837388147401176,0.044984888782144974,0.39129566779796365,6.474831789265808e-05,SPLMSF
9.7,99.53866823501481,18.2891023750065,8.672902289392606,0.11847710195162221,0.04500230084515541,0.11873580103860622,0.045123273971997835,0.3920564605332024,6.474831789265808e-05,SPLMSF
9.75,99.55701359175106,18.303732079025977,8.679199063307667,0.11882183373711104,0.045143117791520235,0.11907153798126952,0.04525975081594953,0.3929089800521224,6.474831789265808e-05,SPLMSF
9.8,99.57859636438195,18.318145890873232,8.685565981233779,0.11917033232074156,0.04528501322538251,0.11940929351077202,0.04539661051201368,0.39377229095735783,5.935262473493657e-05,SPLMSF
9.85,99.5931647359078,18.332722279110136,8.691851963762526,0.11952036552583724,0.04542779402051246,0.11974903285855919,0.045534769570424134,0.3945222923062811,5.935262473493657e-05,SPLMSF
9.9,99.6088122460652,18.348170077414974,8.697771039156546,0.11985449447211238,0.04556967169328099,0.12007714751256716,0.04567364266184917,0.3954827256883556,5.935262473493657e-05,SPLMSF
9.95,99.61960363238063,18.36273712783582,8.704024647526344,0.12019755212509371,0.045713088607814534,0.12041410940919037,0.04581405615500656,0.3963676193662219,5.935262473493657e-05,SPLMSF
10.0,99.63255329595917,18.37658518261263,8.71054804055403,0.12055218919458488,0.04585830747252246,0.12076154496024954,0.0459558255069033,0.3972794915098768,5.3956931577215064e-05,SPLMSF
10.05,99.64604252885347,18.390215875040443,8.717141577592766,0.12092370710019264,0.04600589653324305,0.12112769533834748,0.04610074762416695,0.39806726271090415,5.3956931577215064e-05,SPLMSF
10.1,99.65845262311623,18.404586611925964,8.723422164428353,0.12128671483222091,0.046153407171871566,0.12148596288034648,0.046246376846536125,0.3989575520819282,5.3956931577215064e-05,SPLMSF
10.15,99.66600659353703,18.418399657724223,8.729907787603935,0.12164567674402292,0.04630122728240146,0.1218402794374005,0.04639200263968425,0.3998586328392677,5.3956931577215064e-05,SPLMSF
10.2,99.6784166877998,18.432219449798136,8.736371828006884,0.12201426491774263,0.04645065716071906,0.12220356506817799,0.046538798645382656,0.40087302315291934,5.3956931577215064e-05,SPLMSF
10.25,99.68866850479947,18.445910807704536,8.742868242568782,0.12238382966875838,0.04660086129926869,0.12256885405616054,0.046686917597416895,0.40172014697868164,5.3956931577215064e-05,SPLMSF
10.3,99.69622247522028,18.459192724488656,8.749510340845937,0.12276329970377643,0.04675275505346851,0.12294481121394166,0.04683701524332314,0.4026697889744406,5.3956931577215064e-05,SPLMSF
10.35,99.70485558427264,18.472497169465743,8.756125460657303,0.12314583898172478,0.04690569550159094,0.12332693255982596,0.04698926259391599,0.4035816611180955,5.3956931577215064e-05,SPLMSF
10.4,99.7151074012723,18.48627971282952,8.762530148435518,0.12352600657195428,0.04705910803194548,0.12370110332512646,0.04713967527585837,0.40456907296595856,5.3956931577215064e-05,SPLMSF
10.45,99.72104266374579,18.499984022399413,8.768945627600049,0.12388175972978364,0.04721080320454365,0.12405272755605574,0.04728935363110837,0.40561044174539884,5.3956931577215064e-05,SPLMSF
10.5,99.72805706485084,18.51386514299791,8.7752693799809,0.12424755768265769,0.04736409901367544,0.12441345563737291,0.04744015899275463,0.40661404067273504,5.3956931577215064e-05,SPLMSF
10.55,99.73561103527165,18.526967995616168,8.781884499792266,0.12461837803305402,0.04751857107106563,0.12478017223265146,0.047592725769296025,0.407660805145333,5.3956931577215064e-05,SPLMSF
10.6,99.74478371363978,18.53943705146823,8.788731634409414,0.12500203339934063,0.04767491732399886,0.12515822966569293,0.047746407344843464,0.4087561308563505,5.3956931577215064e-05,SPLMSF
10.65,99.75287725337635,18.552583078368297,8.795287401596045,0.12537717859204778,0.04783111392181213,0.1255290443813387,0.04790052263933237,0.4097705211700021,5.3956931577215064e-05,SPLMSF
10.7,99.76151036242871,18.56474751988175,8.80221547161056,0.12578008648216987,0.04799070689483073,0.12592708689984908,0.04805769264716902,0.4107147674726034,5.3956931577215064e-05,SPLMSF
10.75,99.7696039021653,18.577185549312752,8.80901404498929,0.12617127544474,0.0481498932398733,0.1263144172282132,0.04821498392522509,0.4118478630357249,5.3956931577215064e-05,SPLMSF
10.8,99.77877658053342,18.590047038227187,8.81561837341434,0.126549768902462,0.048308374295948295,0.1266868916467935,0.04837082659745881,0.4131104552346317,5.3956931577215064e-05,SPLMSF
10.85,99.78471184300692,18.602838056372136,8.82222809753255,0.1269378886221018,0.048468400037524874,0.12707152899953497,0.048529209057699314,0.41417340678670284,5.3956931577215064e-05,SPLMSF
10.9,99.79334495205927,18.615576546394514,8.828837821650758,0.12733117025030619,0.048629629764469044,0.12746078330359553,0.048688874475346,0.41523096264561626,5.3956931577215064e-05,SPLMSF
10.95,99.80197806111161,18.628056721143487,8.835528481166333,0.12770994273011282,0.04879010006143867,0.1278334752981629,0.04884650721365156,0.41635866251558007,5.3956931577215064e-05,SPLMSF
11.0,99.80575504632203,18.640515477914448,8.842202953602435,0.12808857569887713,0.04895110819530125,0.12821038382899125,0.049006730529047665,0.4177777298160608,4.316554526177205e-05,SPLMSF
11.05,99.80953203153243,18.651590073804762,8.849406203967993,0.1285150609551456,0.0491173103040596,0.12863702454319384,0.049172680546256224,0.41887305552707826,4.316554526177205e-05,SPLMSF
11.1,99.81708600195324,18.663418386679215,8.856285712744087,0.12891322546982995,0.04928145396622989,0.12902925854892588,0.04933429934232163,0.4199845683175689,4.316554526177205e-05,SPLMSF
11.15,99.82194212579519,18.675466088761016,8.86305191196387,0.1293039958992732,0.04944542872713418,0.12941878157651499,0.04949760873341545,0.4213334916069993,4.316554526177205e-05,SPLMSF
11.2,99.82733781895291,18.68753065596293,8.869785737024706,0.12969448730663183,0.04960991948265716,0.1298060278142617,0.049660635525902795,0.4225421268743289,4.316554526177205e-05,SPLMSF
11.25,99.83435222005795,18.699371522067924,8.876584310403436,0.13008665284649792,0.04977516586596749,0.13019349687071002,0.04982360758920558,0.4239018415500747,4.316554526177205e-05,SPLMSF
11.3,99.8370500666368,18.710820645572113,8.883512380417951,0.1304958387335229,0.049942557292943286,0.1305998324605066,0.04998982653212406,0.42523997345318965,3.7769852104050545e-05,SPLMSF
11.35,99.84244575979453,18.722079749858885,8.890489011670883,0.13091032604015473,0.05011094705778153,0.13101112977123988,0.050157064641558065,0.42664285367419724,3.237415894632904e-05,SPLMSF
11.4,99.84784145295225,18.733513349454178,8.89736852044698,0.13131755877258772,0.05027914281353069,0.13141316086916577,0.05032327877815969,0.4279594028046813,3.237415894632904e-05,SPLMSF
11.45,99.84999973021534,18.745854423367017,8.903859539315718,0.13170219071617034,0.05044573415080199,0.13179608898975978,0.050488957609835926,0.42920580792411495,3.237415894632904e-05,SPLMSF
11.5,99.85215800747844,18.75632067125604,8.911073581067592,0.13213425641413026,0.05061745361492484,0.13222762228262336,0.05066046376606114,0.43061408383828026,3.237415894632904e-05,SPLMSF
11.55,99.85593499268883,18.76771887934532,8.917888341525794,0.13253214190673002,0.05078642326568778,0.1326220583791728,0.05082775912808287,0.43190905019613346,3.237415894632904e-05,SPLMSF
11.6,99.86348896310965,18.777911813731542,8.925156340209245,0.13296197542801333,0.05095895906265861,0.13305124875729413,0.05099966056661516,0.4334414270529264,3.237415894632904e-05,SPLMSF
11.65,99.86564724037274,18.78896213508684,8.932052036064814,0.1333685106052349,0.05112969048419536,0.1334557347798837,0.05116943945801791,0.4348766814328803,3.237415894632904e-05,SPLMSF
11.7,99.86996379489891,18.799545770785244,8.939104207021956,0.13378481155541647,0.051301782594236955,0.13386988282583795,0.051340583284450826,0.4365439506186162,3.237415894632904e-05,SPLMSF
11.75,99.872122072162,18.810668445639052,8.945908176093841,0.13417823269466309,0.05147197413846172,0.13426105441500624,0.05151011037715008,0.4380709317822514,3.237415894632904e-05,SPLMSF
11.8,99.87535948805663,18.820999171656396,8.952998116903087,0.13459704484360582,0.05164502192572565,0.13467771343367438,0.051682228607512204,0.43956014309378255,3.237415894632904e-05,SPLMSF
11.85,99.87643862668818,18.831323723065157,8.960061079246545,0.1350278549421851,0.0518196999001975,0.13510788071570573,0.05185646990177254,0.44109251995057547,3.237415894632904e-05,SPLMSF
11.9,99.87859690395126,18.841921472754994,8.966983753567902,0.13543480865253352,0.051992473293253835,0.13551506346565248,0.05202934095281838,0.44271662359104963,3.237415894632904e-05,SPLMSF
11.95,99.88129475053013,18.85194410963377,8.974106068536095,0.1358657582621551,0.05216800782422421,0.13594370297061792,0.05220429370070366,0.4441033167325841,3.237415894632904e-05,SPLMSF
12.0,99.88345302779321,18.86239369786582,8.98102874285745,0.1362788504583641,0.05234232066585996,0.13635531742627635,0.05237798002626606,0.4455871323509575,3.237415894632904e-05,SPLMSF
12.05,99.88507173574052,18.872871653930474,8.987908251633547,0.13669905771772967,0.05251770651502303,0.13677421745894555,0.05255267612348943,0.44724361015037795,3.237415894632904e-05,SPLMSF
12.1,99.8877695823194,18.884008049452493,8.994490997285967,0.1370888515698769,0.05269045550082273,0.13716285018230925,0.05272495106359224,0.4488407353250635,3.237415894632904e-05,SPLMSF
12.15,99.89262570616134,18.894421792872407,9.001332736209957,0.13749441016980246,0.05286518923041998,0.13756455099549514,0.05289820755888159,0.4504378604997491,3.237415894632904e-05,SPLMSF
12.2,99.8953235527402,18.904089727219286,9.008438864098677,0.13791712862792918,0.05304188921577565,0.1379852541495849,0.053074053100550744,0.4522670004802167,3.237415894632904e-05,SPLMSF
12.25,99.89748183000329,18.913913099598627,9.015447869510556,0.13834375339523988,0.05321923543189665,0.1384108717693891,0.053250849201776515,0.45382096010964046,3.237415894632904e-05,SPLMSF
12.3,99.89964010726638,18.92341368221718,9.022553997399276,0.13876396065460547,0.05339635325664274,0.1388294884389161,0.053427364087904716,0.4554558551364301,2.1582772630886026e-05,SPLMSF
12.35,99.9012588152137,18.93365742821437,9.029330988005373,0.1391778899170682,0.0535732621308628,0.1392411584120983,0.05360343302196251,0.45710693724269286,2.1582772630886026e-05,SPLMSF
12.4,99.90233795384525,18.944521087989695,9.035827402567271,0.13956614914775023,0.053748051733613335,0.13962941030072587,0.05377805406951926,0.4587364365763248,2.1582772630886026e-05,SPLMSF
12.45,99.9050358004241,18.95446318163051,9.042658350104947,0.1399732423691409,0.05392497474489805,0.14003493528194988,0.05395449925094306,0.46036054021679895,2.1582772630886026e-05,SPLMSF
12.5,99.90611493905564,18.96362400568365,9.049769873686824,0.14040475002293165,0.05410468244853442,0.14046533584648868,0.05413369719060534,0.4619792481641154,2.1582772630886026e-05,SPLMSF
12.55,99.90827321631873,18.973050776004808,9.0567411092466,0.14082844505835446,0.054283971827849005,0.14088764221793768,0.05431239235751646,0.46379759675826754,2.1582772630886026e-05,SPLMSF
12.6,99.90881278563451,18.983316268593,9.063340041978492,0.14123846801163312,0.05446214497132573,0.1412974181590374,0.05449035077040293,0.4655889668866311,2.1582772630886026e-05,SPLMSF
12.65,99.91097106289759,18.99245705097049,9.07035444308353,0.14166146549184436,0.054641893400519455,0.14171885734036116,0.05466950536073023,0.46729400592447107,2.1582772630886026e-05,SPLMSF
12.7,99.91474804810801,19.00220942372984,9.077088268144367,0.14206967480157337,0.05482046214041213,0.14212401250708787,0.0548465013054305,0.4691501243707273,1.618707947316452e-05,SPLMSF
12.75,99.91690632537109,19.011600709951768,9.083930007068359,0.14248862646155835,0.055000300844013465,0.14254094073302048,0.05502535983689585,0.4709684729648794,1.618707947316452e-05,SPLMSF
12.8,99.91960417194996,19.020602294178225,9.090890451241819,0.14291399562948853,0.055180967834538255,0.14296392051149123,0.05520493236045331,0.47285696557008194,1.618707947316452e-05,SPLMSF
12.85,99.9206833105815,19.029885658199635,9.097699816006863,0.14332959902445863,0.055360850306816645,0.14337844942922248,0.05538426526787362,0.4748156021863349,1.618707947316452e-05,SPLMSF
12.9,99.92176244921303,19.040054550047362,9.104115295171395,0.14371618412263332,0.05553801406682042,0.14376448685659973,0.055561084667809735,0.4768821526657422,1.618707947316452e-05,SPLMSF
12.95,99.92176244921303,19.049305498623994,9.110859911618546,0.14412955534092683,0.05571793684500993,0.14417762325852643,0.05574097131845657,0.4785764003172668,1.618707947316452e-05,SPLMSF
13.0,99.92553943442344,19.05879020966221,9.117475031429912,0.14452199990287748,0.05589608644406822,0.14456756331434434,0.05591805208175809,0.4804918713882579,1.618707947316452e-05,SPLMSF
13.05,99.926618573055,19.067439414530746,9.124386914364955,0.14494611347142708,0.05607750863948465,0.14499168362338477,0.056099316019630335,0.48228863720977916,1.618707947316452e-05,SPLMSF
13.1,99.92769771168653,19.07586082054466,9.131352754231573,0.14537566797062582,0.0562596803182338,0.14541914545974868,0.056280828293754415,0.48417173412182396,1.618707947316452e-05,SPLMSF
13.15,99.92931641963385,19.084785036205787,9.138081183599251,0.14577885488283251,0.05643955835951567,0.14582082042310554,0.05646007958105504,0.4861141836586037,1.618707947316452e-05,SPLMSF
13.2,99.9320142662127,19.09324103563878,9.144955296682188,0.14620338698450894,0.05662153344278224,0.14624351952140036,0.056641099177127986,0.48821310829695735,1.618707947316452e-05,SPLMSF
13.25,99.93255383552848,19.101433224721983,9.151894158083017,0.1466300117518197,0.05680378247017177,0.14666978221243135,0.05682307432340932,0.4901987233789989,1.0791386315443013e-05,SPLMSF
13.3,99.93363297416002,19.109713385490767,9.15875747977964,0.14704701025721265,0.05698518777203999,0.14708575303709304,0.05700389914790117,0.49211419444999,1.0791386315443013e-05,SPLMSF
13.35,99.9341725434758,19.11943610413588,9.165005692456281,0.1474486625479542,0.057165287746880344,0.14748645693830278,0.057183686725124014,0.4941321836909779,1.0791386315443013e-05,SPLMSF
13.4,99.9341725434758,19.128354062524334,9.171534481177124,0.14785519772517575,0.057345898282796154,0.1478924222859333,0.05736422456213624,0.4962203169430161,1.0791386315443013e-05,SPLMSF
13.45,99.93471211279157,19.136690639057544,9.178257514851646,0.14827177769744185,0.05752765918305026,0.14830959272617322,0.057546003036864954,0.4981088095482186,1.0791386315443013e-05,SPLMSF
13.5,99.93579125142311,19.145372765952402,9.184802490651961,0.14867998700717086,0.05770872357172799,0.14871674201734209,0.0577265075455787,0.5000188849260521,1.0791386315443013e-05,SPLMSF
13.55,99.93740995937043,19.152682917948365,9.191854661609103,0.14911107612783475,0.057892046657726945,0.1491462507221259,0.057909117344905794,0.5023282415975568,1.0791386315443013e-05,SPLMSF
13.6,99.93956823663352,19.160195358519726,9.198782731623618,0.14953072534303113,0.05807423087324305,0.14956642264106118,0.05809124210098023,0.504416374849595,1.0791386315443013e-05,SPLMSF
13.65,99.94172651389661,19.167794608791983,9.205635261933924,0.14995902424284932,0.05825733017273297,0.14999523114050475,0.0582742688594456,0.5063804071590057,5.395693157721506e-06,SPLMSF
13.7,99.94280565252815,19.175320760078943,9.212477000857914,0.15037267448322741,0.058439116232633474,0.15040763810891494,0.05845547325518478,0.5084253748657821,5.395693157721506e-06,SPLMSF
13.75,99.94496392979124,19.18304268185212,9.219200034532436,0.15079469538614274,0.05862181044578246,0.1508281788685479,0.05863746168309307,0.5104163856409814,5.395693157721506e-06,SPLMSF
13.8,99.94496392979124,19.190752707705887,9.225885298354854,0.15120834562652088,0.058803697019617185,0.1512420568911251,0.058819360883792755,0.5126178284493318,5.395693157721506e-06,SPLMSF
13.85,99.94550349910702,19.198369129291102,9.232565166484113,0.15162632070920987,0.05898599223242348,0.1516595829662261,0.05900137568470502,0.5148462497234707,5.395693157721506e-06,SPLMSF
13.9,99.94550349910702,19.20611689059784,9.239147912136533,0.1520483416121252,0.05916859371241205,0.15208043811004576,0.059183851664903385,0.516972152827613,5.395693157721506e-06,SPLMSF
13.95,99.94658263773856,19.21415106411461,9.24557418268738,0.1524477617261901,0.0593490301752312,0.15247968593238817,0.0593641467408271,0.519006329148074,5.395693157721506e-06,SPLMSF
14.0,99.94820134568587,19.220847964308764,9.252491461315579,0.1528764791591352,0.05953223745004131,0.15290657482036524,0.05954646985076011,0.521369642751156,5.395693157721506e-06,SPLMSF
14.05,99.94982005363319,19.228379721755577,9.259031041422736,0.15328426993573727,0.05971336591379331,0.1533139085294752,0.059727309201576706,0.5234739630826674,5.395693157721506e-06,SPLMSF
14.1,99.9514387615805,19.235055973154598,9.26586738465357,0.15371968389871202,0.05989704694232905,0.1537484469156729,0.05991043024184035,0.5257563412883837,5.395693157721506e-06,SPLMSF
14.15,99.95251790021204,19.242120567736347,9.272504087237566,0.15413152049554046,0.060078370588082644,0.15416049413479443,0.06009198523644671,0.5279362013241031,5.395693157721506e-06,SPLMSF
14.2,99.95305746952783,19.248646592686605,9.279313452002611,0.15456135401682375,0.06026142627813773,0.15458997648532216,0.06027510102544053,0.530126852746138,5.395693157721506e-06,SPLMSF
14.25,99.95467617747515,19.25503796417273,9.286133608153971,0.15498532807433102,0.06044389141957227,0.15501149972199577,0.06045660711123042,0.5321340506008104,5.395693157721506e-06,SPLMSF
14.3,99.95521574679091,19.26186323482877,9.292737936579023,0.15540316364597775,0.06062577444014945,0.15542882530634278,0.0606381847546196,0.5343840546475803,5.395693157721506e-06,SPLMSF
14.35,99.95521574679091,19.268628276073557,9.299320682231443,0.15581876704094788,0.06080730130283073,0.15584461490958162,0.060819714378497716,0.5367797424096087,5.395693157721506e-06,SPLMSF
14.4,99.95575531610669,19.275318155627314,9.30588724080439,0.15622795292797287,0.06098803896027954,0.15625258236662687,0.06100007655841911,0.5389649981384859,5.395693157721506e-06,SPLMSF
14.45,99.95629488542247,19.28201183497132,9.312405238138917,0.156634767127279,0.06116833694814009,0.15665984755900073,0.06118051644289291,0.5413930600594605,5.395693157721506e-06,SPLMSF
14.5,99.95683445473823,19.288778344754242,9.318847695769238,0.1570461851909805,0.061348896161132524,0.15707073720803438,0.06136077199249836,0.5436160856404418,5.395693157721506e-06,SPLMSF
14.55,99.95683445473823,19.295917825423302,9.325095908445878,0.1574474189485952,0.06152834476929273,0.15747214423518105,0.06154023011904255,0.5459524207777352,5.395693157721506e-06,SPLMSF
14.6,99.95845316268554,19.302811751403528,9.331398078054097,0.15783498062406578,0.06170636460274976,0.157859689597098,0.06171820620322266,0.5480783238818775,5.395693157721506e-06,SPLMSF
14.65,99.95953230131708,19.308884288630352,9.337986219399674,0.1582479333092325,0.06188682061325513,0.15827264049055906,0.06189877019933397,0.5502419968381238,5.395693157721506e-06,SPLMSF
14.7,99.96007187063286,19.31510126627246,9.344471842575256,0.1586710703004861,0.06206815200473446,0.15869495260149305,0.062079801250697356,0.552486605191736,5.395693157721506e-06,SPLMSF
14.75,99.96007187063286,19.321323172561666,9.350908904512417,0.15907983765438427,0.06224789756163056,0.159103883233743,0.06225955600992445,0.5548607101811334,5.395693157721506e-06,SPLMSF
14.8,99.9611510092644,19.327230977430446,9.357426901846946,0.15950562535544127,0.06242918042191801,0.1595303518387572,0.06244110404783637,0.5570675486826415,5.395693157721506e-06,SPLMSF
14.85,99.96169057858017,19.33375459007485,9.363653531750957,0.15990323182595648,0.06260760089428181,0.15992738914618213,0.06261922355380019,0.5593661139678309,5.395693157721506e-06,SPLMSF
14.9,99.96223014789595,19.340681047676227,9.369675125314973,0.16028465501556655,0.06278435742499475,0.1603092097180764,0.06279596443129075,0.5614812256856577,5.395693157721506e-06,SPLMSF
14.95,99.96223014789595,19.346367127157546,9.37614995710424,0.1607019325430441,0.06296454222087672,0.16072608665518748,0.0629761089466381,0.5636233158692732,5.395693157721506e-06,SPLMSF
15.0,99.96276971721171,19.3522348660611,9.382506083644035,0.1611225583355366,0.06314487536939539,0.1611455828655324,0.06315606985807515,0.5659596510065665,5.395693157721506e-06,SPLMSF
0.0,50.34937113196247,13.281191862959869,7.8946868609475915,0.07290986580911119,0.02140484759772998,0.08586312261825663,0.027200338406770604,0.0575019019818381,0.022672702648745772,SPLMSFT
0.05,50.98660249388938,13.313825596957251,7.900017805787421,0.07335183679107336,0.02160109723817029,0.08604702775808243,0.027315340631447086,0.059460538598091,0.021965866845084253,SPLMSFT
0.1,51.61574031607971,13.347216876826042,7.905019613344629,0.07376381289894407,0.021794740307523566,0.0861996404804466,0.02742396747091038,0.06141917521434391,0.021350757825104,SPLMSFT
0.15,52.2648422029536,13.379882903531415,7.910285809866565,0.07419685517419994,0.021990662270372382,0.08635029534192269,0.027530724283464966,0.06349651708006669,0.020536008158288054,SPLMSFT
0.2,52.897217441038556,13.413328774230315,7.9152120777195645,0.07461064492562038,0.022184894861879453,0.08654359459790281,0.02764603374589112,0.06561702449105124,0.019958668990411852,SPLMSFT
0.25,53.519340862123855,13.447149016748703,7.919954892005202,0.07501118112802359,0.022377883382512644,0.0867147923257619,0.027764228257103517,0.06793177685571376,0.019381329822535653,SPLMSFT
0.3,54.1576513626823,13.480644763521457,7.924794828767678,0.07541562363961084,0.02257133634972858,0.08688596947355837,0.0278806695989888,0.06996055748301705,0.018852551893078943,SPLMSFT
0.35,54.7700625360837,13.514730362519053,7.9293649808722675,0.07580527798071579,0.022763360444388907,0.08707420075462775,0.028005205695898247,0.07236703663136085,0.018199673020994643,SPLMSFT
0.4,55.378157154958906,13.548396023415213,7.934070025305801,0.07620162885185043,0.022956010524089306,0.08726708607284135,0.02813629904254087,0.07463322775760388,0.017568376921541225,SPLMSFT
0.45,55.99866186809689,13.582466375776896,7.938580824785656,0.07658765590585594,0.023147689171895497,0.08745732706390195,0.028259803232527084,0.07705049829226311,0.016980246367349582,SPLMSFT
0.5,56.57654060528886,13.616352263083225,7.943129394117616,0.07697898437946829,0.023339801508464576,0.08761769987125079,0.02837779358592738,0.07925733679377121,0.016375928733684774,SPLMSFT
0.55,57.1900309173218,13.649894271717518,7.947780481619572,0.07737407965122238,0.023532193351893042,0.0878419008227036,0.028511752874954575,0.08176093841895399,0.015771611100019962,SPLMSFT
0.6,57.82996012582756,13.683627616648817,7.952318259565215,0.07775480528562101,0.023723059671725763,0.0880005768347982,0.028624906796654435,0.08428072712360994,0.015226646091090092,SPLMSFT
0.65,58.45693967075481,13.71773157981091,7.956667188250338,0.07811920812807216,0.023912093628907127,0.08814499892929666,0.028741787956695977,0.08676274597616183,0.01471945093426427,SPLMSFT
0.7,59.05855945784075,13.75164130485884,7.961053886787566,0.07849616696432907,0.024102184244833336,0.08831150993558995,0.02886388107151144,0.08920699497660967,0.014309378254277435,SPLMSFT
0.75,59.64237345750622,13.78500991640544,7.965613247505841,0.07888693739377227,0.0242933083386886,0.08849733356251753,0.02898712043688864,0.09196958987336308,0.013856140029028829,SPLMSFT
0.8,60.23320185827672,13.818440345783324,7.970102464213065,0.07927505711341207,0.024483775341828,0.08866019435287373,0.029101578480450065,0.09455412689591168,0.013375923337991615,SPLMSFT
0.85,60.83536121467844,13.852090351146538,7.974462184284504,0.07964838866256953,0.024672544129390916,0.08882628048391103,0.02922450225573352,0.0971926208500375,0.012976642044320223,SPLMSFT
0.9,61.410542105291555,13.885822766597181,7.9787409689585775,0.08001906950192354,0.024860559504661126,0.08902343430509428,0.029355147223943518,0.10014406500731117,0.012523403819071617,SPLMSFT
0.95,62.02025543211409,13.91928463037431,7.983079106257385,0.0803965863823496,0.025048687956875443,0.08924485968819598,0.029490889510192048,0.1029120555972223,0.012145705298031112,SPLMSFT
1.0,62.61378167946346,13.953737895825583,7.98697479671726,0.08074103914575385,0.025233223290120045,0.08941513880941712,0.029605945622949534,0.10561529786924077,0.011751819697517442,SPLMSFT
1.05,63.1921999859712,13.988097445982557,7.99085969579082,0.08108102755580496,0.025416817563560103,0.08954800259571707,0.029712552711399113,0.10842105831125595,0.011379516869634657,SPLMSFT
1.1,63.79435934237292,14.021982193742106,7.99488488288648,0.08142701494067435,0.025600406678281083,0.08970806468637933,0.029830759157169807,0.11132394123011012,0.010953257110174659,SPLMSFT
1.15,64.39705826809042,14.056960519426143,7.998424457597945,0.08173184656806935,0.025779446153068604,0.0898097866257782,0.02993791352482318,0.11411351459265215,0.01056476720281871,SPLMSFT
1.2,64.99436150065017,14.090721719495761,8.002401083455187,0.08207476471000846,0.025961577365840056,0.08993361439861858,0.03004150604571506,0.1170865415225567,0.010197860068093648,SPLMSFT
1.25,65.56846325263174,14.124473604508832,8.006329148074007,0.08241572969735556,0.026142798615613545,0.09010301092824226,0.030162939753243884,0.12011352538403847,0.009825557240210864,SPLMSFT
1.3,66.15119811366567,14.159134410587242,8.009841744319685,0.08272028230266601,0.02631978891183939,0.09024081435562807,0.03027367704970269,0.12287612028079187,0.009469441491801244,SPLMSFT
1.35,66.75497617801472,14.19395003130415,8.013241031009048,0.08301213940312843,0.02649484304568728,0.09033894422037038,0.03037179712373345,0.126070370630163,0.009037786039183524,SPLMSFT
1.4,67.33177577657514,14.22786481276448,8.016947872208403,0.08333552599914748,0.026672174803657477,0.09050366637817737,0.030485487782639754,0.12902181478743666,0.008751814301824284,SPLMSFT
1.45,67.9058775285567,14.262291624257395,8.020395720136188,0.08362947576524418,0.02684589385235364,0.09063385538569113,0.03059001969632456,0.13195707186523717,0.008465842564465044,SPLMSFT
1.5,68.41469139332985,14.296580072136717,8.023843568063972,0.0839262157521866,0.027019068194896925,0.09077465628770852,0.030705383323390713,0.13503261696513844,0.008190662213421247,SPLMSFT
1.55,69.00120323957417,14.330835465397673,8.027248250446494,0.08422211867287531,0.027191237698866104,0.09091735643796624,0.030813906748130695,0.1382592414734559,0.007823755078696185,SPLMSFT
1.6,69.57530499155574,14.365243754485114,8.030534227579546,0.0845089533758154,0.027361554459644787,0.09103960442355716,0.030918786545135895,0.14131859949388398,0.007548574727652388,SPLMSFT
1.65,70.10732033690708,14.399688315472089,8.033750060701548,0.0847921607916561,0.027530636752628963,0.09115010116060708,0.03101745078975118,0.14452364122957057,0.007284185762924034,SPLMSFT
1.7,70.63501912773225,14.434006538135083,8.036960498130393,0.08507034580997448,0.027698344595233217,0.09132139320143608,0.031137531647854925,0.14758299924999865,0.007025192491353402,SPLMSFT
1.75,71.18591939913561,14.468654528211326,8.039982086298716,0.08532551150631566,0.027862893867956155,0.09143484809483746,0.031243573010127642,0.1506261701909536,0.006782386299255934,SPLMSFT
1.8,71.71253905132923,14.503357519984863,8.042922739069674,0.08557300409533108,0.028025662221039933,0.09150888317394869,0.031337196789594506,0.15390135593769053,0.006544975800316187,SPLMSFT
1.85,72.27207243178495,14.537268067478363,8.046122385112204,0.08584672476029634,0.028189947106150207,0.09163240231738635,0.03144008351704574,0.15684740440180647,0.006242816983483783,SPLMSFT
1.9,72.78897983629466,14.571231253785426,8.049246491450525,0.08610886600875181,0.028352213377723635,0.0917512144816237,0.03154179144032876,0.16005784183065078,0.0059784280187554295,SPLMSFT
1.95,73.31991604301447,14.605777790334203,8.05207383466517,0.08633947776165067,0.028510150575139215,0.09183402887714702,0.03163185458678257,0.16346791990633078,0.005778787371919733,SPLMSFT
2.0,73.82063636805101,14.639543944576108,8.055149379765071,0.08659868927821812,0.028669593945715846,0.09193437630651832,0.031726539816662645,0.1669157678341148,0.005562959645610873,SPLMSFT
2.05,74.34401860435,14.673259596956315,8.05818175931971,0.08685441301872845,0.028827408791978003,0.09207231074725655,0.031831282204084654,0.1703258459097948,0.0053147577603556845,SPLMSFT
2.1,74.84419936007079,14.707069510725905,8.061111620704354,0.0870989758758559,0.02898278850088419,0.09220670383747503,0.031939903700137315,0.17374131967863252,0.005136699886150875,SPLMSFT
2.15,75.33143045221304,14.74121084435423,8.063847237135318,0.08732470474227473,0.029135119138156015,0.0923509264113914,0.032052866311515,0.1770488795843158,0.004926267852999736,SPLMSFT
2.2,75.82028025230261,14.775552377801146,8.066442565544182,0.08753327375049236,0.029284619476554696,0.0924477121548534,0.03214783684021326,0.18002730220737806,0.004742814285637205,SPLMSFT
2.25,76.28323072523511,14.810508941252492,8.068735735136213,0.0877218926796631,0.029431148038441334,0.09251231371217589,0.032236897340832515,0.18318917839780288,0.0045161951730129015,SPLMSFT
2.3,76.76074956969347,14.844642866291963,8.071298689386133,0.08792585782348529,0.029577992548446345,0.0925938250142342,0.03232514515678374,0.18641580290612034,0.004338137298808092,SPLMSFT
2.35,77.23988712209913,14.878509210375265,8.073904809181311,0.08813414780961835,0.029723894295582504,0.09270832974970486,0.03242596304632273,0.18975573697074996,0.004181662197234167,SPLMSFT
2.4,77.70067931776856,14.912223208106617,8.076510928976491,0.08834243779575143,0.02986855504625578,0.09281066007430297,0.03252210439272892,0.19289063469538614,0.004019791402502523,SPLMSFT
2.45,78.15445711233293,14.945695657415248,8.079154818623774,0.08855030924875766,0.030012017837758788,0.09292333584634717,0.032620733679221796,0.19607409365844183,0.00386871199408632,SPLMSFT
2.5,78.60499749100268,14.979782838600949,8.081491153761068,0.0887326501810255,0.03015169634458955,0.09303801000816853,0.03272499046866679,0.19924136554202435,0.0036906541198815108,SPLMSFT
2.55,79.0539191617251,15.01301361573993,8.084108064942562,0.08893215097149455,0.030291698222269355,0.09315699046500993,0.03282262479998538,0.2026352565382312,0.003512596245676701,SPLMSFT
2.6,79.48125805981665,15.046492538652398,8.086563105329326,0.08912286256629959,0.030429493945326885,0.09324308481042735,0.03290860352970899,0.20577015426286738,0.003404682382522271,SPLMSFT
2.65,79.9415106861703,15.079197486884855,8.089266347601345,0.08932989695305207,0.030567568809397132,0.09333136786403703,0.03299245159462717,0.20904534000960434,0.0033075599056832834,SPLMSFT
2.7,80.41039642157631,15.112717921063313,8.091581099966007,0.08950205357923306,0.030700875668523295,0.09338536163245587,0.03306636824918606,0.2122935472905527,0.0031133149520053095,SPLMSFT
2.75,80.82586479472086,15.1459927081853,8.093933622182774,0.08967002487414545,0.030832412829594535,0.09346716935586159,0.03315441563795592,0.21545002778781977,0.0029838183162199934,SPLMSFT
2.8,81.27316775749597,15.178846421620769,8.096394058262694,0.08984999411869446,0.030963796651057588,0.09358445187417844,0.033247656619728026,0.21858492551245595,0.0028705087599078414,SPLMSFT
2.85,81.67244905116736,15.211831135059539,8.098741184786304,0.09000833915168911,0.031091716850829416,0.09364861244929507,0.03332475172800114,0.22169824046446127,0.0027248250446493608,SPLMSFT
2.9,82.09385268678541,15.244477341457127,8.101163851014121,0.09018147235516612,0.031219746366068998,0.09374246622016866,0.03341143145606831,0.2247953683369934,0.002638493954125817,SPLMSFT
2.95,82.52928512461354,15.277460952896071,8.103392272288259,0.09033786423356877,0.031344863713057884,0.09380368957987369,0.03348511209056333,0.22787091343689467,0.0025413714772868296,SPLMSFT
3.0,82.91669589333793,15.310051189512107,8.105717816039238,0.0904976043769863,0.031468933605145265,0.09387774647300745,0.033565632005848264,0.23099501977521542,0.0024226662278169567,SPLMSFT
3.05,83.32946641990362,15.3423706205873,8.108091921028635,0.09065664696519239,0.03159154391091105,0.09394646350291705,0.03363647369119854,0.23415689596564024,0.0023093566715048047,SPLMSFT
3.1,83.7077045102599,15.374284184094131,8.110568544188029,0.09082768750303508,0.031713962289035745,0.09404912086013742,0.03372090225249414,0.23712452720238705,0.0022338169672967037,SPLMSFT
3.15,84.07461164498497,15.406069222076173,8.113039771654266,0.09099231053293262,0.031834513686470015,0.09413201555661092,0.03379861166741653,0.239973453189664,0.0021366944904577167,SPLMSFT
3.2,84.44745404218354,15.438388559578708,8.115241214462616,0.09114088979296726,0.031952243909700855,0.09421847167894497,0.03387976873242588,0.24300583274430348,0.0020071978546724006,SPLMSFT
3.25,84.80141151333007,15.470251858725256,8.117566758213593,0.09129435193948188,0.03206908355421755,0.09430509805618298,0.03395737748765949,0.24615691754841285,0.0019046796846756918,SPLMSFT
3.3,85.159145969687,15.50198554042899,8.119881510578256,0.09144404728785484,0.03218399170064732,0.09439025815444661,0.034034921349531164,0.2493080023525222,0.0018291399804675908,SPLMSFT
3.35,85.50878688630735,15.533403862486932,8.122261011260811,0.09159262654788948,0.03229729805609345,0.09448968464625557,0.0341175359881155,0.25232959052084625,0.0017859744352058187,SPLMSFT
3.4,85.84817598592804,15.564783393033375,8.124597346398104,0.09173297465642924,0.03240841068321743,0.09456872017849846,0.03419088023226587,0.2553727614618012,0.001715830424155439,SPLMSFT
3.45,86.19889604117994,15.596132493989998,8.12688512029698,0.09187150912141927,0.03251782752573875,0.09464440264154485,0.034260961448546894,0.2584860764138065,0.0016456864131050596,SPLMSFT
3.5,86.55177437369491,15.627561909754634,8.129081167412172,0.09199692954843443,0.03262450720224619,0.09469244802972403,0.034323430761335434,0.26135658517371435,0.001597125174685566,SPLMSFT
3.55,86.89817787442064,15.658989859261265,8.131223257595787,0.09212109437606902,0.03272979234584143,0.0947160165661809,0.03437689539227267,0.2641785326952027,0.0015377725499506295,SPLMSFT
3.6,87.20357410714767,15.689402684912203,8.133716067834655,0.09226367466128535,0.03283553531424673,0.09481322583639097,0.034454491568091467,0.2669950845235333,0.0014676285389002498,SPLMSFT
3.65,87.53756751361064,15.720308869539153,8.135960676188267,0.09239160628706164,0.03293872595807981,0.09486361064128802,0.03451294779252562,0.2694717076829275,0.0014298586867961993,SPLMSFT
3.7,87.86886307349474,15.75077561420095,8.138329385484507,0.09252511835452942,0.033041279598952186,0.09492208358612222,0.03457500143242199,0.27229365520441584,0.0013866931415344272,SPLMSFT
3.75,88.1699427516956,15.78133034998968,8.140606367997064,0.09265751433365887,0.03314232406279239,0.09499874277881132,0.03464510215246097,0.2750940199532733,0.0013327362099572122,SPLMSFT
3.8,88.49098649458003,15.811324131487643,8.14305601269067,0.09277916796253229,0.033241111096536546,0.0950808628622647,0.03471076551701705,0.27763539143056015,0.001300362051010883,SPLMSFT
3.85,88.83469214872689,15.841328613866459,8.145451700452698,0.09290430936746288,0.03333908581218321,0.095136385617104,0.03476604993146472,0.28002568349943074,0.001235613733118225,SPLMSFT
3.9,89.11580776224419,15.871019479026558,8.147922927918936,0.09302791615092833,0.03343575459613295,0.09521434701896937,0.03483311206349409,0.2827397171577647,0.001203239574171896,SPLMSFT
3.95,89.40285863823496,15.900558155339517,8.150404946771488,0.09315333657794347,0.03353143088130401,0.09528252698665604,0.03489297390678761,0.2851569876924239,0.0011762611083832885,SPLMSFT
4.0,89.70609659369892,15.930041711560808,8.15285998715825,0.09327680385036663,0.03362577682114428,0.09535157188655981,0.03495362637733136,0.2876120280791872,0.001138491256279238,SPLMSFT
4.05,89.99746402421587,15.959271814847924,8.15536898447659,0.0933952487252675,0.033718537527046774,0.09540715959111486,0.03500953003544188,0.2900994426248968,0.0010899300178597443,SPLMSFT
4.1,90.24998246399724,15.988974630002568,8.15764057129599,0.09350518342658891,0.03380931968548865,0.09546669051732899,0.03506787180582192,0.292516713159556,0.0010467644725979722,SPLMSFT
4.15,90.52624195367258,16.018436742232595,8.159960719353812,0.09361190937393771,0.03389865778041708,0.09554275523766947,0.035131018570174886,0.29492858800105753,0.0010035989273362003,SPLMSFT
4.2,90.8143719682949,16.0475793488795,8.162361802808999,0.09372547136235859,0.03398755460181975,0.09560416880856046,0.0351876214295204,0.29725952744519324,0.0009874118478630357,SPLMSFT
4.25,91.06796954670781,16.076694616417385,8.164730512105237,0.0938361036188914,0.03407521078106191,0.09566975834671378,0.035244109145451105,0.2993746391630201,0.0009550376889167067,SPLMSFT
4.3,91.3258836796469,16.10551767653466,8.167174761105686,0.09394910756314308,0.03416221466106861,0.09574435997329506,0.035304040978789246,0.3014142111766388,0.0009280592231280992,SPLMSFT
4.35,91.57408556490209,16.133827987417405,8.169780880900865,0.09406713390491711,0.03424872339677293,0.09581864888019466,0.03536311272621332,0.3037019850755127,0.0008848936778663271,SPLMSFT
4.4,91.82390615810459,16.162152647354695,8.172338439457626,0.09418320709209908,0.03433407611370454,0.09589479600423083,0.03542086220041252,0.3058764494180745,0.0008687065983931626,SPLMSFT
4.45,92.05430225593932,16.190417035264286,8.174879810934911,0.09429621103635077,0.03441826071747678,0.09596850248817455,0.035476327828052,0.3077595463301193,0.0008255410531313905,SPLMSFT
4.5,92.2733673981428,16.218377538141716,8.177502117809565,0.09441521395542081,0.034502118564862606,0.0960702659096092,0.03554420887985666,0.30990163651373476,0.00078777120102734,SPLMSFT
4.55,92.51077789708255,16.246319323686176,8.180092050525271,0.09452654376716504,0.03458436160923234,0.09614523733034709,0.035600240365254346,0.3120491223905079,0.000755397042081011,SPLMSFT
4.6,92.73092217791759,16.273887341071863,8.182789897104131,0.09464052428871277,0.03466590440436294,0.0962130674440391,0.03565211853061742,0.3140886944041266,0.0007284185762924034,SPLMSFT
4.65,92.94674990422645,16.30105707952456,8.185606448932463,0.09475324921087987,0.03474640728559587,0.09629225233802195,0.03570828644471974,0.3159717913161714,0.0007176271899769604,SPLMSFT
4.7,93.15394452148296,16.32826098280149,8.188374439522374,0.09486820630972355,0.0348264490987248,0.09638314664195315,0.03576738743668396,0.31766603896769596,0.0006906487241883528,SPLMSFT
4.75,93.35196646037133,16.355372138132417,8.191147825805443,0.09497660638957982,0.034905308854080656,0.0964550210158833,0.03582159253392646,0.3192199985971198,0.0006690659515574669,SPLMSFT
4.8,93.54836969131239,16.382346907874844,8.193942794861142,0.09509072642216983,0.034984112424233306,0.09652289258028794,0.03587179565205952,0.32087647639654027,0.0006474831789265808,SPLMSFT
4.85,93.73452110525379,16.40953812774657,8.196619058667372,0.09520345134433696,0.03506220704758938,0.09660714621721038,0.03592856486905754,0.3225653283549071,0.0006366917926111377,SPLMSFT
4.9,93.93308261345794,16.436159758820295,8.19948956742728,0.09531631577754635,0.03513966891877215,0.09668348966333312,0.035980569856283576,0.32428115877906255,0.0006205047131379733,SPLMSFT
4.95,94.09873039339999,16.462453009677787,8.202457198664026,0.09543964353892723,0.03521746616817891,0.09678282896396705,0.03604014712955483,0.3259430322716408,0.0005935262473493657,SPLMSFT
5.0,94.2708530051313,16.48965555642496,8.20503094430026,0.09554092855562689,0.035292608642007575,0.09684778689866354,0.03609160491635432,0.3274322435831719,0.0005773391678762012,SPLMSFT
5.05,94.45592528044115,16.515323275445635,8.208187424797527,0.09566774409306492,0.03536966018380447,0.096944417690137,0.03614697250093479,0.32901318167838434,0.0005665477815607582,SPLMSFT
5.1,94.6312853080671,16.54130619699143,8.21118743019322,0.09578688652317718,0.03544544433590863,0.09702866362190175,0.036199537710843194,0.3305401628420195,0.0005503607020875936,SPLMSFT
5.15,94.78722084032525,16.567237021108603,8.214176644202597,0.09590854015205064,0.03552088839090112,0.09713529541418096,0.036260448470713545,0.33219664064144,0.0005449650089298722,SPLMSFT
5.2,94.95232905095153,16.592879865705846,8.2172521893025,0.09603130986926234,0.03559596762300315,0.09722689372535202,0.03631499008278702,0.3335293768513972,0.0005287779294567077,SPLMSFT
5.25,95.1061063059466,16.618282013920577,8.22039787841345,0.09615631176315068,0.035670902280546736,0.09731553961977271,0.03636769754738721,0.3348081561297772,0.0005071951568258216,SPLMSFT
5.3,95.25071088257353,16.64333557481811,8.223656877080714,0.09628396436684238,0.035745735210829306,0.09742104210591905,0.03642433920663719,0.3362056406576271,0.0005017994636681002,SPLMSFT
5.35,95.40502770688435,16.66862055885115,8.226797170498507,0.09641119843740727,0.03582016657013398,0.09751965985171107,0.036479664401119855,0.3373657146865372,0.0004910080773526571,SPLMSFT
5.4,95.54801357556399,16.693441588992883,8.230099334711033,0.0965389905521413,0.03589439073858598,0.09762413309088445,0.036536892648688736,0.3386984508964944,0.0004802166910372141,SPLMSFT
5.45,95.70610738508523,16.71791532478817,8.233514808479871,0.096666643155833,0.03596825033988745,0.09772161316983792,0.03659084729993922,0.3398908990843509,0.0004640296115640496,SPLMSFT
5.5,95.8404601447125,16.742772031919124,8.236752224374504,0.09678997091721389,0.036041371841429026,0.09782975633923342,0.03665187758221594,0.3411049300448382,0.00044244683893316354,SPLMSFT
5.55,95.97265462707666,16.766886904635577,8.240264820620181,0.09693045853679592,0.03611597339905268,0.09794285187413208,0.03670928258882765,0.3422488169942752,0.00043705114577544205,SPLMSFT
5.6,96.11402178780897,16.791303723677512,8.243631733150599,0.09706313353800998,0.0361894996400732,0.09806340618982659,0.03677168008664768,0.3435329919658129,0.00042086406630227754,SPLMSFT
5.65,96.22301478959494,16.815590616334603,8.247025624146806,0.09719943582632344,0.036263050160558925,0.09818401807853845,0.03683244889823895,0.34473083584682707,0.000415468373144556,SPLMSFT
5.7,96.34172003906481,16.839824569417797,8.250419515143014,0.09732918109564942,0.03633579899518998,0.09830299064143418,0.03689464624839555,0.3458261615578445,0.0004100726799868345,SPLMSFT
5.75,96.45395045674543,16.863811390107983,8.253888945843428,0.09746645996125891,0.03640902521423931,0.09841280082344585,0.03695077723174689,0.34692688296201973,0.000404676986829113,SPLMSFT
5.8,96.56402259716295,16.88755433283404,8.25743391624805,0.09760429687103753,0.036482103980789535,0.09852658045986645,0.03700887768105741,0.3479952302072486,0.000404676986829113,SPLMSFT
5.85,96.67841129210663,16.910937424777014,8.2611029875953,0.09775120199856474,0.03655595619543817,0.0986365626838266,0.03706202985963267,0.34900962052090023,0.0003992812936713915,SPLMSFT
5.9,96.7933395563661,16.933744910848745,8.264982490975703,0.09790382707882568,0.03663026104800571,0.09877614654105579,0.03712488767300164,0.34993767974402834,0.00039388560051367,SPLMSFT
5.95,96.90341169678362,16.956966360657574,8.268678540788743,0.098050313673226,0.036703955619989785,0.0989063912602871,0.03718678514506374,0.3508603432739987,0.00039388560051367,SPLMSFT
6.0,96.9989154656753,16.980035251197453,8.272417756147043,0.09819359151365378,0.03677732014156771,0.09904143453615988,0.03725142854182182,0.3516750929408146,0.000383094214198227,SPLMSFT
6.05,97.09711708114584,17.002794603860842,8.2762648853685,0.098341473218477,0.036851197211150474,0.0991682839852628,0.037311778332660236,0.3524736555281574,0.0003776985210405055,SPLMSFT
6.1,97.19154171140596,17.025284390601076,8.280203741373635,0.09849995776251398,0.036926155371922426,0.0992997406288861,0.03737006797803749,0.35338013197865464,0.00036690713472506246,SPLMSFT
6.15,97.28704548029764,17.047930736333868,8.284061661981406,0.09864909506671776,0.03700017509336302,0.09943098638418235,0.037432009877435696,0.3542002773386283,0.00036690713472506246,SPLMSFT
6.2,97.37553484808426,17.07064431367108,8.287876417043915,0.09880506841199357,0.03707490513390729,0.09956828698557646,0.03749593961905387,0.35502042269860196,0.0003453243620941764,SPLMSFT
6.25,97.46726163176552,17.093667815215223,8.291550884084323,0.09895071794014015,0.03714868052168343,0.09970002260862824,0.03755923551642514,0.3558783379106797,0.0003399286689364549,SPLMSFT
6.3,97.5433409052894,17.115224354215762,8.295797294599451,0.09912426967674405,0.03722527326934577,0.09986411594202897,0.037627466281701646,0.35652042539644857,0.00031834589630556887,SPLMSFT
6.35,97.624815871971,17.137397424428034,8.299784711843007,0.09928582346371125,0.03730093207675442,0.10001327905113,0.037694252189762655,0.3572380525864255,0.00031834589630556887,SPLMSFT
6.4,97.70521170002104,17.15879137559827,8.304068892210237,0.09946077031073795,0.037378023422828144,0.10017515104926002,0.037761426104344756,0.3578963271516675,0.00031834589630556887,SPLMSFT
6.45,97.77643484970297,17.180004239825845,8.308412425202203,0.09963864688965267,0.037455611828604456,0.10033718067236165,0.03782912536980376,0.358565393103225,0.0003129502031478474,SPLMSFT
6.5,97.84981627664799,17.201736819245593,8.312534734774703,0.09980857133915706,0.037532637225262844,0.10048777537110969,0.037894690208815286,0.35922906336162475,0.0003129502031478474,SPLMSFT
6.55,97.92265813427721,17.22273739596565,8.316937620391403,0.09998993569412894,0.03761102883640353,0.10064810195996321,0.03796185399518439,0.35980640252950097,0.0003129502031478474,SPLMSFT
6.6,97.99118343738029,17.24454557302466,8.321005973032326,0.10015567481236476,0.037688196039524335,0.10080536992456365,0.0380322948984194,0.36036215892474627,0.00030215881683240436,SPLMSFT
6.65,98.05593175527294,17.265680530754146,8.325333318944818,0.10033020312626462,0.03776655589380174,0.10095919317669068,0.0380992243153955,0.36086395838841434,0.00030215881683240436,SPLMSFT
6.7,98.12661533563909,17.286951202603195,8.329595916539418,0.10050487095120676,0.0378452766307576,0.10111409060766187,0.03816707569465056,0.3614197147836597,0.00030215881683240436,SPLMSFT
6.75,98.1962197773737,17.308546861019217,8.333718226111918,0.10068065486448717,0.037924452831749306,0.10126703647453154,0.03823410894381196,0.36192151424732777,0.0002913674305169614,SPLMSFT
6.8,98.25287455552979,17.329523305541915,8.338077946183356,0.10086341432988186,0.038004668527434345,0.10143228077651775,0.038304946566813367,0.36243410509731133,0.00028597173735923985,SPLMSFT
6.85,98.32086028931707,17.350448516782887,8.34244845764111,0.10105035912654518,0.038085682143417336,0.10161343722183501,0.03838094545935807,0.36295748733361033,0.00028597173735923985,SPLMSFT
6.9,98.36942152773656,17.371187300244895,8.346883717416757,0.1012421868096885,0.038167560571387725,0.1017955815721487,0.03845655521381029,0.36344849541096297,0.0002751803510437968,SPLMSFT
6.95,98.42068061273491,17.391860633716693,8.351335164271878,0.10143750226888898,0.03825017325199754,0.10197971207087483,0.03853296814439132,0.36389094224989615,0.0002751803510437968,SPLMSFT
7.0,98.47895409883832,17.412525020916465,8.35578121543384,0.10162793484160942,0.03833275717796842,0.10216388231039811,0.03861000665121427,0.3644143244861951,0.00026978465788607533,SPLMSFT
7.05,98.53938586220478,17.432464272175302,8.360507842640004,0.10183064438605104,0.03841696090361691,0.10234799986858391,0.03868422603072614,0.3648297928593397,0.00026438896472835385,SPLMSFT
7.1,98.59711977899241,17.452450401022226,8.36520749138038,0.10203614415133841,0.038501922527794316,0.10254347000268152,0.0387627379956712,0.3652398655393265,0.00026438896472835385,SPLMSFT
7.15,98.64406230946459,17.471419333807052,8.370306421414426,0.1022581062196155,0.03858900914434267,0.10275532497538559,0.038842789812442796,0.3655851899014207,0.0002535975784129108,SPLMSFT
7.2,98.68722785472636,17.491638188148585,8.374898156291648,0.10246486158428343,0.03867517439424012,0.10295522746856205,0.03892434044120617,0.36597367980877665,0.0002535975784129108,SPLMSFT
7.25,98.73039339998813,17.51089438478362,8.37986758968991,0.10267691836855825,0.03876240275341564,0.10315184645316428,0.03900420107872764,0.3663136084777131,0.00024820188525518933,SPLMSFT
7.3,98.76492583619755,17.53045762099638,8.384707526452386,0.10289357901722844,0.03885066586748942,0.10336029369987544,0.039087167463139914,0.3666697242261227,0.0002428061920974678,SPLMSFT
7.35,98.806472673512,17.55074450057436,8.389250700091187,0.1030979626941775,0.03893830066312673,0.10355347696878021,0.0391694580818769,0.36705281844032095,0.00022661911262430328,SPLMSFT
7.4,98.85125692672109,17.570327056248775,8.394069054081033,0.10331936671828545,0.039028192659919296,0.10375989484945744,0.03925072298999358,0.3673549772571533,0.00022661911262430328,SPLMSFT
7.45,98.88848720950936,17.589717422176125,8.398957552081928,0.10354146829760486,0.03911876554229484,0.10397646597152882,0.0393374981821675,0.36776504993714015,0.00022661911262430328,SPLMSFT
7.5,98.93704844792886,17.61010233725671,8.403441373095994,0.10374850268435733,0.03920849243014819,0.10416768626167766,0.03941959795055286,0.36801325182239536,0.00022661911262430328,SPLMSFT
7.55,98.9710413148225,17.62904207956335,8.40849713758478,0.1039867875445819,0.03930189612930445,0.10439818477206067,0.03950868476553196,0.36836936757080496,0.00022122341946658177,SPLMSFT
7.6,99.00773202829501,17.64823443326739,8.41344498821041,0.10421391152142362,0.039394855436210754,0.10461440125562688,0.03959547119632465,0.3687092962397414,0.00022122341946658177,SPLMSFT
7.65,99.03956661792557,17.667787338069104,8.418241759427625,0.10444340718598415,0.0394886866433701,0.10483137169101021,0.03968233385815465,0.36904382921552015,0.00022122341946658177,SPLMSFT
7.7,99.06870336097727,17.68654164457015,8.423351480847987,0.10467904133640525,0.03958378103411794,0.10505345735184386,0.039770536802205075,0.36938915357761437,0.00022122341946658177,SPLMSFT
7.75,99.10917105966018,17.70538768169675,8.428418036723087,0.10492304614936358,0.03968036737278168,0.10528632118552714,0.0398609815726724,0.36969670808760446,0.00021582772630886026,SPLMSFT
7.8,99.13938694134342,17.724136690281757,8.433516966757134,0.10517025971629444,0.03977794852952846,0.10552019662780697,0.03995164016212204,0.3700042625975946,0.00021043203315113877,SPLMSFT
7.85,99.1669049764478,17.74261525751066,8.438718414961178,0.10542430932429733,0.03987692504680156,0.10576735782881455,0.04004675508431073,0.3703010257212693,0.00020503633999341726,SPLMSFT
7.9,99.20035827402567,17.76068853879055,8.444076338266795,0.10568324181878024,0.03997712255675295,0.1060115548351654,0.04013952228926548,0.37057620607231306,0.00019964064683569574,SPLMSFT
7.95,99.22571803186696,17.778722836058538,8.449445052958728,0.10594510404515114,0.04007839203977095,0.10626172334663778,0.040235229945230946,0.37081901226441055,0.00019424495367797423,SPLMSFT
8.0,99.25431520560288,17.797014676217128,8.454705853787507,0.10620598969422607,0.04018036447291121,0.10651672343178344,0.04033363167565619,0.3710294442975617,0.00018345356736253123,SPLMSFT
8.05,99.28453108728613,17.815266644730098,8.4599774460026,0.10646994458623125,0.04028342677620915,0.10677334875303657,0.04043247815213132,0.37137476865965585,0.00018345356736253123,SPLMSFT
8.1,99.30665342923278,17.833408367662297,8.465286808069798,0.10673375996719416,0.040387231865960625,0.10702983082674086,0.04053245622125043,0.3716607403970151,0.00016726648788936672,SPLMSFT
8.15,99.3352506029687,17.851386884888363,8.470655522761732,0.10700273725672164,0.04049231686444464,0.10729086247222991,0.040633239770336275,0.3719628992138475,0.00016726648788936672,SPLMSFT
8.2,99.35629380628383,17.869366167672222,8.476018841760506,0.10726627361560002,0.040597704513304904,0.10754882815249267,0.040735312035922136,0.37222189248541815,0.0001618707947316452,SPLMSFT
8.25,99.37356002438852,17.887411468509985,8.481349786600335,0.1075332977505355,0.040704230214381826,0.1078095185804574,0.04083835389969698,0.37252944699540824,0.0001564751015739237,SPLMSFT
8.3,99.39028667317747,17.905375565934268,8.486707709905954,0.10780701841550076,0.04081223573719814,0.10807449502993978,0.04094233799517304,0.3727992316532943,0.0001564751015739237,SPLMSFT
8.35,99.41240901512413,17.922880311190205,8.492243691085775,0.10809050485342597,0.04092202995520414,0.1083541314344022,0.041049596497833435,0.3731229732427576,0.0001564751015739237,SPLMSFT
8.4,99.43075437186039,17.9397489991347,8.498027874150853,0.10838933750600267,0.04103414907799617,0.10864590794343329,0.041158395445017794,0.37343052775274777,0.0001564751015739237,SPLMSFT
8.45,99.45125800585973,17.95677762972165,8.50374191320488,0.10867979949604227,0.0411463013691577,0.10892946114281996,0.04126695067796732,0.37373268656958014,0.0001564751015739237,SPLMSFT
8.5,99.4690637932802,17.974009320745555,8.509369621168384,0.10897709752715382,0.0412600223361664,0.10921712187210128,0.041376115436560425,0.3739431186027313,0.0001564751015739237,SPLMSFT
8.55,99.48686958070068,17.99055277799219,8.515267113789774,0.10927802284536482,0.04137499410470804,0.10951281300777732,0.04148797214451331,0.37420750756745963,0.0001564751015739237,SPLMSFT
8.6,99.50359622948962,18.007433512724297,8.521024318389061,0.10958731882611296,0.041491691915664854,0.10981589853209915,0.04160125891018832,0.37450966638429206,0.00015107940841620218,SPLMSFT
8.65,99.52194158622586,18.023343183342245,8.52716461720255,0.10990066062708743,0.04160971420045291,0.11012227781422305,0.04171559922266446,0.37475247257638955,0.00015107940841620218,SPLMSFT
8.7,99.53650995775172,18.040668689037975,8.532732972541318,0.11019740061402988,0.0417270579164356,0.11040974810542405,0.041828675578664695,0.3750870055521683,0.0001456837152584807,SPLMSFT
8.75,99.55215746790913,18.057398814444873,8.538533342685868,0.11049483815618372,0.04184538197106594,0.11069971805336494,0.04194345477928978,0.37535679021005436,0.0001456837152584807,SPLMSFT
8.8,99.5640279928561,18.07275303818062,8.544878677839348,0.11083664020978454,0.04196896741631749,0.11103626422435985,0.042064431748556536,0.3756859274926753,0.00014028802210075918,SPLMSFT
8.85,99.57643808711886,18.08892894637863,8.55088948001705,0.11115932925059219,0.042091669062994934,0.1113540531894141,0.04218492993634545,0.3759772949231923,0.00014028802210075918,SPLMSFT
8.9,99.58938775069738,18.103980807768018,8.557342729033685,0.11150475859129243,0.04221749044667185,0.111695392843985,0.04230850963137955,0.37631182789897105,0.00013489232894303767,SPLMSFT
8.95,99.60719353811788,18.11960910857129,8.56355856755138,0.11184349140196295,0.04234361516644429,0.11202894066791255,0.04243169028006835,0.37667333934053837,0.00013489232894303767,SPLMSFT
9.0,99.62014320169641,18.13519326751537,8.56978519745539,0.11217817839240718,0.042470306190715276,0.11235566278320305,0.0425544439757687,0.3770024766231594,0.00013489232894303767,SPLMSFT
9.05,99.63363243459071,18.150505379180338,8.576114345529398,0.11252918817479887,0.042599570552775544,0.11270227326784145,0.04268127823248709,0.37734240529209584,0.00012949663578531615,SPLMSFT
9.1,99.64442382090614,18.16615204624737,8.582303205581304,0.11285885276772079,0.04272776191391278,0.11302356888354614,0.04280564636809046,0.3776553554952437,0.00012410094262759467,SPLMSFT
9.15,99.65521520722159,18.1814868830651,8.588610770882681,0.11320442161946334,0.042858523351467184,0.11336341407950447,0.04293361989409565,0.3779575143120761,0.00012410094262759467,SPLMSFT
9.2,99.66546702422127,18.196765035069603,8.59493452326353,0.1135484558497407,0.04299016113225085,0.11370450114501954,0.043063669707055025,0.3782812559015394,0.00012410094262759467,SPLMSFT
9.25,99.67895625711557,18.212996184807462,8.600869785737025,0.11387365608930947,0.043120966966976544,0.11402347921921857,0.04319174528357763,0.3786859328883685,0.00012410094262759467,SPLMSFT
9.3,99.68974764343102,18.228978511630974,8.6068967749942,0.11421197036685321,0.04325402832348037,0.11435778053453705,0.04332260290610582,0.37907442279572445,0.00011870524946987314,SPLMSFT
9.35,99.6956829059045,18.24426729273083,8.61319354890926,0.1145653518369637,0.043389552774045444,0.11471089007355127,0.0434576625146242,0.3794629127030804,0.00011870524946987314,SPLMSFT
9.4,99.70431601495686,18.25969607338624,8.61942557450643,0.11491245531017143,0.043525445636785155,0.11505272847904317,0.043591245064388176,0.37992154662148675,0.00011870524946987314,SPLMSFT
9.45,99.71294912400921,18.274967413381308,8.625711557035174,0.11525969829442138,0.0436623276820251,0.11539716603265132,0.043726648633861324,0.3804233460851548,0.00011870524946987314,SPLMSFT
9.5,99.71942395579848,18.2900398459242,8.63206768357497,0.11561573047433538,0.04380102464315783,0.11575048456547968,0.043863841730123594,0.38083341876514165,0.00011870524946987314,SPLMSFT
9.55,99.72589878758775,18.304361487039532,8.638715177545283,0.11598585326952027,0.043942097209153735,0.11611690730150141,0.044003530610255956,0.3813028440698634,0.00011870524946987314,SPLMSFT
9.6,99.73291318869279,18.31887589749963,8.645276340425072,0.11635806873033944,0.04408437975125424,0.11648363146106319,0.04414320240314623,0.3817830607609006,0.00011870524946987314,SPLMSFT
9.65,99.73884845116629,18.33217883602407,8.652312324302741,0.1167602790652501,0.04423057776407878,0.11688192148185812,0.04428733921494345,0.3822902559177265,0.00011870524946987314,SPLMSFT
9.7,99.74963983748172,18.346778000851227,8.658819530250954,0.1171305413714773,0.0443746749127698,0.11724844035506223,0.04442940504608096,0.38280284676771004,0.00011870524946987314,SPLMSFT
9.75,99.75719380790254,18.36037012670988,8.665720621799679,0.1175323331732611,0.04452288964383362,0.11764708655744441,0.04457669550638693,0.38320212806138143,0.00011330955631215164,SPLMSFT
9.8,99.76204993174449,18.374289332024258,8.672481425326305,0.11791570951746315,0.04467037193796258,0.11802802795145276,0.04472310144618681,0.383752488763469,0.00010791386315443013,SPLMSFT
9.85,99.76798519421799,18.38882805283293,8.67898323558136,0.11827843822740688,0.044816839091597456,0.11838555748689854,0.04486752698840122,0.38428666238608344,0.00010791386315443013,SPLMSFT
9.9,99.77230174874416,18.403487478798084,8.685425693211679,0.1186567921740866,0.04496581624628104,0.11876189033643213,0.045015391361636174,0.38487479294027505,9.172678368126562e-05,SPLMSFT
9.95,99.77446002600723,18.41707944802059,8.692283619215143,0.11904839966978355,0.04511706796293043,0.11915279283995349,0.04516624326337768,0.38544673641499355,9.172678368126562e-05,SPLMSFT
10.0,99.77823701121764,18.43219372033046,8.698521040505469,0.11939940945217527,0.045265390957346864,0.1195025891565092,0.04531435482317632,0.38604565835550064,9.172678368126562e-05,SPLMSFT
10.05,99.78363270437536,18.445603267364802,8.705427527747352,0.1198007827208322,0.04541954861516951,0.11989990872320638,0.04546649272368406,0.38672551569337354,9.172678368126562e-05,SPLMSFT
10.1,99.78956796684886,18.45891450246017,8.712360993455023,0.12019992381281258,0.0455744932366997,0.12029583584131327,0.045619708683820044,0.3873136462475652,8.63310905235441e-05,SPLMSFT
10.15,99.7928053827435,18.473946825425184,8.718593019052193,0.12056711687610948,0.04572732293666396,0.12066240513871393,0.04577228337774744,0.3880258777443844,8.63310905235441e-05,SPLMSFT
10.2,99.79928021453276,18.48711046121467,8.725558858918811,0.12097114085456989,0.04588468040371544,0.121065004968615,0.045929085687752856,0.3886625695369956,7.553970420810109e-05,SPLMSFT
10.25,99.80305719974317,18.500575890942244,8.732389806456487,0.1213660966152817,0.046042115162645066,0.12145811547943428,0.04608544562066539,0.389428757965392,7.014401105037959e-05,SPLMSFT
10.3,99.80737375426935,18.51374720031863,8.739323272164158,0.12177123668208033,0.04620145544196836,0.12186185970071792,0.046243998384791506,0.39018415500747305,6.474831789265808e-05,SPLMSFT
10.35,99.81169030879552,18.5271490447377,8.746148824008676,0.12216019346797381,0.04636013910097089,0.12224823699346968,0.04640137640115414,0.3910744443784971,6.474831789265808e-05,SPLMSFT
10.4,99.81546729400593,18.53949372510424,8.753379052840023,0.12257900561691658,0.04652253549808372,0.12266599296181974,0.046563328338498924,0.391889194045313,6.474831789265808e-05,SPLMSFT
10.45,99.82032341784787,18.55139525256694,8.760771152466102,0.12301148984800332,0.04668721639494154,0.12309678218378377,0.04672738538531642,0.3926823609394981,6.474831789265808e-05,SPLMSFT
10.5,99.82517954168982,18.563982468686447,8.767871884661663,0.12341774600314026,0.04685025162372732,0.12350181450632129,0.04688975441642778,0.39358344169683757,6.474831789265808e-05,SPLMSFT
10.55,99.82787738826869,18.577174750922868,8.774713623585654,0.12382609482391153,0.047014392101141875,0.12390864777800596,0.047053233077946184,0.39446833537470394,5.935262473493657e-05,SPLMSFT
10.6,99.83381265074217,18.58980685250859,8.781760398849638,0.1242345831557251,0.047179368080365894,0.1243160392811782,0.04721788598910541,0.3953748118252011,5.935262473493657e-05,SPLMSFT
10.65,99.8370500666368,18.602960918015206,8.788580555000998,0.12463428229187459,0.047344382953245216,0.12471473515248795,0.04738280678499455,0.396346036593591,5.935262473493657e-05,SPLMSFT
10.7,99.8392083438999,18.615286757054008,8.795713661355506,0.12505379199602876,0.047512192263729366,0.1251329231334612,0.0475501357701592,0.39719316041935326,5.935262473493657e-05,SPLMSFT
10.75,99.84244575979453,18.627906573710966,8.802711875381071,0.12546493103764575,0.047680126236764826,0.12554121242319272,0.04771669633512908,0.39811042825616594,5.935262473493657e-05,SPLMSFT
10.8,99.84568317568916,18.640559825435187,8.80967771524769,0.125877186167601,0.04784903006304263,0.12594961496268514,0.047884503928114754,0.3990870487177135,5.3956931577215064e-05,SPLMSFT
10.85,99.8489205915838,18.65295947927825,8.816724490511673,0.12629474271716315,0.0480192618248082,0.12636693323534337,0.04805467632111711,0.4001284174971538,5.3956931577215064e-05,SPLMSFT
10.9,99.85107886884688,18.665088330378126,8.823857596866182,0.1267280640145036,0.04819178962614328,0.12679858854298945,0.04822662600863557,0.40122913890132894,5.3956931577215064e-05,SPLMSFT
10.95,99.85323714610998,18.676975784101842,8.831066242924898,0.12715524682598348,0.04836453690155379,0.12722519541124275,0.048398890202000916,0.4022920904534001,5.3956931577215064e-05,SPLMSFT
11.0,99.85593499268883,18.689887013856552,8.837843233530995,0.12756764146698105,0.04853663043559172,0.12763642428106728,0.04857063890206358,0.4034629558686257,5.3956931577215064e-05,SPLMSFT
11.05,99.8624098244781,18.7012843614053,8.845202958998128,0.1280119841366621,0.048712574309164966,0.128081625433601,0.04874674879540078,0.40454209450017,5.3956931577215064e-05,SPLMSFT
11.1,99.8661868096885,18.71390573507743,8.852050093615276,0.12842633193225164,0.04888636914694759,0.12849336069373532,0.04891937954579684,0.4058262694717077,4.856123841949356e-05,SPLMSFT
11.15,99.86834508695159,18.72519872042036,8.85940442338925,0.12887053509089041,0.04906377236542066,0.1289369091842303,0.049096204956507614,0.40700792627324867,4.856123841949356e-05,SPLMSFT
11.2,99.86888465626737,18.73741576478505,8.866364867562712,0.12928027902208455,0.049238560536030616,0.12934663413474523,0.04927080183611793,0.40822195723373605,4.856123841949356e-05,SPLMSFT
11.25,99.87104293353045,18.74893851369885,8.873578909314585,0.12970369503542273,0.04941539962499004,0.12976836037905062,0.04944671643363432,0.40937123987633073,4.856123841949356e-05,SPLMSFT
11.3,99.87320121079355,18.7601407816078,8.880895469236455,0.1301448289511312,0.049594632345355466,0.13020892629850134,0.04962574400406408,0.4108496598015464,4.856123841949356e-05,SPLMSFT
11.35,99.87913647326704,18.77172831463971,8.888028575590964,0.13056824496446934,0.049772674491589314,0.1306286090897795,0.049801850222889,0.4122363529430808,4.856123841949356e-05,SPLMSFT
11.4,99.8818343198459,18.782678448332568,8.895388301058096,0.1310149593218693,0.04995355119549747,0.13107497745173244,0.0499823671027641,0.4137147728682965,4.856123841949356e-05,SPLMSFT
11.45,99.88507173574052,18.793687841894933,8.90269406959365,0.13145790688112746,0.05013456592465135,0.1315154433880726,0.05016227393105103,0.4151662143277236,4.856123841949356e-05,SPLMSFT
11.5,99.8856113050563,18.804570318004657,8.910021420901836,0.13189108866742566,0.05031518808368743,0.13194813148157153,0.050342636542217316,0.41662844717346614,4.316554526177205e-05,SPLMSFT
11.55,99.88992785958249,18.815742102243792,8.917203088494764,0.13232706067456956,0.05049660189911845,0.1323811166483911,0.050522908886737806,0.418220176654994,4.316554526177205e-05,SPLMSFT
11.6,99.89208613684556,18.826541979762524,8.92450346133716,0.13276121903816368,0.05067836583209132,0.13281442007637748,0.05070415979584651,0.4196230568760016,4.316554526177205e-05,SPLMSFT
11.65,99.89424441410866,18.837025903794625,8.931900956656397,0.13320611975201394,0.050861742233805754,0.1332572015750498,0.050886554960992904,0.4211392466533213,4.316554526177205e-05,SPLMSFT
11.7,99.89586312205597,18.84750102923189,8.939271473509844,0.13364585855729957,0.05104514241761621,0.13369649640272227,0.05106968028644536,0.4226608321237988,4.316554526177205e-05,SPLMSFT
11.75,99.89748183000329,18.858914523934942,8.946237313376463,0.1340582531982971,0.05122646172560503,0.13410630995500772,0.05125019404020441,0.42412306496954133,4.316554526177205e-05,SPLMSFT
11.8,99.89802139931906,18.870022916322302,8.953294880026762,0.1344822272558044,0.05140943627621226,0.13453097005574036,0.05143324556081336,0.4256662332126497,3.7769852104050545e-05,SPLMSFT
11.85,99.89964010726638,18.8810922964,8.96033625959759,0.13490159744891622,0.05159243432776721,0.13495095577027982,0.051616276910767256,0.4273604808641742,3.7769852104050545e-05,SPLMSFT
11.9,99.90287752316101,18.892091767031598,8.967372243475259,0.13532557150642355,0.05177629122433819,0.1353716670645358,0.05179873814768246,0.42896839742517523,3.7769852104050545e-05,SPLMSFT
11.95,99.90449623110833,18.90298302166451,8.974419018739242,0.13575066165226915,0.05196071608333531,0.13579720451943225,0.051983370344948904,0.4305655225998608,3.7769852104050545e-05,SPLMSFT
12.0,99.90773364700296,18.91364715629015,8.98152514662796,0.13617644935332612,0.052145711090533724,0.1362208003802076,0.05216716120544407,0.4322543745582276,3.7769852104050545e-05,SPLMSFT
12.05,99.90827321631873,18.923358695654187,8.988976598878775,0.13662888366345982,0.05233362017905447,0.13667249547695814,0.05235477862214884,0.4339594135960676,3.7769852104050545e-05,SPLMSFT
12.1,99.91043149358183,18.933161622214243,8.996357907118538,0.13706736686936483,0.05252061273779683,0.1371109328120021,0.05254161559081356,0.4357669708039043,3.7769852104050545e-05,SPLMSFT
12.15,99.9131293401607,18.942355984395682,9.003944251698295,0.13753054352975455,0.05271023116283207,0.1375751385306634,0.052731457416445096,0.437731003113315,3.7769852104050545e-05,SPLMSFT
12.2,99.91528761742377,18.95283132374367,9.010980235575964,0.1379468444799361,0.05289555590002117,0.1379890999265563,0.05291571925257656,0.43959791294588657,3.7769852104050545e-05,SPLMSFT
12.25,99.91690632537109,18.962669551274008,9.018232047179941,0.13839132666065945,0.0530838040190112,0.13843087849054156,0.05310340689152372,0.4416320892663476,3.7769852104050545e-05,SPLMSFT
12.3,99.91906460263418,18.97200463611819,9.02564572957865,0.13883315813157937,0.05327198396447955,0.13887161357144012,0.0532910485712018,0.44352058187155013,3.237415894632904e-05,SPLMSFT
12.35,99.92014374126572,18.982125395221367,9.032708691922108,0.13925476050136773,0.053458521758246905,0.1392933096741097,0.05347750753566479,0.44527957784096733,3.237415894632904e-05,SPLMSFT
12.4,99.9206833105815,18.992743461077197,9.039534243766626,0.13966296981109677,0.05364398781415491,0.13970067197304328,0.05366268034763737,0.44725979722985115,3.237415894632904e-05,SPLMSFT
12.45,99.9206833105815,19.002078642394917,9.046834616609022,0.14009824426302922,0.05383231038618255,0.14013629194431543,0.053851018528586626,0.44924541231189263,3.237415894632904e-05,SPLMSFT
12.5,99.9206833105815,19.012235375478802,9.053768082316695,0.14050575601754675,0.054018182914194655,0.14054356869309773,0.05403685389972605,0.45097203412236353,3.237415894632904e-05,SPLMSFT
12.55,99.92176244921303,19.02189638517498,9.060863418819098,0.14092959056401175,0.05420595835625608,0.1409657983886645,0.05422403644462717,0.4530925415333481,3.237415894632904e-05,SPLMSFT
12.6,99.92392072647613,19.03105944247617,9.068115230423077,0.14136109821780257,0.05439453423234836,0.1413962652382392,0.05441212546487363,0.45516448770591317,3.237415894632904e-05,SPLMSFT
12.65,99.92392072647613,19.04114727447832,9.074956969347067,0.14175968126561375,0.054580082621738024,0.141794593286967,0.054597631945412194,0.45710693724269286,3.237415894632904e-05,SPLMSFT
12.7,99.92446029579189,19.049892972998613,9.08229511204157,0.1421984434936034,0.05476967549599303,0.14223208384766162,0.05478704074672779,0.45920046618788884,3.237415894632904e-05,SPLMSFT
12.75,99.926618573055,19.059381576343274,9.089293326067134,0.14261767417567295,0.054957435260127356,0.1426530180078511,0.05497507607719251,0.4612724123604539,3.237415894632904e-05,SPLMSFT
12.8,99.92769771168653,19.06880807994357,9.096275353013224,0.14303174294917795,0.055144818337868065,0.14306710234936473,0.0551623761252814,0.4634684594756465,2.6978465788607532e-05,SPLMSFT
12.85,99.92931641963385,19.07756405456113,9.10348399907194,0.14346604082381437,0.05533427234722446,0.143502182136262,0.05535204399243969,0.4654217003987417,2.6978465788607532e-05,SPLMSFT
12.9,99.93093512758117,19.08612009225291,9.110730414982761,0.14390368696346573,0.05552414111947253,0.14393892311762643,0.0555414685483729,0.4676339345934075,2.6978465788607532e-05,SPLMSFT
12.95,99.93147469689694,19.0946437067641,9.117944456734634,0.14433338097370677,0.05571319205650921,0.1443682742027796,0.055730255614213214,0.47001343527596273,2.6978465788607532e-05,SPLMSFT
13.0,99.9320142662127,19.10347184924529,9.124991231998619,0.1447597267189329,0.0559018611367157,0.1447944097145356,0.055918796922113316,0.472139338380105,2.6978465788607532e-05,SPLMSFT
13.05,99.93363297416002,19.11228564559038,9.1320002374105,0.14516765700657736,0.0560887726168406,0.14520263882079795,0.056105512039745856,0.4744217165858212,2.6978465788607532e-05,SPLMSFT
13.1,99.93471211279157,19.12107149883767,9.138976868663432,0.14558925937636574,0.056277032478405375,0.1456232278686046,0.056293215895617456,0.47659618092838296,2.6978465788607532e-05,SPLMSFT
13.15,99.93633082073889,19.12995908059908,9.145867168825843,0.1460066764148856,0.05646481451332594,0.14604036692492509,0.05648099159632248,0.47871668833936754,2.6978465788607532e-05,SPLMSFT
13.2,99.93740995937043,19.138440140113588,9.152876174237724,0.14642841829571634,0.056653022212954394,0.14646191276178752,0.05666905532714816,0.48100446223824145,2.6978465788607532e-05,SPLMSFT
13.25,99.93848909800197,19.146632435862784,9.159955323660654,0.14684653288944766,0.056840823937889896,0.14688037836291093,0.05685699360908138,0.48324907059185357,2.6978465788607532e-05,SPLMSFT
13.3,99.93956823663352,19.155226397958277,9.16682943674359,0.14725264953354228,0.05702744326998303,0.14728473579129792,0.05704298751173701,0.48554763587704297,2.6978465788607532e-05,SPLMSFT
13.35,99.94118694458083,19.16343614981803,9.173811463689683,0.14766908999476613,0.05721498445893902,0.14770140888869684,0.057230446038946815,0.48785159685539004,2.6978465788607532e-05,SPLMSFT
13.4,99.94118694458083,19.172104471220276,9.180561475829993,0.1480785549038757,0.05740164921679717,0.14811111475834662,0.057417139863223686,0.4903228243216265,2.6978465788607532e-05,SPLMSFT
13.45,99.94172651389661,19.180036546462922,9.187559689855558,0.14850559820431333,0.05758991190801481,0.1485377470211904,0.057605141359810805,0.49265376376576214,2.1582772630886026e-05,SPLMSFT
13.5,99.94334522184393,19.18888591368859,9.194142435507977,0.14889860081043307,0.05777466829191955,0.1489301021443842,0.05778977373012766,0.4950116816756865,2.1582772630886026e-05,SPLMSFT
13.55,99.9438847911597,19.196968621755104,9.200984174431968,0.14932076122439067,0.05796207744458558,0.1493526726808437,0.057977258099235936,0.49751528330086925,2.1582772630886026e-05,SPLMSFT
13.6,99.94496392979124,19.205307723283298,9.207674833947543,0.14971962329428648,0.05814701915543252,0.1497515376583833,0.058162453657972436,0.4998678055176358,2.1582772630886026e-05,SPLMSFT
13.65,99.94550349910702,19.21285095522088,9.214635278121003,0.15015740894498014,0.05833552036273373,0.15018889315021158,0.058350682060228566,0.5023012631317683,2.1582772630886026e-05,SPLMSFT
13.7,99.94604306842278,19.22109739593322,9.221266585011843,0.15055822416946787,0.0585202613907581,0.15059023063924892,0.058535599933162284,0.5045674542580113,2.1582772630886026e-05,SPLMSFT
13.75,99.94820134568587,19.22795211886114,9.228410482752667,0.1509950332428655,0.05870847222939144,0.15102554966880263,0.05872308631182596,0.5068228539979388,2.1582772630886026e-05,SPLMSFT
13.8,99.94928048431741,19.23520248184684,9.235349344153496,0.1514261223635294,0.05889599545041519,0.15145592485383744,0.058910334529091175,0.509261707305229,1.618707947316452e-05,SPLMSFT
13.85,99.94982005363319,19.24246831557116,9.242234248622749,0.15184856179957157,0.059082504641030764,0.15187789833729212,0.05909658138999583,0.5115710639767338,1.618707947316452e-05,SPLMSFT
13.9,99.95035962294895,19.249452582566295,9.249183901409895,0.15228411527358857,0.059270103216538354,0.15231312739620273,0.05928396332712203,0.5140422914429702,1.0791386315443013e-05,SPLMSFT
13.95,99.95089919226473,19.257136443938197,9.255804416914419,0.15269427773790958,0.05945498784064058,0.1527228086934928,0.0594685697634952,0.5165728715339416,1.0791386315443013e-05,SPLMSFT
14.0,99.95197833089627,19.26345655293822,9.262921336189454,0.1531333189879838,0.0596424252317675,0.1531613890436397,0.05965571315974164,0.5189038109780773,1.0791386315443013e-05,SPLMSFT
14.05,99.95305746952783,19.27078901647801,9.26958501723924,0.15354459754064304,0.059826963536338644,0.15357288207032807,0.05984050416225556,0.5213750384443138,1.0791386315443013e-05,SPLMSFT
14.1,99.95413660815937,19.27758261342704,9.276415964776914,0.15397498910609547,0.060013138465634164,0.15400209224391084,0.06002607067372372,0.5237275606610803,1.0791386315443013e-05,SPLMSFT
14.15,99.95413660815937,19.284633340285264,9.283095832906174,0.15439212712253075,0.06019782227923027,0.15441886336154773,0.06021071724793931,0.5262365579794208,1.0791386315443013e-05,SPLMSFT
14.2,99.95413660815937,19.29145105123373,9.289818866580696,0.1548173567794186,0.06038299097148201,0.15484428813266535,0.06039590217348346,0.52865382851408,1.0791386315443013e-05,SPLMSFT
14.25,99.95629488542247,19.29869525202875,9.296326072528908,0.15522207831309046,0.060566079133409105,0.15524877421026487,0.0605790613884557,0.5309092282540077,1.0791386315443013e-05,SPLMSFT
14.3,99.957374024054,19.305441610685463,9.302984357885535,0.15562024282777484,0.06074830753978526,0.15564543245489976,0.06076063819144725,0.5333372901749823,1.0791386315443013e-05,SPLMSFT
14.35,99.95845316268554,19.311936378266424,9.30969660017374,0.15603640426691412,0.060932114737473515,0.1560613426609664,0.06094431516694531,0.5356250640738562,1.0791386315443013e-05,SPLMSFT
14.4,99.95845316268554,19.31875960113254,9.316230784587741,0.1564426604220511,0.06111480175608142,0.15646776767284187,0.06112701126713616,0.537993773370096,1.0791386315443013e-05,SPLMSFT
14.45,99.95953230131708,19.32548891513038,9.322754177615428,0.1568535204415835,0.061297695834657606,0.1568773839726219,0.06130929613442355,0.5403462955868625,1.0791386315443013e-05,SPLMSFT
14.5,99.96061143994864,19.332307428422727,9.329196635245747,0.15726312486173533,0.06148036538888373,0.15728671229623228,0.06149174296228193,0.5426934221104714,1.0791386315443013e-05,SPLMSFT
14.55,99.96169057858017,19.337882366681352,9.336086935408158,0.1576915632725958,0.06166455980408157,0.15771584994224394,0.061676214283611884,0.5452455849740737,5.395693157721506e-06,SPLMSFT
14.6,99.96330928652749,19.344211556688574,9.342626515515315,0.15811023591049628,0.06184754121808193,0.1581325410412112,0.06185824571746281,0.5476574598155752,5.395693157721506e-06,SPLMSFT
14.65,99.9649279944748,19.35011519114897,9.349284800871944,0.15853700018884923,0.06203092203829603,0.15855968564457973,0.06204182116723658,0.5502851623833855,5.395693157721506e-06,SPLMSFT
14.7,99.96546756379058,19.355505986449067,9.356099561330145,0.15896348544511768,0.06221401653117907,0.15898504371481467,0.062224583095463006,0.5524973965780514,5.395693157721506e-06,SPLMSFT
14.75,99.96654670242214,19.361579736380886,9.362595975892043,0.15937392693152325,0.0623954445054119,0.15939516232977635,0.06240582666799588,0.5550333723621805,5.395693157721506e-06,SPLMSFT
14.8,99.96654670242214,19.366948745709966,9.369324405259722,0.15980529507427166,0.06257857858889863,0.1598266748276848,0.06258896206009265,0.5574344558173666,5.395693157721506e-06,SPLMSFT
14.85,99.9670862717379,19.372484271201564,9.375939525071088,0.16022968766490586,0.0627608541383626,0.16025146094390944,0.06277136418144577,0.5596844598641364,0.0,SPLMSFT
14.9,99.96870497968521,19.378714646069966,9.382230903292992,0.1606250619587445,0.06294016664616117,0.1606457597409256,0.06295008212753411,0.5619344639109063,0.0,SPLMSFT
14.95,99.96870497968521,19.3841564573135,9.388792066172782,0.16105461645794322,0.06312264341525015,0.16107544871137497,0.06313255804413209,0.564265403355042,0.0,SPLMSFT
15.0,99.96870497968521,19.3901611357225,9.395083444394684,0.16146240723454536,0.06330291211754349,0.1614833671461341,0.06331282453136677,0.5664236806181306,0.0,SPLMSFT
0.0,49.88210410450378,13.341944780311747,7.871231782790976,0.07166291611315848,0.02138495699154031,0.08581552924887505,0.02780283187935271,0.0744605655765568,0.04257201901442269,MLR
0.05,50.628328468216665,13.373475877658922,7.87626596450713,0.0720535470315594,0.02156181181724031,0.08604365141584337,0.02791679139368782,0.0764947418970178,0.04176266504076446,MLR
0.1,51.429049332822544,13.405762801000611,7.880976404633821,0.07242255373840599,0.021736701832275242,0.08617997536589204,0.028004016186242,0.07836165172958943,0.04080762735184776,MLR
0.15,52.22275579632337,13.437295285372617,7.885967420804714,0.07281695145494865,0.021914096737554227,0.08641347368421051,0.028121097172995917,0.08047136775425855,0.039949712139770034,MLR
0.2,52.966821882773175,13.468769531815774,7.890958436975606,0.07321302330399876,0.022091698961293187,0.08659475063413642,0.02822267899146202,0.08247316991577323,0.03904323568927282,MLR
0.25,53.72653547938035,13.500602437159186,7.895782186658609,0.07359026116234021,0.02226744779364058,0.08671768933345383,0.028306420110790115,0.0846746127241236,0.03812596785246017,MLR
0.3,54.494342615724136,13.532528499214969,7.900546583716877,0.07396526684400512,0.022443100307328066,0.08687345653293198,0.02839935523873912,0.0865037527045912,0.037300426799328774,MLR
0.35,55.26484759864676,13.564663859373537,7.905203066911991,0.07432381022268025,0.02261715808152848,0.08706835835351089,0.028510841001068484,0.08858109457031398,0.036480281439355104,MLR
0.4,56.050460522411015,13.59721939172562,7.9096653051534265,0.07467761022591768,0.022790724585295248,0.0872294025413939,0.028611110478932885,0.09069081059498309,0.03567092746569688,MLR
0.45,56.79236833159772,13.629597183164675,7.914176104633282,0.07503001511873221,0.02296423458993175,0.08741983487720298,0.0287227266059253,0.09266023859755143,0.03480222086730372,MLR
0.5,57.53967183394215,13.661017566147942,7.9190430198615465,0.07542008799296401,0.023141304975356467,0.08757944126031507,0.028813128987157568,0.0949102426443213,0.034046823825222707,MLR
0.55,58.28373792039194,13.693891940534591,7.923300221762989,0.07575477498340824,0.023312908266037224,0.08775706259084051,0.028918687359288438,0.09720341223635294,0.03325365693103764,MLR
0.6,59.013775204631656,13.726718213839588,7.927546632278116,0.07609783263638963,0.02348505072632569,0.08788397001060601,0.02901035887432045,0.09953974737364636,0.032384950332644484,MLR
0.65,59.74489162750293,13.758547878600076,7.932159949927968,0.07648260409101455,0.02366098598367476,0.08809632165596466,0.02910963893934428,0.10188687389725522,0.03168890591529841,MLR
0.7,60.45118786184867,13.790876830688253,7.936541252772037,0.07683765969363254,0.02383379531531572,0.08825232803741652,0.029208304640154843,0.10424479180717951,0.030890343327955625,MLR
0.75,61.197951794877326,13.8236577787867,7.940712123582956,0.07717639250430307,0.024004811029216467,0.08840531602891906,0.029300305402999254,0.10645163030868761,0.03016192475166322,MLR
0.8,61.91557898485429,13.856466500082787,7.944839828848613,0.07751582287018502,0.024175658977123444,0.08854085828322439,0.0293877151127875,0.10881494391176963,0.02943890186852854,MLR
0.85,62.65910550198831,13.889391066450822,7.948886598716904,0.07785009132750238,0.024345671703567495,0.08870054340038579,0.029487841653957028,0.11126458860537519,0.028769835916971073,MLR
0.9,63.3993946032277,13.921337767917214,7.953289484333605,0.07819747382279464,0.024516609647368178,0.08886718202553191,0.02958478482022575,0.1136009237426686,0.028133144124359934,MLR
0.95,64.13806499651977,13.954074710272739,7.957341649895054,0.07853341641261942,0.02468611231189509,0.0889967657168816,0.029669326082474985,0.11599661150469695,0.02743709970701386,MLR
1.0,64.83842596839203,13.987169296747254,7.9612157575822975,0.07884299141545217,0.024852673805183887,0.08905943601820801,0.029739035050034193,0.11858654422040328,0.02675184667598323,MLR
1.05,65.55605315836898,14.019727698710746,7.965267923143747,0.07917558574026214,0.025021058483436356,0.08924434716906589,0.02984674931798827,0.12104158460716656,0.026125946269687537,MLR
1.1,66.24778102118889,14.052990078789087,7.9690017428088895,0.07948488172101029,0.025186787201890288,0.08938545490678373,0.029942644621422567,0.12350741638024529,0.02550004586339184,MLR
1.15,66.9179261113779,14.085675016102751,7.972929807427711,0.07980492005201448,0.025353125048544006,0.08952917018891964,0.030038122431965946,0.126070370630163,0.024841771298149816,MLR
1.2,67.61666837530284,14.118664378503183,7.976696001251801,0.08010417123771804,0.025516908914921983,0.08969421558300616,0.03013945213693418,0.12859015933481896,0.024302201982377668,MLR
1.25,68.3051588222281,14.151797088567893,7.980365072599051,0.0804006322025759,0.025679906245468998,0.08979379979777553,0.030221330525413273,0.13103440833526678,0.02370328004187058,MLR
1.3,68.99904496231109,14.185102249398692,7.9839316257763056,0.0807007204545332,0.025842937278555567,0.08990054245452697,0.03030139161132334,0.1333707434725602,0.023001839931366782,MLR
1.35,69.67296703771049,14.218153001029732,7.987562927271452,0.08100011115127906,0.02600541546446516,0.09005197450571917,0.030397866407266667,0.1359822589608974,0.022408313684017418,MLR
1.4,70.34904739037302,14.251225203581003,7.991145667528179,0.08128806194255744,0.026166178495241995,0.09018623568031907,0.03049187378684106,0.1386369399944964,0.021793204664037166,MLR
1.45,70.95390459335358,14.283575194303884,7.994976609670161,0.08160531005271592,0.026329195959897633,0.09034174997908757,0.03058549039652903,0.1412484554828336,0.021183491337214637,MLR
1.5,71.60246691091172,14.316388755243622,7.998580932699519,0.08189856226360119,0.026489292868053092,0.0904672609360753,0.030672871038696682,0.14396248914116752,0.020654713407757926,MLR
1.55,72.22405076268123,14.349209459156482,8.002142090183616,0.08219083789719046,0.026648663088000676,0.09060291640954765,0.030764644941291726,0.14652544339108522,0.020055791467250842,MLR
1.6,72.86559867913431,14.382090361858204,8.00563849934982,0.08247418482407343,0.026806638719589274,0.09067578424809693,0.030831626061094315,0.14891033976679816,0.01958636616252907,MLR
1.65,73.48988037748269,14.414749125946189,8.009183469754442,0.08276046148284438,0.026964377601624342,0.09080382082363565,0.030918951091493757,0.15146250263040043,0.019073775312545525,MLR
1.7,74.1136225065153,14.447493298772164,8.012652900454857,0.08303906503428964,0.027120781665652776,0.090871443493961,0.030985874024367584,0.15400926980084498,0.018577371542035148,MLR
1.75,74.7238754026536,14.48026362961956,8.016073769916852,0.0833235280495109,0.027277251991895478,0.09101447172318179,0.031077589642656514,0.1566261809823399,0.018043197919420717,MLR
1.8,75.28340878310932,14.51345337499904,8.019284207345697,0.08358441369858577,0.027430805169821628,0.09111078072030103,0.03115743444983395,0.15906503428963,0.01758995969417211,MLR
1.85,75.86452493619593,14.546634930030496,8.022456874922437,0.0838391608618001,0.02758317222813752,0.09121484542182899,0.03123944607467842,0.16171431963007127,0.01711513869629262,MLR
1.9,76.46344687670302,14.579651886594347,8.025651125271809,0.08409279193667614,0.027734666560035745,0.09126924240713559,0.03130495023383222,0.16444454036787837,0.016602547846309077,MLR
1.95,77.07369977284132,14.612698206966186,8.028791418689602,0.08434558594529847,0.027885416383215022,0.0913698253887135,0.03138602618838129,0.16704526446990012,0.016127726848429582,MLR
2.0,77.65481592592792,14.645773644859732,8.031877755175818,0.08459656631037105,0.028035326800447954,0.09146218654808225,0.03146385267076148,0.16945174361824392,0.01565290585055009,MLR
2.05,78.21488887569942,14.678649902165404,8.03500186151414,0.08484754667544366,0.028184550350233224,0.091597963106555,0.031556630713538085,0.17221433851499732,0.01511333653477794,MLR
2.1,78.77981794931286,14.711455330843632,8.038109780772986,0.08509936410676996,0.028333065262234162,0.09166877737063799,0.031622175516384035,0.1748959980143849,0.014697868161633385,MLR
2.15,79.2924087992964,14.74424211189679,8.04117993017973,0.08533932309950198,0.028479653486877303,0.09175075189003437,0.03169870497625351,0.17759384459324568,0.014309378254277435,MLR
2.2,79.80499964927994,14.777411692933065,8.044050438939639,0.08556533098800537,0.02862406347538999,0.0918346452114533,0.03178092386284554,0.18035643948999908,0.013899305574290602,MLR
2.25,80.31435308336884,14.81073973223012,8.046813033836392,0.08578380528022533,0.02876695358581325,0.09193367968881212,0.03186690395810476,0.1829949334441249,0.013489232894303767,MLR
2.3,80.81777125498427,14.843577060265913,8.049726708141561,0.08600716245892527,0.028909502493024382,0.09201768244515361,0.03194836812721303,0.18562263601193527,0.013025203282739718,MLR
2.35,81.3287433970205,14.876393862293249,8.052602612594628,0.08623456545785155,0.029051595440103266,0.09210135382043269,0.0320194600305297,0.18833127397711147,0.012674483227487819,MLR
2.4,81.83162199932015,14.90888066001551,8.055564848138216,0.0864642006334544,0.02919311151995273,0.09219292733135084,0.032098240100542075,0.19100214209018362,0.012291389013289591,MLR
2.45,82.30968041309427,14.942062334920495,8.058203342092343,0.08666746822206516,0.02933123113688418,0.09225934438566474,0.032170642222985976,0.19352193079483956,0.011935273264879974,MLR
2.5,82.79906978249961,14.97500236450934,8.060895792978044,0.08687910647321309,0.029469448289982582,0.09234049823399845,0.03224928304361889,0.19611186351054588,0.011562970436997189,MLR
2.55,83.24799145322204,15.007117195442076,8.063874215601107,0.08710525387275875,0.02960826713777063,0.09243629768093022,0.03232645755724033,0.19888524979361474,0.011115127904906303,MLR
2.6,83.74169737715356,15.039952863527565,8.06651810524839,0.08730740537303124,0.029743794858129204,0.0925115721677051,0.03240228452795375,0.20155072221352915,0.010618724134395924,MLR
2.65,84.19655431034948,15.072118776906692,8.06938321831514,0.08751876460209462,0.02987925806445557,0.09261012616954192,0.032480160396834386,0.20443741805291016,0.01024102561335542,MLR
2.7,84.66975660028166,15.104282826734005,8.072199770143472,0.08773319307408826,0.030013985537784157,0.09267517632439254,0.03254717878268644,0.20731871819913344,0.009890305558103522,MLR
2.75,85.11328257784636,15.136296499949307,8.075027113358118,0.08794190159334819,0.030147103471143317,0.09273446677190113,0.03261165267063186,0.21004893893694054,0.009544981196009345,MLR
2.8,85.53198836688554,15.168174063429513,8.077859852265922,0.08814586673717036,0.03027876924743162,0.09282219019802042,0.0326849234899877,0.21278995106106305,0.009237426686019219,MLR
2.85,85.94260061618816,15.199761689646214,8.080762735184775,0.08835276161288061,0.030409825916797032,0.0928945952787544,0.03275469545488441,0.2153583010041385,0.008886706630767321,MLR
2.9,86.35213372685922,15.231870280224555,8.083412020525216,0.08854472880706621,0.030538558461799672,0.09296004178981374,0.03282200866677977,0.2179482337198448,0.00859533920025036,MLR
2.95,86.76004812958297,15.263364850782446,8.086260946512494,0.08875246074903012,0.0306679272660195,0.09306149987250847,0.03289801981786016,0.22045723103818532,0.008293180383417956,MLR
3.0,87.13235095746576,15.29478248932372,8.089093685420298,0.0889546122493026,0.030795826527486973,0.09317878916308016,0.03298222028440304,0.2233601139570395,0.00798562587342783,MLR
3.05,87.51922215687439,15.326620446633662,8.091710596601793,0.08913918535824704,0.03092101661269461,0.0932267871419588,0.03304373699518677,0.22580436295748732,0.007705049829226311,MLR
3.1,87.89422283133604,15.358491409876937,8.094268155158552,0.08931775949237318,0.031044742164795813,0.09329759443083666,0.033115869102202884,0.22836731720740505,0.007505409182390616,MLR
3.15,88.26598608990304,15.390258572557393,8.096814922328997,0.08948015034559413,0.031165748672199164,0.09335241578130159,0.03318413006590056,0.23142667522783314,0.007278790069766313,MLR
3.2,88.6172457144707,15.421353519768944,8.09957751722575,0.08966207274473516,0.031287464033528174,0.09342823164086045,0.03325283131475457,0.23411373042037845,0.007052170957142009,MLR
3.25,88.95501610614409,15.452575601018607,8.102242989645665,0.08983771714697328,0.03140761699058617,0.09351794146655103,0.0333265638263145,0.23667128897713846,0.0067769906060982125,MLR
3.3,89.28037640355468,15.483747543651623,8.10488148359979,0.09000736257439311,0.031526218799181674,0.09358716913444455,0.03339502557575971,0.2392720130791602,0.006571954266104795,MLR
3.35,89.63433387470121,15.515136443387261,8.107385085224973,0.09017212511533294,0.031643315617330595,0.0936585435764077,0.033463085758030954,0.24183496732907794,0.0063723136192691,MLR
3.4,89.96562943458531,15.545571639856798,8.110223219825935,0.0903645108426454,0.03176213168750676,0.09377359101813645,0.03354172240581341,0.2443871301926802,0.006161881586117961,MLR
3.45,90.29152930131168,15.576763698915324,8.112710634371645,0.0905174149449909,0.03187609902904839,0.09384009829090476,0.033611224976085464,0.24703101983996373,0.005973032325597708,MLR
3.5,90.6012420885649,15.60750706317716,8.115332941246297,0.09068427015156502,0.03199049129212799,0.093914281644175,0.0336804183708909,0.249351167897784,0.00569245628139619,MLR
3.55,90.88613468729261,15.637949456303927,8.118030787825157,0.09084275469560199,0.032103099613371794,0.09398292663349996,0.03375004818237957,0.2519572876929635,0.005476628555087329,MLR
3.6,91.19099135070387,15.668372149803384,8.120690864551914,0.09099607733107434,0.03221424780020024,0.0940652806096789,0.03381938480861679,0.2543745582276227,0.005282383601409355,MLR
3.65,91.47102782558962,15.698546303287419,8.123404898210248,0.0911604213388873,0.032325539943107204,0.09415204199945731,0.03389070952401572,0.256829598614386,0.0051313041929931524,MLR
3.7,91.75753913226463,15.728558398419274,8.126140514641213,0.09132309121419284,0.03243584460001518,0.09424713229093773,0.03396337425076548,0.2590903940474713,0.005001807557207837,MLR
3.75,92.02192809699298,15.758612868203969,8.128816778447444,0.09147822749321491,0.03254460869069416,0.09431246124528722,0.03402755573724425,0.2613673765600298,0.004839936762476191,MLR
3.8,92.29009404693174,15.789096590163796,8.131277214527364,0.09161620391403581,0.032650795705883494,0.09436327419845185,0.03408871811072886,0.26376306432205815,0.004645691808798217,MLR
3.85,92.54045420945002,15.819146178095163,8.13386714724307,0.0917603188207173,0.03275665266202871,0.09442065219115144,0.034148918413796796,0.26612637792514016,0.004521590866170623,MLR
3.9,92.79567049581024,15.848884543579187,8.136538015356143,0.09191615265495084,0.03286275457243627,0.09449427534436942,0.034212995106702566,0.2683170293471751,0.004365115764596699,MLR
3.95,93.02822487090803,15.87835168989481,8.139273631787107,0.09207212600022661,0.03296798250485412,0.09458138356958912,0.034282242609149916,0.2708044438928847,0.004235619128811383,MLR
4.0,93.27750589479477,15.907465508645206,8.142106370694911,0.09222558814674126,0.033072018308144616,0.09466244834966507,0.034348002384418624,0.2730868220986009,0.0040629569477642945,MLR
4.05,93.51275811647143,15.936730179024524,8.144836591432718,0.09237751567179078,0.03317502400230774,0.09475774194218452,0.034421408091787974,0.2753584089180017,0.0039118775393480925,MLR
4.1,93.73775852114842,15.965594271449923,8.147685517419996,0.09252902466371342,0.03327711016908682,0.09484700607274632,0.03449005233013385,0.277559851726352,0.003696049813039232,MLR
4.15,93.94171572251028,15.994165590640494,8.15060998311148,0.09268025463355149,0.03337831418796272,0.09493527790701013,0.03455823294437083,0.27979906438680646,0.0035989273362002448,MLR
4.2,94.15268732497721,16.022782924346803,8.15347509617823,0.09283315873589702,0.033478879869472684,0.09502897927746196,0.03462857966026278,0.2819465502635796,0.003491013473045815,MLR
4.25,94.34963012523404,16.05133357781921,8.156324022165508,0.09297615755424019,0.03357760635190505,0.09510579708454141,0.034693099324331324,0.2842181370829804,0.0033938909962068276,MLR
4.3,94.53362326191234,16.07934966751166,8.159345610333832,0.09311999343883712,0.033675546621108665,0.09518337955046176,0.034757114072183626,0.28627929186922996,0.003237415894632904,MLR
4.35,94.71707682927487,16.10741986949513,8.16230784587742,0.09326564296698375,0.033772958944598724,0.09527313395084937,0.03482557346488001,0.2882595112581138,0.0031348977246361954,MLR
4.4,94.89027857963774,16.135544673926933,8.165210728796275,0.09341380369389155,0.033869918936863315,0.09536637514428845,0.03489245937438919,0.2902019607948935,0.003016192475166322,MLR
4.45,95.07589042426335,16.16320012435763,8.168264691123545,0.09355289620305071,0.033965355821728896,0.09543903940252088,0.03495230408804763,0.29221455434272364,0.0029460484641159424,MLR
4.5,95.24369648146849,16.191313707156745,8.171097430031349,0.09369087262387162,0.03405995173686683,0.0955301552023023,0.03502193536692891,0.2941893780384497,0.0028165518283306263,MLR
4.55,95.41959607841022,16.218661387445383,8.17419995359704,0.09383289486491883,0.03415424959159118,0.09561079297007531,0.03508584211536013,0.2961749931204912,0.0027248250446493608,MLR
4.6,95.58956041287844,16.24643643356963,8.177092045129578,0.09396668595447112,0.03424695643622813,0.09567737257491858,0.03514485343987995,0.29818758666832135,0.0026169111814949306,MLR
4.65,95.76114345529399,16.273004921687015,8.180431979194207,0.09411861347952065,0.03434081055717845,0.09576307627467223,0.03520635285816329,0.30003830942141985,0.0025413714772868296,MLR
4.7,95.91222286371018,16.300349137729853,8.183426588896742,0.09425156750281924,0.03443222565002618,0.09584685394105437,0.03527190258127114,0.3018188881634679,0.0024874145457096145,MLR
4.75,96.06923753459988,16.3274460820159,8.186485946917172,0.09438466103716016,0.03452307198739608,0.09591877785765637,0.03533204167192824,0.3035401142807811,0.002395687762028349,MLR
4.8,96.22571263617381,16.353704365126376,8.18984746375443,0.09453337980823708,0.03461487365585523,0.09601826213145825,0.035398034820290095,0.3052505490117788,0.0022823782057161974,MLR
4.85,96.35682797990643,16.380177461381017,8.193090275342222,0.09467344889469224,0.03470529587302921,0.09611694825317361,0.03546671339804376,0.30704191914014234,0.002223025580981261,MLR
4.9,96.50035341790183,16.406202874356566,8.196478770645271,0.09482244668785376,0.0347960276731135,0.09621860633949687,0.035532219951064724,0.3088171021890327,0.002142090183615438,MLR
4.95,96.6190586673717,16.432860088213054,8.199581294210962,0.09495777239887121,0.03488486912849289,0.09631293940256999,0.03559894164865433,0.31038185320477196,0.0020611547862496157,MLR
5.0,96.75395099631474,16.459293858828524,8.202743170401385,0.09509142397738124,0.03497312241686174,0.09640778232961739,0.035665949555881656,0.3120491223905079,0.0019748236957260715,MLR
5.05,96.88614547867893,16.485023616644675,8.206153248477065,0.09523749203865474,0.03506198290238181,0.09651498397210992,0.03573302379923795,0.3138027226667674,0.0019046796846756918,MLR
5.1,97.00215288156994,16.510754554500277,8.209530952393798,0.09537756112510992,0.03514974440106112,0.09660651994415302,0.03579660467416755,0.3153674736825066,0.0018237442873098692,MLR
5.15,97.10359191293509,16.53594036601184,8.213097505571053,0.09552837256182116,0.035238150618238005,0.09673217152224045,0.03586890861600079,0.3169699945503499,0.0017751830488903757,MLR
5.2,97.21312448403684,16.561099480972512,8.216642475975677,0.09567137138016435,0.035325264875318986,0.09682768331779228,0.03593206981259044,0.318653450815559,0.001705039037839996,MLR
5.25,97.32589447103322,16.586205243286493,8.220176654993983,0.09582190379479098,0.03541257514700696,0.09693882089179885,0.03599779101175184,0.3202289932176137,0.0016564777994205026,MLR
5.3,97.44729756708196,16.611307836226196,8.223683855546502,0.0959728547425445,0.0354995663024647,0.0970522702517137,0.03606348183355557,0.32174518299493343,0.001597125174685566,MLR
5.35,97.52823296444778,16.635471672680982,8.227536380461116,0.09613873337182262,0.03558757249229729,0.09718258086217581,0.03613433464461714,0.32325058138593776,0.001564751015739237,MLR
5.4,97.61726190155018,16.659927614825612,8.23124322166047,0.09628731263185723,0.03567351301660163,0.09730017667770303,0.03620424536543876,0.3247020228453648,0.0014946070046888574,MLR
5.45,97.69927643754754,16.683636489298465,8.235219847517712,0.09644384402130218,0.03575981207168588,0.09742455236401593,0.03627365588664792,0.32629375232689267,0.0014622328457425283,MLR
5.5,97.78938451328149,16.70779392401256,8.238986041341802,0.096598840789282,0.03584548221255997,0.0975519163080183,0.03634307808220554,0.3278045464110547,0.0014298586867961993,MLR
5.55,97.88974440601513,16.73143999678215,8.242930293040095,0.09675718582227665,0.035931181056836195,0.09767252148030554,0.036407891252241247,0.3291588653936428,0.0013705060620612627,MLR
5.6,97.96960066474941,16.755789421434127,8.2465669902284,0.09690102170687356,0.03601517396730414,0.09778685941510161,0.036476279765808986,0.3304916016036,0.0013165491304840476,MLR
5.65,98.03974467579978,16.778489423045848,8.250840379209315,0.09707317833305455,0.03610175617660306,0.09793845820583379,0.03655132796161443,0.33158153162145976,0.0012841749715377187,MLR
5.7,98.11582394932366,16.801182898084193,8.255092185417599,0.09724212620526294,0.036187834423773234,0.09808276901248893,0.03662375254050127,0.3328711022861552,0.001235613733118225,MLR
5.75,98.18542839105827,16.824343399828972,8.259133559592733,0.09740144781555361,0.036272804329851416,0.09821798810792988,0.03669523455656413,0.3341282987919043,0.001192448187856453,MLR
5.8,98.25449326347709,16.847243230179856,8.263255869165233,0.09756230404730942,0.0363577388039103,0.09834801814407627,0.0367651773768461,0.3353261426729185,0.0011223041768060734,MLR
5.85,98.3278746904221,16.870612286311047,8.26716774670458,0.0977124179288092,0.036441464969229745,0.09847907582558685,0.03683652870887466,0.3365185908607749,0.0010737429383865797,MLR
5.9,98.39154386968322,16.893394448545322,8.27129005627708,0.09788136580101763,0.03652679745663925,0.09863271667982802,0.036913071100605356,0.3378944926159939,0.0010251816999670863,MLR
5.95,98.45737132620742,16.916076752668452,8.275428552929052,0.09804724443029572,0.03661165612656357,0.09877690849107268,0.03698556668615635,0.33890348723648783,0.0010089946204939217,MLR
6.0,98.51834265888968,16.93832910904907,8.27971812898944,0.09821800594605386,0.036696934586304464,0.09891757025418019,0.03705616489456283,0.34004197849276707,0.0009712247683898712,MLR
6.05,98.56744346662494,16.960476448257392,8.28402928782246,0.09839699861330685,0.03678297948923796,0.09907536609772385,0.0371312988161263,0.34103478603378784,0.0009496419957589851,MLR
6.1,98.62679609135988,16.98241238224402,8.288405194973372,0.0985712479051221,0.03686856619474469,0.09922650922380025,0.0372041329934047,0.3420114064953354,0.0009226635299703777,MLR
6.15,98.67751560704245,17.0047574370485,8.292597648556923,0.09874186990983795,0.03695380211648307,0.09937810618868997,0.037279316234479415,0.34309594082003747,0.0008956850641817702,MLR
6.2,98.73902650904049,17.026716291209265,8.296924994469414,0.09892281573168296,0.037040028335378276,0.09954212419943605,0.03735571691620416,0.34412112252000454,0.000852519518919998,MLR
6.25,98.79945827240697,17.048260931641973,8.301398024097166,0.09910473813082399,0.03712635124352109,0.09969756620136751,0.03742897101373955,0.34508695159523667,0.000830936746289112,MLR
6.3,98.84478209493183,17.06965361738011,8.305914219270178,0.09927954546680841,0.037212075001019244,0.09984902607100746,0.03750328056547264,0.3459394711141567,0.0007931668941850615,MLR
6.35,98.88848720950936,17.09104588912822,8.310414227363719,0.09946188639907624,0.03729866739176038,0.10001298818702155,0.03758037888495506,0.3467973863262344,0.000766188428396454,MLR
6.4,98.93003404682382,17.112664224652256,8.314806321594103,0.09964032102216011,0.037384988657090376,0.10017038869920916,0.03765645827483594,0.3477794024809397,0.0007392099626078464,MLR
6.45,98.97589743866446,17.13355904070267,8.319468200482374,0.09982531266423142,0.037471963829652566,0.10033075214653688,0.03773107749076785,0.3487560229424873,0.0007068358036615174,MLR
6.5,99.01960255324201,17.153898814229375,8.324335115710639,0.10002369736636219,0.037560363495793225,0.10051006447394237,0.03780923815278592,0.34964631231351134,0.0006852530310306313,MLR
6.55,99.06924293029304,17.174367243791078,8.329131886927854,0.10021301385074433,0.03764795380516802,0.10067797586161824,0.03788551870347724,0.35057437153663945,0.0006636702583997453,MLR
6.6,99.10647321308132,17.19461691380108,8.333998802156119,0.10041293317434023,0.03773670512556234,0.10086341462458555,0.03796622429030522,0.3514322867487172,0.0006582745652420238,MLR
6.65,99.13453081750147,17.213771383552388,8.339286581450686,0.10063001235613733,0.037827271618619214,0.10107157389415931,0.03805155241742805,0.3522416407223754,0.0006366917926111377,MLR
6.7,99.16582583781626,17.23400678339949,8.344126518213162,0.10083062923494465,0.03791645927951302,0.1012604115851502,0.038134212813057226,0.35310495162761085,0.0006151090199802518,MLR
6.75,99.20035827402567,17.253661257135725,8.349182282701948,0.1010350129118937,0.038006187954539056,0.10144821012667864,0.03821544241231862,0.3538711400560073,0.0006043176336648087,MLR
6.8,99.22787630913005,17.271932990620382,8.354777616506505,0.10126325297707371,0.03809854447759037,0.101664573870866,0.03830120468845169,0.3545671844733534,0.0005881305541916443,MLR
6.85,99.25917132944484,17.29165277054257,8.359779424063712,0.10147349611779878,0.03818944036898692,0.10186021517721244,0.03838470344062557,0.35530639443596124,0.0005611520884030367,MLR
6.9,99.28938721112807,17.311066765168533,8.364889145484074,0.10168429730269299,0.038280656046825255,0.10205937153291018,0.0384697060499994,0.35609416563698854,0.0005125908499835431,MLR
6.95,99.31150955307474,17.32966687320155,8.370311817107584,0.10191532758871868,0.038374187067492856,0.10227994536475112,0.038557997362386576,0.3566930875774956,0.0004856123841949356,MLR
7.0,99.34010672681066,17.348677360753914,8.37555643085689,0.10212766339507803,0.038466223421230974,0.10247997723100319,0.038643371296941266,0.35738913199484174,0.0004802166910372141,MLR
7.05,99.36384777670465,17.367496209144964,8.380865792924087,0.10235548492713116,0.03856017851238138,0.10269263438209322,0.03873042797745813,0.3580150324011374,0.0004640296115640496,MLR
7.1,99.3935240890721,17.386986032205566,8.385894578947084,0.10257088997642079,0.03865333153313168,0.10289441301999358,0.038816314327310954,0.3586085586484868,0.00045323822524860656,MLR
7.15,99.41025073786103,17.405647923971856,8.391241710866387,0.10280750070413798,0.03874892936564592,0.10311918436821539,0.038906462005284276,0.3592668332137288,0.0004478425320908851,MLR
7.2,99.43129394117616,17.424200377193596,8.396621216944634,0.10303936805641736,0.03884452258335166,0.10333869213529485,0.038995965279224054,0.35979561114318553,0.00042086406630227754,MLR
7.25,99.45449542175436,17.44250144145883,8.402092449806565,0.10327318856328879,0.0389408654284328,0.10356133045431364,0.03908617595539684,0.3603189933794845,0.0004100726799868345,MLR
7.3,99.47391991712216,17.460220318147094,8.407784906087961,0.10352347137314993,0.03903927191550534,0.10380070844769416,0.03917924633826934,0.36091251962683385,0.0004100726799868345,MLR
7.35,99.49496312043726,17.478234113946442,8.413347865733572,0.10376496498734712,0.039137309192892294,0.10403479483939543,0.0392729845739643,0.3614574846357637,0.000404676986829113,MLR
7.4,99.51978330896279,17.49554523780541,8.419180610037069,0.1040187355732654,0.03923702793713343,0.1042754790151971,0.03936603945063135,0.3620510108831131,0.00038848990735594846,MLR
7.45,99.53057469527823,17.51385461463649,8.424603281660579,0.10425367216847516,0.03933543881549127,0.10450694593495714,0.039461937864188584,0.3625797888125698,0.0003776985210405055,MLR
7.5,99.55107832927757,17.532137964697085,8.430025953284089,0.10449056191827683,0.03943457662410223,0.1047338900927366,0.039555825483748544,0.36307079688992244,0.00037230282788278395,MLR
7.55,99.56834454738228,17.549573619443954,8.43577776219022,0.10475144756735176,0.03953661458658295,0.10498895404074068,0.03965461955510244,0.3635779920467483,0.00037230282788278395,MLR
7.6,99.58668990411853,17.566904465469555,8.441561945255296,0.10500689228577749,0.039638728032346665,0.10523578459854685,0.039752198162417644,0.3640582087377855,0.00036690713472506246,MLR
7.65,99.59963956769707,17.583521951454706,8.447621308671419,0.10528214757220787,0.03974334405050028,0.105508128825349,0.039854795255426796,0.3645600082014536,0.00035072005525189795,MLR
7.7,99.61366836990713,17.59982091114012,8.45379937733701,0.10555907699114567,0.03984878256549528,0.10577911624606615,0.039957123592631705,0.3649862679609136,0.00035072005525189795,MLR
7.75,99.62715760280145,17.617308916461628,8.459491833618406,0.10582219481689713,0.03995349928175562,0.10603897895386749,0.04005972935641468,0.3655042545040549,0.00035072005525189795,MLR
7.8,99.64388425159038,17.634393117848845,8.465335369308217,0.10609270672788979,0.04005952884516581,0.10630175811298893,0.04016158773205004,0.36601144966088067,0.0003399286689364549,MLR
7.85,99.65413606859005,17.65031951670102,8.47163214322328,0.10638219214063335,0.04016802977138902,0.1065898522513157,0.040269219593997665,0.3665941845219146,0.00033453297577873344,MLR
7.9,99.66762530148435,17.666733126640157,8.477723880798347,0.10666484151230485,0.040276502539264986,0.10686335737371222,0.04037319999370007,0.3670150485882169,0.0003291372826210119,MLR
7.95,99.67787711848402,17.68197939791397,8.48427425229182,0.10697023118386906,0.04038790422236002,0.10716364178070327,0.04048210150096887,0.3674251212682037,0.0003291372826210119,MLR
8.0,99.68758936616793,17.698432301900265,8.490333615707941,0.10725748441993599,0.04049828361383049,0.10744849198393538,0.040590961286820604,0.3678783594934523,0.0003237415894632904,MLR
8.05,99.69676204453604,17.71506571372113,8.496312043726697,0.10754376107870697,0.04060928777237772,0.10773009149704228,0.04069931663958357,0.36833699341185866,0.0003129502031478474,MLR
8.1,99.70647429221995,17.73167734571542,8.502290471745452,0.10782850311601277,0.04072087256630929,0.10800909577951068,0.0408081926385814,0.36868771346711054,0.0003129502031478474,MLR
8.15,99.71942395579848,17.747379921362434,8.508625015512617,0.10814212393907181,0.04083606117130438,0.10831488919069543,0.0409196887553684,0.3691517430786746,0.0003129502031478474,MLR
8.2,99.72913620348238,17.762871616403363,8.515035098983992,0.10846258080320287,0.04095266894926861,0.10862720682136655,0.04103287492695526,0.3695564200655037,0.00030215881683240436,MLR
8.25,99.73669017390318,17.778519789359393,8.521375038444313,0.10877620162626188,0.04106943573288038,0.1089355264789418,0.041146903828819734,0.3699125358139133,0.00029676312367468287,MLR
8.3,99.744244144324,17.794232434511127,8.52768260374569,0.10909484484684323,0.04118756179542067,0.10924911444939116,0.0412623170365041,0.37024167309653433,0.0002913674305169614,MLR
8.35,99.75017940679749,17.810025623978678,8.533952399194963,0.10940330376133771,0.04130562644680847,0.1095550622166928,0.04137900886104081,0.3705330405270513,0.00028597173735923985,MLR
8.4,99.76204993174449,17.825556269780368,8.540319317121075,0.1097132972972973,0.04142467446640806,0.10985905233325399,0.04149504973507708,0.3710078615249308,0.00028057604420151836,MLR
8.45,99.77068304079684,17.841010570641107,8.546707817819817,0.1100309639405826,0.04154526981584708,0.11016934138057842,0.04161248397443004,0.3714071428186022,0.0002751803510437968,MLR
8.5,99.78147442711229,17.856107698425475,8.553231210847501,0.1103550480918131,0.04166734065658116,0.11048711403356982,0.04173165507900213,0.37182261119174675,0.00026978465788607533,MLR
8.55,99.78687012027,17.87139887475214,8.559668272784663,0.11068596828411563,0.04179090525212083,0.11081612215985896,0.041853995226521945,0.3722758494169954,0.0002535975784129108,MLR
8.6,99.79388452137505,17.886698331707198,8.56609454333551,0.1110259566941667,0.04191625268543518,0.11115391661575225,0.04197809637511862,0.3726157780859318,0.00024820188525518933,MLR
8.65,99.80089892248007,17.902439378914305,8.572337360318993,0.11134990133435489,0.04204098362455355,0.11147377054994485,0.042101087927196974,0.37300426799328773,0.00023741049893974628,MLR
8.7,99.80737375426935,17.91815913401738,8.578580177302477,0.11167440401871224,0.04216664181310981,0.11179432367442263,0.042224678107750824,0.373484484684325,0.00023741049893974628,MLR
8.75,99.81384858605861,17.933166690049344,8.585098174637004,0.11201397389563647,0.04229460058249787,0.1121320270720263,0.0423516086480623,0.37391074444378497,0.0002320148057820248,MLR
8.8,99.81978384853211,17.947927306587793,8.591707898755214,0.11236010079154819,0.042424163391867824,0.11247616464953863,0.042480090176486636,0.37422909034009055,0.00022661911262430328,MLR
8.85,99.82194212579519,17.96276509830199,8.59827985302132,0.11270413502182558,0.042554505760238934,0.112818380674908,0.04260963615529262,0.3746391630200774,0.00022122341946658177,MLR
8.9,99.82949609621599,17.978229458504224,8.604592814015852,0.11303645032455092,0.04268464921012557,0.11314719871146972,0.04273799204058797,0.3750492357000642,0.00022122341946658177,MLR
8.95,99.83489178937373,17.99287846405583,8.611224120906693,0.11339094788299978,0.042817916676144846,0.11349980065612043,0.04287006558236975,0.37541614283478925,0.00021582772630886026,MLR
9.0,99.84190619047875,18.00698229257645,8.618065859830683,0.11376065214505779,0.04295365322572194,0.11386533022049285,0.04300391030016774,0.375847798287407,0.00021582772630886026,MLR
9.05,99.8429853291103,18.021389441430415,8.624778102118889,0.11412338085500154,0.043089707827082165,0.11422865624020491,0.043139958339793116,0.3762093097289743,0.00021582772630886026,MLR
9.1,99.84514360637338,18.03562848983947,8.63154969703183,0.11449336413914413,0.04322747648530578,0.11459688388833045,0.043276876925499676,0.3766463608747498,0.00020503633999341726,MLR
9.15,99.8489205915838,18.04929266017103,8.638542515364236,0.11488176288086849,0.04336801799659007,0.11498321211760953,0.043416269189548586,0.37714276464526014,0.00019964064683569574,MLR
9.2,99.85161843816266,18.06345926649238,8.645324901663493,0.11525021154354596,0.04350760509998326,0.11535133711593122,0.04355553143283493,0.3776013985636665,0.00019964064683569574,MLR
9.25,99.85485585405729,18.077389090866635,8.652193619053271,0.11563651761963596,0.04364996241048329,0.11573600172913155,0.043696971471921295,0.3779844927778647,0.00019964064683569574,MLR
9.3,99.85863283926768,18.089785226799798,8.659666654076716,0.11605951509984729,0.04379689872125789,0.11615577934954689,0.04384241995211072,0.37843773100311334,0.00019424495367797423,MLR
9.35,99.8624098244781,18.1040073670047,8.666400479137552,0.11644275193300707,0.04394103013321338,0.11654004058829245,0.04398671057483677,0.3788909692283619,0.00019424495367797423,MLR
9.4,99.86510767105696,18.117559834844695,8.673393297469959,0.11682905800909714,0.044086508337079666,0.11692413924563576,0.044131124813844784,0.37935499883992596,0.00018345356736253123,MLR
9.45,99.86888465626737,18.13124919090389,8.680321367484474,0.11723433758693809,0.044234843824954545,0.11732636706467121,0.04427828158207065,0.3798837767693827,0.00017805787420480972,MLR
9.5,99.87266164147778,18.14445614813177,8.68743289106635,0.11763208356849562,0.04438350157899536,0.11772158001480303,0.044425841014906715,0.3802992451425272,0.00017805787420480972,MLR
9.55,99.87535948805663,18.15765426082517,8.69453901895507,0.11804140896656284,0.044534380249157575,0.11812991254551543,0.04457609437070743,0.3808118359925108,0.00016726648788936672,MLR
9.6,99.87751776531972,18.17204203701918,8.701159534459594,0.11842255313408838,0.044683587006263285,0.1185093904681642,0.04472442708161187,0.38131363545617886,0.0001618707947316452,MLR
9.65,99.87967604258282,18.185699680205076,8.70806062600832,0.11883438973091678,0.044836775767964264,0.11892000043217547,0.04487714049403841,0.38187478754458193,0.0001618707947316452,MLR
9.7,99.88021561189858,18.19926360499184,8.714988696022834,0.11923660006582748,0.04499009848519829,0.11932191102635714,0.04503026721794167,0.38243593963298494,0.0001618707947316452,MLR
9.75,99.8818343198459,18.21250392915357,8.72203547128682,0.11965122688350156,0.045145685876817436,0.11973551364024328,0.04518528522463054,0.3829539261761262,0.0001564751015739237,MLR
9.8,99.88345302779321,18.22514865613368,8.729308865663427,0.12008231600416545,0.045303917608652475,0.12016488599102187,0.04534286012781196,0.38356363950294875,0.0001564751015739237,MLR
9.85,99.8877695823194,18.238183764012486,8.736414993552147,0.12050754566105334,0.04546267341162926,0.12058637828494256,0.04549985110629896,0.3841032088187209,0.0001564751015739237,MLR
9.9,99.88884872095095,18.250785649806375,8.743682992235598,0.12094477326757781,0.04562368140201531,0.12102278967411559,0.045660435899649625,0.3846967350660703,0.0001564751015739237,MLR
9.95,99.89208613684556,18.26427590391033,8.750584083784323,0.12135423817668735,0.045783090778042775,0.12143198690671028,0.045819341819617256,0.38524170007500014,0.0001564751015739237,MLR
10.0,99.89424441410866,18.27765941468007,8.757517549491995,0.12177039961582659,0.04594430325603608,0.12184861882821908,0.04598060592219531,0.38577587369761457,0.00015107940841620218,MLR
10.05,99.89694226068751,18.290768377402827,8.764548137676506,0.12219535025062991,0.04610742601632939,0.12227155510905142,0.046142990689567016,0.38649350088759155,0.0001456837152584807,MLR
10.1,99.89856096863483,18.30310260910538,8.771875488984692,0.12263773976571898,0.04627329859033302,0.1227117143428124,0.046308125833559914,0.38709242282809864,0.0001456837152584807,MLR
10.15,99.9012588152137,18.315485684342075,8.779170466133932,0.12308250096852691,0.0464404968484582,0.12315471848771266,0.0464745994649077,0.38785321556333735,0.00014028802210075918,MLR
10.2,99.90179838452947,18.327426770960965,8.786627314077903,0.12354149229764798,0.046610088653969754,0.12361307689399466,0.04664395934942931,0.38856005136699884,0.00013489232894303767,MLR
10.25,99.90233795384525,18.340492298790366,8.793620132410311,0.12396853559808557,0.04677764700861142,0.12403973038368474,0.04681133347169869,0.38929386563644897,0.00013489232894303767,MLR
10.3,99.90287752316101,18.353815299853963,8.800494245493248,0.12438971943474715,0.04694563541153372,0.12446079339789254,0.04697915214922565,0.3901032196101072,0.00013489232894303767,MLR
10.35,99.90287752316101,18.36532972936479,8.808075194379846,0.12485443071660202,0.047118818640732814,0.12492595645763231,0.04715239793543881,0.3909179692769232,0.00013489232894303767,MLR
10.4,99.90341709247679,18.37773391267986,8.815283840438562,0.1253079811150739,0.04729192965687539,0.12538038778530303,0.047325763796267045,0.39169494909163505,0.00013489232894303767,MLR
10.45,99.90557536973988,18.388887593912685,8.822978098881473,0.12579501416369454,0.04746939241869706,0.12586656896272372,0.047502840034506326,0.39254207291739734,0.00013489232894303767,MLR
10.5,99.90665450837142,18.40133339157035,8.83013818370177,0.12624075194379844,0.04764385038566261,0.12631234115359685,0.047677292202834655,0.3934107795157905,0.00013489232894303767,MLR
10.55,99.90989192426605,18.41397760732247,8.837201146045226,0.12669583696373551,0.04782019489709225,0.1267650003996414,0.047852376768129645,0.394214737796291,0.00013489232894303767,MLR
10.6,99.9131293401607,18.426218118898948,8.844409792103942,0.12713892403403604,0.047996454038839044,0.1272068786209578,0.048027923729968655,0.3950888400878419,0.00013489232894303767,MLR
10.65,99.91474804810801,18.438638131585154,8.851526711378977,0.12760670455882112,0.04817601874380273,0.12767313704333735,0.048206788719783934,0.39608164762886267,0.00012949663578531615,MLR
10.7,99.91474804810801,18.45052346404924,8.85883787560769,0.12807755432653653,0.04835681965434366,0.12814355078169296,0.04838757809472602,0.3971499948740915,0.00012949663578531615,MLR
10.75,99.91690632537109,18.462516642610176,8.86608429151851,0.12853780125503822,0.04853746253952917,0.12860211060649424,0.048567458864948974,0.3982021550398472,0.00012410094262759467,MLR
10.8,99.91798546400264,18.47467259258694,8.873244376338807,0.1289959555179056,0.04871878014752536,0.12905953124780617,0.04874840292028482,0.39931366783033784,0.00011870524946987314,MLR
10.85,99.91906460263418,18.487207818125196,8.880231798978055,0.12944685520657412,0.04890030128587759,0.12950912306205212,0.048929480655324056,0.4003334538371472,0.00011870524946987314,MLR
10.9,99.9206833105815,18.498962904563914,8.887510589047823,0.12991170599947122,0.049084101810224816,0.12997266367867977,0.04911260644211008,0.40132086568501024,0.00011870524946987314,MLR
10.95,99.92338115716035,18.510532475701915,8.894843336049165,0.13037613825924144,0.04926883590777418,0.13043547870036878,0.04929649706516517,0.40240000431655454,0.00011870524946987314,MLR
11.0,99.92392072647613,18.52266858489813,8.901927881165253,0.13084545340549175,0.0494549628512111,0.13090500531340446,0.049482671886131264,0.4034683515617834,0.00011870524946987314,MLR
11.05,99.92553943442344,18.534639988487385,8.909055591826604,0.1312985852708368,0.04964040051987368,0.13135775043602688,0.04966785135144017,0.40472015237437475,0.00011330955631215164,MLR
11.1,99.926618573055,18.547083037992557,8.915967474761645,0.1317479503380402,0.049826158173226345,0.1318063061496676,0.0498531522560026,0.4060636799706474,0.00011330955631215164,MLR
11.15,99.92769771168653,18.559584279259493,8.922830796458268,0.13218727061019891,0.050011716485222575,0.1322452189482664,0.05003841646067935,0.4073046893969234,0.00010791386315443013,MLR
11.2,99.92877685031807,18.572025286763985,8.929694118154888,0.13262966012528798,0.050198399511554005,0.13268761252908995,0.05022509297351804,0.40853490743688387,0.00010251816999670863,MLR
11.25,99.93093512758117,18.583956257888445,8.936735497725715,0.13308990705378965,0.05038757556112575,0.13314587023028537,0.050413294337596955,0.4098190824084216,9.712247683898712e-05,MLR
11.3,99.93147469689694,18.595850881214247,8.943766085910227,0.13355964073316676,0.05057848044247977,0.1336147882897962,0.05060394590605811,0.41110865307311706,9.712247683898712e-05,MLR
11.35,99.93309340484426,18.607845871260366,8.950731925776845,0.13401863206228787,0.050769188508178804,0.13407373749655793,0.050794518806938006,0.4124305978967588,9.172678368126562e-05,MLR
11.4,99.93471211279157,18.6200431413736,8.957589851780309,0.13446590446385692,0.05095951277379621,0.13451996803662827,0.050984410100500796,0.4137093771751388,9.172678368126562e-05,MLR
11.45,99.93471211279157,18.632025221422847,8.964507130408508,0.1349303367236272,0.05115227527122034,0.13498442450813122,0.05117719912314407,0.41510146600983094,9.172678368126562e-05,MLR
11.5,99.93525168210734,18.64334164770158,8.971661819535647,0.13540439524531517,0.051346664837638216,0.1354582009686145,0.05137138181764193,0.416612260093993,9.172678368126562e-05,MLR
11.55,99.93525168210734,18.655069580734782,8.978622263709108,0.13587552403511516,0.051541440733526386,0.13592963500402236,0.05156620991661277,0.4180529101671046,8.63310905235441e-05,MLR
11.6,99.93633082073889,18.666574518987932,8.985642060507303,0.13634065385009686,0.051736301562692655,0.1363933141484221,0.05176054743019799,0.4196068697965284,8.63310905235441e-05,MLR
11.65,99.93687039005465,18.677704812987105,8.99278056255497,0.13682824494288656,0.05193396154583687,0.13688047684865234,0.05195809633289895,0.42122557774384484,8.63310905235441e-05,MLR
11.7,99.93848909800197,18.68916172377219,8.999757193807902,0.1372908635591071,0.052129833983413906,0.13734214032037745,0.05215369828387179,0.4227687459869532,8.63310905235441e-05,MLR
11.75,99.9401078059493,18.70074895125104,9.006647493970313,0.13775641190721566,0.052326487990374315,0.13780811627128525,0.05235039061569729,0.4244683893316355,8.63310905235441e-05,MLR
11.8,99.9401078059493,18.71104784708703,9.01401801082376,0.138260883836122,0.052527385540396855,0.13831205295267301,0.05255126397610209,0.42634069485736487,8.63310905235441e-05,MLR
11.85,99.9401078059493,18.723294015337753,9.020573778010393,0.1387024362849573,0.0527226260288165,0.1387538700154409,0.05274655714779222,0.4281104822130975,8.63310905235441e-05,MLR
11.9,99.94172651389661,18.733983932143616,9.027717675751216,0.13918012209374475,0.052921869149965724,0.1392308433526791,0.05294560684168352,0.4297615643193603,8.09353973658226e-05,MLR
11.95,99.94280565252815,18.74604204055324,9.034278838631005,0.13963255640387837,0.05311913416753793,0.13968231240585877,0.05314238868992614,0.43168782677666684,8.09353973658226e-05,MLR
12.0,99.94334522184393,18.757025440054733,9.041233887111307,0.14011247438934243,0.0533195066037982,0.1401623066922927,0.05334274625188208,0.43340905289398,8.09353973658226e-05,MLR
12.05,99.9438847911597,18.76775144241289,9.048253683909504,0.1405734188730555,0.053518400676869055,0.14062289287314622,0.05354141410929146,0.43537308520339063,8.09353973658226e-05,MLR
12.1,99.94550349910702,18.78004648237879,9.0546098104493,0.1410036709274657,0.05371476682313977,0.1410512415997236,0.05373698844452658,0.4371698510249119,8.09353973658226e-05,MLR
12.15,99.94604306842278,18.791848589850822,9.061122412090668,0.141433504448749,0.053911331857539185,0.14148138320925535,0.05393359789330942,0.4392903584358965,8.09353973658226e-05,MLR
12.2,99.94658263773856,18.80360373554489,9.067613430959408,0.14188189293865638,0.05410995174496045,0.14192924754634678,0.05413197083440029,0.44119503812057215,7.014401105037959e-05,MLR
12.25,99.9476617763701,18.81459019678223,9.074374234486033,0.14233851258005856,0.05430974637495336,0.1423852718046168,0.05433141944887768,0.44321302736156,7.014401105037959e-05,MLR
12.3,99.9476617763701,18.825310276471356,9.08119978633055,0.14279848048647567,0.054510078470706415,0.14284492223973738,0.05453174522457996,0.4453713046246486,7.014401105037959e-05,MLR
12.35,99.94820134568587,18.836580137120293,9.08776094921034,0.1432442182665796,0.05470912767998745,0.1432899802955133,0.054730526422680205,0.4475295818877372,5.935262473493657e-05,MLR
12.4,99.94874091500165,18.847216006484274,9.09453254412328,0.1437073949269692,0.05491001555105276,0.14375220220473117,0.054931133287586184,0.44973102469608756,5.3956931577215064e-05,MLR
12.45,99.94874091500165,18.858435071971645,9.101028958685177,0.14414866835372006,0.055108991473463965,0.14419370194020667,0.055130151687054194,0.4517598053233909,5.3956931577215064e-05,MLR
12.5,99.94982005363319,18.869576514853883,9.107514581860759,0.14458268720627196,0.05530747864226734,0.14462610269920106,0.05532805311617594,0.4538964998138486,5.3956931577215064e-05,MLR
12.55,99.94982005363319,18.88086796146839,9.113897686866343,0.1450203333459233,0.055506495911607764,0.14506396855970632,0.05552711264638471,0.4560817555427258,5.3956931577215064e-05,MLR
12.6,99.94982005363319,18.891400472552807,9.120539785143498,0.14547137254563403,0.055706906099471765,0.1455152342042755,0.05572756636929441,0.45838032082791513,5.3956931577215064e-05,MLR
12.65,99.94982005363319,18.902139096106087,9.127052386784868,0.14592366734472545,0.055907425624884405,0.14596691859209673,0.05592804761225069,0.46068428180626225,4.316554526177205e-05,MLR
12.7,99.94982005363319,18.91255923732427,9.133645923823604,0.1463827981848888,0.05610862681318916,0.14642627993953786,0.05612929095136183,0.46309615664776377,4.316554526177205e-05,MLR
12.75,99.95035962294895,18.92322484116259,9.140093777147081,0.1468097019742841,0.056306678566386374,0.14685316360848835,0.05632748932933552,0.46537853485347996,4.316554526177205e-05,MLR
12.8,99.95089919226473,18.934021642298617,9.146444507993719,0.14724204669432858,0.05650534307687757,0.1472860445903197,0.0565263519547657,0.46756918627551486,3.7769852104050545e-05,MLR
12.85,99.9514387615805,18.943531409627386,9.153264664145079,0.14770745553139483,0.05670727747420144,0.1477510240278985,0.05672802902138048,0.47002422666227817,3.7769852104050545e-05,MLR
12.9,99.95251790021204,18.95445442735949,9.15946971127646,0.14813449883183238,0.05690536683841187,0.14817695415260868,0.05692556859056997,0.47253322398061864,3.7769852104050545e-05,MLR
12.95,99.9535970388436,18.964597698634567,9.16593375167941,0.1485845614542472,0.05710542087016743,0.14862590508888127,0.05712509289934199,0.4752526533321103,3.7769852104050545e-05,MLR
13.0,99.95521574679091,18.97478588045616,9.17232764807131,0.14901383693136136,0.05730321735689674,0.14905380344399458,0.05732229479875484,0.4776969023325581,3.7769852104050545e-05,MLR
13.05,99.95521574679091,18.98572423028429,9.178370824407958,0.1494122804681303,0.05749784053005189,0.1494524255006747,0.0575169447800428,0.4803785618319457,3.237415894632904e-05,MLR
13.1,99.95521574679091,18.995820013831853,9.184699972481965,0.14983918425752557,0.057695006857390194,0.1498795205614035,0.05771413834914999,0.48279043667344723,3.237415894632904e-05,MLR
13.15,99.95521574679091,19.00659492214672,9.19070537896651,0.1502362326838717,0.057889025958144436,0.15027674688259104,0.057908182574106765,0.48560698850177786,3.237415894632904e-05,MLR
13.2,99.95575531610669,19.016945805126962,9.196824095007365,0.15064416297151612,0.0580836478069553,0.15068418610425852,0.058102526097774186,0.48838577047800447,3.237415894632904e-05,MLR
13.25,99.957374024054,19.027064296597704,9.202980580900325,0.15105990587752854,0.05827862908221109,0.15109906182862448,0.05829695167017203,0.49101886873897255,3.237415894632904e-05,MLR
13.3,99.95899273200132,19.0370678904257,9.209131671100128,0.15146476692224267,0.05847231643365237,0.1515027586541939,0.058490140947554094,0.49370052823836014,3.237415894632904e-05,MLR
13.35,99.95899273200132,19.046978883019733,9.215266574220458,0.1518738132982253,0.05866608201783284,0.15191141456463178,0.058683874791306614,0.4963012523403819,3.237415894632904e-05,MLR
13.4,99.95953230131708,19.05637174909486,9.22155795244236,0.15229653175635208,0.05886095580541141,0.15233460069740576,0.05887885302247183,0.49896132906713864,3.237415894632904e-05,MLR
13.45,99.96007187063286,19.065720506742093,9.22781156081216,0.15271604146050619,0.05905510330118443,0.15275331612499254,0.0590726876949547,0.5016214057938954,3.237415894632904e-05,MLR
13.5,99.9611510092644,19.07587609624894,9.233687470660918,0.15311560108561342,0.05924690269935283,0.15315166110514353,0.05926389850149167,0.5044271662359106,2.6978465788607532e-05,MLR
13.55,99.96276971721171,19.085801894369965,9.239601150361782,0.15351878799782012,0.05943867162710363,0.15355293686846877,0.05945477826559915,0.50703328603109,2.6978465788607532e-05,MLR
13.6,99.96330928652749,19.09570273952248,9.245471664517382,0.15390328043036045,0.05962827674629261,0.15393688115942022,0.0596440959626928,0.509725736916793,2.6978465788607532e-05,MLR
13.65,99.96330928652749,19.105284088212287,9.25141771837719,0.15429432988188824,0.05981820145306191,0.1543280741424446,0.05983403850642228,0.5122886911667107,2.6978465788607532e-05,MLR
13.7,99.96384885584327,19.1144405130417,9.25748247748647,0.1546848212892469,0.06000779610255415,0.15471773419839577,0.060023314438315725,0.5149056023482057,2.6978465788607532e-05,MLR
13.75,99.96384885584327,19.124298141683838,9.26321270361997,0.1550714063874215,0.060196609735284956,0.15510445910204781,0.06021214321848207,0.517668197244959,2.6978465788607532e-05,MLR
13.8,99.9649279944748,19.134203947809915,9.268867390049262,0.1554489232678476,0.060384040790017815,0.15548169009219073,0.060399382163455716,0.520576475856971,2.6978465788607532e-05,MLR
13.85,99.96546756379058,19.143713538559382,9.274624594648552,0.1558346712997685,0.0605717630276242,0.1558668717162612,0.06058680262973954,0.5233444664468822,2.6978465788607532e-05,MLR
13.9,99.96546756379058,19.153289543610555,9.280300863850474,0.15620939795934882,0.06075798690744426,0.15624172782278736,0.06077304281897358,0.5260477087189006,2.6978465788607532e-05,MLR
13.95,99.96600713310634,19.1632479071373,9.285766701019247,0.1565753354232651,0.060942767187228186,0.15660708596102985,0.060957530211734376,0.5289505916377547,2.1582772630886026e-05,MLR
14.0,99.96654670242214,19.17218713371724,9.29158325824327,0.15695954883372087,0.06112875664999168,0.15699169912182692,0.061143671200654566,0.5318750573292398,2.1582772630886026e-05,MLR
14.05,99.96654670242214,19.18116620920577,9.297324275763087,0.15732827651848294,0.06131256173482032,0.15736055019943757,0.06132749049691243,0.5348696670317752,2.1582772630886026e-05,MLR
14.1,99.96762584105367,19.190093931604068,9.303027523430798,0.15770397975535924,0.06149640373403149,0.15773495553048741,0.06151070688278184,0.5377455714848408,2.1582772630886026e-05,MLR
14.15,99.96870497968521,19.19965226773229,9.308417820895361,0.1580597329131887,0.06167755706198345,0.1580893964539198,0.061691231776410886,0.5409182390615811,2.1582772630886026e-05,MLR
14.2,99.97032368763253,19.20832880100306,9.314099485790441,0.15843780783778383,0.0618600814266756,0.15846683802718076,0.06187356632442996,0.5437563736625426,1.618707947316452e-05,MLR
14.25,99.97140282626408,19.21752140978353,9.319516761720795,0.15879272392935953,0.06203970893030769,0.15882042417961997,0.06205256956371595,0.5467294005924471,1.618707947316452e-05,MLR
14.3,99.97194239557984,19.225669685072546,9.325290153399557,0.15916856667727816,0.06222053917499023,0.15919607342361058,0.062233392645445855,0.5499991906460263,1.0791386315443013e-05,MLR
14.35,99.97410067284294,19.234814645527177,9.330604911159913,0.15951664672778182,0.06239791501972047,0.15954234188412444,0.06240986861799,0.5527779726222529,1.0791386315443013e-05,MLR
14.4,99.97517981147448,19.243101207180523,9.336205640657628,0.1598901177879816,0.06257709823994109,0.15991543946418257,0.06258887583601419,0.5557725823247883,1.0791386315443013e-05,MLR
14.45,99.97571938079025,19.252165105878976,9.341434067327459,0.160223409668003,0.06275154409300586,0.16024808876991495,0.06276302721867769,0.5587402135615351,1.0791386315443013e-05,MLR
14.5,99.97571938079025,19.260903839817534,9.346732638008342,0.16057790722645185,0.06292725021422152,0.16060267242347046,0.06293874571117217,0.5618481328203828,1.0791386315443013e-05,MLR
14.55,99.97625895010603,19.268630233852953,9.352376533051318,0.16095151779769384,0.06310402656290123,0.1609756444904986,0.06311520248801601,0.5646808717281866,5.395693157721506e-06,MLR
14.6,99.97787765805334,19.276770311710088,9.357799204674828,0.16129373838442154,0.06327714055839992,0.16131519495714866,0.06328730160430635,0.5674110924659936,5.395693157721506e-06,MLR
14.65,99.97787765805334,19.285354012958,9.362989861492556,0.16163679603740289,0.0634497507154597,0.1616577703516611,0.06345986447045404,0.5700765648859081,5.395693157721506e-06,MLR
14.7,99.97787765805334,19.294015722828796,9.36809418721976,0.16197036693950886,0.06362082400658173,0.16199113597996673,0.06363091650870793,0.5729902391910777,5.395693157721506e-06,MLR
14.75,99.97895679668488,19.302139319513067,9.37335498804854,0.16231356410353254,0.06379203938353453,0.16233293598281648,0.0638014788317773,0.5759254962688782,5.395693157721506e-06,MLR
14.8,99.97949636600066,19.30970079812187,9.378783055365208,0.1626680616619814,0.06396361515898416,0.16268774647993736,0.0639730283866907,0.5788499619603632,5.395693157721506e-06,MLR
14.85,99.98003593531644,19.31782022322204,9.383930546637673,0.16300442278493305,0.06413269770133166,0.16302385493480695,0.06414209864841794,0.5817150750271134,5.395693157721506e-06,MLR
14.9,99.98057550463221,19.325895937234876,9.389034872364878,0.1633378541759967,0.06430059567510128,0.16335661084637096,0.06430966771329294,0.5847528502749105,5.395693157721506e-06,MLR
14.95,99.98057550463221,19.333353173248483,9.394328047352603,0.16367365725477923,0.06446791321865734,0.16369247916587962,0.06447699532351187,0.5876017762621876,5.395693157721506e-06,MLR
15.0,99.98111507394798,19.3404360500597,9.399712949124009,0.16401518028629544,0.064634984349589,0.16403332284212455,0.06464374211221917,0.5903535797726255,5.395693157721506e-06,MLR
0.0,51.630848256921325,13.30169716766928,7.881219210825919,0.07188724986915444,0.0213192603512599,0.08554158843754245,0.02742762777871913,0.06538500968526922,0.019705071411998943,ANN
0.05,52.94847652603691,13.336851522667233,7.885449434261573,0.07221719348416095,0.021497612298156277,0.08509021972669187,0.027304204977373982,0.06662601911154517,0.01901981838096831,ANN
0.1,54.264486087205185,13.364696231515566,7.892593332002396,0.07286675689704476,0.021707856169245587,0.08482063756587449,0.027180309074017046,0.06782386299255934,0.018323773963622236,ANN
0.15,55.57725823247883,13.391496240500896,7.900131115343733,0.07356766037348987,0.021923545123273214,0.08524173688145005,0.027240740840407285,0.07096415641035325,0.017687082171011097,ANN
0.2,56.932656353698476,13.42533427082888,7.9047714114593735,0.0739602444464828,0.02210716077863103,0.08537515689712363,0.02728685261805674,0.07710445522384034,0.016969454981034138,ANN
0.25,58.14075205171232,13.459176445961488,7.909303793711859,0.07430260454425278,0.022282547062009054,0.0849782584776435,0.027185544242814313,0.08178252119158488,0.016375928733684774,ANN
0.3,59.37258879962014,13.492218954858183,7.914111356315389,0.07468556235532796,0.022461206524524227,0.08439380353880967,0.027006330473881804,0.08354691285415981,0.015771611100019962,ANN
0.35,60.75226754004953,13.522923468147148,7.919836186755732,0.07517873388980913,0.02265113204855988,0.08433569788798692,0.026988072798465032,0.08478252658727803,0.01518348054582832,ANN
0.4,62.11575920100576,13.55838032845757,7.923650941818241,0.07546542908170696,0.022822065457850517,0.08432908762085109,0.027015227750699523,0.0856026719472517,0.014762616479526043,ANN
0.45,63.28986203212595,13.595811351666876,7.926667134293407,0.07569408768001382,0.022988343997934698,0.08393737960902664,0.026910379464799693,0.08670878904458461,0.014244629936384777,ANN
0.5,64.36144669324945,13.631270570831473,7.930460306583285,0.07598524722526478,0.02316149793185109,0.08348581440775299,0.026769228465410345,0.08768540950613221,0.01360793814377364,ANN
0.55,65.4977796722656,13.668398896658674,7.933568225842133,0.07623483247991453,0.023331145491639865,0.0829058095214558,0.026592534836257765,0.09017821974499954,0.013014411896424273,ANN
0.6,66.58231399696763,13.706464942219492,7.936239093955205,0.0764381000685253,0.02349484268083945,0.08245176443893386,0.02648388401306775,0.09514765314326105,0.012372324410655415,ANN
0.65,67.84436662655868,13.742659460067774,7.939568236633519,0.0766781985722996,0.02365941220651649,0.08242383979385706,0.026553187512731464,0.0993508981131261,0.01182196370856782,ANN
0.7,69.11613150383364,13.773201132536995,7.945109613506499,0.07718350756745963,0.02384889875409894,0.08283669364143799,0.026719202270857587,0.10173039879568128,0.011298581472268835,ANN
0.75,70.2891551963223,13.801667954742333,7.951438761580507,0.07778480015971251,0.0240473313053003,0.08312826363908526,0.026782410485701052,0.10481673528189799,0.010796782008600734,ANN
0.8,71.37692693691895,13.837970925932632,7.954573659305143,0.07806061349031204,0.024213007904045323,0.08300287119476885,0.026761325359587206,0.10850199370862178,0.010262608385986305,ANN
0.85,72.5440153669341,13.875119800457796,7.957314671429265,0.07827141467520626,0.02437123931519886,0.08295389741758895,0.02678259764405541,0.1112160273669557,0.009760808922318205,ANN
0.9,73.56110352716462,13.910981433840861,7.960541295937583,0.07851346633357255,0.024532442159481253,0.0828995328790535,0.026807411589414527,0.11254336788375519,0.009161886981811118,ANN
0.95,74.56740030107967,13.946876118478382,7.963746337673269,0.07876891105199829,0.024695809014251315,0.08293534922357776,0.02687153698002074,0.11343905294793696,0.008600734893408082,ANN
1.0,75.73125131520021,13.983121187063785,7.966800300000539,0.07899966231593941,0.024857580996488812,0.08323990612375762,0.027030831382083707,0.11484193316894455,0.008169079440790362,ANN
1.05,77.15193732362829,14.019280452533405,7.969865053714125,0.07923334331176854,0.025020020857252953,0.08360615391501386,0.027208139875203534,0.11616387799258632,0.007780589533434413,ANN
1.1,78.32010489227498,14.052406960764667,7.974127651308725,0.0795877013591751,0.025194902658554022,0.08386451394046282,0.0273332638326803,0.11741567880517771,0.007348934080816692,ANN
1.15,79.35931539445214,14.084725799622674,7.978687012027,0.07999507360265035,0.02537521942535515,0.08420537947633583,0.02747695151846264,0.12025381340613922,0.006890300162410364,ANN
1.2,80.39366977278736,14.121295115377578,7.981460398310069,0.08021075767402458,0.02553460865498693,0.08456579322934843,0.027668209938554813,0.1264156949922572,0.006469436096108086,ANN
1.25,81.50626170190954,14.157769780063864,7.984169036275245,0.08040816579885936,0.02568908164316979,0.08475971242833877,0.0277998283987167,0.13065131412106856,0.0060539677229635306,ANN
1.3,82.40572375130171,14.192443247907372,7.987552135885137,0.080677701132556,0.02584986814397616,0.0848198694385333,0.02787279124166905,0.13220527375049235,0.005703247667711632,ANN
1.35,83.44601339211042,14.22167664011031,7.993093512758117,0.08117170973329087,0.026033085284565584,0.0852642949570975,0.02801266074705763,0.1332682253025635,0.005363318998775178,ANN
1.4,84.59475646538934,14.254261825108838,7.997280570648508,0.08152467267027459,0.026203567080793026,0.08587568838259495,0.028259631362928042,0.13425563715042654,0.005066555875100495,ANN
1.45,85.67605337419671,14.288986182241823,8.00059352624735,0.08179448702605582,0.02636666377189404,0.08626455632108625,0.028440153816428195,0.13571786999616905,0.004748209978794926,ANN
1.5,86.37695391538473,14.322822689069849,8.00424101482197,0.08210392251784626,0.02653414303021214,0.08644352807570979,0.02855013602798755,0.136958879422445,0.004451446855120243,ANN
1.55,87.0751566099939,14.356730402876503,8.007834546465011,0.08241363703172129,0.02670208323241086,0.08662951229094246,0.028666453997701655,0.13889593326606703,0.004149288038287838,ANN
1.6,87.81382700328598,14.391920078120421,8.01086692601965,0.08266698908451274,0.02686388653926252,0.08683337911372183,0.02879819998384033,0.142732271101207,0.0037985679830359405,ANN
1.65,88.46238932084411,14.426415832052143,8.014104341914283,0.08293275762006767,0.027025143645321024,0.08709631843854834,0.028956818235363925,0.14597508268899764,0.003491013473045815,ANN
1.7,89.12767828719116,14.459700048875552,8.017789600341008,0.0832593529700593,0.02719217771439603,0.0874252840062234,0.029122748377754817,0.14727544474000853,0.00325899866726379,ANN
1.75,89.79890251601172,14.485035746665456,8.024631339265,0.08390389398542084,0.027390676347948353,0.08812125378694564,0.029324807785171624,0.1487430732789088,0.003075545099901259,ANN
1.8,90.42102593709701,14.51736719845335,8.028634943588028,0.08425141599175537,0.027560301771696608,0.08852401327127343,0.029501559499565545,0.15226646091090093,0.0028273432146460695,ANN
1.85,90.92552324734396,14.551645763582211,8.031769841312665,0.08451439430646458,0.027719354533185015,0.08879847837877933,0.029654467396899125,0.15745172203547128,0.002633098260968095,ANN
1.9,91.34099162048852,14.586568685276413,8.03457560175468,0.08474472703727885,0.02787361786600984,0.0889419823847358,0.02976771725226584,0.15972330885487204,0.0024388533072901212,ANN
1.95,91.75538085500153,14.620024102261882,8.03793711859194,0.08503239880647266,0.028033521833537696,0.08916156200713894,0.029893035877723552,0.16125029001850721,0.0022014428083503746,ANN
2.0,92.13631679193668,14.654511252067438,8.040856188590267,0.08526747491272467,0.02818854489564575,0.08933030790763591,0.03001544060090721,0.16331144480475684,0.002055759093091894,ANN
2.05,92.50268435734597,14.68979244847673,8.043413747147028,0.0854771600092806,0.028340713226066447,0.08941945846311787,0.030114163362103073,0.16550749191994948,0.0019316581504642994,ANN
2.1,92.86581450686062,14.723129904237101,8.046710515666396,0.08575520551655669,0.028499392214810324,0.0896080736733852,0.030236205709583637,0.1676172079446186,0.0017967658215212617,ANN
2.15,93.23703819611187,14.752491971161348,8.051550452428872,0.08619313067829258,0.02867311511525704,0.08998493704245973,0.030379142272078698,0.17081145829398975,0.0016564777994205026,ANN
2.2,93.62283025688896,14.785646027917146,8.054787868323505,0.0864657352549195,0.028828656646600344,0.09016816939267149,0.03049163678590937,0.176773699233272,0.0015431682431083509,ANN
2.25,93.94063658387874,14.820248489062147,8.057291469948687,0.08667430426313719,0.0289727610945494,0.09024984502277389,0.03058113031631634,0.18508306669616312,0.0014244629936384777,ANN
2.3,94.22067305876449,14.855148816745334,8.059573848154404,0.08685525008498216,0.02911116094025838,0.0902912214039468,0.030660019195169884,0.18748954584450692,0.0013489232894303767,ANN
2.35,94.49531384049253,14.886961057687595,8.063059465934291,0.08715673344736231,0.029261295153786726,0.09051984354568866,0.030777312789255103,0.1887683251228869,0.001278779278379997,ANN
2.4,94.78344385511484,14.920473627044522,8.065843643603676,0.08739139102048747,0.02940552849795938,0.09064782571371645,0.030871988092652354,0.18982588098180034,0.001224822346802782,ANN
2.45,95.02571047789654,14.95410972339289,8.068552281568852,0.08761223700042627,0.029548745550244476,0.09074191344242935,0.030958740418718225,0.19160645972384843,0.0011654697220678455,ANN
2.5,95.25610657573125,14.986824009920873,8.071595452509806,0.08787158802803602,0.02969567666926024,0.0908611952577588,0.03104370699649016,0.1932089805916917,0.001095325711017466,ANN
2.55,95.47840913382937,15.02055630875559,8.074196176611828,0.08807332099518164,0.029836974556776828,0.0909250752007595,0.031125070235422873,0.19550754587688107,0.0010413687794402508,ANN
2.6,95.6969347067171,15.05576148653645,8.076138626148609,0.08823110798400717,0.029972444086876125,0.09094705641696454,0.031201919800201212,0.20107050552249195,0.0009658290752321497,ANN
2.65,95.91438114097328,15.090930815192248,8.077962370435918,0.08836406200730579,0.030101100889405652,0.09094916108707758,0.031274023257886904,0.20726476126755625,0.0009172678368126561,ANN
2.7,96.15233120922879,15.124982365306781,8.080147626164795,0.08853300987951417,0.03023087028411672,0.09099729897532013,0.03135130534021595,0.21031872359482662,0.0008741022915508841,ANN
2.75,96.34118046974905,15.156732839522338,8.083201588492066,0.08878301366729079,0.03036763159397218,0.09114112567767373,0.03144072506353184,0.21250937501686154,0.000852519518919998,ANN
2.8,96.55592905742635,15.18935418214464,8.085861665218822,0.08899827920553813,0.030500440135458627,0.09122349348980163,0.031514003558017055,0.21524499144782636,0.0008147496668159475,ANN
2.85,96.74369917931507,15.222247261657365,8.088343684071374,0.0891966639076689,0.030629952316366286,0.0913038467802206,0.031591137348151103,0.21913528621454356,0.0007931668941850615,ANN
2.9,96.91204480583599,15.25486962970251,8.090874264162345,0.08939602518709565,0.030758312813616705,0.0913983184009799,0.03167264549376473,0.22101838312658836,0.0007769798147118969,ANN
2.95,97.04963498135788,15.288481657995717,8.092978584493856,0.08955534679738633,0.030882799270134115,0.09146999342840462,0.03175851394076278,0.2225345729039081,0.0007500013489232894,ANN
3.0,97.19046257277442,15.32111299480056,8.095444416266936,0.08973908284007706,0.031009633337741684,0.09156454126555855,0.031845861957986346,0.22454716645173822,0.0007068358036615174,ANN
3.05,97.34262111982216,15.354917208285364,8.097397657190031,0.08987929143757453,0.031131672488441203,0.0916074433949714,0.03192491858299821,0.22636551504589036,0.0006744616447151884,ANN
3.1,97.47697387944942,15.388581489660716,8.099377876578915,0.09002577803197487,0.03125434449812983,0.09166652367746614,0.03200900654530963,0.2277036469490053,0.0006528788720843023,ANN
3.15,97.61564319360286,15.420592715234465,8.10199478776041,0.0902356026395731,0.03138342472376911,0.09178798536321126,0.03209819462090901,0.22909573578369746,0.0006366917926111377,ANN
3.2,97.75323336912477,15.453918977023825,8.104034359774028,0.09036660350827969,0.031503965534997486,0.09182933892663757,0.03217877281734316,0.23345545585513644,0.0006259004062956948,ANN
3.25,97.89028397533089,15.488265212177646,8.105555945244506,0.09046635390351421,0.03161796306914178,0.09183930116909103,0.032252774514002616,0.23886194039917338,0.0006043176336648087,ANN
3.3,98.03596769058937,15.52203342349705,8.107234005816558,0.09056429065519903,0.031729752064027616,0.09184185878377263,0.03232166231892202,0.24116050568436273,0.0005881305541916443,ANN
3.35,98.17139958884819,15.554068546493369,8.10957034095385,0.09071858986796741,0.031846713579844324,0.09191013322780638,0.032399439469607,0.2425795729848435,0.0005827348610339228,ANN
3.4,98.30089622463349,15.585343839478968,8.112181856442188,0.09090748781922268,0.03196704098745722,0.09201698291836824,0.032482174155735,0.24412274122795186,0.0005773391678762012,ANN
3.45,98.42068061273491,15.617779044254066,8.114296968160014,0.09105913632218762,0.032083605396409295,0.0920905426356589,0.03256308195898188,0.24595188120841943,0.0005719434747184797,ANN
3.5,98.54262327809941,15.649680939841057,8.116590137752047,0.09122166668645088,0.03220093079543546,0.09217549607954793,0.03264473830978584,0.24749504945152778,0.0005611520884030367,ANN
3.55,98.63650833904377,15.680670249675167,8.119217840319857,0.09139842717702729,0.03231955981059024,0.09229284815596861,0.03273592865032076,0.24903821769463613,0.0005557563952453152,ANN
3.6,98.72229986025155,15.711581136833065,8.12184014719451,0.0915744901123923,0.032437784635459696,0.09241345490121061,0.03282872856277407,0.25174685565981236,0.0005503607020875936,ANN
3.65,98.79568128719656,15.742915085308178,8.124225043570222,0.09171679137552406,0.03255100388118339,0.09250777221315011,0.032920117564205195,0.2551515380423346,0.0005449650089298722,ANN
3.7,98.85665261987882,15.774640622088226,8.126404903605941,0.09185937166074039,0.032663359991433924,0.09261089305402426,0.03301450361080689,0.25666233212649664,0.0005449650089298722,ANN
3.75,98.9170843832453,15.805196244329517,8.129027210480594,0.09203124926483679,0.032778646231958974,0.09274386952205362,0.03311191741318816,0.2578817587801417,0.0005287779294567077,ANN
3.8,98.99208451813763,15.83569132490757,8.13164412166209,0.09220284784684865,0.032893841926408374,0.09286992086774043,0.033206066000674314,0.25980262554429057,0.0005287779294567077,ANN
3.85,99.04819972697793,15.865448587974145,8.134498443342524,0.09237626007241019,0.03300792191347661,0.09300703312650828,0.03330335159444529,0.26391953942363205,0.0005179865431412646,ANN
3.9,99.10377536650246,15.894960973523734,8.137374347795589,0.0925492537648449,0.0331198308465791,0.09314393414347316,0.033398561757216456,0.26667673862722774,0.0005179865431412646,ANN
3.95,99.16258842192163,15.9245239117706,8.140185503930763,0.09271164461806584,0.033229952137752754,0.09326778807384875,0.0334907649865287,0.26868933217505786,0.0005179865431412646,ANN
4.0,99.21168922965688,15.95430395639743,8.14286716343015,0.09286413018728454,0.03333841738073507,0.09338784128089107,0.03358430366979165,0.271128185482348,0.0005071951568258216,ANN
4.05,99.2656461612341,15.98419455924035,8.145451700452698,0.09299652616641398,0.03344378292101586,0.09348450903398342,0.033673085648235436,0.2736749526527925,0.0005071951568258216,ANN
4.1,99.30665342923278,16.013488543811725,8.148230482428925,0.09313240992160057,0.03354868832458756,0.0935935557680605,0.033765556741816416,0.2756875462006227,0.0005071951568258216,ANN
4.15,99.35197725175765,16.04237996508553,8.151127969654622,0.09327917553808551,0.033653933120653595,0.09371079842721525,0.03385705266164241,0.2777648880663454,0.0005071951568258216,ANN
4.2,99.39190538112479,16.07128133139202,8.153976895641899,0.09341171102825722,0.03375697325195623,0.09381688587776728,0.033947744708917676,0.28052208726994116,0.0005017994636681002,ANN
4.25,99.43291264912347,16.098601161775587,8.157370786638106,0.0935754969919011,0.03386032754778726,0.09395315718301299,0.03403829026107619,0.28624691771028365,0.0004910080773526571,ANN
4.3,99.47230120917484,16.125772374134797,8.160737699168523,0.09373844588929116,0.0339609082140308,0.09408986548778171,0.034126537472724254,0.2890958436975606,0.0004856123841949356,ANN
4.35,99.51007106127888,16.15336023037089,8.163888783972633,0.0938820027518035,0.03405852083216698,0.09420766963264202,0.03421221102473069,0.29121095541538744,0.0004856123841949356,ANN
4.4,99.54460349748831,16.17970634626727,8.167498502695148,0.09403239565538789,0.03415617552609346,0.09433433832911448,0.034298900126322904,0.293040095395855,0.0004802166910372141,ANN
4.45,99.58129421096082,16.205843586085184,8.171151386962926,0.09417678958415392,0.03425251399675337,0.0944538283565511,0.03438355252435108,0.29546276162367197,0.0004694253047217711,ANN
4.5,99.61366836990713,16.232246314472363,8.174653191822287,0.09432020693562398,0.034347821565174984,0.09457550782430652,0.03446854504258499,0.29735125422887454,0.0004694253047217711,ANN
4.55,99.63902812774843,16.258720454292273,8.178090248363755,0.09445762531227572,0.03444198042905255,0.09469691391933457,0.034555098917045536,0.29903471049408364,0.0004694253047217711,ANN
4.6,99.6703231480632,16.28512038756653,8.181521909212067,0.09459922902019607,0.0345360181666082,0.09481737096826581,0.03463906936448388,0.3013440671655884,0.0004640296115640496,ANN
4.65,99.69838075248337,16.311115963383354,8.18504529684406,0.0947388795735244,0.03462780905261369,0.09493789663047832,0.03472179469156356,0.3052235705459902,0.0004640296115640496,ANN
4.7,99.71672610921962,16.33621967476679,8.188865447599726,0.09487629795017614,0.034717736451171544,0.09506299606077659,0.03480584224899,0.3075599056832836,0.0004640296115640496,ANN
4.75,99.73237361937701,16.361911408216763,8.192410418004348,0.0950059037084599,0.034806117092083956,0.09518209137780854,0.03488921143567481,0.30929731888006995,0.0004640296115640496,ANN
4.8,99.74532328295554,16.387834800222322,8.195831287466344,0.09513453288944765,0.03489397519602556,0.09530190869896842,0.03497290595237988,0.310748760339497,0.0004640296115640496,ANN
4.85,99.76043122379717,16.413229562636538,8.199424819109387,0.09526860300108451,0.034981606883722184,0.09542578372969727,0.035055656444303855,0.3133548801346765,0.0004640296115640496,ANN
4.9,99.77446002600723,16.43881121728202,8.202894249809802,0.09539332587288826,0.03506710216478277,0.09554170579996213,0.03513703204267871,0.3153566822961912,0.00045863391840632805,ANN
4.95,99.78525141232268,16.46337322870748,8.206735983338099,0.09552641940722917,0.03515276719924036,0.09566726990564252,0.03521917772011566,0.31722359212876283,0.0004478425320908851,ANN
5.0,99.79334495205927,16.488774784044935,8.210200018345358,0.09565365347779402,0.0352369386361077,0.09578868615301434,0.03530071295010523,0.3194466177097441,0.0004478425320908851,ANN
5.05,99.79820107590122,16.513699101184113,8.213815132761031,0.09578744456734635,0.03532090531420928,0.09592032344465529,0.03538360839016524,0.3210815127365337,0.0004478425320908851,ANN
5.1,99.80197806111161,16.539698324076827,8.216971613258297,0.09590100655576721,0.0354025434086729,0.09603145918709384,0.035464072865878216,0.32237108340122916,0.0004478425320908851,ANN
5.15,99.80737375426935,16.564884876700663,8.220430252572397,0.09603047280300865,0.03548560138754164,0.09615724176109333,0.03554538523622434,0.32335849524909216,0.0004478425320908851,ANN
5.2,99.81546729400593,16.59108559826209,8.223462632127037,0.09614026799328776,0.035566728540933554,0.09626139978701664,0.03562385023725668,0.3247397926974689,0.00044244683893316354,ANN
5.25,99.82463997237406,16.616048369809434,8.226953645600082,0.09626485135404919,0.03564856678993014,0.09637917357087263,0.03570259348806968,0.3268764871879266,0.00043705114577544205,ANN
5.3,99.8311148041633,16.64163844600405,8.23015329164261,0.09638413329520377,0.035728986625991034,0.09649408332072207,0.035780874238116774,0.3286732530094479,0.0004316554526177205,ANN
5.35,99.84082705184721,16.666210778910745,8.233725240513023,0.09650536839095035,0.035808931954926446,0.09660752234676122,0.03585745200627664,0.3303513135814993,0.00042086406630227754,ANN
5.4,99.84568317568916,16.691483829566824,8.236984239180286,0.09662897517441575,0.035888522298883625,0.09672787907936901,0.03593543372198421,0.33197541722197343,0.000404676986829113,ANN
5.45,99.85107886884688,16.7176987243237,8.23983856086072,0.09673556161072232,0.03596607542137352,0.09683079474972574,0.036011180838800436,0.33325419650035343,0.000404676986829113,ANN
5.5,99.85431628474151,16.743116172606616,8.242984249971673,0.09686181910399118,0.03604516308405715,0.0969543764880068,0.036089147173677776,0.3346840551871496,0.00039388560051367,ANN
5.55,99.85593499268883,16.767269854914822,8.246610155773661,0.09698821610830233,0.03612399060892029,0.09707952388877482,0.036167433202568926,0.33577398520500934,0.00038848990735594846,ANN
5.6,99.85809326995192,16.790240177087522,8.250689299800898,0.09712256524202381,0.036203546258756616,0.09721252455827525,0.03624628676791679,0.33695024631339265,0.00038848990735594846,ANN
5.65,99.85971197789925,16.814897936059058,8.254061608024475,0.09723947549545951,0.036280856462992866,0.09732844237679185,0.036323073794656796,0.3387308250554407,0.00038848990735594846,ANN
5.7,99.85971197789925,16.839782224566093,8.25731521099858,0.09736587249977069,0.0363586838509463,0.09745459782896479,0.03640089719143858,0.3396534885854111,0.000383094214198227,ANN
5.75,99.86025154721501,16.865018935145326,8.260412338871113,0.09747817888881097,0.03643528406237297,0.09756541716286457,0.03647722286416878,0.34036032438907265,0.0003776985210405055,ANN
5.8,99.8624098244781,16.88832129351755,8.264270259478884,0.09761517873233581,0.036514533836270666,0.0977004971309394,0.0365557102291929,0.34099701618168377,0.0003776985210405055,ANN
5.85,99.86348896310965,16.909896049443805,8.26880264173137,0.09777157061073849,0.03659577641757759,0.0978557676248109,0.036636557122210936,0.34215169451743616,0.00037230282788278395,ANN
5.9,99.86510767105696,16.932816438313154,8.272768476202295,0.09791191871927825,0.036675067471147065,0.09799457946975139,0.036715261881679506,0.3436570929084405,0.00036690713472506246,ANN
5.95,99.8661868096885,16.95728878322733,8.276086827494295,0.09803147968251742,0.03675200291778985,0.09811338141934785,0.03679183180267368,0.34484414540313924,0.0003615114415673409,ANN
6.0,99.8661868096885,16.980867420841847,8.27973971176207,0.09816708441561944,0.0368303016250858,0.09824916785260826,0.036870156192401984,0.34608515482941515,0.00035611574840961944,ANN
6.05,99.86780551763582,17.00241276709923,8.284180367230876,0.09832431336027582,0.036910410316744975,0.09840501244813277,0.03694968346869578,0.3474286824256878,0.00035072005525189795,ANN
6.1,99.86888465626737,17.024830982911418,8.28824332417864,0.09847540381907159,0.0369895043540187,0.09855551733751149,0.03702841888906605,0.3487452315561719,0.00035072005525189795,ANN
6.15,99.872122072162,17.04653452051277,8.292570670091134,0.09863249325268572,0.037069067957148545,0.09870989255305354,0.03710680294810353,0.34972724771087715,0.00035072005525189795,ANN
6.2,99.87481991874087,17.07000605445451,8.296169597427333,0.09876684238640715,0.037146321403298356,0.09884230244028937,0.03718312015806843,0.3507632207971597,0.0003453243620941764,ANN
6.25,99.87481991874087,17.09133330697152,8.30060485720298,0.09892797764024755,0.0372260548533428,0.09900363965618769,0.03726286964818638,0.3520312086892243,0.0003453243620941764,ANN
6.3,99.87697819600395,17.113201739480413,8.30479731078653,0.0990804632094662,0.037304618431438084,0.09915459269063504,0.03734066705623692,0.35330998796760427,0.0003399286689364549,ANN
6.35,99.8780573346355,17.13419909572203,8.309313505959542,0.09925052717001291,0.03738462343963154,0.09932393264436243,0.037420287309079606,0.3545240189280916,0.0003291372826210119,ANN
6.4,99.87913647326704,17.15367949998035,8.31441243599359,0.09943816952188761,0.03746609880793651,0.09951100828160706,0.037501388707549065,0.35571646711594807,0.00031834589630556887,ANN
6.45,99.88129475053013,17.17212103620736,8.31990525162815,0.09963599617984925,0.03754844343558047,0.099708456218634,0.03758329028012122,0.3568010014406501,0.00031834589630556887,ANN
6.5,99.88129475053013,17.191224874411986,8.325112095525352,0.09982461510901997,0.037629806967428216,0.09989660093024262,0.03766459726224808,0.3578046003679863,0.00031834589630556887,ANN
6.55,99.88345302779321,17.209784103055306,8.33051858006939,0.10002760367554617,0.03771260181823472,0.10009822648379132,0.0377466282094368,0.35854920602375184,0.00031834589630556887,ANN
6.6,99.88399259710899,17.22692897408512,8.336475425315513,0.1002497052548656,0.03779742035696703,0.10032018496310459,0.03783126331356121,0.35927762460004425,0.00031834589630556887,ANN
6.65,99.88453216642476,17.245101581713264,8.342006010802178,0.10046483128207065,0.03788174161339092,0.10053501775614604,0.03791538443971236,0.3600869785737025,0.0003075545099901259,ANN
6.7,99.88507173574052,17.261459352483197,8.348248827785662,0.10069558254601176,0.03796781725392602,0.10076563111495246,0.03800129816116309,0.36076144021841766,0.0002913674305169614,ANN
6.75,99.88669044368785,17.27804583475406,8.35438373090599,0.10092898451975635,0.03805428747237297,0.1009985029196804,0.03808755341696785,0.3616733123620726,0.0002913674305169614,ANN
6.8,99.8877695823194,17.29503224407536,8.360340576152115,0.10116071236099344,0.03814066386560763,0.1012292603160027,0.038173505604828906,0.36256360173309665,0.0002913674305169614,ANN
6.85,99.8877695823194,17.311722957413025,8.366399939568236,0.10139802064392202,0.03822775594296222,0.10146571788791357,0.03826049825919568,0.363254250457285,0.0002913674305169614,ANN
6.9,99.8877695823194,17.326221261900184,8.373322613889593,0.10167313641931011,0.038318789920258604,0.10174086343821741,0.03835151910662441,0.36386935947726523,0.00028057604420151836,ANN
6.95,99.8877695823194,17.339197561267365,8.380844210151457,0.10197210858292909,0.03841259211295388,0.10203961284537472,0.03844528551274091,0.36436576324777564,0.00026978465788607533,ANN
7.0,99.8877695823194,17.353619849348878,8.387777675859128,0.10225587404293894,0.03850538992940894,0.10232369713436865,0.0385380994127718,0.36487295840460143,0.00026438896472835385,ANN
7.05,99.8877695823194,17.366815960571856,8.395191358257838,0.10254270874587905,0.03859893847344085,0.10261085411478729,0.038631663858868806,0.36537475786826956,0.00026438896472835385,ANN
7.1,99.88884872095095,17.38319660470427,8.40132086568501,0.10279996710785452,0.03869007510982364,0.10286784886051197,0.03872254011083123,0.3659035357977263,0.00026438896472835385,ANN
7.15,99.88938829026671,17.399782548300312,8.4073586463285,0.10306127129005625,0.03878208361907967,0.10312846774123847,0.03881430586304217,0.36636216971613256,0.0002589932715706323,ANN
7.2,99.88938829026671,17.415419134610556,8.413768729799873,0.10334936159237697,0.03887727391835664,0.10341687705803553,0.03890951031538881,0.36665893283980727,0.0002589932715706323,ANN
7.25,99.88992785958249,17.43163383329013,8.419941402772308,0.10361303746229757,0.03897075716503355,0.10368140217902111,0.03900317883831357,0.36700965289505916,0.0002535975784129108,ANN
7.3,99.89208613684556,17.448666210088287,8.425779542768963,0.10386736609238506,0.039063925822259364,0.10393488270594652,0.03909585581473442,0.36737116433662653,0.00024820188525518933,ANN
7.35,99.89262570616134,17.466692155824664,8.431213005778787,0.1041186254795422,0.03915739872212011,0.10418557144554755,0.03918910057682286,0.36772728008503613,0.0002428061920974678,ANN
7.4,99.89262570616134,17.48462228147155,8.43667884294756,0.10436793171210738,0.039251350868934234,0.10443444735164799,0.03928299749108237,0.36801325182239536,0.00023741049893974628,ANN
7.45,99.89262570616134,17.500220208208074,8.44307273933946,0.10465811468006238,0.0393500048387795,0.10472438359242496,0.03938161341207966,0.3682452666281774,0.00023741049893974628,ANN
7.5,99.89316527547712,17.51670645768346,8.449105124289792,0.10492137201685614,0.039446736894861716,0.10498665851405731,0.03947808260688137,0.36856361252448294,0.00023741049893974628,ANN
7.55,99.89316527547712,17.53370346456901,8.454927077206973,0.10519230246097565,0.03954491294933694,0.10525787871553188,0.03957627100209457,0.36886037564815766,0.00023741049893974628,ANN
7.6,99.89316527547712,17.551213204680735,8.460538598091004,0.10543016878807335,0.039640619340368284,0.1054957201177519,0.039671958879991205,0.3691517430786746,0.00023741049893974628,ANN
7.65,99.89370484479288,17.570446751452526,8.465454074557687,0.10566231516243735,0.03973644929575827,0.10572740402730962,0.03976757112195387,0.3695078588270842,0.00023741049893974628,ANN
7.7,99.89370484479288,17.59047518175839,8.47004580943491,0.10588511429696816,0.03983208620691622,0.10595016091954021,0.039863186542571365,0.3697128951670776,0.00022661911262430328,ANN
7.75,99.89424441410866,17.609590138044517,8.474999055753697,0.10613497857370248,0.039931146167138526,0.1061990191479823,0.039961975855958405,0.36991793150707103,0.00021043203315113877,ANN
7.8,99.89478398342443,17.62883015841316,8.479898345140908,0.1063676829922356,0.04002935490280513,0.1064315347038425,0.040059981892157634,0.3701931118581149,0.00020503633999341726,ANN
7.85,99.89586312205597,17.64647950270922,8.485428930627574,0.10663247495049452,0.04013145836375571,0.10669559261099709,0.04016202815262306,0.3703495869596888,0.00020503633999341726,ANN
7.9,99.89640269137175,17.66585926095361,8.490263471696892,0.10686476083590078,0.040231259492872797,0.1069276827499041,0.040261627537823155,0.3706571414696789,0.00019964064683569574,ANN
7.95,99.89640269137175,17.68677575395013,8.494477508053071,0.10707305082203383,0.04032948881203356,0.10713590943119028,0.04035983358645152,0.3708783648891455,0.00019964064683569574,ANN
8.0,99.89640269137175,17.706854673467415,8.499020681691874,0.10729822164428353,0.040430114763553,0.10735991720904606,0.04046032904737286,0.3712290849443974,0.00019964064683569574,ANN
8.05,99.89640269137175,17.72491132088918,8.504367813611175,0.107559386315443,0.040535051660092046,0.10762079409747163,0.040565219301792986,0.3714287255912331,0.00019964064683569574,ANN
8.1,99.89694226068751,17.7420544207202,8.510076456972046,0.10784189617607225,0.04064295077349931,0.10790413135863283,0.0406733733323597,0.371585200692807,0.00019964064683569574,ANN
8.15,99.89748183000329,17.76175360282675,8.514759918632947,0.10808129712463513,0.04074762457918264,0.10814431240716638,0.04077813463179743,0.37174167579438094,0.00019424495367797423,ANN
8.2,99.89748183000329,17.782210087060854,8.51913582578386,0.10831623371984479,0.040852727330461865,0.10837851252275268,0.04088314800484366,0.3720006690659516,0.00019424495367797423,ANN
8.25,99.89748183000329,17.80264143152885,8.52351712862793,0.10853498703414934,0.0409571258964765,0.1085972110206705,0.040987522617053365,0.37221649679226043,0.00018345356736253123,ANN
8.3,99.89748183000329,17.821578644474148,8.528491957719348,0.10880173214700027,0.04106707690098465,0.1088636712595129,0.041097426887169795,0.37241613743909613,0.00018345356736253123,ANN
8.35,99.89856096863483,17.83844371412231,8.534292327863898,0.10911702710256675,0.04118271943629792,0.10917936726349618,0.04121304366202522,0.37258340392698547,0.00018345356736253123,ANN
8.4,99.89856096863483,17.85689205955698,8.539456006215838,0.10939646772026566,0.04129588167707451,0.10945881232547461,0.04132619844094253,0.3727614618011903,0.00018345356736253123,ANN
8.45,99.89964010726638,17.875829537873187,8.544420043920942,0.10964396030928115,0.04140690732156842,0.10970634870670332,0.041437112809006665,0.37295031106171056,0.00018345356736253123,ANN
8.5,99.90071924589793,17.893907169168696,8.549724010294982,0.1099090312896246,0.04152059945745613,0.1099711963013573,0.04155055576982521,0.37322009571959663,0.00018345356736253123,ANN
8.55,99.90071924589793,17.91092012272103,8.555448840735325,0.11022446575623335,0.041640127864288994,0.11028596669709258,0.04167001471214421,0.3733981535938014,0.0001726621810470882,ANN
8.6,99.90179838452947,17.928720006759548,8.560855325279363,0.11051841552233006,0.041758601832475754,0.11057929339836133,0.041788078393557505,0.3736355640927412,0.0001726621810470882,ANN
8.65,99.90179838452947,17.946374005688256,8.566315766754975,0.11083064123496625,0.04187984980445123,0.11089070883765144,0.04190924102158415,0.37380822627378824,0.0001618707947316452,ANN
8.7,99.90233795384525,17.966190350546178,8.570907501632197,0.1110839932877577,0.04199642788966485,0.1111439889388178,0.04202576179442793,0.3740348453864126,0.0001564751015739237,ANN
8.75,99.90341709247679,17.983432739333985,8.576524418209384,0.11139677704456301,0.04211978514173668,0.11145713133931753,0.0421490816216861,0.37425606880587914,0.0001564751015739237,ANN
8.8,99.90665450837142,18.00127283008982,8.581898528594476,0.11169909747319685,0.042243199858193414,0.11175947392525384,0.042272283441998314,0.3744395223732417,0.0001564751015739237,ANN
8.85,99.90773364700296,18.01827944140082,8.587601776262188,0.11203183130904909,0.042370629799514906,0.11209130789254815,0.042399289201942345,0.3746499544063928,0.00015107940841620218,ANN
8.9,99.90827321631873,18.033763776441617,8.593909341563563,0.11239539708524655,0.04250213146566177,0.1124547417356599,0.04253060635906261,0.3748873649053326,0.00015107940841620218,ANN
8.95,99.90935235495027,18.047578272475505,8.60088057712334,0.11279021333491605,0.04263778818247016,0.1128498186590338,0.042666262472908396,0.37510319263164144,0.00015107940841620218,ANN
9.0,99.90989192426605,18.062705228606614,8.60732303475366,0.11316228928469295,0.04277240487943294,0.11322134145577478,0.042800654827756114,0.37530822897163485,0.00015107940841620218,ANN
9.05,99.91043149358183,18.077779106679664,8.613781679463452,0.113540782742415,0.04290876250156076,0.11359970240917656,0.042936849202393365,0.3756103877884672,0.0001456837152584807,ANN
9.1,99.91097106289759,18.091447430230648,8.620796080568491,0.11395959489135772,0.043050105863174,0.1140184138944094,0.04307802071103606,0.3759017552189842,0.0001456837152584807,ANN
9.15,99.91097106289759,18.10649029633662,8.627254725278283,0.11435036532080094,0.04318985271583577,0.11440911362654452,0.04321776553514249,0.3762524752742361,0.0001456837152584807,ANN
9.2,99.91151063221336,18.119547560224724,8.634501141189103,0.11479191776963625,0.04333563022648224,0.11485057891979758,0.04336336833565447,0.37650607285264903,0.00014028802210075918,ANN
9.25,99.91205020152914,18.132553340783648,8.641763744179396,0.11525076958771505,0.04348431941085676,0.11530907477453149,0.04351184796496798,0.37671110919264245,0.00013489232894303767,ANN
9.3,99.91205020152914,18.14619550128098,8.64876735389812,0.1156934381248887,0.04363268593391437,0.11575185371280443,0.04366022881149382,0.3769754981573708,0.00013489232894303767,ANN
9.35,99.91205020152914,18.160120636807726,8.655652258367372,0.11612982866515946,0.04378166047101779,0.11618862839552843,0.04380924722022353,0.3773046354399918,0.00013489232894303767,ANN
9.4,99.91205020152914,18.17191007520201,8.663384286662387,0.1166355561934464,0.043938522246760904,0.11669466146784031,0.043966146836675615,0.37766614688155914,0.00013489232894303767,ANN
9.45,99.91366890947646,18.181519834708972,8.671979625862637,0.11718118387982712,0.04410040282423709,0.11723887002964795,0.044127605670793185,0.3781085937204923,0.00013489232894303767,ANN
9.5,99.91474804810801,18.192858185891122,8.679873524952383,0.11767881976766142,0.0442587332268057,0.11773636242473334,0.04428571016935057,0.37863197595679127,0.00013489232894303767,ANN
9.55,99.91636675605533,18.202921901511193,8.688269223505797,0.11821049634981355,0.04442155461565672,0.11826895030727191,0.04444880509784918,0.3790042787846741,0.00013489232894303767,ANN
9.6,99.91744589468686,18.216484208094737,8.695256646145047,0.1186641862593278,0.04457798154200619,0.11872243585700398,0.04460522490010814,0.3794629127030804,0.00012949663578531615,ANN
9.65,99.91744589468686,18.230253395325715,8.702152342000614,0.1191181551909266,0.04473558485393031,0.11917622136299812,0.04476281701501516,0.3799647121667485,0.00012949663578531615,ANN
9.7,99.91798546400264,18.243172018663156,8.709377175138805,0.11960602530580092,0.04489754459323105,0.11966398799012858,0.04492459239090703,0.3805690298004133,0.00012949663578531615,ANN
9.75,99.91906460263418,18.256429010710377,8.716456324561735,0.12008161844895404,0.04505945086029794,0.12013937210219076,0.045086248282759415,0.38098449817355784,0.00012410094262759467,ANN
9.8,99.91960417194996,18.270527635135846,8.723190149622571,0.12052847231739626,0.045219770471554205,0.12058593675479523,0.04524647731300835,0.3814539234782796,0.00011330955631215164,ANN
9.85,99.92176244921303,18.285275942256693,8.729654190025522,0.12096290970307501,0.045380031351565125,0.12101880778452168,0.045406199418174496,0.3819773057145786,0.00011330955631215164,ANN
9.9,99.92230201852881,18.299918297616824,8.736150604587419,0.12139832366604972,0.04554154357950665,0.12145376721079547,0.04556749662579487,0.382473709485089,0.00010791386315443013,ANN
9.95,99.92284158784457,18.312413347716614,8.743494142975077,0.1218928903109538,0.045709901544111815,0.12194917686700144,0.045736025264536455,0.38308342281191154,0.00010791386315443013,ANN
10.0,99.92338115716035,18.325827065415318,8.750459982841695,0.12235271870632862,0.04587608608463128,0.12240981628696856,0.04590243251526712,0.3835852222755796,0.00010791386315443013,ANN
10.05,99.92446029579189,18.339938260960093,8.757134455277797,0.1227955267545445,0.04604172962937318,0.12285191634673015,0.046067660233033145,0.3842542882271371,0.00010791386315443013,ANN
10.1,99.92553943442344,18.354267515361684,8.76371180523706,0.12323080120647695,0.04620786575288358,0.12328688649261586,0.04623377663876984,0.38461579966870446,0.00010791386315443013,ANN
10.15,99.9260790037392,18.370236284323845,8.769625484937922,0.12363398811868367,0.04637220371059384,0.12369026441175833,0.046398067425432184,0.38509601635974167,0.00010791386315443013,ANN
10.2,99.92715814237076,18.387608622342995,8.774967221164067,0.12399057834276679,0.04653321641138905,0.12404605803518395,0.04655865287111459,0.38569493830024876,0.00010791386315443013,ANN
10.25,99.92715814237076,18.403867593075564,8.780740612842829,0.1243826043715906,0.04669872141378735,0.12443781138025246,0.04672414700162221,0.38640716979706796,0.00010791386315443013,ANN
10.3,99.92769771168653,18.41966169650579,8.786686666702638,0.12476863142559608,0.046864750514305165,0.12482456272442075,0.046890283073993955,0.3869953003512596,0.00010791386315443013,ANN
10.35,99.92769771168653,18.433955935704976,8.793220851116638,0.1252069751204588,0.04703703214639721,0.12526322358112088,0.047062612920726894,0.3876427835301862,0.00010251816999670863,ANN
10.4,99.92823728100231,18.45017370625306,8.79897266002277,0.12558686368860375,0.047204806453607674,0.1256428482073434,0.047230193013677556,0.3882417054706933,0.00010251816999670863,ANN
10.45,99.92877685031807,18.46732076501121,8.804341374714703,0.1259239223667668,0.04736963781567676,0.12597904987554065,0.047394764592463993,0.3888460231043581,0.00010251816999670863,ANN
10.5,99.92931641963385,18.484149880140453,8.809823398962948,0.12627451361603168,0.0475368795497679,0.12632809200764566,0.047561684274762546,0.38953127613538874,9.712247683898712e-05,ANN
10.55,99.93039555826539,18.498936733538358,8.816109381491694,0.1267009988723001,0.0477126544768201,0.1267526724692771,0.04773690923005413,0.3901949463937885,9.712247683898712e-05,ANN
10.6,99.93039555826539,18.51250422792082,8.822870185018319,0.12717603397128413,0.0478943630295622,0.12722789883587826,0.04791864866702339,0.39084242957271503,9.712247683898712e-05,ANN
10.65,99.93147469689694,18.528654518954113,8.828584224072346,0.12755843373819017,0.04806830010813313,0.12760988494973163,0.04809228126643437,0.391522286910588,9.712247683898712e-05,ANN
10.7,99.93147469689694,18.54595259349766,8.833823442128493,0.12789535290531098,0.048238915280914216,0.12794508065613425,0.04826274102477288,0.39238020212266567,9.712247683898712e-05,ANN
10.75,99.93255383552848,18.5625953933671,8.839310862069896,0.12825305921773236,0.04841271666389456,0.12830136754351865,0.04843602053235785,0.39297912406317276,9.172678368126562e-05,ANN
10.8,99.93255383552848,18.577990656310206,8.845283894395493,0.1286600129280808,0.048592511643643164,0.12870859591378342,0.04861585120804056,0.39382085219577734,9.172678368126562e-05,ANN
10.85,99.93309340484426,18.591783627121732,8.851877431434229,0.12912751443078133,0.04877913717625239,0.1291766927093176,0.048802686734425324,0.394835242509429,9.172678368126562e-05,ANN
10.9,99.93363297416002,18.607013552005053,8.857877442225616,0.12954004858282114,0.048961487081204506,0.1295883845580692,0.04898476581635199,0.3957633017325571,9.172678368126562e-05,ANN
10.95,99.93471211279157,18.621905721468934,8.863996158266472,0.12993109803434896,0.049142893326154645,0.12997898814331682,0.049166028771935814,0.3965025116951649,8.63310905235441e-05,ANN
11.0,99.93525168210734,18.63589894973127,8.870460198669422,0.1303496311612071,0.04932819971352069,0.13039723025921504,0.04935111688967106,0.39728488720303456,7.553970420810109e-05,ANN
11.05,99.93579125142311,18.649603024839454,8.877021361549211,0.13080192596029847,0.049517879301197144,0.13084897202155346,0.049540550632597685,0.39839100430036745,7.553970420810109e-05,ANN
11.1,99.93633082073889,18.663722420411958,8.883393675168481,0.13122143566445263,0.049705306145856,0.1312683217234025,0.04972785767398407,0.3994593515455963,7.553970420810109e-05,ANN
11.15,99.93740995937043,18.67823037631069,8.889587930913544,0.13164220096798734,0.04989378523975958,0.13168904988203026,0.04991623231679865,0.4006895695855568,7.553970420810109e-05,ANN
11.2,99.93902866731774,18.694489909536316,8.895059163775475,0.1320056272331425,0.050077647903763324,0.13205182127200088,0.05009975897890263,0.40160683742236947,7.553970420810109e-05,ANN
11.25,99.94118694458083,18.7083508359078,8.901469247246848,0.13244662163780868,0.05027005903724087,0.13249217777393857,0.050291650338352645,0.402739932985491,7.553970420810109e-05,ANN
11.3,99.94226608321239,18.722913628535032,8.907577171901389,0.1328612484554828,0.050460935475806594,0.1329054739183484,0.05048208893731028,0.4038946113212434,7.553970420810109e-05,ANN
11.35,99.94334522184393,18.737113650386434,8.913803801805399,0.1332814557148484,0.0506531580008584,0.13332518228345602,0.05067405009364065,0.40532447000803956,7.014401105037959e-05,ANN
11.4,99.9438847911597,18.749679316881625,8.920656332115705,0.1337609551671855,0.05085190353260907,0.13380437076267754,0.05087259132017116,0.40677051577430895,7.014401105037959e-05,ANN
11.45,99.9438847911597,18.760644913964402,8.928118575752833,0.13428984152849197,0.05105613300270632,0.1343335540763055,0.05107686804637732,0.40828130985847094,7.014401105037959e-05,ANN
11.5,99.94550349910702,18.77248105842156,8.935203120868922,0.1347839896402691,0.05125774880121556,0.13482635432322707,0.051277917334626666,0.4097543340905289,7.014401105037959e-05,ANN
11.55,99.94604306842278,18.78418528491086,8.942309248757642,0.13527939335142683,0.051460163732998644,0.13532143719531614,0.05148011325298251,0.41129210664047955,7.014401105037959e-05,ANN
11.6,99.94658263773856,18.79447329047199,8.949949550268975,0.1358148367317207,0.05166710837640778,0.1358565757906216,0.051686834383673816,0.4130511026098968,7.014401105037959e-05,ANN
11.65,99.94820134568587,18.805995492457406,8.957061073850852,0.13629880053741103,0.05186959226647645,0.13633914848545375,0.051888929572444176,0.4147885158066831,7.014401105037959e-05,ANN
11.7,99.94982005363319,18.816522650693134,8.964534108874297,0.13684010338148087,0.05207809913586805,0.13688032960483695,0.05209712588649111,0.41670938257083195,7.014401105037959e-05,ANN
11.75,99.94982005363319,18.82724245423676,8.971888438648271,0.13734806308644434,0.05228364969539544,0.13738854433167783,0.052302714222411104,0.41898636508339043,7.014401105037959e-05,ANN
11.8,99.9514387615805,18.83870065322062,8.978902839753308,0.13783328249151525,0.052487111107815544,0.13787317026824222,0.05250574637288785,0.42119859927805625,5.935262473493657e-05,ANN
11.85,99.9514387615805,18.850494979984042,8.985739182984142,0.13831905994075527,0.05269078686210602,0.13835918373163897,0.05270945776874449,0.42332989807535626,5.935262473493657e-05,ANN
11.9,99.95251790021204,18.86108943801292,8.993007181667593,0.13884194732724336,0.05289802060925237,0.13888096529460983,0.05291625545829558,0.42596299633632434,5.935262473493657e-05,ANN
11.95,99.95305746952783,18.86932554265779,9.001165469722068,0.1394306839256905,0.05311142399872006,0.1394690891031385,0.053129401246755005,0.4286770299946583,5.935262473493657e-05,ANN
12.0,99.9535970388436,18.87911691134643,9.008649296131827,0.13996808046057635,0.05331966758479494,0.14000612181573788,0.053337400852465605,0.4311482574608947,5.935262473493657e-05,ANN
12.05,99.95575531610669,18.887085998345153,9.016812979879461,0.1405615604344612,0.053533306028485446,0.14059781844092606,0.053550172420851215,0.43371121171081245,5.3956931577215064e-05,ANN
12.1,99.95683445473823,18.89832697326012,9.023616948951346,0.14102180736296288,0.05373388899182127,0.14105730450788917,0.0537505384591852,0.43615546071126027,5.3956931577215064e-05,ANN
12.15,99.95683445473823,18.909467160376693,9.030410126636918,0.14146322030075592,0.05393245498339427,0.14149834978111017,0.0539490753486577,0.43871841496117797,4.856123841949356e-05,ANN
12.2,99.957374024054,18.920678249459986,9.037122368925123,0.14189737866435012,0.05413004436381269,0.1419320690511406,0.054146411905360535,0.44163748495950533,4.316554526177205e-05,ANN
12.25,99.95845316268554,18.93205096349267,9.043710510270701,0.14233293213836715,0.054327200017933584,0.14236752739992226,0.054343414932390144,0.4444162669357319,3.7769852104050545e-05,ANN
12.3,99.95845316268554,18.943546385107055,9.050196133446283,0.14275146526522525,0.05452238759488104,0.1427862344863324,0.05453862457854137,0.44700619965143823,3.7769852104050545e-05,ANN
12.35,99.95953230131708,18.95580332213171,9.056325640873455,0.14312047197207187,0.054712518448106935,0.14315370952941298,0.05472826035463466,0.4497202333097721,3.7769852104050545e-05,ANN
12.4,99.96061143994864,18.967536843414482,9.0626116234022,0.14349952347396305,0.0549032968202578,0.14353108582532653,0.05491844389095844,0.45240728850231743,3.7769852104050545e-05,ANN
12.45,99.9611510092644,18.978325593735853,9.069215951827251,0.14392656677440063,0.055098114834811925,0.14395765990683412,0.055112989328826835,0.4554072938980106,3.7769852104050545e-05,ANN
12.5,99.9611510092644,18.988478359595792,9.076019920899139,0.14436351535884057,0.05529349856006884,0.14439477830736094,0.055308388089598017,0.45805118354529417,3.7769852104050545e-05,ANN
12.55,99.9611510092644,18.999657909018335,9.08235986035946,0.1447609823183135,0.0554847210391687,0.14479239973874694,0.055499623281809324,0.4607004688857354,3.7769852104050545e-05,ANN
12.6,99.96169057858017,19.011206759882693,9.088500159172948,0.14516709896240818,0.05567649489852567,0.14519844872666815,0.055691423742389994,0.46320407051091816,3.7769852104050545e-05,ANN
12.65,99.96223014789595,19.024435603874245,9.0939174351033,0.14548602120507406,0.05585954239014366,0.14551782423905474,0.05587449501898348,0.4658263773855708,3.7769852104050545e-05,ANN
12.7,99.96276971721171,19.03727375317186,9.099442624896808,0.1458006186054291,0.056041980638164256,0.14583189290957768,0.05605665298530753,0.46805479865970984,3.7769852104050545e-05,ANN
12.75,99.96276971721171,19.049603371305636,9.105124289791888,0.14611647160516472,0.05622441291487951,0.14614730529406683,0.05623904104331002,0.470628544295943,3.7769852104050545e-05,ANN
12.8,99.96330928652749,19.060580239118366,9.111296962764321,0.14647152720778273,0.05641038788659605,0.14650184192373086,0.056424752865741834,0.4729648794332364,3.237415894632904e-05,ANN
12.85,99.96330928652749,19.070850637721097,9.117701650542537,0.14684388217964417,0.056597770086854626,0.14687433356543322,0.05661214440809743,0.4757328700231475,3.237415894632904e-05,ANN
12.9,99.96384885584327,19.082460276079892,9.12351820776656,0.1471795457473844,0.05678124519654073,0.14720946530933898,0.05679533550607026,0.4780853922399141,3.237415894632904e-05,ANN
12.95,99.96654670242214,19.094621921839785,9.129070376025856,0.14749121341585147,0.05696240633742428,0.14751824136535127,0.05697544684686104,0.4801141728672174,3.237415894632904e-05,ANN
13.0,99.96654670242214,19.106617371232627,9.13464952275094,0.14781306539040534,0.05714474303372288,0.14783880546874575,0.05715765256180501,0.4822238888918865,3.237415894632904e-05,ANN
13.05,99.9670862717379,19.117558875260542,9.140600972303908,0.14815737864276732,0.05732902704479717,0.1481835505850857,0.05734196139133175,0.4849864837886399,2.6978465788607532e-05,ANN
13.1,99.96762584105367,19.12849704831252,9.14649306923214,0.14849220514425385,0.057511658861899795,0.14851852304437232,0.0575246118678971,0.48826166953537686,2.6978465788607532e-05,ANN
13.15,99.96816541036945,19.140487643406903,9.151904949469333,0.14879020073057683,0.057690037009090894,0.14881609102194582,0.05770279451296181,0.490797645319506,2.6978465788607532e-05,ANN
13.2,99.96816541036945,19.152621498705496,9.157214311536531,0.14907912809915122,0.0578674461332449,0.14910511039865273,0.05788021938433898,0.4929343398099637,2.6978465788607532e-05,ANN
13.25,99.96870497968521,19.164321465131454,9.162653170239516,0.14938019292840451,0.058045988099576874,0.1494056042531372,0.05805848867696116,0.4952167180156799,2.1582772630886026e-05,ANN
13.3,99.96870497968521,19.175932847664125,9.168075841863025,0.1496700968742749,0.058223070879972826,0.14969559895290782,0.05823558811763414,0.49803326984401053,2.1582772630886026e-05,ANN
13.35,99.96978411831677,19.187444647327975,9.173476930713905,0.14996781343851334,0.058400106789173914,0.14999206869713996,0.05841204015854314,0.5013839952949556,1.618707947316452e-05,ANN
13.4,99.97032368763253,19.19914905349129,9.178737731542682,0.1502561827629186,0.058575333896303525,0.15028083049255708,0.058587310555896194,0.504243712668548,1.618707947316452e-05,ANN
13.45,99.97140282626408,19.20909400811149,9.184651411243545,0.1506003565042383,0.058755614670437835,0.1506251550949914,0.058767495688869,0.5066340047374186,1.618707947316452e-05,ANN
13.5,99.97140282626408,19.218930721947903,9.19055969525125,0.15095234286392598,0.05893640340964341,0.15097724214162345,0.058948308873187194,0.5092347288394403,1.618707947316452e-05,ANN
13.55,99.97194239557984,19.229439715341343,9.196138841976335,0.1512602437342513,0.05911216657297511,0.15128497277108824,0.05912418635083064,0.5123912093367075,1.618707947316452e-05,ANN
13.6,99.97248196489562,19.238683054930807,9.20216583123351,0.1515913034375961,0.059289476869575794,0.15161642348420243,0.059301544617116904,0.5151484085403031,1.618707947316452e-05,ANN
13.65,99.9730215342114,19.24922793836858,9.207615481322808,0.15188427662639675,0.05946246093116521,0.15190879698623183,0.05947423879578587,0.5180728742317882,1.618707947316452e-05,ANN
13.7,99.97517981147448,19.259987678648596,9.212924843390006,0.1521626011557575,0.05963347315609887,0.1521854461888853,0.059644493506554014,0.5205279146185515,1.618707947316452e-05,ANN
13.75,99.97625895010603,19.27000083400452,9.218477011649302,0.15246478207334901,0.059806175263665926,0.15248633527084715,0.05981659554509541,0.5236088554116105,1.618707947316452e-05,ANN
13.8,99.97625895010603,19.280368225825068,9.22382953926176,0.15275789477319202,0.0599772848462178,0.1527795175752473,0.05998772014295913,0.5264631770920452,1.618707947316452e-05,ANN
13.85,99.97679851942179,19.289973922745205,9.229430268759476,0.15306161031224874,0.06014875979472257,0.15308261859787356,0.06015891288376961,0.5293390815451107,1.0791386315443013e-05,ANN
13.9,99.97733808873757,19.29957816945593,9.234966249939298,0.15336839509423572,0.06031947755898781,0.1533887862875153,0.060329333129941064,0.5327545553139484,1.0791386315443013e-05,ANN
13.95,99.97787765805334,19.30791500235951,9.240939282264897,0.153706011816568,0.060491928801628354,0.15372578943505383,0.06050148989095159,0.536520749138038,1.0791386315443013e-05,ANN
14.0,99.97787765805334,19.316447576794342,9.246761235182078,0.15402298090464187,0.06066098706694119,0.15404227049198022,0.06067050493870375,0.5400495324631879,1.0791386315443013e-05,ANN
14.05,99.97787765805334,19.324977463170704,9.252513044088209,0.15433325346268606,0.06082804950459214,0.15435261170476866,0.06083757737387899,0.5436160856404418,1.0791386315443013e-05,ANN
14.1,99.97787765805334,19.33250761621321,9.258588594583804,0.15465664005870516,0.06099480486805073,0.15467606985730628,0.06100434235463106,0.5475225674866322,1.0791386315443013e-05,ANN
14.15,99.97787765805334,19.340719231769594,9.264318820717303,0.154965796528411,0.061158734476649323,0.15498529473479697,0.061168280639361895,0.5509650197212584,1.0791386315443013e-05,ANN
14.2,99.97787765805334,19.348951280230708,9.269968111453437,0.1552649082030723,0.06132021741099288,0.1552844725946074,0.06132977138889855,0.5550333723621805,1.0791386315443013e-05,ANN
14.25,99.98003593531644,19.356696138528378,9.275730711745885,0.1555785290261313,0.061481234102149895,0.15559633883084362,0.061489970094286736,0.558686256629958,1.0791386315443013e-05,ANN
14.3,99.98111507394798,19.36472729817974,9.28130985847097,0.15588196554310346,0.061639925322719745,0.15589885093201217,0.06164818931157996,0.5621664787166883,1.0791386315443013e-05,ANN
14.35,99.98219421257953,19.37350739338453,9.28651670236817,0.1561600110503796,0.061794629448209876,0.15617554236373446,0.06180227457709922,0.5657654060528886,1.0791386315443013e-05,ANN
14.4,99.98273378189529,19.381496881242754,9.291966352457468,0.1564478223306157,0.06194869664333241,0.15646311866638604,0.06195641875595139,0.5696934706717098,1.0791386315443013e-05,ANN
14.45,99.9843524898426,19.388572778353296,9.297696578590969,0.1567724645260153,0.06210424068869338,0.15678667391961315,0.06211138183233917,0.5740585864363066,1.0791386315443013e-05,ANN
14.5,99.98543162847415,19.39562033828415,9.303356660713419,0.15708720143741267,0.06225686866947759,0.15710102027996933,0.06226367525524073,0.5779974424414432,1.0791386315443013e-05,ANN
14.55,99.98543162847415,19.402115683398453,9.309151635164811,0.1574023568819368,0.06240735236444986,0.15741622164419927,0.06241416005628815,0.582475867762352,1.0791386315443013e-05,ANN
14.6,99.98597119778992,19.40892117938219,9.314746968969368,0.15770760704245868,0.0625551254555794,0.15772080467548444,0.06256162213150294,0.5857024922706695,1.0791386315443013e-05,ANN
14.65,99.98597119778992,19.41470854078793,9.32068762713602,0.1580302960832663,0.06270341466742559,0.158043538992051,0.06270991106404168,0.5886755192005741,1.0791386315443013e-05,ANN
14.7,99.98758990573724,19.4205941692225,9.326531162825832,0.15835368267928537,0.06285076518826224,0.15836580242836326,0.06285657067413554,0.5915622150399551,1.0791386315443013e-05,ANN
14.75,99.98812947505301,19.42661431748385,9.332261388959333,0.1586635367042027,0.06299571572795822,0.15867497817183,0.06300119801016948,0.5945406376630173,1.0791386315443013e-05,ANN
14.8,99.98866904436878,19.432528415996792,9.33797542801336,0.15897771557143087,0.06314001698253913,0.15898889449145223,0.06314535984059175,0.597319419639244,1.0791386315443013e-05,ANN
14.85,99.98866904436878,19.437971953474058,9.343829755089487,0.15931114696249454,0.06328557458345738,0.15932236366776031,0.06329091701924239,0.5995154667544366,5.395693157721506e-06,ANN
14.9,99.98866904436878,19.44269283990421,9.349926888357713,0.15965127488358788,0.063431242578105,0.15966253013296494,0.06343658440492608,0.6017978449601528,5.395693157721506e-06,ANN
14.95,99.98920861368455,19.447611965893145,9.355894524990154,0.15998498529673613,0.06357557558983712,0.15999555450508054,0.06358058172656372,0.6045820226295371,5.395693157721506e-06,ANN
15.0,99.99028775231609,19.452069115944866,9.361991658258377,0.1603181376657152,0.06371890948052457,0.16032826821358226,0.0637236708308122,0.6074687184689181,5.395693157721506e-06,ANN
0.0,49.95332725418571,13.355501905446431,7.838334241608348,0.06831144234432075,0.01997147788850034,0.07652962661481959,0.023727804332684625,0.052877792945670764,0.0178381615794273,SVR
0.05,51.7668197244959,13.385566004904357,7.84489000879498,0.06881744889469224,0.020164528380620658,0.07697079029820411,0.023925463365725638,0.05392995311142646,0.01723384394576249,SVR
0.1,53.50315378265069,13.415358513328655,7.85154289845845,0.06934535867870265,0.020360636046958307,0.07758338442299739,0.024164855850303337,0.05531125055980317,0.01665110908472857,SVR
0.15,55.40405648211597,13.44445471136042,7.858454781393491,0.06989949653866283,0.020559857361629706,0.07821463921622096,0.024420222442312817,0.05700010251817,0.01600902159895971,SVR
0.2,57.047584617957945,13.472606446398082,7.8657227800769425,0.07050343984071912,0.020764389164000776,0.07856479418886199,0.024541633997285817,0.05860801907917101,0.01539930827213718,SVR
0.25,58.62204788138108,13.501176169628463,7.872807325193031,0.07108450333184053,0.02096745560643562,0.0788707239290908,0.0246515953767022,0.06007564761807126,0.01468707677531794,SVR
0.3,60.2008276993304,13.531475592531816,7.8791796388123,0.07160920436187836,0.02116563715638714,0.07925856322374789,0.02478575581336152,0.061764499576438085,0.014158298845861233,SVR
0.35,61.634463371337,13.562995914713163,7.885039361581586,0.07208228630627034,0.021359231491919952,0.07947863999509756,0.024874110984731,0.06372853188584872,0.013640312302719969,SVR
0.4,62.96450173471535,13.595371962474571,7.890526781522988,0.07252160657842908,0.021549743632666932,0.07949167895521621,0.024909652453042757,0.06557385894578947,0.01313851283905187,SVR
0.45,64.14885638283522,13.628252484920836,7.895787582351767,0.07295953174016498,0.02174052885980649,0.07947573605632144,0.024928822960617537,0.06741379031257251,0.012582756443806553,SVR
0.5,65.29705988679837,13.661470991793605,7.900881116692656,0.07340359538776149,0.021932008285789166,0.07940544102068305,0.024913168011900518,0.06996595317617478,0.012118726832242504,SVR
0.55,66.32655814129163,13.694917795789243,7.905839758704602,0.0738325918427911,0.02212162597476433,0.07931718442953022,0.02489697117111928,0.07256667727819655,0.011573761823312632,SVR
0.6,67.36792692073188,13.727631224689134,7.911046602601803,0.0743031625884219,0.022314805575119858,0.07925390521805291,0.02488732213810265,0.07542639465178894,0.011077358052802253,SVR
0.65,68.37260498669961,13.759082027250704,7.916712080417411,0.07480665794003225,0.022510695396033356,0.07924872059786767,0.024875191893623996,0.07832927757064312,0.010629515520711369,SVR
0.7,69.2040813023045,13.79309769738774,7.921298419601474,0.07520147418970177,0.022695242065095354,0.07915313097038781,0.02485983610462758,0.08182029104368893,0.01013311175020099,SVR
0.75,70.04904685080369,13.828082756591042,7.925436916253447,0.0755392304230763,0.022873077155464223,0.07895257382302194,0.024827949960470407,0.08518720357410715,0.009636707979690611,SVR
0.8,70.85732168583037,13.863290299759374,7.9294297291901605,0.07587349888039366,0.02304956191559715,0.07872295725011802,0.024784786384863863,0.08826814436716612,0.009221239606546056,SVR
0.85,71.64401374822617,13.89822478943614,7.933487290444767,0.07621153413585276,0.023225965016726705,0.07849549004368128,0.02473777244154847,0.09064224935656359,0.00881116692655922,SVR
0.9,72.3427560121511,13.934157435324595,7.937102404860441,0.07651817940679749,0.023398915416027295,0.07836484498974455,0.024720215773921958,0.09341563563963244,0.008384907167099222,SVR
0.95,73.01613851823474,13.971146766293552,7.940237302585077,0.07678450598652155,0.023566926838013324,0.07820750719389903,0.02470320426896751,0.09687427495373194,0.008039582805005045,SVR
1.0,73.71164336626505,14.008517697415463,7.9431671639697194,0.07703227759762159,0.023732273551295778,0.07802696992943518,0.02468637602879441,0.09961528707785446,0.007640301511333654,SVR
1.05,74.36290353040204,14.04467847221587,7.9465340765001375,0.07732511127537998,0.02390140017876798,0.07797923757972412,0.02470798128274511,0.10247500445144686,0.0072895814560817555,SVR
1.1,75.05786880911657,14.081113781652487,7.949733722542667,0.07759548367533035,0.024067275193117393,0.0779828647587828,0.02474774006997789,0.10609011886712026,0.006879508776094921,SVR
1.15,75.78574781609319,14.118053968711198,7.952668979620467,0.07784032555454236,0.024229346893151368,0.07794243116705589,0.024783690247202193,0.10930055629596457,0.006485623175581251,SVR
1.2,76.55787150696314,14.15359428462272,7.956111431855093,0.07811934763911446,0.024393831457373144,0.07798494114330418,0.024841355933930744,0.11218185644218785,0.006134903120329353,SVR
1.25,77.33107433646464,14.188350311726639,7.959823668747606,0.07841706420335288,0.024559659324991323,0.07806069282723974,0.024908106599390877,0.11448042172737721,0.005789578758235177,SVR
1.3,78.10589587391344,14.224181693075204,7.963066480335396,0.0786828327389078,0.02472212809144607,0.07817726535687639,0.02499646134440107,0.11671963438783163,0.005519794100349101,SVR
1.35,78.90014190673004,14.260544910386873,7.966055694344774,0.07891539764639863,0.02488106868520509,0.07832602631506962,0.025100971633631872,0.11895884704828606,0.005206843897201254,SVR
1.4,79.72460382122989,14.297202884522216,7.968893828945736,0.07912954709630772,0.025038125914960643,0.07853780123988195,0.025235581566289616,0.12089050519875036,0.004791375524056698,SVR
1.45,80.56741109246599,14.333711331454003,7.971764337705643,0.07934997454311968,0.025196012237948893,0.078827570473754,0.02540664948397213,0.12249302606659364,0.004543173638801508,SVR
1.5,81.45770046349004,14.36971317297411,7.974807508646598,0.07958756184813279,0.025355687259902195,0.07914024100471624,0.025579071894880366,0.1245649722391587,0.004246410515126826,SVR
1.55,82.3846805479866,14.405966165232812,7.977710391565452,0.07982180088813108,0.025514816614289892,0.07955809543769565,0.025790819368105514,0.12673404088856274,0.004057561254606573,SVR
1.6,83.30356709274656,14.441740718835046,7.980769749585881,0.0800789197390643,0.025676147530636257,0.08002282027864678,0.026016377538612502,0.12849303685797997,0.003814755062509105,SVR
1.65,84.26507961345254,14.477047781829606,7.9839855827078825,0.08035277991507178,0.025839269444448573,0.08052493925248606,0.02624819543959442,0.13028980267950122,0.0035719488704116374,SVR
1.7,85.20986548536958,14.510950415403197,7.987730193759341,0.08066542416083482,0.026006274442540563,0.081165560111954,0.026518189075099712,0.13225923068206957,0.0033938909962068276,SVR
1.75,86.1859463776014,14.544645318537103,7.991517970356062,0.08097695231825956,0.02617301169868232,0.08177878017416781,0.026774641464040627,0.13441750794515817,0.003205041735686575,SVR
1.8,87.15609200735972,14.577691331349635,7.995532366065406,0.08128136541252773,0.02633919819671871,0.08237155047081329,0.02702878849931342,0.13597146757458198,0.0030323795546394867,SVR
1.85,88.07335984417239,14.609839802484604,7.99988129475053,0.08161716849131025,0.026508946208282973,0.08295687771168114,0.02728069397491106,0.13730959947769691,0.002832738907803791,SVR
1.9,88.96904490835415,14.641928661473425,8.004230223435654,0.08195980761116477,0.02667992515752778,0.08358756545312301,0.027547679212487974,0.13884737202764752,0.0026654724199144243,SVR
1.95,89.81455002616912,14.675364192336582,8.008007208646058,0.08226561581585579,0.026847529960519124,0.08415719786610275,0.02780484572036577,0.14077903017811183,0.0025521628636022728,SVR
2.0,90.63361624751124,14.708054546761478,8.012048582821192,0.08258077126037996,0.02701619097554308,0.08466456951671089,0.028041274587622938,0.1425542132270022,0.00236331360308202,SVR
2.05,91.36635137832981,14.74229708852247,8.015437078124242,0.08286579231977034,0.027182146663290687,0.08506070025748236,0.02824291478072662,0.14437256182115435,0.002217629887823539,SVR
2.1,92.05915837978125,14.775555377722243,8.0191816891757,0.0831794131428294,0.027350847676224498,0.08551350382144698,0.028456990150247892,0.14672508403792092,0.0020287806273032866,SVR
2.15,92.7152746677602,14.807051807824825,8.0235845747924,0.08355065202635255,0.02752472195227144,0.08600966078495276,0.028668139919110346,0.1492502684357346,0.001872305525729363,SVR
2.2,93.29045555837331,14.839443109828581,8.027582783422272,0.08389329114620711,0.027695431851591592,0.08639847197769783,0.02885230748365416,0.15157581218671257,0.001715830424155439,SVR
2.25,93.83326229004008,14.869398888878866,8.03251444696843,0.08432786804292813,0.027874936274137917,0.08687787873769438,0.029042019802731675,0.15378804638137838,0.0016133122541587305,SVR
2.3,94.33452218439243,14.89905514482794,8.037521650218796,0.08476830440342517,0.02805483379525796,0.0873282765610611,0.02921395105026537,0.1562215039955108,0.0015269811636351863,SVR
2.35,94.7553862506947,14.929392693544779,8.042205111879698,0.08518362877631075,0.028231764040363042,0.08775445098028051,0.029386904884737993,0.15889776780174064,0.0014028802210075918,SVR
2.4,95.12121424678821,14.960656475699336,8.046467709474298,0.08555068232856534,0.028403521276921858,0.0880688879182715,0.02953139287904701,0.1613474124953462,0.0013165491304840476,SVR
2.45,95.4897400894606,14.992351248700547,8.050514479342588,0.08589457704780046,0.02857283647947053,0.08834101678212618,0.029666672859712164,0.16361899931474697,0.0012571965057491111,SVR
2.5,95.78704278245105,15.024185537757814,8.054458731040883,0.08624321514247328,0.028742254708316047,0.08860630180537951,0.029799397837490568,0.16637080282518493,0.00118165680154101,SVR
2.55,96.02984897454851,15.056367822132415,8.058203342092343,0.08656632271640775,0.028908261155274905,0.08884643151004354,0.029928129629660776,0.16977548520770722,0.001138491256279238,SVR
2.6,96.27427387459329,15.089140645182258,8.061640398633811,0.08686222563709646,0.029070188182043877,0.08906341982200104,0.030055330871003403,0.1735147005660082,0.0010791386315443013,SVR
2.65,96.5068282496911,15.121575087908536,8.065136807800014,0.08716733628657605,0.02923134159785485,0.08928783311994364,0.030180935603003944,0.17746434795746036,0.0010305773931248078,SVR
2.7,96.69297966363249,15.154373550873617,8.068406597853594,0.08744956712512073,0.029388358073235428,0.08948472400169638,0.03030036164634728,0.18200752159626185,0.0009550376889167067,SVR
2.75,96.87157710715307,15.18689276204285,8.071697970679804,0.08774212178079455,0.02954401850610372,0.08968468312028294,0.030415292593367105,0.18627011919086187,0.000863310905235441,SVR
2.8,97.02751263941121,15.219876364836045,8.074719558848127,0.08799784552130488,0.02969398845822426,0.08985126790639736,0.03052639005809366,0.19017660103705222,0.0008039582805005045,SVR
2.85,97.19100214209018,15.252537437937905,8.077800499641187,0.08824910490846205,0.02984201911746462,0.09000759437507981,0.030632645315167673,0.19361905327167855,0.0007715841215541754,SVR
2.9,97.35017509024296,15.285118291983231,8.080849066275299,0.08849436532080095,0.029988180665044235,0.09015650224473737,0.03073639964220101,0.19677013807578791,0.0007392099626078464,SVR
2.95,97.50125449865918,15.319048475397365,8.083293315275746,0.088692889533974,0.030128487296518645,0.09026348458788504,0.030836788801005995,0.2001100721404175,0.0006744616447151884,SVR
3.0,97.64100295144415,15.35369958483373,8.085381448527786,0.0888519321221801,0.030263456430213064,0.09033818725581755,0.030935306984211108,0.20370899947661777,0.0006312960994534163,SVR
3.05,97.76186647817711,15.387893632686968,8.087582891336135,0.08900776595641362,0.030396518261001388,0.09041687009410272,0.03103535333712637,0.20719461725650587,0.0006205047131379733,SVR
3.1,97.87085947996309,15.422846769185837,8.089406635623446,0.08913876682512016,0.030525355864795232,0.09048053375379714,0.03113514926001112,0.21118743019321978,0.0005881305541916443,SVR
3.15,97.98416903627525,15.456809818067002,8.091543330113904,0.08929766990228401,0.03065465455423517,0.09056882798724647,0.031233514746992753,0.21536909239045393,0.0005611520884030367,SVR
3.2,98.09963686985049,15.49087287764231,8.093566715048048,0.0894497369383758,0.030781465173295885,0.09064866631831955,0.03132863171256384,0.218525572887721,0.0005341736226144292,SVR
3.25,98.20862987163646,15.524003404165999,8.0959084458785,0.08962273063081048,0.03090927632959024,0.0907548966722157,0.03142665902436711,0.22104536159237698,0.0005071951568258216,SVR
3.3,98.30197536326504,15.557401643544209,8.098093701607377,0.08977577424419826,0.0310343437142087,0.09084867342166796,0.0315256018684606,0.2236352943080833,0.0004964037705103787,SVR
3.35,98.40988922641947,15.590622273728199,8.100295144415727,0.08993411927719293,0.03115888364388113,0.09093759880692596,0.03161933902949815,0.22623062271694733,0.0004910080773526571,SVR
3.4,98.50323471804805,15.624436791509636,8.102210615486719,0.09006302748026526,0.031279776574373086,0.09100679193028006,0.03171371598368942,0.22866408033107974,0.0004694253047217711,SVR
3.45,98.59442193241354,15.658729204371275,8.10388867605877,0.09017226462637523,0.031398045358057396,0.09105718873954732,0.031805914381349346,0.23079537912837972,0.00045323822524860656,SVR
3.5,98.68992570130521,15.692263024263248,8.10583112559555,0.09028973292398008,0.03151669496547629,0.09111721971515267,0.03189908856635077,0.23274322435831718,0.00044244683893316354,SVR
3.55,98.76816325209218,15.72615063028862,8.107590121564966,0.09040315540135863,0.03163441474400525,0.09118375123736684,0.03199596907002918,0.23512272504087237,0.00043705114577544205,SVR
3.6,98.84424252561605,15.759166856778231,8.109651276351217,0.09053066849400808,0.03175276208157618,0.09126416699510347,0.03209312515325614,0.23724323245185694,0.000426259759459999,SVR
3.65,98.91384696735066,15.792069009908387,8.111717826830624,0.09065706549831924,0.031870529346284704,0.09134648919921448,0.03219100817048135,0.23912632936390174,0.00042086406630227754,SVR
3.7,98.9926240874534,15.823807831172225,8.11421063706949,0.0908204329288362,0.03199146546062486,0.09145954350124819,0.03228904145569206,0.2411712970706782,0.000415468373144556,SVR
3.75,99.04766015766215,15.855211112992196,8.11679517409204,0.09099412417648232,0.03211284560913673,0.09159986054214242,0.03239512220519391,0.24334036572008222,0.0004100726799868345,SVR
3.8,99.104854505134,15.88690211024609,8.119223236013015,0.0911374020169101,0.0322307536819721,0.09170649110924793,0.03249628921465921,0.24536914634738552,0.0003992812936713915,SVR
3.85,99.16582583781626,15.917935722622245,8.121877917046614,0.09129797922658135,0.032350022690856524,0.09182877552819295,0.03259785844772465,0.24700404137417514,0.00038848990735594846,SVR
3.9,99.21870363076192,15.94870717780427,8.12460813778442,0.09146567149940918,0.03246997670997001,0.09196459717758379,0.03270312386408842,0.2484285043678136,0.0003776985210405055,SVR
3.95,99.26888357712873,15.979457011360154,8.127316775749597,0.09162987599617986,0.032589552655319945,0.09209757723206033,0.03280820773067756,0.2499339027588179,0.0003615114415673409,SVR
4.0,99.32607792460058,16.01018307668496,8.130003830942142,0.09178919760647052,0.03270856817516035,0.0922226454879294,0.0329113140091448,0.2516281504103425,0.0003615114415673409,SVR
4.05,99.38381184138821,16.04126705229777,8.132512828260483,0.0919320569137714,0.03282573949011203,0.09232755615638115,0.033010977161874795,0.2533709593002865,0.00035611574840961944,SVR
4.1,99.43129394117616,16.07128624991496,8.13541031548618,0.09207686937566434,0.03294272555241901,0.09244145427314017,0.03311364532832493,0.25538894854127436,0.0003399286689364549,SVR
4.15,99.47338034780638,16.101515256598123,8.138183701769249,0.09221861259462694,0.03305891822266749,0.09255675785568217,0.03321753723045166,0.2575688085769938,0.0003399286689364549,SVR
4.2,99.51330847717352,16.13006465799764,8.141582988458612,0.09239453601894963,0.0331776817761584,0.09270748002233895,0.03332460052371802,0.26000226619112626,0.0003399286689364549,SVR
4.25,99.54945962133024,16.158216181163283,8.145090189011132,0.09258162032665526,0.0332965546188314,0.0928737967891251,0.033433708939593805,0.262370975487366,0.0003237415894632904,SVR
4.3,99.58615033480275,16.18379531956733,8.149584801411514,0.09284152939843417,0.03342194140695032,0.09310981428865553,0.033547850736164855,0.26436738195572296,0.0003237415894632904,SVR
4.35,99.61960363238063,16.209295033044963,8.15406862242558,0.09309767167207135,0.033546396709102665,0.09334435010940915,0.03366204398171997,0.26668213432038546,0.0003129502031478474,SVR
4.4,99.64550295953771,16.235118173429118,8.158374385565441,0.09333260826728106,0.03366794431737958,0.0935639813727826,0.03377633693875095,0.26916415317293735,0.0003075545099901259,SVR
4.45,99.66978357874744,16.26099612815274,8.162610004694253,0.0935371314552724,0.03378569035379547,0.09375268778319736,0.03388660545230445,0.2714789055375999,0.0003075545099901259,SVR
4.5,99.6919059206941,16.286113799585863,8.167104617094635,0.09376704565295979,0.03390517316778025,0.09396796588042998,0.03399923482898723,0.2737558880501584,0.0003075545099901259,SVR
4.55,99.70431601495686,16.311725907312223,8.17135642330292,0.09394045787852136,0.03401844162864503,0.09413439402548908,0.03410922143860336,0.2760706404148209,0.00030215881683240436,SVR
4.6,99.71888438648271,16.33782220159942,8.175365423319107,0.09411554423659035,0.03413093002571476,0.09429943925719109,0.03421718473660925,0.27860661619895,0.00030215881683240436,SVR
4.65,99.73615060458741,16.362902519598496,8.179725143390545,0.0943109992068331,0.03424416239082929,0.09448370232195796,0.034325122075811815,0.2816228086741163,0.00030215881683240436,SVR
4.7,99.75233768406059,16.38803808528154,8.18400392806462,0.0944898523630438,0.0343543990851834,0.09465172327098456,0.034430262963429235,0.2844609432750778,0.00029676312367468287,SVR
4.75,99.76312907037602,16.41251461837808,8.188482353385528,0.09467930835846827,0.034464038412987924,0.09483404761647213,0.03453654895675719,0.2881515973949593,0.00029676312367468287,SVR
4.8,99.78147442711229,16.437702978075414,8.19259926726487,0.09485258107298754,0.03456990479151055,0.0949950178231528,0.034636546954865705,0.29193397829852213,0.00029676312367468287,SVR
4.85,99.7928053827435,16.462348703785313,8.19686186485947,0.0950190177464348,0.0346731079650673,0.09515394968342623,0.03473616927687866,0.29554369702103783,0.00029676312367468287,SVR
4.9,99.80305719974317,16.48694070834565,8.201075901215649,0.09519229046095408,0.03477500637236358,0.09532114493317763,0.03483524704443055,0.29863542920041225,0.00029676312367468287,SVR
4.95,99.81061117016398,16.51190217089748,8.205084901231837,0.09535565789147103,0.03487451507832489,0.0954795650171368,0.034932378034728664,0.30152752073295097,0.00028597173735923985,SVR
5.0,99.81438815537437,16.537307584197666,8.208856490749085,0.09550158644170224,0.0349707526671943,0.09562313036991389,0.03502748000448822,0.304549108901275,0.0002751803510437968,SVR
5.05,99.82032341784787,16.562596593217407,8.212617288880017,0.09564137650607285,0.03506491030168019,0.09575902374054054,0.035119765294574896,0.3073494736501325,0.00026978465788607533,SVR
5.1,99.8257191110056,16.58915462011469,8.215816934922545,0.09576609937787657,0.035156266661911635,0.09588018602237716,0.035209417246024145,0.30989624082057704,0.00026978465788607533,SVR
5.15,99.83273351211064,16.615630806302768,8.218994998192443,0.09588468376381969,0.03524563336771506,0.09599362985142391,0.035296492235856,0.31256710893364914,0.00026978465788607533,SVR
5.2,99.8370500666368,16.641792413331185,8.222248601166548,0.09600340766080515,0.03533377119989565,0.09610951505423415,0.03538327302375714,0.31502754501357016,0.0002589932715706323,SVR
5.25,99.84082705184721,16.667936832624083,8.225459038595393,0.09611571404984541,0.03542004586639606,0.09621934279445303,0.035468352128058676,0.31762826911559194,0.0002589932715706323,SVR
5.3,99.84460403705762,16.6940243574767,8.228642497558448,0.09623290332536569,0.03550554867113279,0.09633503080872222,0.03555310684943583,0.31982971192394233,0.0002589932715706323,SVR
5.35,99.84838102226803,16.719088574556874,8.232192863656229,0.09636571783762198,0.03559163470837158,0.09646524125110781,0.0356379669808724,0.3219394279486114,0.0002535975784129108,SVR
5.4,99.84946016089957,16.744108730864493,8.23572164698138,0.0964975557725823,0.03567682305450053,0.09659651483350805,0.03572285480759205,0.3239897913485456,0.0002428061920974678,SVR
5.45,99.8526975767942,16.769960979613295,8.238878127478646,0.09661321042663742,0.035759611834448035,0.0967100465578731,0.03580460060628234,0.32564626914796607,0.00023741049893974628,SVR
5.5,99.85485585405729,16.794542552674653,8.242514824666952,0.0967389098757372,0.03584303535632145,0.09683439726797216,0.03588734485420127,0.32693044411950384,0.00023741049893974628,SVR
5.55,99.85701413132037,16.81956021992684,8.24595188120842,0.09686963172235921,0.035926737730419024,0.09696293392698897,0.03597028313933995,0.3281067052278871,0.00023741049893974628,SVR
5.6,99.85755370063615,16.84507856770977,8.249167714330422,0.09698403077703377,0.03600882675006017,0.09707641340256878,0.036052171779830874,0.32912109554153873,0.0002320148057820248,SVR
5.65,99.85917240858348,16.869947619832246,8.252620957951363,0.09710735853841462,0.036091686165240174,0.0971983414887179,0.03613448542382079,0.3303836877404456,0.0002320148057820248,SVR
5.7,99.86187025516233,16.89463191464893,8.256122762810724,0.09722998874458409,0.03617425706206029,0.09731893454075873,0.036216146859251584,0.3315977187009329,0.0002320148057820248,SVR
5.75,99.86456810174118,16.91896890596332,8.259737877226398,0.0973618266795444,0.03625748175402795,0.0974487412930485,0.03629845758932412,0.33296282906983643,0.00022661911262430328,SVR
5.8,99.86672637900428,16.943269749456665,8.263342200255757,0.09749366461450469,0.03634048134982873,0.09757864914688306,0.03638070194461065,0.3341282987919043,0.00021582772630886026,SVR
5.85,99.86780551763582,16.96792423157142,8.266779256797225,0.09761964308568898,0.036422662634683224,0.09770401936376212,0.03646255084471856,0.3353585168318648,0.00021582772630886026,SVR
5.9,99.86942422558313,16.99204341835105,8.27041055829237,0.09775092297648018,0.03650536477971237,0.09783430636821887,0.036544727450588795,0.33630276313446605,0.00021582772630886026,SVR
5.95,99.87050336421468,17.016185660847498,8.27401488132173,0.09787955215746791,0.03658791336303376,0.09796176581502271,0.03662690648046331,0.33707434725602026,0.00021582772630886026,SVR
6.0,99.87158250284622,17.040249379657965,8.277635391430561,0.09801139009242822,0.03667098447428265,0.09809243538723358,0.03670958145137713,0.3378837012296785,0.00021582772630886026,SVR
6.05,99.87266164147778,17.06332976017678,8.281633600060431,0.09814769238074168,0.03675468694511375,0.09822701342539318,0.036792831169024647,0.33870384658965214,0.00021043203315113877,SVR
6.1,99.87481991874087,17.08585200932221,8.285836845030296,0.09829599261869176,0.036839644677571094,0.0983730974981226,0.03687698930299543,0.3395995316538339,0.00021043203315113877,SVR
6.15,99.87589905737241,17.108008267879537,8.290169586635947,0.09844722258852981,0.03692504346720465,0.09852345247780964,0.036962012386554055,0.34048442533170026,0.00021043203315113877,SVR
6.2,99.87751776531972,17.12938201228067,8.294793695672114,0.0986093344196662,0.03701145202312856,0.0986840266658023,0.03704782666243309,0.3416984562921876,0.00021043203315113877,SVR
6.25,99.8780573346355,17.150004404927024,8.299692985059325,0.09878218860105864,0.03709869575108161,0.09885655876871212,0.037134895549821,0.34299342265004074,0.00019964064683569574,SVR
6.3,99.8780573346355,17.170814801559768,8.304495151969698,0.09895825153642362,0.03718619344742065,0.09903283666203871,0.03722242260037984,0.3439430646457997,0.00019424495367797423,SVR
6.35,99.87859690395126,17.19141147465564,8.309362067197963,0.0991373837147189,0.03727398463229092,0.09921151189575815,0.037310023303351446,0.34504378604997493,0.00018884926052025274,SVR
6.4,99.88075518121435,17.211967178269937,8.31422358673307,0.09931595784884505,0.037361677169329276,0.0993887141190198,0.03739697101530622,0.3462146514652005,0.00018884926052025274,SVR
6.45,99.88129475053013,17.23112661280819,8.31961927989079,0.09950778553198834,0.03745050215821512,0.09958037255082028,0.03748562836902858,0.3473531427214797,0.00018884926052025274,SVR
6.5,99.88237388916167,17.249748157484902,8.325209218002191,0.09970909996600713,0.03754024840990903,0.09978112753693649,0.037575013120306804,0.34841609427355086,0.00018884926052025274,SVR
6.55,99.88291345847745,17.26809026878857,8.330890882897272,0.09990887977856075,0.037629887876108534,0.09998018349575401,0.03766443014369972,0.34934415349667897,0.00018884926052025274,SVR
6.6,99.88291345847745,17.285417606555143,8.336961037699709,0.10013014429162644,0.03772176779514696,0.10020170738347844,0.03775633452646324,0.35017509024296806,0.00018345356736253123,SVR
6.65,99.88291345847745,17.301976057221335,8.343322559932663,0.10035503609179153,0.03781422406551352,0.10042672313576351,0.037848801433137756,0.3510114226824149,0.00017805787420480972,SVR
6.7,99.88345302779321,17.317787512984506,8.349964658209817,0.10060127308142641,0.037908883804130336,0.10067200656881867,0.03794320978463328,0.35205818715501286,0.0001726621810470882,SVR
6.75,99.88453216642476,17.332733894934517,8.356930498076435,0.10085588073359845,0.03800433149832834,0.10092651926598567,0.03803855316139657,0.35321286549076525,0.0001726621810470882,SVR
6.8,99.88615087437208,17.347458900803552,8.363955690567789,0.10112081220289965,0.038100460475441474,0.10119095515389852,0.038134344871647956,0.35498265284649794,0.0001726621810470882,SVR
6.85,99.8877695823194,17.3624700039069,8.370829803650725,0.101388254870962,0.03819618417320131,0.10145747748818364,0.038229501542409075,0.3566769004980225,0.0001726621810470882,SVR
6.9,99.8877695823194,17.37737755570435,8.377714708119978,0.10166113846967348,0.038292045183071374,0.10173038835381495,0.03832535882701128,0.3581337376506073,0.00016726648788936672,SVR
6.95,99.8877695823194,17.39119890485851,8.385009685269218,0.10194908926095192,0.03838924384860435,0.10201866267656988,0.03842258129157236,0.3592398547479402,0.0001618707947316452,SVR
7.0,99.8877695823194,17.406428365324416,8.391716531864265,0.10222783232343945,0.03848541273105957,0.10229716025388252,0.038518717607584504,0.36055640387842425,0.0001618707947316452,SVR
7.05,99.88884872095095,17.421647110406823,8.39840719137984,0.10251271387178754,0.03858222555543936,0.10258139331377918,0.038615140356902784,0.3612470526026126,0.0001564751015739237,SVR
7.1,99.88884872095095,17.43850455064392,8.404428784943859,0.10277429707607387,0.038677132370889225,0.1028431279283951,0.03871005067809709,0.3620240324173245,0.0001564751015739237,SVR
7.15,99.88884872095095,17.454361433792922,8.410833472722073,0.1030540167158574,0.038773993937078415,0.10312315882610315,0.03880693490928029,0.3629305088678217,0.00015107940841620218,SVR
7.2,99.88884872095095,17.469908122847144,8.417346074363444,0.10333568951023295,0.03887128915465113,0.10340472605292582,0.03890421161269717,0.36366971883042953,0.00015107940841620218,SVR
7.25,99.88938829026671,17.48584713862367,8.423686013823765,0.10361722279356615,0.03896884433356273,0.1036857332008124,0.03900154867766107,0.36447367711093004,0.00015107940841620218,SVR
7.3,99.88938829026671,17.502221456415803,8.429837104023568,0.10389331514625028,0.039066189169647,0.10396199161661122,0.03909889921693829,0.36515353444880294,0.00015107940841620218,SVR
7.35,99.88938829026671,17.518200443434935,8.43613387793863,0.10417917327189437,0.039164900225504805,0.10424816628494878,0.03919762997922332,0.3657038951508906,0.00015107940841620218,SVR
7.4,99.88992785958249,17.534405630843697,8.442328133683693,0.10445777682333961,0.03926335133513332,0.1045258154043937,0.039295817562318994,0.36636216971613256,0.00015107940841620218,SVR
7.45,99.88992785958249,17.551456652843008,8.448171669373506,0.10472745166807852,0.03936136724207443,0.10479578741310111,0.03939384938988724,0.3669395088840088,0.0001456837152584807,SVR
7.5,99.88992785958249,17.569574246472857,8.453578153917544,0.10497564181230543,0.03945781003331663,0.10504425104656752,0.03949030529815349,0.36741432988188827,0.00014028802210075918,SVR
7.55,99.89100699821402,17.587563416752875,8.459027804006842,0.10523541137304203,0.03955598704857017,0.10530442620630799,0.03958846870266879,0.36776504993714015,0.00014028802210075918,SVR
7.6,99.89208613684556,17.607003912561446,8.463889323541949,0.10546141926154544,0.03965153294279679,0.10553065793780686,0.03968393980790723,0.36813195707186525,0.00013489232894303767,SVR
7.65,99.89208613684556,17.626928711945716,8.46855120243022,0.10568421839607624,0.039747476169990074,0.10575285979268959,0.03977981617036089,0.3684233245023822,0.00013489232894303767,SVR
7.7,99.89316527547712,17.646785811953432,8.473234664091123,0.1059107843287488,0.039844523038818996,0.10597922389607581,0.03987661329174611,0.36868771346711054,0.00013489232894303767,SVR
7.75,99.89316527547712,17.667156229384247,8.477707693718873,0.10612800302158813,0.03994142895694216,0.10619667490209846,0.03997353261365296,0.3689089368865771,0.00013489232894303767,SVR
7.8,99.89370484479288,17.687677972374846,8.482115975028732,0.10634619829172356,0.040039233556608635,0.10641466839512577,0.040071144709115096,0.36917332585130547,0.00012949663578531615,SVR
7.85,99.8953235527402,17.707591491643814,8.48676166683753,0.10658448315194809,0.04013973230977309,0.10665203722608416,0.040171199499320305,0.3694808803612956,0.00012410094262759467,SVR
7.9,99.8953235527402,17.727664875586814,8.491337214635278,0.10682346556738409,0.04024104622931613,0.10689127006195344,0.04027252808945838,0.36976685209865484,0.00011870524946987314,SVR
7.95,99.8953235527402,17.748344566774897,8.495664560547771,0.10703719648416633,0.04034068553421985,0.10710522493909984,0.040372179245237075,0.3700312410633832,0.00011870524946987314,SVR
8.0,99.8953235527402,17.76788101302581,8.500445144685512,0.10728008520878635,0.04044400539167144,0.10734808886296239,0.04047548663581968,0.37024167309653433,0.00011870524946987314,SVR
8.05,99.89586312205597,17.78817315457978,8.504918174313262,0.10751460327086917,0.04054733580276084,0.10758269054769364,0.04057901137859695,0.37053843622020904,0.00011870524946987314,SVR
8.1,99.89640269137175,17.80796704560883,8.509585448894692,0.10774479649064118,0.040651080564022446,0.10781128450208219,0.04068243654064392,0.37073807686704474,0.00011870524946987314,SVR
8.15,99.89640269137175,17.82742718817212,8.514382220111907,0.10798615059379602,0.04075679708284394,0.10805205096656059,0.04078808798812936,0.3709593002865113,0.00011870524946987314,SVR
8.2,99.89640269137175,17.846403863251176,8.519367840589641,0.1082307134509235,0.040863709318578474,0.10829588985691983,0.040894921442302876,0.37117512801282015,0.00011870524946987314,SVR
8.25,99.89694226068751,17.86543538752511,8.524326482601587,0.10848322843746121,0.04097226569735143,0.10854752179408238,0.04100321405325992,0.3714287255912331,0.00011870524946987314,SVR
8.3,99.89748183000329,17.88479254248846,8.529150232284591,0.10873546440191438,0.041081695998184155,0.10879943032142723,0.04111279403329238,0.37166613609017285,0.00010791386315443013,SVR
8.35,99.89856096863483,17.903814301597496,8.53410347860338,0.10898463112343725,0.04119173769324879,0.10904795406843285,0.04122242936096637,0.37189815089595485,0.00010791386315443013,SVR
8.4,99.89964010726638,17.92294627318356,8.539008163683748,0.109237146109975,0.041303029376482336,0.10930080163329682,0.041333607403306084,0.3721355613948946,0.00010251816999670863,SVR
8.45,99.90017967658216,17.942282491551477,8.543826517673592,0.10948380163273674,0.04141468595968863,0.10954599606801045,0.04144495667500403,0.3723675762006766,9.712247683898712e-05,SVR
8.5,99.90071924589793,17.96121748732842,8.548801346765012,0.10975124430079906,0.041529323944187506,0.1098132525047394,0.04155939741436354,0.37254023838172373,9.712247683898712e-05,SVR
8.55,99.9012588152137,17.979510557222756,8.554029773434845,0.11002538349889117,0.04164564420462614,0.11008720920334863,0.04167551993402119,0.37270750486961307,9.712247683898712e-05,SVR
8.6,99.90233795384525,17.99730937345901,8.559452445058355,0.11032030984228387,0.04176501799221037,0.11038025717248529,0.04179435925293103,0.3728909584369756,9.712247683898712e-05,SVR
8.65,99.90287752316101,18.01499098973443,8.564918282227126,0.11062179320466406,0.041886071624062285,0.11068087888395002,0.04191514577636248,0.37305822492486496,9.712247683898712e-05,SVR
8.7,99.90395666179256,18.031854634212042,8.570707860985362,0.11094294762400647,0.04201010785765586,0.11100030862790633,0.04203867797171575,0.3732416784922275,9.712247683898712e-05,SVR
8.75,99.90449623110833,18.048384194625037,8.576626936379382,0.11127010101816733,0.042135794888885636,0.11132731491283022,0.042164334499009505,0.3734898803774827,9.712247683898712e-05,SVR
8.8,99.9050358004241,18.064172994106542,8.58283737920392,0.11161078698342981,0.042263840532360014,0.11166772345631003,0.04229217794137247,0.37375426934221107,9.712247683898712e-05,SVR
8.85,99.90557536973988,18.080203788611698,8.588945303858461,0.11195523974683404,0.04239327983568958,0.11201175903822681,0.04242138950194796,0.37400786692062393,9.712247683898712e-05,SVR
8.9,99.90557536973988,18.09604749445108,8.595123372524052,0.11230248273108402,0.04252408213787913,0.11235919057237603,0.04255219757231653,0.3742506731127214,9.712247683898712e-05,SVR
8.95,99.90557536973988,18.11074657927837,8.60175467941489,0.11267706987962207,0.042658647970259866,0.11273399211484242,0.042686771454564704,0.3744772922253457,9.712247683898712e-05,SVR
9.0,99.9071940776872,18.125108396320332,8.608515482941517,0.11305821404714757,0.04279494791433362,0.1131160376969232,0.04282318558357266,0.374763263962705,9.712247683898712e-05,SVR
9.05,99.90827321631873,18.139053250139476,8.615438157262872,0.11344786838825247,0.04293321165583537,0.11350538654050753,0.042961307418688324,0.374995278768487,9.712247683898712e-05,SVR
9.1,99.90989192426605,18.15215034516541,8.622695364560009,0.11388300332914267,0.043077057730569496,0.11394047131762852,0.043104830299565765,0.3752057108016381,9.172678368126562e-05,SVR
9.15,99.91043149358183,18.16435942084169,8.630303291912396,0.11432888062028887,0.04322315579361209,0.11438683117402126,0.04325107165745605,0.3754053514484738,8.63310905235441e-05,SVR
9.2,99.91151063221336,18.176383196331706,8.637981363275832,0.11480028843217342,0.04337298122270959,0.11485756065000076,0.04340062737815797,0.37566974041320217,8.63310905235441e-05,SVR
9.25,99.9125897708449,18.18771876652929,8.645929219297157,0.11528704245870947,0.0435255125282612,0.1153437792310891,0.04355276280120922,0.3759341293779305,8.63310905235441e-05,SVR
9.3,99.9131293401607,18.198313653396454,8.654168442748997,0.11580337282621012,0.043682182132961975,0.11585993562741664,0.04370924473411413,0.37618233126318573,8.63310905235441e-05,SVR
9.35,99.91366890947646,18.210027894521915,8.66195442797559,0.11630031115883302,0.04383823217936946,0.11635681728977768,0.043865137639731246,0.3765222599321222,8.63310905235441e-05,SVR
9.4,99.91474804810801,18.221371723106568,8.669880701224283,0.11679878411292108,0.043995597093794886,0.11685515699203457,0.044022398260677296,0.376932332612109,8.63310905235441e-05,SVR
9.45,99.91528761742377,18.2312129357151,8.678400500720326,0.11734190060054064,0.04415849640992085,0.11739921994210913,0.044185479180895215,0.3772884483605186,8.09353973658226e-05,SVR
9.5,99.91690632537109,18.243125043457177,8.68608396777692,0.11784358230860127,0.044318582352122354,0.11790081320236097,0.04434529700594031,0.3777362908926095,8.09353973658226e-05,SVR
9.55,99.91744589468686,18.254544261113878,8.693956284094035,0.11837456133554196,0.0444827016941057,0.11843145462792959,0.044509216364070035,0.37811938510680776,8.09353973658226e-05,SVR
9.6,99.9185250333184,18.26796712064579,8.701019246437493,0.11884652719159565,0.04464233438625781,0.1189029451242561,0.04466857134325487,0.37855104055942546,8.09353973658226e-05,SVR
9.65,99.91906460263418,18.28088065918231,8.708276453734628,0.11934109383649968,0.04480531724099787,0.11939740991343697,0.04483138434406227,0.37903125725046266,8.09353973658226e-05,SVR
9.7,99.92014374126572,18.293016281488768,8.715835819848596,0.11985533153836604,0.04497140461180574,0.1199127238167238,0.044997943668573785,0.379452121316765,8.09353973658226e-05,SVR
9.75,99.9206833105815,18.305493469507766,8.723249502247306,0.1203670580414713,0.04513847105627074,0.12042392975710904,0.0451649290970922,0.3798891724625404,8.09353973658226e-05,SVR
9.8,99.92122287989727,18.31841912411715,8.730474335385495,0.12084837113735815,0.04530380255797599,0.12090511165470579,0.045330205872309494,0.38043413747147026,8.09353973658226e-05,SVR
9.85,99.92176244921303,18.330657359410452,8.737963557488413,0.12135619133127935,0.0454728729339772,0.12141281620839363,0.04549910050411365,0.38095751970776925,8.09353973658226e-05,SVR
9.9,99.92230201852881,18.343732854878194,8.745107455229236,0.12184517753449199,0.04564130940605666,0.12190110816517177,0.045667296431784944,0.3814701105577528,8.09353973658226e-05,SVR
9.95,99.92284158784457,18.357725426132067,8.75187365444902,0.12230388984152848,0.045807996922478146,0.12235993528808246,0.045833972780231505,0.382047449725629,8.09353973658226e-05,SVR
10.0,99.92284158784457,18.372300219323243,8.758397047476704,0.1227480930001672,0.04597449452184581,0.12280434183271233,0.04600050428229046,0.3824952922577199,8.09353973658226e-05,SVR
10.05,99.92284158784457,18.386821143341688,8.764931231890705,0.12318825033857973,0.046141792314940144,0.12324483905178461,0.046167849129985526,0.38308881850506926,7.553970420810109e-05,SVR
10.1,99.92392072647613,18.402446712579284,8.771012178079458,0.12357706761343094,0.04630527549873205,0.12363331945224412,0.04633104433589215,0.38361220074136826,7.553970420810109e-05,SVR
10.15,99.92446029579189,18.41841118515074,8.77694744055295,0.12395890933616786,0.04646930407177763,0.12401436339386476,0.04649483165902916,0.3841463743639827,7.553970420810109e-05,SVR
10.2,99.92499986510767,18.43472579731425,8.782731623618028,0.12434186714724305,0.04663462875093517,0.12439707860945816,0.04665995584027972,0.38469133937291256,7.553970420810109e-05,SVR
10.25,99.92499986510767,18.451351876440327,8.788380914354162,0.12472175571538792,0.04680088974414518,0.12477725230839012,0.046826257101044606,0.3851607646776343,7.014401105037959e-05,SVR
10.3,99.926618573055,18.468465203955642,8.793825168750303,0.12508434491428938,0.046966719683504105,0.125139482648207,0.04699180680556602,0.3857165210728796,7.014401105037959e-05,SVR
10.35,99.92715814237076,18.485291448703197,8.79937194131644,0.12546409397139202,0.04713538243734949,0.12551897242950788,0.04716028114407658,0.3863801913312794,7.014401105037959e-05,SVR
10.4,99.92715814237076,18.501732577864527,8.805059001904679,0.1258418898739026,0.04730498542908168,0.1258970437261741,0.04732992481347818,0.38709242282809864,7.014401105037959e-05,SVR
10.45,99.92877685031807,18.51785936730177,8.81085937204923,0.12621271022429892,0.04747510322037885,0.12626748512157057,0.04749980649307301,0.3876158050643976,7.014401105037959e-05,SVR
10.5,99.92877685031807,18.533326352857248,8.816913339772194,0.12662398877695824,0.0476504499022794,0.12667849836663947,0.047675139233172785,0.38820933131174695,6.474831789265808e-05,SVR
10.55,99.92931641963385,18.54985058592037,8.822530256349381,0.12699076330712825,0.047822637340766576,0.12704512754721872,0.04784724771772079,0.38893774988803936,6.474831789265808e-05,SVR
10.6,99.93039555826539,18.56549197692844,8.828487101595506,0.1273741396513303,0.04799763317364544,0.12742753858447983,0.048021898136067366,0.3895474632148619,6.474831789265808e-05,SVR
10.65,99.93039555826539,18.580913129892576,8.834519486545839,0.12777063003350728,0.048175148511018354,0.1278243051337984,0.04819945680863332,0.3902003420869462,6.474831789265808e-05,SVR
10.7,99.9320142662127,18.59533295662333,8.840940361403527,0.12818944218245,0.04835613188271525,0.12824189012294349,0.048380072207282215,0.3907938683342956,6.474831789265808e-05,SVR
10.75,99.93309340484426,18.610488554238557,8.847053681751227,0.12859346616091039,0.04853694492328864,0.12864675422900615,0.048561293470112774,0.3915168912174303,6.474831789265808e-05,SVR
10.8,99.93363297416002,18.625486028887465,8.853215563337343,0.12899093312038332,0.04871833182607646,0.129043650947573,0.048742445149453625,0.39229926672529986,6.474831789265808e-05,SVR
10.85,99.93471211279157,18.640175527648477,8.859485358786616,0.12938951616819452,0.048901029747139106,0.12944138012655765,0.048924689014889215,0.3930384766879077,6.474831789265808e-05,SVR
10.9,99.93525168210734,18.654597723133378,8.86584688101957,0.12979939961043097,0.04908603266406428,0.12985096985632757,0.049109479824239854,0.39377229095735783,6.474831789265808e-05,SVR
10.95,99.93525168210734,18.669295157557986,8.872084302309895,0.13020732989807532,0.04927213706919398,0.13025776842878198,0.04929549195501088,0.394446752602073,6.474831789265808e-05,SVR
11.0,99.93579125142311,18.683778452584683,8.878391867611272,0.13060284370295625,0.04945826094559379,0.1306529726694526,0.04948140701607176,0.3954071859841475,6.474831789265808e-05,SVR
11.05,99.93633082073889,18.69782519471453,8.884855908014224,0.13104341957449564,0.04964988788214609,0.13109340301811406,0.0496729209697683,0.3961787701057016,6.474831789265808e-05,SVR
11.1,99.9379495286862,18.71188287232923,8.891298365644543,0.13148190278040067,0.04984251903572007,0.1315304539299636,0.04986504695711958,0.39716078626040696,5.935262473493657e-05,SVR
11.15,99.9379495286862,18.725580688193688,8.89786492421749,0.13192973322613885,0.05003715367803643,0.1319771664525046,0.050059589190335145,0.3981751765740586,5.935262473493657e-05,SVR
11.2,99.93848909800197,18.738577922162616,8.904690476062008,0.13240058299385424,0.05023508288465361,0.13244661629746407,0.05025719072244398,0.39927050228507605,5.935262473493657e-05,SVR
11.25,99.9401078059493,18.751291166690066,8.911607754690205,0.13289221990687033,0.05043609130181673,0.13293724019824857,0.0504577817571662,0.4003118710645163,5.935262473493657e-05,SVR
11.3,99.9401078059493,18.763327450425198,8.91877323520366,0.13337855540027949,0.050637629973302546,0.13342358795391476,0.050659335941942864,0.40152590202500366,5.935262473493657e-05,SVR
11.35,99.94064737526507,18.775384914433147,8.925906341558168,0.13385861289678574,0.05083956010931834,0.1339027914243911,0.05086098808252026,0.4028262640760145,5.935262473493657e-05,SVR
11.4,99.94118694458083,18.787509670868484,8.9329854909811,0.1343381123491229,0.0510423075610322,0.134381710534272,0.051063490755738475,0.4041428132064986,5.935262473493657e-05,SVR
11.45,99.94172651389661,18.798272296659743,8.94058262694717,0.1348690913760636,0.05125094173519695,0.13491311121068966,0.05127217716898992,0.40548634080277124,5.3956931577215064e-05,SVR
11.5,99.94226608321239,18.808579459202576,8.948336238014816,0.13541485857348662,0.05146198680756694,0.1354586049042791,0.05148299807756669,0.4068244727058862,5.3956931577215064e-05,SVR
11.55,99.94280565252815,18.818077804828842,8.956386612206137,0.1359791807395337,0.051675786266374084,0.136022658294957,0.05169658771834325,0.40817339599531655,5.3956931577215064e-05,SVR
11.6,99.9438847911597,18.828722873263445,8.963945978320105,0.13652132064985728,0.05188814941071284,0.13656377349119198,0.05190844687810931,0.41002951444157276,4.856123841949356e-05,SVR
11.65,99.94496392979124,18.83748484553497,8.97222297162405,0.13711591671208037,0.05210618590724312,0.1371580599791611,0.052126329210136976,0.41176692763835904,4.316554526177205e-05,SVR
11.7,99.94658263773856,18.847458897457997,8.979976582691695,0.1376827500768886,0.0523219996419142,0.1377224165757906,0.05234136426335127,0.4138550608903973,4.316554526177205e-05,SVR
11.75,99.9476617763701,18.85654722916344,8.98804314396249,0.13828139195933803,0.05254126228225441,0.13832114120365369,0.05256043002146525,0.4159431941424355,4.316554526177205e-05,SVR
11.8,99.94874091500165,18.86558757807768,8.996082726767494,0.13886064180690968,0.052758807541865425,0.13889919467927744,0.05277743703040058,0.4184198173018297,4.316554526177205e-05,SVR
11.85,99.94928048431741,18.875422820961365,9.003755402437774,0.13940822264788244,0.05297330693980732,0.13944742020848738,0.05299208439303997,0.42086946199543523,4.316554526177205e-05,SVR
11.9,99.94928048431741,18.88434190288154,9.01174642400436,0.13996542975077292,0.05318879689907046,0.14000435174018425,0.05320755917008339,0.4233083153027254,4.316554526177205e-05,SVR
11.95,99.95035962294895,18.892698268992305,9.019910107751992,0.14054049426707602,0.05340589257836434,0.14057888817270472,0.05342430907368399,0.4260817015857942,4.316554526177205e-05,SVR
12.0,99.95089919226473,18.903359680789062,9.027097171038077,0.1410368745555298,0.05361512677112537,0.14107489299402945,0.05363330312044668,0.4288119223236013,3.237415894632904e-05,SVR
12.05,99.95197833089627,18.91467043191565,9.033965888427858,0.14149767952820055,0.05382045924363414,0.14153509412450604,0.0538385046366601,0.43198998559349927,3.237415894632904e-05,SVR
12.1,99.95305746952783,18.926635484325804,9.040510864228173,0.1419213745636233,0.054021579313624654,0.1419585766818177,0.05403945312898621,0.43479035034235675,3.237415894632904e-05,SVR
12.15,99.9535970388436,18.938835174874914,9.046904760620073,0.1423500919965683,0.05422276681092191,0.14238686639999565,0.05424038310511899,0.4377633772722613,3.237415894632904e-05,SVR
12.2,99.95413660815937,18.95017029540551,9.053584628749332,0.1427913654233191,0.05442462208231886,0.14282813197443425,0.05444223020856507,0.44088208791742434,2.6978465788607532e-05,SVR
12.25,99.95467617747515,18.962156233138327,9.059940755289128,0.14320152788764004,0.054622759367391416,0.14323798856673983,0.05464020718017703,0.4441195038120572,2.6978465788607532e-05,SVR
12.3,99.95575531610669,18.97372893264062,9.066399399998922,0.1436208980807519,0.05482109360658648,0.14365613754311718,0.054838059563537885,0.44701159534459595,2.6978465788607532e-05,SVR
12.35,99.95791359336977,18.984665879129075,9.07305228966239,0.14403775707510263,0.05501860581585097,0.1440710472375914,0.05503461694233004,0.4502004500008093,2.6978465788607532e-05,SVR
12.4,99.95791359336977,18.99598928358637,9.079489351599554,0.14444666394004305,0.055214703488503956,0.1444795679900677,0.05523067635008893,0.4532436209417643,2.6978465788607532e-05,SVR
12.45,99.95845316268554,19.007144824393993,9.085931809229873,0.1448391085019937,0.055408528467024064,0.14487251232888543,0.05542458439319714,0.45609794262219894,2.6978465788607532e-05,SVR
12.5,99.95845316268554,19.019280979919085,9.0919264243281,0.145198209924838,0.055598694137280164,0.14523176300902532,0.05561476432782672,0.4589468686094759,2.6978465788607532e-05,SVR
12.55,99.96061143994864,19.030788199631356,9.098115284380007,0.14555982254644337,0.055788583673577,0.1455919176076865,0.05580385988363885,0.46176342043780655,2.1582772630886026e-05,SVR
12.6,99.96061143994864,19.04186005760557,9.104428245374542,0.14592548098827515,0.05597865836747512,0.1459577201338659,0.05599394687183212,0.46407277710931133,2.1582772630886026e-05,SVR
12.65,99.9611510092644,19.053608457347906,9.11042286047277,0.1462649113541571,0.056166082883300696,0.14629705282817215,0.05618125988374084,0.4664252993260779,2.1582772630886026e-05,SVR
12.7,99.96169057858017,19.065711018584622,9.116228626310479,0.14658899550538756,0.05635192116852518,0.1466210297632542,0.05636701578657692,0.4688695483265258,2.1582772630886026e-05,SVR
12.75,99.96223014789595,19.07883377324691,9.121575758229781,0.14688489842607627,0.05653476830288016,0.1469163926310164,0.05654957767313339,0.4713893370311817,2.1582772630886026e-05,SVR
12.8,99.96330928652749,19.091501430838463,9.127057782478026,0.14718331254552613,0.05671773819996665,0.14721458632769274,0.05673235514413835,0.47375265063426375,2.1582772630886026e-05,SVR
12.85,99.96384885584327,19.104315527942486,9.132431892863117,0.14747154235888918,0.056899501899795896,0.14750226532661145,0.05691382918423105,0.4763317919636546,2.1582772630886026e-05,SVR
12.9,99.9649279944748,19.116594087080735,9.137967874042939,0.14776521310290122,0.05708144076655842,0.1477961215104605,0.05709572595580107,0.478862372054626,2.1582772630886026e-05,SVR
12.95,99.9649279944748,19.127889373635284,9.143849179584855,0.14808022903638315,0.057265285186377246,0.14811124796510997,0.057279580878150695,0.48123108135086573,2.1582772630886026e-05,SVR
13.0,99.96546756379058,19.139592319609914,9.149514657400463,0.14838003826625584,0.057447284142195826,0.14841036132326507,0.057461538546006496,0.4840638202586695,1.618707947316452e-05,SVR
13.05,99.96654670242214,19.151662871385746,9.154980494569235,0.1486731509660988,0.057628257736193414,0.14870169090683374,0.0576418762829879,0.486475695100171,1.618707947316452e-05,SVR
13.1,99.9670862717379,19.162536788921983,9.160877987190624,0.14900281555902076,0.057812649743525395,0.14903177788332828,0.0578262939026467,0.4888821742485148,1.618707947316452e-05,SVR
13.15,99.96762584105367,19.173747359441546,9.166592026244652,0.14932076122439067,0.05799570217362912,0.14934916168033116,0.058009051415495,0.49146131557790573,1.0791386315443013e-05,SVR
13.2,99.96762584105367,19.184294177568844,9.172516497331829,0.14965823843568063,0.05818017353550893,0.14968618995752211,0.05819347739893804,0.49415376646360876,1.0791386315443013e-05,SVR
13.25,99.96762584105367,19.19511566524939,9.178279097624277,0.14997967187710767,0.058362752208815316,0.15000716926913255,0.05837600897128497,0.49679226041773455,1.0791386315443013e-05,SVR
13.3,99.96870497968521,19.20561546989953,9.184117237620931,0.1502984546087313,0.05854466740440962,0.150324432503036,0.05855730431745807,0.4993767974402832,1.0791386315443013e-05,SVR
13.35,99.96924454900099,19.215606531201495,9.190106457026001,0.1506420703058818,0.05872862162360836,0.15066748211317169,0.05874097700235342,0.5018426292133619,1.0791386315443013e-05,SVR
13.4,99.96924454900099,19.22543514122903,9.196111863510547,0.15097117685463463,0.05891095815201158,0.1509966899112675,0.058923315945089635,0.5045027059401186,1.0791386315443013e-05,SVR
13.45,99.96978411831677,19.236043018893096,9.201750362860365,0.1512832630562285,0.05909114503277418,0.15130861367573953,0.05910339257863236,0.5072005525189793,1.0791386315443013e-05,SVR
13.5,99.97140282626408,19.245475442775682,9.207809726276485,0.15161767102458815,0.0592732405383697,0.15164206286701207,0.05928493017113418,0.509687967064689,1.0791386315443013e-05,SVR
13.55,99.97194239557984,19.25566024753065,9.213512973944198,0.15192543238387116,0.059452245490192346,0.15194923170751448,0.059463629344950066,0.5127473250851171,1.0791386315443013e-05,SVR
13.6,99.97248196489562,19.26606631302536,9.219065142203494,0.1522295664560548,0.059630050036135515,0.15225207119957684,0.05964114038427879,0.5157851003329142,1.0791386315443013e-05,SVR
13.65,99.9730215342114,19.276265402226397,9.224638893235419,0.15252923617488515,0.05980662025607246,0.152551139608059,0.05981740943314248,0.5189361851370237,1.0791386315443013e-05,SVR
13.7,99.9730215342114,19.286464933476495,9.230147895949454,0.15283141709247677,0.0599824779424328,0.15285340207142586,0.05999328288318298,0.522281514894811,1.0791386315443013e-05,SVR
13.75,99.97356110352716,19.29660894599465,9.235608337425067,0.15312369272606602,0.060156136266627365,0.1531450695796723,0.06016664950046582,0.5258912336173267,1.0791386315443013e-05,SVR
13.8,99.97517981147448,19.305557035380836,9.241478851580668,0.15346130944839823,0.06033305145441228,0.15348070917009823,0.060342645337149434,0.5292149806024831,1.0791386315443013e-05,SVR
13.85,99.97517981147448,19.31417416544091,9.247414114054163,0.1537908345302779,0.060508066664711695,0.15380975787831846,0.060517617454458154,0.5325279362013241,1.0791386315443013e-05,SVR
13.9,99.97679851942179,19.322598252756773,9.253360167913971,0.15412287081091872,0.0606822510167994,0.15413924136218896,0.06069083384631861,0.5358301004138497,5.395693157721506e-06,SVR
13.95,99.97733808873757,19.331074349581872,9.259214494990099,0.15444737349527604,0.060854419634517175,0.15446312526782194,0.06086269074049595,0.5396556468626742,5.395693157721506e-06,SVR
14.0,99.97787765805334,19.33896284639847,9.2652252971678,0.15477606151090198,0.06102535895123505,0.1547921687282775,0.06103365356236001,0.5436214813335996,5.395693157721506e-06,SVR
14.05,99.9784172273691,19.345905885748437,9.271532862469178,0.15511744503137592,0.061195757695917605,0.15513390688261294,0.06120407628846977,0.5477222081334678,5.395693157721506e-06,SVR
14.1,99.97949636600066,19.35432474812002,9.277171361818995,0.1554274385673355,0.061361432552143706,0.15544354539518065,0.06136942548568606,0.5517258124564972,5.395693157721506e-06,SVR
14.15,99.97949636600066,19.361369840095627,9.283273890780379,0.1557596143590186,0.06152725594403091,0.15577578930893976,0.061535257991160726,0.5561502808458288,5.395693157721506e-06,SVR
14.2,99.98111507394798,19.369472877678934,9.288869224584936,0.15606109772139878,0.06168814696171484,0.15607717972131377,0.06169609639610045,0.5604398569062174,5.395693157721506e-06,SVR
14.25,99.98165464326375,19.377335196928666,9.29446995408265,0.15635965135189087,0.061846461717345425,0.15637606212661698,0.06185454677888954,0.5650531745560693,5.395693157721506e-06,SVR
14.3,99.98273378189529,19.384567046456233,9.300232554375098,0.15668094528227566,0.06200469042325291,0.15669544466570604,0.062012074089905236,0.5693535420027734,5.395693157721506e-06,SVR
14.35,99.98327335121107,19.39167272836223,9.305962780508597,0.15698661397592442,0.062159417620022306,0.15700045840843596,0.06216650369022105,0.5734380817231686,5.395693157721506e-06,SVR
14.4,99.98327335121107,19.397521479080503,9.3121138707084,0.15732297509887602,0.06231515356219624,0.15733687580274358,0.06232223943900112,0.5774740602051442,5.395693157721506e-06,SVR
14.45,99.98327335121107,19.40328698294755,9.318216399669783,0.1576658932408151,0.06246955067425509,0.1576798513129917,0.06247663582975948,0.5816395353229052,5.395693157721506e-06,SVR
14.5,99.98327335121107,19.409692379181127,9.323984395655389,0.15798328086201593,0.06261961504192673,0.15799729203138657,0.06262669844383943,0.5851683186480551,5.395693157721506e-06,SVR
14.55,99.98327335121107,19.415345089815194,9.329989802139933,0.1583161542089104,0.06276994915138101,0.15833022106615144,0.06277703053382117,0.5882978206795336,5.395693157721506e-06,SVR
14.6,99.98381292052684,19.42192690618024,9.335563553171859,0.15863354183011116,0.06291769627923471,0.15864694516548572,0.06292444410001732,0.5910873940420757,5.395693157721506e-06,SVR
14.65,99.98543162847415,19.428481126564506,9.341088742965365,0.15893432763727985,0.06306274426051284,0.1589456249878579,0.06306852039205732,0.5940388381993493,5.395693157721506e-06,SVR
14.7,99.9865107671057,19.43425921827588,9.346867530337285,0.15925548205662238,0.06320878834214975,0.1592663630280398,0.06321428060104246,0.5970118651292539,5.395693157721506e-06,SVR
14.75,99.9865107671057,19.440242586460354,9.352506029687104,0.15957482283241514,0.06335360937211074,0.159585746886265,0.06335909705708027,0.5996773375491683,5.395693157721506e-06,SVR
14.8,99.98812947505301,19.445676233649888,9.358311795524813,0.15990546400263306,0.06349871596035167,0.159915099524583,0.06350363442782794,0.6023913712075022,5.395693157721506e-06,SVR
14.85,99.98974818300033,19.45028811619803,9.364392741713564,0.16025661329606705,0.06364495637798985,0.1602650912505261,0.06364933266780679,0.6049759082300508,5.395693157721506e-06,SVR
14.9,99.99028775231609,19.45552681571438,9.370171529085484,0.1605798603810438,0.06378771970232865,0.16058764443245283,0.06379176728175423,0.6076144021841766,5.395693157721506e-06,SVR
14.95,99.99028775231609,19.459978023690745,9.376214705422132,0.1609178956365029,0.06393116594756218,0.1609257125219221,0.06393520723987786,0.6100262770256781,5.395693157721506e-06,SVR
15.0,99.99028775231609,19.465125075698847,9.381934140169317,0.16124714169629797,0.06407323281127263,0.16125499056201598,0.06407726744835615,0.6121359930503472,5.395693157721506e-06,SVR
0.0,52.06466198680213,13.342472221587395,7.8670285378211116,0.07090383653208009,0.020858479115351266,0.08375754477526867,0.026650510148738007,0.06400371223689251,0.01762772954627616,RF
0.05,52.98139025429902,13.37952164394587,7.8705627168394185,0.0711955541215002,0.021029425404947105,0.08306482255173538,0.02646346213090437,0.06553608909368543,0.017206865479973885,RF
0.1,53.61430506169975,13.423134229963388,7.871453006210443,0.07127521492664556,0.021180378691978845,0.08244854280682333,0.0263418071903359,0.06661522772522972,0.016856145424721986,RF
0.15,55.50711422142845,13.439761407361349,7.883118494817436,0.07206401035973084,0.02140075528915961,0.08145319872075278,0.025787545745846262,0.06813141750254946,0.016311180415792114,RF
0.2,56.777799960071874,13.473567624636287,7.887909870341494,0.07251979293487938,0.021589948017023044,0.08094656844185957,0.025529102790883065,0.06941019678092947,0.015048588216885282,RF
0.25,58.44129216059741,13.505772095015077,7.893300167806057,0.07288600942088024,0.021769703720960498,0.08109986213773301,0.025668492050958197,0.0729821456513411,0.014455061969535917,RF
0.3,59.389855017724855,13.541225090779015,7.897346937674349,0.07325710879336114,0.02194939886110389,0.08201338375019306,0.026141420424212827,0.07518898415284919,0.014034197903233639,RF
0.35,61.05172851030307,13.578688625238508,7.90056277079635,0.07349204538857082,0.022116258051534277,0.08223560339021997,0.026254791466717105,0.07651632466964868,0.013672686461666299,RF
0.4,62.651551531567506,13.618785016600157,7.902731839445754,0.07366768979080895,0.02227857448807965,0.08180444349518577,0.026165100700499308,0.0768454619522697,0.012237432081712378,RF
0.45,63.81162556047762,13.633123256559525,7.915190494946933,0.07462515407401811,0.022517244078273276,0.08240364743286206,0.026212221269136263,0.07951633006534184,0.011573761823312632,RF
0.5,65.1395056465929,13.667089253012403,7.919733668585735,0.07500699579675502,0.02269885986226815,0.08173494417891902,0.026021494508854822,0.08380590612573044,0.01120685468858757,RF
0.55,65.59867913431499,13.707832115085212,7.9215196430209405,0.07518277971003544,0.0228600175612,0.08151841126538133,0.026029664397555375,0.08526274327831525,0.010964048496490101,RF
0.6,66.1485002670868,13.74594789374526,7.9243577776219025,0.0754481297124635,0.023030990002030786,0.08137611563277458,0.026048857985012306,0.08565662887882892,0.009771600308633648,RF
0.65,67.22709932931534,13.77232881102072,7.9318469997248195,0.07592748965375837,0.023222051100164443,0.08101494094418671,0.025906465304196925,0.09030771638078486,0.009221239606546056,RF
0.7,68.19832409770521,13.805453011174421,7.936589814010457,0.07635969486276051,0.023407861162763118,0.0804881892494897,0.025750143997838138,0.09212066928177928,0.008821958312874663,RF
0.75,69.00983634862654,13.836033612695797,7.94233622722343,0.07688718611364409,0.02360395884095482,0.08041200231434424,0.02567916000818982,0.09264405151807827,0.008579152120777195,RF
0.8,69.61847053681751,13.873611958558318,7.945255297221758,0.07713509723578638,0.023773408208453316,0.08003564825694044,0.025628123657391703,0.09608110805954687,0.008395698553414665,RF
0.85,70.8276453734629,13.910931514363005,7.9481851586064005,0.07733069171707141,0.023935356784229988,0.07930766184951281,0.025396248246310767,0.10077536110676458,0.008077352657109096,RF
0.9,72.83430365881954,13.952038862930563,7.949561060361619,0.07746280867411633,0.02409045862544405,0.07800932150000742,0.024906640953363982,0.10244802598565825,0.006922674321356693,RF
0.95,73.72513259915935,13.977007673131766,7.957352441281369,0.0781660838382803,0.024300408123580183,0.07818073101722078,0.0248737932264243,0.10541565722240508,0.006561162879789352,RF
1.0,75.49761780147087,14.006723574330135,7.963212164050654,0.07872203534179019,0.02449638564904334,0.0797939642943926,0.025366799076728567,0.10748220770181241,0.006269795449272391,RF
1.05,76.0161439139279,14.049119108830949,7.96395676970642,0.0787809090016349,0.024643917513501305,0.07976703460318138,0.025456853397886895,0.10979156437331722,0.006161881586117961,RF
1.1,76.74024593569413,14.087082780146812,7.966433392865815,0.07894064914505243,0.024801049787847224,0.07987099741958163,0.02555544935027799,0.11280775684848354,0.0060539677229635306,RF
1.15,77.8722623601841,14.112872555519171,7.973733765708212,0.07957807509725735,0.025004138254673406,0.08055789616346667,0.0256917516496744,0.11378977300318885,0.005741017519815683,RF
1.2,79.08197676614527,14.150328058639861,7.9763183027307605,0.07980045569866133,0.02516612027883487,0.08044106530208439,0.025729148027574505,0.1183437380283058,0.004812958296687584,RF
1.25,80.14600745684794,14.190480377949061,7.977753557110714,0.07991890057356218,0.02531616211915971,0.08042502907693032,0.025780331811377864,0.12189949981924428,0.004580943490905559,RF
1.3,81.36975066501918,14.221929983007156,7.9826258680321365,0.08034385120836547,0.025495591598838886,0.08176260256622787,0.026271621399280565,0.12498044061230326,0.0044244683893316355,RF
1.35,82.20230611925561,14.259990516439474,7.984805728067856,0.08056539474351573,0.025654847699581602,0.08219244067529605,0.026464266953799897,0.12586533429016958,0.004311158833019484,RF
1.4,83.04673209843902,14.298193314713869,7.986915444092525,0.08077005744254936,0.02581332796360341,0.0824686336826649,0.026686315321923715,0.1271225307959187,0.0038255464488245483,RF
1.45,85.67659294351249,14.325819655857767,7.993212218007586,0.08125011493905564,0.025998081866163005,0.08488724744469006,0.027646941129173874,0.1302034715889777,0.003566553177253916,RF
1.5,86.67965230153291,14.357103029372327,7.997998197838485,0.08167115926467494,0.026176649080054844,0.08569421281575638,0.027944609980666165,0.1342988026956883,0.0033938909962068276,RF
1.55,86.83990438831725,14.39923137323381,7.9983812920526836,0.08169180689893327,0.02631515138913944,0.08559262486718898,0.028042331457588016,0.13544808533828298,0.003280581439894676,RF
1.6,87.31850237140715,14.435421803136908,8.001122304176807,0.08192116305245152,0.026474537400328735,0.0854459076314651,0.028062235041417773,0.13676463446876702,0.0028813001462232846,RF
1.65,89.59062876012366,14.466650017963554,8.00580037014455,0.0822353419196797,0.02664146663671034,0.085769491246138,0.02831758014064683,0.13989953219340323,0.0025521628636022728,RF
1.7,90.05735621826658,14.498083153791926,8.010343543783351,0.08269503080401223,0.026821816041528616,0.08614571785316286,0.028435144426714975,0.14353622938170751,0.0024874145457096145,RF
1.75,90.61527089077498,14.539265056827238,8.010931674337543,0.08275278837551865,0.026962408074123246,0.08656279032987974,0.02874570189378385,0.144960692375346,0.002341730830451134,RF
1.8,90.91203401444966,14.574142041253378,8.014012615130603,0.08299484003388494,0.027121130709359044,0.08667107982669596,0.028846375270393985,0.14828443936050245,0.002271586819400754,RF
1.85,91.45268246885337,14.608976434934007,8.017055786071557,0.08316685714902364,0.027272272105047565,0.08691397408727254,0.029010586252326363,0.14995710423939612,0.002169068649404046,RF
1.9,92.33272002287774,14.643863760634222,8.020028813001462,0.08341686093680026,0.02743025629882811,0.08708553674257698,0.029082155540080583,0.153291642610868,0.0018453270599407554,RF
1.95,92.62354788407893,14.669792675865857,8.026492853404413,0.08402638468054799,0.027620669571441398,0.08761897738579301,0.029233980727349975,0.15813157937334418,0.001726621810470882,RF
2.0,93.26887278574242,14.701899568978689,8.030420918023234,0.08435284051949733,0.027782516924824883,0.08793774311862916,0.02939608314925839,0.1615902186874437,0.001629499333631895,RF
2.05,93.61743456373122,14.738920285432798,8.032341784787382,0.0845081163095617,0.027927488149606536,0.08788616894135005,0.029453696551441453,0.16223230617321255,0.001564751015739237,RF
2.1,93.86833429556528,14.7788550477411,8.033064807670517,0.0845700592123367,0.028063536595753065,0.08778219678218531,0.029522798959382,0.1649301527520733,0.0015539596294237938,RF
2.15,94.35502581839175,14.794734882754362,8.043354394522293,0.085459302595868,0.02827905553151296,0.0884049244071344,0.029607446960718164,0.16735821467304798,0.0014622328457425283,RF
2.2,94.5730118219637,14.828825729512715,8.046316630065881,0.08571042247198285,0.028432536361143443,0.08853336327485381,0.02970665337591487,0.17043915546610694,0.00128957066469544,RF
2.25,94.99063847237136,14.864479908573271,8.048577425498967,0.08588369518650216,0.028576628187075306,0.08859471769791363,0.02980238209813385,0.17424311914230062,0.0012194266536450606,RF
2.3,95.18056687152315,14.90496375310867,8.048847210156852,0.08589443753675816,0.028703868533360537,0.08864351018418264,0.029950224173770062,0.1762988782353925,0.0011762611083832885,RF
2.35,95.39963201372665,14.932405017282555,8.05429686024615,0.08636110197320497,0.028875237246215237,0.08913546961375964,0.030119819224429165,0.17837622010111528,0.0011654697220678455,RF
2.4,95.58902084356266,14.971022212243422,8.05524650224191,0.08642025465513427,0.029007347911400524,0.08913356782081532,0.03022650847095708,0.18021615146789832,0.0010575558589134154,RF
2.45,95.7163592020849,14.995425540270729,8.06182924789433,0.08693323675762007,0.029182718286522726,0.08961170655151807,0.03038211928281312,0.18303270329622895,0.0010035989273362003,RF
2.5,95.82535220387088,15.032630620583967,8.063199753956392,0.08701164196338483,0.02931353896895613,0.08963032861100476,0.03049152125111378,0.18792120129712464,0.0009820161547053141,RF
2.55,95.9586258248666,15.068867714294601,8.064904792994232,0.08715519882589717,0.029449821510651147,0.0896929567764826,0.03059484581870828,0.19009026994652867,0.0009658290752321497,RF
2.6,96.08380590612573,15.108576161940956,8.06519616042475,0.08717989228038178,0.029574901725975836,0.08964434553980065,0.030691622322259037,0.1907485445117707,0.0008687065983931626,RF
2.65,96.31258329601312,15.12922950279823,8.073057685355549,0.08787591287034689,0.02976436496000706,0.09021708679600446,0.030820675621184436,0.19507589042426335,0.0008417281326045551,RF
2.7,96.48254763048135,15.167106425175117,8.073942579033416,0.08795306247673107,0.02989161726505797,0.09018511606473767,0.03090273717599172,0.1991280559857122,0.000820145359973669,RF
2.75,96.66600119784388,15.197226798874041,8.077876039345394,0.08833141642341083,0.030047163923878656,0.09045400207642586,0.03100818013271768,0.20087626056881397,0.000809353973658226,RF
2.8,96.7820086007349,15.232705134410361,8.079624243928496,0.08844581547808539,0.03017680870057917,0.0904947747269595,0.031107053580100755,0.2040165539866079,0.000798562587342783,RF
2.85,96.84621734931179,15.268913471101573,8.081027124149504,0.08852017486362383,0.03030165419572573,0.09052927651987877,0.031216964272312443,0.20594281644391446,0.0007931668941850615,RF
2.9,97.63344898102335,15.305354873553487,8.082311299121042,0.08862201792449266,0.03042942045225581,0.09011140437807758,0.031109487915008567,0.20719461725650587,0.0007338142694501249,RF
2.95,97.80071546891271,15.328522651123519,8.088807713682938,0.08928218417659023,0.030608583308813476,0.0906773772930149,0.03124301613094031,0.213275563445258,0.0007068358036615174,RF
3.0,97.97499635790712,15.359734847575156,8.092012755418624,0.08948196398914388,0.030741460206683103,0.0907708214561075,0.031328054753630166,0.21620002913674305,0.0006960444173460744,RF
3.05,98.05053606211523,15.397250625105176,8.092654842904393,0.08950414624486736,0.030856665170850384,0.09074343332599603,0.03142257878704443,0.21785650693616354,0.0006852530310306313,RF
3.1,98.15737078663811,15.433856398720037,8.093631463365941,0.08956971643474178,0.03097610004448047,0.09074103206939389,0.03151251248235042,0.22016046791451063,0.0006798573378729098,RF
3.15,98.34945746305299,15.457819105615837,8.099604495691539,0.09010543883712022,0.03113992528392999,0.09116171320100507,0.03162216024165373,0.22228097532549518,0.0006744616447151884,RF
3.2,98.4325511376819,15.489711604066576,8.10235090350882,0.09025806391738116,0.03126567386361373,0.09126249005635101,0.031725042078434455,0.22592846390011492,0.0006474831789265808,RF
3.25,98.5118678271004,15.521712268167622,8.104967814690314,0.09041473481786837,0.0313893901579166,0.09137028188963438,0.031826957518206814,0.23044465907312783,0.0006259004062956948,RF
3.3,98.56042906551991,15.556926089492112,8.106246593968693,0.09051267156955317,0.0315064149362058,0.09144133323844193,0.03193269175264677,0.23240869138253845,0.0006205047131379733,RF
3.35,98.60467374941322,15.588697313294158,8.108868900843348,0.09072598395320855,0.03163448667179864,0.09162795252452846,0.032048953715540736,0.233347541991982,0.0006151090199802518,RF
3.4,98.64729972535922,15.624539622236528,8.109840125611736,0.09076295437941435,0.03174577675493166,0.09163729237635787,0.032148967166712,0.23454538587299617,0.0006151090199802518,RF
3.45,98.67697603772669,15.653488337702958,8.113493009879514,0.09100681968133037,0.03187512647606217,0.09186591656869768,0.03227147323906164,0.24037813017649312,0.0005881305541916443,RF
3.5,98.7077314887257,15.686706016296782,8.115332941246297,0.09110949980845288,0.03198747606480677,0.09195064557391029,0.032376475552313544,0.24537993773370095,0.0005827348610339228,RF
3.55,98.73255167725122,15.72048579139633,8.116897692262036,0.09115665454074556,0.03209346606973015,0.09198277934682812,0.03247650140776405,0.24588713289052677,0.0005773391678762012,RF
3.6,98.86042960508922,15.752583317382875,8.119120717843018,0.09129867678179278,0.032209209381015486,0.09204203133920238,0.03255457110947673,0.24683137919312806,0.0005557563952453152,RF
3.65,98.93165275477114,15.780633622815678,8.122892307360265,0.09156625896089743,0.032335318184283694,0.09226682851112336,0.03266082476714243,0.25189253937507083,0.0005287779294567077,RF
3.7,99.00179676582152,15.813974734289468,8.12448943253495,0.09165345336232619,0.03244264833491522,0.09230784916313771,0.032747215979506486,0.2537270750486961,0.0005287779294567077,RF
3.75,99.04550188039907,15.848567619119645,8.125557779780179,0.09169237694312399,0.032545253735123,0.09231768425181408,0.03283705885475239,0.2547684438281364,0.0005287779294567077,RF
3.8,99.06978249960882,15.881153073842107,8.127376128374332,0.09181975052473117,0.03265529235721727,0.09243052826386505,0.03294066326453973,0.2583242056190749,0.0005179865431412646,RF
3.85,99.09082570292392,15.91639355391674,8.128082964177993,0.09183997962586264,0.03275395305948135,0.09243666422721729,0.03303353593844566,0.2604501087232171,0.0005125908499835431,RF
3.9,99.2850706566019,15.949032384407156,8.129788003215833,0.09189313333297362,0.03285507850409768,0.09235965879744358,0.03307408044222368,0.26236018410105055,0.0005125908499835431,RF
3.95,99.31960309281132,15.974709043915288,8.13422326299148,0.09225628057604417,0.032985077337707516,0.09270189021687167,0.03319400022129718,0.26539256365569003,0.0005125908499835431,RF
4.0,99.35899165286268,16.00552563788089,8.136538015356143,0.09238797899996223,0.03309104829513186,0.09280892166499223,0.03328862052162509,0.26896451252610165,0.0005125908499835431,RF
4.05,99.42697738664997,16.039043155385652,8.137741254930315,0.09244364390583437,0.03318941867235346,0.09281912661243495,0.03336596992144036,0.2690022823782057,0.0005125908499835431,RF
4.1,99.46528680806979,16.071579820561258,8.13931679733237,0.09256362340220038,0.03329425347295046,0.09291396000911349,0.03345913190653845,0.2707073214160457,0.0005125908499835431,RF
4.15,99.53273297254131,16.096506684397962,8.14390853220959,0.09291630731709949,0.033421649603640774,0.09322285928648481,0.033565549080329014,0.27221811550020775,0.0005125908499835431,RF
4.2,99.56240928490878,16.128887852993294,8.145457096145856,0.09296136938375787,0.03351772577399364,0.09324803954000065,0.03365248132677311,0.27662100111690846,0.0005071951568258216,RF
4.25,99.58830861206584,16.15909427138555,8.147825805442096,0.0930262420184209,0.03361463486496871,0.09329565411496994,0.033741415258811,0.2771551747395229,0.0004964037705103787,RF
4.3,99.59424387453934,16.188787525477423,8.150372572612541,0.09316742719321439,0.03371883342900465,0.09343297522496898,0.03384401749224847,0.27897352333367503,0.0004910080773526571,RF
4.35,99.59856042906551,16.21331045969668,8.15496970318292,0.09347937388376598,0.03383997569310619,0.09374311041286316,0.03396417118570041,0.2793728046273464,0.0004856123841949356,RF
4.4,99.60179784496015,16.24155936845674,8.158061435362294,0.0935791242790005,0.03394105017722696,0.09384189344240092,0.03406489640929912,0.28160122590148545,0.00047482099787949256,RF
4.45,99.60989138469674,16.267011823583157,8.162172953548477,0.09371096221396083,0.03404204275601924,0.09396872368777422,0.034163585916093774,0.2872720994102507,0.00047482099787949256,RF
4.5,99.616366216486,16.290728651589763,8.166894185061484,0.0938980465216664,0.03414577492046593,0.09415210130970307,0.03426554145134095,0.28995915460279603,0.00047482099787949256,RF
4.55,99.62014320169641,16.317689587076156,8.170293471750849,0.09400170322608492,0.03424144089004623,0.09425244354895491,0.034360164458912004,0.2913134735853841,0.0004694253047217711,RF
4.6,99.6260784641699,16.351501665101082,8.17093016354346,0.09402374597076615,0.03432924373352749,0.09427049428076256,0.03444633339776268,0.29186383428747176,0.0004694253047217711,RF
4.65,99.66438788558972,16.365490955360688,8.179412193187398,0.09448008659008379,0.034456618478556904,0.09470179417576646,0.034561434602751365,0.29891060955145604,0.0004694253047217711,RF
4.7,99.67302099464209,16.392234714386376,8.18269817032045,0.09458444084971374,0.03454683938550333,0.09480038777222605,0.03464902352165589,0.30115521790506816,0.0004640296115640496,RF
4.75,99.69298505932565,16.416642270427836,8.186890623904,0.09471432563008203,0.03463929868868971,0.09491686605615814,0.03473509643332433,0.30262824213712614,0.0004640296115640496,RF
4.8,99.70269730700954,16.44046699784671,8.19129890521386,0.0948379324135475,0.03473136795784805,0.09503411405872866,0.03482415074869007,0.3026552206029148,0.00045863391840632805,RF
4.85,99.70809300016727,16.465927148551856,8.195005746413212,0.09497228154726896,0.03482341814611812,0.09516483310965841,0.03491458063741196,0.3068206957206758,0.00045323822524860656,RF
4.9,99.80845289290089,16.48306452140554,8.202003960438777,0.095167876028554,0.03492073522595815,0.09529111120241326,0.03497855864934426,0.3072577468664512,0.0004478425320908851,RF
4.95,99.82086298716365,16.503766594928557,8.207529150232284,0.09549949377606796,0.03503024825117747,0.09561399283247116,0.03508399125756717,0.310943005293175,0.00043705114577544205,RF
5.0,99.83327308142641,16.528440016790025,8.21142484069216,0.0956268673576751,0.03511915514514566,0.09573290764441368,0.03516882953372664,0.311466387529474,0.0004316554526177205,RF
5.05,99.83597092800527,16.559223461982192,8.212865490765271,0.09568253226354724,0.03520157259730164,0.09578761417939892,0.03525085443667743,0.3127073969557499,0.000426259759459999,RF
5.1,99.83651049732104,16.59061050610402,8.214047147566813,0.0957158754026536,0.03528196330190831,0.09582063397286926,0.035331127588104,0.3129232246820588,0.000426259759459999,RF
5.15,99.83974791321567,16.61086947947821,8.219604711519265,0.0959877824240691,0.03538316532791098,0.09609070874856783,0.03543133012923615,0.31878294745134433,0.000415468373144556,RF
5.2,99.8429853291103,16.640486127639072,8.221363707488683,0.09604163368639153,0.03546173768076792,0.09614222760238218,0.03550887319978744,0.31946280478921724,0.000415468373144556,RF
5.25,99.84568317568916,16.669428160128,8.223354718263883,0.09610943605294255,0.03554089406097228,0.09620795616248845,0.03558718364251065,0.3229915881143671,0.000404676986829113,RF
5.3,99.84784145295225,16.699183649851737,8.224973426211198,0.09617472722073238,0.035618622308442836,0.09627182612360918,0.03566427451883822,0.32387648179223344,0.0003992812936713915,RF
5.35,99.84999973021534,16.725683970128408,8.227887100516368,0.09634590726961739,0.03570719291829107,0.09644146183567047,0.035752155839057526,0.3239682085759147,0.0003992812936713915,RF
5.4,99.85053929953112,16.756879733237525,8.228912282216335,0.09638566791666892,0.03578345458514584,0.0964800622514266,0.03582819632440011,0.32483691517430785,0.00038848990735594846,RF
5.45,99.85539542337307,16.78373698451758,8.231593941715722,0.09646184094575709,0.035860670234489946,0.09655249189203793,0.035903775737737946,0.3311660632483152,0.00038848990735594846,RF
5.5,99.8564745620046,16.80737279298971,8.235489632175597,0.09661655869165234,0.03594308738862031,0.09670666800672185,0.035985876508666366,0.33261750470774226,0.000383094214198227,RF
5.55,99.85809326995192,16.83034811279422,8.239638920213885,0.09674379276221719,0.036023240009743274,0.09683279468309292,0.03606550579836344,0.33266067025300405,0.0003776985210405055,RF
5.6,99.85863283926768,16.860006924303708,8.241111944445944,0.09679499331473618,0.03609671699753473,0.09688368420768245,0.036138832104155784,0.3331732611029876,0.0003776985210405055,RF
5.65,99.86025154721501,16.88025071419107,8.246286414184198,0.09699714481500865,0.03618287702681416,0.09708496726714722,0.03622448764627218,0.3378621184570476,0.00036690713472506246,RF
5.7,99.86402853242542,16.90043377083172,8.251439301149823,0.09717809063685366,0.03626581503257328,0.09726332578708782,0.036306146761058256,0.3388926958501724,0.00036690713472506246,RF
5.75,99.8661868096885,16.91951017160953,8.25701305218175,0.09736768614332042,0.03634951144209453,0.09745163210416834,0.036389137090162824,0.3399988129475053,0.0003615114415673409,RF
5.8,99.86834508695159,16.947307103621686,8.259079602661156,0.09744330112823943,0.03642213224691258,0.09752552011194614,0.036461005943328705,0.3407757927622172,0.00035611574840961944,RF
5.85,99.86996379489891,16.968430119060713,8.263784647094688,0.09759467060911982,0.036501569995721746,0.09767508689732676,0.03653983018674836,0.34259414135636934,0.00035611574840961944,RF
5.9,99.87104293353045,16.987641520165653,8.269239692877145,0.09775915412797503,0.036582435601781434,0.09783900677493598,0.036620349761957535,0.3427344293784701,0.0003453243620941764,RF
5.95,99.87104293353045,17.00358390659744,8.275978913631139,0.09798097668520986,0.03666872090841851,0.09806083637503107,0.0367066441078476,0.34464450475630354,0.0003453243620941764,RF
6.0,99.872122072162,17.02721482732142,8.2796210065126,0.09811769750665018,0.03674661942283528,0.09819709175779055,0.03678456405394975,0.34528119654891465,0.0003453243620941764,RF
6.05,99.87374078010932,17.05142154492428,8.283025688895124,0.09825762708206309,0.036825355317443506,0.09833602575918833,0.036862761084612734,0.3452919879352301,0.00033453297577873344,RF
6.1,99.87374078010932,17.072691844170627,8.287595840999714,0.09844512992289553,0.036909116399951654,0.09852292751446523,0.036946468252726704,0.34616069453362325,0.00033453297577873344,RF
6.15,99.87643862668818,17.090888143077535,8.293369232678476,0.0986394688048,0.03699327845238348,0.09871498521912006,0.03702965750103786,0.34832976318302733,0.00033453297577873344,RF
6.2,99.87697819600395,17.114985222880076,8.296752332288367,0.09876726091953401,0.03707050185079893,0.0988425411307096,0.0371067041980337,0.34884235403301084,0.0003291372826210119,RF
6.25,99.87697819600395,17.142723651757727,8.298673199052516,0.09886324451662681,0.03714520856614672,0.09893808422246829,0.03718136694596254,0.34886393680564176,0.0003291372826210119,RF
6.3,99.87751776531972,17.167848375098362,8.301630038902948,0.09898531667862714,0.03722281915547234,0.09905949222607584,0.03725875727041851,0.3497596218698235,0.0003237415894632904,RF
6.35,99.8780573346355,17.194125275552242,8.304117453448658,0.09906986037025248,0.03729725396288072,0.0991434643098316,0.037332981186904104,0.34977041325613895,0.00031834589630556887,RF
6.4,99.8780573346355,17.21944323711807,8.306987962208565,0.09919263008746418,0.037376180564456754,0.09926582519299647,0.037411864763698656,0.34984595296034704,0.00031834589630556887,RF
6.45,99.87913647326704,17.244973505377157,8.309739765719003,0.09930116967836274,0.03745310348824674,0.09937398233473248,0.037488638762665935,0.3530186205370873,0.0003075545099901259,RF
6.5,99.87913647326704,17.26905797686097,8.313031138545213,0.09944821431693221,0.03753286204433257,0.09952106523183638,0.037568395370846254,0.3538009960449569,0.0003075545099901259,RF
6.55,99.87967604258282,17.29266098566869,8.316505964938786,0.09956358994890276,0.03761000476466779,0.09963701997731078,0.03764565761932245,0.35410315486178934,0.0003075545099901259,RF
6.6,99.88021561189858,17.321084267273708,8.318043737488736,0.09961897583269032,0.037681743123020695,0.09969193402877193,0.03771719206499538,0.355117545175441,0.0003075545099901259,RF
6.65,99.88021561189858,17.338989335515095,8.32374158946329,0.09982070879983596,0.03776644414867846,0.09989390893031748,0.03780190982633257,0.3580581979463992,0.00030215881683240436,RF
6.7,99.88021561189858,17.357891808273617,8.329013181678384,0.10000221266585012,0.037848809278633024,0.10007563047036644,0.037884287889052445,0.3580851764121878,0.0002913674305169614,RF
6.75,99.8818343198459,17.374027934796676,8.33539089099081,0.10022780202122665,0.0379363053462272,0.1003001442138358,0.03797120280652265,0.3581283419574496,0.00028597173735923985,RF
6.8,99.88237388916167,17.387697935335915,8.342750616457943,0.10048519989424443,0.038027560214899336,0.10055660500769792,0.03806220016230058,0.35895388301058095,0.00028597173735923985,RF
6.85,99.88345302779321,17.39819382891107,8.351340559965037,0.10077580139532626,0.038121230417372524,0.10084687820135374,0.038155621689615636,0.36136575785208247,0.00028057604420151836,RF
6.9,99.8877695823194,17.39831725461838,8.364058208737786,0.10122223673064161,0.03822998940641314,0.10129029514112084,0.03826281002273747,0.3613765492383979,0.0002751803510437968,RF
6.95,99.88884872095095,17.40727321441584,8.373241678492228,0.10159947458898305,0.0383330104305343,0.10166713782430438,0.038365460393073765,0.3614736717152369,0.0002751803510437968,RF
7.0,99.88938829026671,17.417878522503297,8.38176147798827,0.10195662285723535,0.0384348345337425,0.10202427207121556,0.03846710808199028,0.36211036350784803,0.00026978465788607533,RF
7.05,99.88938829026671,17.436296417177644,8.387146379759676,0.10221137002044968,0.03852727742586869,0.10227804433689122,0.038559442121182945,0.3621319462804789,0.00026978465788607533,RF
7.1,99.88938829026671,17.45692577933582,8.391646387853216,0.10235143910690485,0.03860945448448379,0.10241826852772137,0.038641621255073845,0.3621535290531098,0.00026438896472835385,RF
7.15,99.88938829026671,17.447847612943868,8.407989942427953,0.1029312469986457,0.038733509067841176,0.10299802013741845,0.03876565541889981,0.3651157645966989,0.0002589932715706323,RF
7.2,99.88938829026671,17.463674771026735,8.414351464660907,0.10321654708012065,0.03882915060762551,0.10328335681258373,0.03886128432529113,0.3651319516761721,0.0002535975784129108,RF
7.25,99.88938829026671,17.48218587931102,8.419639243955475,0.10350073107325733,0.038925618909174745,0.10356771582904799,0.03895775331262007,0.36515353444880294,0.00024820188525518933,RF
7.3,99.88938829026671,17.497955824354303,8.426022348961059,0.10378728675411289,0.039023191225711795,0.10385458882502914,0.03905533993074107,0.3652182827666956,0.00024820188525518933,RF
7.35,99.89046742889826,17.516513977459343,8.431288545482996,0.1040777487441524,0.0391220590654334,0.10414438701453031,0.039153903645790626,0.36532080093669234,0.00024820188525518933,RF
7.4,99.89100699821402,17.525869937798948,8.440234604738498,0.10451441830650773,0.0392360375829666,0.10458097049116571,0.0392676983606105,0.3653477794024809,0.0002428061920974678,RF
7.45,99.89100699821402,17.5470222297829,8.444432454015205,0.10474489054836429,0.039329776865812516,0.10481015790980441,0.03936129472955041,0.3675492222108313,0.0002428061920974678,RF
7.5,99.89208613684556,17.567353491058515,8.44894325349506,0.10499894015636718,0.0394260491741449,0.10506446699399892,0.03945753453393374,0.3676409489945126,0.00023741049893974628,RF
7.55,99.89208613684556,17.587112874213876,8.45368067208754,0.10517304993714016,0.03951543820589738,0.10523848554282596,0.03954689785462489,0.36776504993714015,0.0002320148057820248,RF
7.6,99.89262570616134,17.61107763285614,8.45673463441481,0.10528521681513814,0.03959967099551583,0.1053507631877451,0.03963110337029348,0.36778123701661336,0.0002320148057820248,RF
7.65,99.89316527547712,17.62894950319886,8.46220586727674,0.10555921650218796,0.03969966540843559,0.1056247661868366,0.03973106004569046,0.36925965694182905,0.0002320148057820248,RF
7.7,99.89370484479288,17.65208281550379,8.465561988420843,0.10569747194509342,0.03978699602936927,0.10576231890070002,0.03981814385525633,0.369319009566564,0.0002320148057820248,RF
7.75,99.89370484479288,17.676075597986312,8.46857278520285,0.10583893614197148,0.0398755141466516,0.1059033749891971,0.0399066055229789,0.3694323191228761,0.00022661911262430328,RF
7.8,99.89424441410866,17.700118796485295,8.471561999212229,0.10600104797310783,0.03996690584484259,0.1060649467583465,0.039997762145145825,0.36945390189550703,0.00022661911262430328,RF
7.85,99.8953235527402,17.718889034208196,8.476644742166803,0.10618269135016428,0.040060488089552405,0.10624535537082946,0.040090883059743045,0.37065174577652116,0.00022661911262430328,RF
7.9,99.89640269137175,17.745110503434596,8.478738271111999,0.10628104663497598,0.04014655621023515,0.10634322355393994,0.04017692405385802,0.37070030701494067,0.00022661911262430328,RF
7.95,99.89640269137175,17.75859480121769,8.485925334398084,0.10654109521779717,0.040249236547141354,0.10660270388514698,0.040279532499298,0.3707488682533602,0.00022661911262430328,RF
8.0,99.89640269137175,17.77459573942421,8.492103403063675,0.10687926998429854,0.0403604049332649,0.10694081038775852,0.04039067693706817,0.3709161347412495,0.00022661911262430328,RF
8.05,99.89640269137175,17.792964531475274,8.497331829733506,0.10714601509714947,0.040465643835424565,0.10720741316078015,0.040495884366719165,0.3710024658317731,0.00021582772630886026,RF
8.1,99.89640269137175,17.8153385471849,8.500957735535495,0.1073001747988755,0.04056095200289962,0.1073615930777083,0.04059117651171169,0.37102404860440397,0.00021043203315113877,RF
8.15,99.89640269137175,17.824390444470357,8.509903794790997,0.10767894727868214,0.04067875609747995,0.10774075836254529,0.04070900025026245,0.37170390594227687,0.00021043203315113877,RF
8.2,99.89748183000329,17.839997214601873,8.51622215147869,0.1080592543799539,0.040797540787225584,0.10812126946198344,0.04082764887689159,0.37176865426016953,0.00020503633999341726,RF
8.25,99.89856096863483,17.8556387294586,8.522524321086909,0.10843481810578795,0.04091695820546493,0.10849730345404951,0.04094712012406031,0.37189275520279713,0.00020503633999341726,RF
8.3,99.89856096863483,17.878002491952117,8.526134039809424,0.10859372118295177,0.04101627111720544,0.10865566962110779,0.04104636264472691,0.37207081307700196,0.00020503633999341726,RF
8.35,99.89856096863483,17.89597505531781,8.531497358808199,0.10888223001839929,0.04112915416640416,0.10894391280347832,0.04115920115053768,0.372243475258049,0.00020503633999341726,RF
8.4,99.89856096863483,17.909222189986455,8.538749170412178,0.10925081819211904,0.04125082104147558,0.10931287524912904,0.041280885140338834,0.3722812451101531,0.00019964064683569574,RF
8.45,99.89856096863483,17.923263240482303,8.54568263611985,0.10969069650844693,0.04138064319274026,0.10975264161603066,0.0414106772626035,0.37232980634857255,0.00018884926052025274,RF
8.5,99.8991005379506,17.944176397237428,8.549864298317083,0.10993804958642012,0.04149279168371103,0.10999965173430697,0.041522719928078586,0.37255102976803917,0.00018884926052025274,RF
8.55,99.90017967658216,17.959372781880482,8.556328338720034,0.11025599525179003,0.04161280449166706,0.11031882161297987,0.04164302031919931,0.37277764888066345,0.00018345356736253123,RF
8.6,99.90017967658216,17.976470857993593,8.562026190694587,0.11054003973388442,0.04173045419666002,0.11060189305852614,0.0417605621761224,0.3734413191390632,0.00018345356736253123,RF
8.65,99.90179838452947,17.991722171101724,8.568452461245434,0.1109329028289619,0.04185945619548789,0.1109946070828675,0.041889450760476316,0.3735114631501136,0.00018345356736253123,RF
8.7,99.90287752316101,18.011361137579126,8.573119735826863,0.11117872128546992,0.041975220169390336,0.1112407223863507,0.0420052316344663,0.37374887364905335,0.00018345356736253123,RF
8.75,99.90395666179256,18.03456135580913,8.576357151721496,0.11133734534054918,0.04208349228643646,0.11139955414652583,0.04211345711372327,0.3741211764769361,0.00017805787420480972,RF
8.8,99.90395666179256,18.05825952379109,8.579389531276135,0.11150726979005354,0.042193733341860364,0.11156880408306552,0.04222363278205608,0.37454204054323836,0.00017805787420480972,RF
8.85,99.90395666179256,18.07761186278505,8.584153928334404,0.11172741821478097,0.04230978857515093,0.11178916414895627,0.042339708148688135,0.37458520608850016,0.0001726621810470882,RF
8.9,99.90449623110833,18.10013054481447,8.587650337500607,0.11196667965230152,0.04242882382361777,0.11202805055196698,0.04245853084266718,0.37470930703112776,0.0001726621810470882,RF
8.95,99.90449623110833,18.115763734799142,8.593898550177249,0.11225756017546797,0.042554034026193954,0.11231892985374492,0.04258374003402248,0.374801033814809,0.0001726621810470882,RF
9.0,99.9071940776872,18.137807282106237,8.597578412910815,0.1124835680639713,0.04267398599838214,0.1125433714443106,0.04270289877005938,0.37523268926742676,0.00016726648788936672,RF
9.05,99.9071940776872,18.159566829089286,8.601366189507536,0.11271459834999703,0.042795466637235866,0.11277433705801976,0.04282437234631232,0.3752758548126885,0.0001618707947316452,RF
9.1,99.90989192426605,18.181972401269118,8.604894972832685,0.11287294338299166,0.04291111118781634,0.11293117604743849,0.04293920432510805,0.3752974375853194,0.0001618707947316452,RF
9.15,99.91097106289759,18.191378751107326,8.613619808668721,0.11331365876557332,0.043055288012132674,0.11337134364469023,0.04308299780676465,0.3755240566979437,0.00015107940841620218,RF
9.2,99.91151063221336,18.208373727600648,8.61930686925696,0.11366690072464157,0.04319221706604343,0.11372442583801826,0.04321974191130838,0.37563736625425587,0.00015107940841620218,RF
9.25,99.91205020152914,18.220685509469316,8.626866235370928,0.11414667919906325,0.043342822777839594,0.11420373321812388,0.04337012157444374,0.3756481576405713,0.00015107940841620218,RF
9.3,99.91205020152914,18.229620530063624,8.635769129081167,0.11462227234221642,0.043494127017867354,0.11467918647729113,0.04352141218288,0.3760852087863467,0.00015107940841620218,RF
9.35,99.9131293401607,18.237532893784273,8.645076699778237,0.11518003748927604,0.04365472700752013,0.11523731501522907,0.04368201244507025,0.37631722359212877,0.00015107940841620218,RF
9.4,99.91366890947646,18.23472909215487,8.658663055149379,0.11596255492545847,0.043838315163378896,0.11601988626851649,0.043865561961964256,0.3770510378615789,0.00015107940841620218,RF
9.45,99.91420847879223,18.241824257345936,8.668272784663282,0.11660207354329771,0.044008997688323,0.11665932746497884,0.04403607174622914,0.37774708227892495,0.00014028802210075918,RF
9.5,99.91474804810801,18.250208178654642,8.677353736247728,0.11722150257104781,0.04417865305131546,0.1172786550236263,0.04420554036802689,0.37835139991258976,0.00014028802210075918,RF
9.55,99.91474804810801,18.263772295532124,8.684351950273292,0.1176740763922237,0.04433330062436439,0.11773119611178613,0.04436019356005546,0.3788963649215196,0.00014028802210075918,RF
9.6,99.91474804810801,18.278064509835897,8.691053401175182,0.11798379090609874,0.04447529567974889,0.11804103525853923,0.04450220961874766,0.37904744432993587,0.00014028802210075918,RF
9.65,99.91474804810801,18.26610482343552,8.70824947526884,0.11911466741486948,0.04469828080879151,0.1191725974240583,0.04472527025732401,0.3793280203741374,0.00013489232894303767,RF
9.7,99.91528761742377,18.278467083650426,8.715706323212812,0.11958663327092314,0.04485867579139178,0.1196439009806886,0.04488544663871027,0.38002946048464115,0.00013489232894303767,RF
9.75,99.91744589468686,18.294450248096013,8.72170093831104,0.12003460322770362,0.04501773480500813,0.12009272845879684,0.04504476461787005,0.38079564891303763,0.00013489232894303767,RF
9.8,99.91960417194996,18.30837603764051,8.728510303076085,0.12058650891098724,0.045188058234542715,0.1206440200449283,0.0452145726445121,0.3809737067872424,0.00012410094262759467,RF
9.85,99.92014374126572,18.326763697431968,8.733522902019608,0.1209470054442544,0.045340966429573124,0.12100527018927018,0.04536770226759295,0.38215536358878344,0.00012410094262759467,RF
9.9,99.92014374126572,18.33401771635664,8.742970760738778,0.1217454271392574,0.045537126898720796,0.12180405073845074,0.045563914727154584,0.38264097597297836,0.00012410094262759467,RF
9.95,99.9206833105815,18.350412400775067,8.748749548110698,0.12212126988717605,0.045693535776153295,0.12217981333362132,0.04572050683034106,0.38333702039032447,0.00011870524946987314,RF
10.0,99.92176244921303,18.370470160076856,8.753049915557401,0.12248720735109232,0.045849939580020524,0.12254513666112275,0.04587663147127535,0.38409241743240546,0.00011870524946987314,RF
10.05,99.92176244921303,18.388202765587994,8.75826755084092,0.12278631902575361,0.04600090882399752,0.12284448253666543,0.046027639742666056,0.3844323461013419,0.00011870524946987314,RF
10.1,99.92176244921303,18.402692425611757,8.764780152482288,0.12308933700959894,0.04615372772215152,0.12314773777998572,0.04618049819963315,0.38449169872607686,0.00011870524946987314,RF
10.15,99.92284158784457,18.418663407012694,8.770693832183152,0.12355404829145375,0.04632354916109952,0.12361161756034342,0.046349984832570454,0.38501508096237586,0.00010791386315443013,RF
10.2,99.92446029579189,18.438369022485393,8.775107509186167,0.12383153575456068,0.04647657963765736,0.12388745198792607,0.04650232077929646,0.3851607646776343,0.00010791386315443013,RF
10.25,99.92553943442344,18.45674383177627,8.780049964118641,0.12411167392747109,0.04663135450362932,0.12416674022516806,0.04665666064513252,0.38545213210815127,0.00010791386315443013,RF
10.3,99.926618573055,18.473611915235942,8.785580549605305,0.12434926123248423,0.04678295544013557,0.12440330070141521,0.04680793515934088,0.38629386024075585,0.00010251816999670863,RF
10.35,99.92715814237076,18.489315435373182,8.791569769010376,0.1247154777184851,0.04694838579463719,0.12476925202216005,0.046973160801894565,0.38640716979706796,0.00010251816999670863,RF
10.4,99.92715814237076,18.510982870534995,8.795168696346575,0.12488470461277805,0.047096137003996195,0.12493832304884502,0.047120910163220064,0.38677407693179305,9.712247683898712e-05,RF
10.45,99.92877685031807,18.518070479706008,8.804594972293115,0.12544121416045714,0.04728297082411108,0.12549432229847568,0.04730746165758794,0.38689278218126294,9.172678368126562e-05,RF
10.5,99.93039555826539,18.533849624215858,8.810524839073452,0.12582403246049,0.04745380861063659,0.1258763516986674,0.047478137523266746,0.388479115969633,9.172678368126562e-05,RF
10.55,99.93147469689694,18.54913457101186,8.816632763727993,0.12628748814296428,0.0476334518343353,0.12633820744468324,0.04765725158356488,0.3889917068196166,9.172678368126562e-05,RF
10.6,99.9320142662127,18.563861722753266,8.822956516108842,0.12658548372928727,0.04779846099365527,0.12663558401140343,0.047822020656038224,0.3894341536585497,9.172678368126562e-05,RF
10.65,99.93363297416002,18.568966023578206,8.83311660632483,0.12726504201626257,0.0480017974706501,0.12731493841585223,0.0480251316913543,0.39003847129221453,9.172678368126562e-05,RF
10.7,99.93471211279157,18.58323854298444,8.83958604242094,0.12773072987541342,0.04818517160462006,0.1277796953113189,0.048208034363576104,0.39168955339847733,9.172678368126562e-05,RF
10.75,99.93525168210734,18.59758940361399,8.845990730199155,0.12823352767181237,0.048372616388435305,0.12828324577648434,0.0483957090972441,0.3930762465400118,8.63310905235441e-05,RF
10.8,99.93687039005465,18.617216296219294,8.850274910566386,0.12851017806866558,0.04853943089027761,0.12855910988251554,0.04856215083011515,0.3933999881294751,8.63310905235441e-05,RF
10.85,99.93687039005465,18.632471272925468,8.856296504130404,0.12898995654308731,0.04872733943063439,0.12903807463718034,0.04874999691582946,0.39403128422892847,8.63310905235441e-05,RF
10.9,99.9379495286862,18.64262642012755,8.864346878321724,0.12960422366227276,0.048929620676261804,0.1296517485773521,0.048951924894077514,0.39482445112311354,7.553970420810109e-05,RF
10.95,99.93848909800197,18.65221255119477,8.872591497466722,0.13021123620725933,0.04913182222872951,0.1302584347394166,0.04915391841495982,0.3965186987746381,7.014401105037959e-05,RF
11.0,99.93902866731774,18.67258078886282,8.87650337500607,0.13052122974321895,0.04930615628951614,0.13056805373069863,0.04932803558230537,0.3975007149293434,7.014401105037959e-05,RF
11.05,99.9401078059493,18.68676864312508,8.882859501545866,0.1309140928382965,0.0494892192207081,0.13096071956894967,0.049510899141790306,0.3988280554461429,7.014401105037959e-05,RF
11.1,99.94064737526507,18.696020723644178,8.891174264701915,0.13142484276410568,0.04968491331539011,0.13147106577476877,0.04970654740955848,0.39951870417033125,7.014401105037959e-05,RF
11.15,99.94064737526507,18.710390382992212,8.89741168599224,0.131928338115716,0.04988056699456187,0.1319737433903997,0.04990213659904612,0.40105108102712417,7.014401105037959e-05,RF
11.2,99.94064737526507,18.724877749636306,8.903584358964675,0.13230557597405748,0.050065095505711914,0.13235120528228136,0.05008670112583586,0.4018982048528864,7.014401105037959e-05,RF
11.25,99.94172651389661,18.743407992359227,8.908122136910318,0.13253437408340657,0.05023637712850346,0.1325789868970171,0.050257497253370115,0.4025726664976016,7.014401105037959e-05,RF
11.3,99.9438847911597,18.75732404492608,8.914499846222744,0.13286989814010458,0.05041959545914959,0.1329123946682215,0.05043990009940896,0.4030744659612697,7.014401105037959e-05,RF
11.35,99.94496392979124,18.772991364189455,8.920159928345194,0.13321518796976248,0.050604972433152796,0.13325769582845198,0.050625092792082174,0.40372734483335404,7.014401105037959e-05,RF
11.4,99.94820134568587,18.790664530265772,8.92499986510767,0.13345598402874823,0.050781333276474896,0.13349625450638908,0.05080045819921611,0.4052327432243583,7.014401105037959e-05,RF
11.45,99.94820134568587,18.803183849540137,8.93186858249745,0.13384187157171143,0.05097228526806452,0.13388234203749785,0.050991443138156144,0.40640360863958386,7.014401105037959e-05,RF
11.5,99.94820134568587,18.821730119322627,8.936314633659412,0.13411447614833838,0.051153652518843594,0.13415411080939552,0.05117274264268035,0.4075043300437591,7.014401105037959e-05,RF
11.55,99.94874091500165,18.836969325783397,8.94205565117923,0.1344717639276329,0.05134400856414307,0.1345104388516395,0.051362815906239395,0.4083622452558368,7.014401105037959e-05,RF
11.6,99.94928048431741,18.84621088002996,8.950186960767915,0.13480979918309202,0.05153408509438314,0.13484750075308108,0.05155259861479977,0.40890181457160896,6.474831789265808e-05,RF
11.65,99.94982005363319,18.85355743990296,8.959052084626052,0.13543704082921007,0.051753218049170414,0.13547446892679763,0.05177150291871859,0.4103262775652474,6.474831789265808e-05,RF
11.7,99.95035962294895,18.8684108770754,8.964895620315865,0.13589268389331632,0.05195696885212871,0.13592974652479742,0.051975012806729615,0.41173455347941273,5.935262473493657e-05,RF
11.75,99.95197833089627,18.878748932150092,8.972492756281936,0.1364342657594708,0.05216887830557592,0.13647092258858587,0.05218668586318505,0.41404930584407523,5.935262473493657e-05,RF
11.8,99.95305746952783,18.885954174635398,8.981314714594811,0.13715093398369418,0.05239864895360132,0.13718771017997686,0.05241626128175728,0.415333480815613,5.3956931577215064e-05,RF
11.85,99.9535970388436,18.893206989858324,8.990088111669266,0.1378991317034743,0.05263250783124953,0.13793579383201882,0.05264999304581847,0.4172867217387082,5.3956931577215064e-05,RF
11.9,99.9535970388436,18.888876574347155,9.003447847927784,0.13903349598830209,0.052903994122899936,0.13907068473983383,0.05292154159344219,0.41963384826231703,5.3956931577215064e-05,RF
11.95,99.95467617747515,18.893470932043975,9.013170886997997,0.13971486791882717,0.05313112624900579,0.1397510037625034,0.05314823224166746,0.42295219955431573,4.856123841949356e-05,RF
12.0,99.95521574679091,18.904766659196742,9.020158309637248,0.14026970333399877,0.05334566702538329,0.14030519380296896,0.05336250349735488,0.4264324216410461,4.856123841949356e-05,RF
12.05,99.95575531610669,18.918004367153674,9.026293212757578,0.1406398261291837,0.05354118027355501,0.14067486262422332,0.05355776886715458,0.4292651605488499,4.856123841949356e-05,RF
12.1,99.95629488542247,18.926658189867766,9.0342410687789,0.1412074965602456,0.0537569883766219,0.1412421614665428,0.05377332993384033,0.42972919016041394,4.856123841949356e-05,RF
12.15,99.95683445473823,18.921309784090194,9.047724905980047,0.14242500942627595,0.05403525909514147,0.1424595772484116,0.05405138376541297,0.4349684082165615,3.7769852104050545e-05,RF
12.2,99.95791359336977,18.928426955223905,9.056152978692408,0.1429292023330977,0.05424366478926927,0.14296314230655038,0.054259458280773554,0.437536758159637,3.7769852104050545e-05,RF
12.25,99.95791359336977,18.943880012916665,9.061181764715403,0.14318394949631202,0.0544271352227275,0.14321743844970442,0.05444289064265847,0.4409414405421592,3.7769852104050545e-05,RF
12.3,99.95899273200132,18.96089370155976,9.06552529770737,0.14347008664404073,0.05461294927024203,0.14350242597040866,0.05462818100051124,0.4451069156599203,2.6978465788607532e-05,RF
12.35,99.96007187063286,18.9765613955994,9.070322068924584,0.1437470160629785,0.05479614139559444,0.14377861463140792,0.05481103567366949,0.4475295818877372,2.6978465788607532e-05,RF
12.4,99.9611510092644,18.990686199647353,9.075663805150729,0.14406384564001012,0.054982006228331694,0.14409568995093405,0.05499709990908782,0.45401520506331844,2.6978465788607532e-05,RF
12.45,99.9611510092644,19.00139946260681,9.082257342189465,0.1443610041600794,0.05516299817587479,0.14439296395895515,0.055178103944566154,0.45664290763112886,2.6978465788607532e-05,RF
12.5,99.9611510092644,19.020776137011556,9.085343678675681,0.14450972293115633,0.05532963628325532,0.14454174052822774,0.0553447478868555,0.4596914742652415,2.6978465788607532e-05,RF
12.55,99.96223014789595,19.03059778351463,9.092207000372303,0.1449737366577997,0.055526794398649534,0.14500562525706695,0.05554173392850227,0.4606680947267891,2.1582772630886026e-05,RF
12.6,99.96276971721171,19.036565027180302,9.10059730323256,0.14542812412252537,0.055724406162785775,0.145459957509284,0.055739243362767706,0.461774211824122,2.1582772630886026e-05,RF
12.65,99.96276971721171,19.05128397525123,9.105437239995036,0.1456862195507546,0.05590275763543853,0.14571759081095084,0.055917551829264965,0.46532997361506045,2.1582772630886026e-05,RF
12.7,99.96276971721171,19.065660747783156,9.110368903541193,0.14597333327577924,0.05608385444908528,0.14600481146903876,0.05609865995624586,0.46688393324448424,2.1582772630886026e-05,RF
12.75,99.96384885584327,19.077098112406716,9.116433662650472,0.14627551419337084,0.056266485752075567,0.1463067815573284,0.056281020542958304,0.4684702670328544,2.1582772630886026e-05,RF
12.8,99.96438842515903,19.088616068064855,9.122449860521332,0.14662652397576253,0.0564550654717059,0.14665614975143984,0.05646921986576337,0.4692256640749354,2.1582772630886026e-05,RF
12.85,99.9649279944748,19.10022116866364,9.128401310074299,0.14706793691355557,0.05665313318860594,0.14709804244661784,0.05666736492107299,0.47082818494277867,2.1582772630886026e-05,RF
12.9,99.96546756379058,19.11067411356803,9.1347952064662,0.14736830418759747,0.05683867260079442,0.147397859069785,0.0568526410183301,0.4714378982696012,1.618707947316452e-05,RF
12.95,99.96600713310634,19.11296426083264,9.144410331673258,0.14803112114949846,0.05705952578436571,0.1480606640686565,0.057073383315980476,0.47395229128109945,1.618707947316452e-05,RF
13.0,99.96600713310634,19.126157848658366,9.149638758343091,0.14839092012755417,0.0572519291420934,0.14841946892643168,0.0572656918038626,0.4760943814647149,1.618707947316452e-05,RF
13.05,99.96600713310634,19.140085531106106,9.15449488218504,0.1486428770699228,0.057432473295839795,0.14867095331138339,0.057446190046595104,0.47964474756249564,1.618707947316452e-05,RF
13.1,99.96600713310634,19.145974866442454,9.162534464990046,0.14910061279966327,0.057633538833691364,0.14912828645760237,0.057647215709978473,0.48065374218298956,1.618707947316452e-05,RF
13.15,99.9670862717379,19.151909728838863,9.170487716704526,0.14969855712690125,0.05784736969196124,0.14972509693855518,0.057860459572556984,0.48454403694970677,1.618707947316452e-05,RF
13.2,99.9670862717379,19.161564427882585,9.176908591562215,0.15000659750826886,0.05803314189471562,0.15003295962692687,0.0580462104448377,0.48798109349117536,1.618707947316452e-05,RF
13.25,99.96762584105367,19.175147566198177,9.18165680154101,0.15023400050719515,0.05820863614745782,0.15025976603174776,0.058221408746781694,0.4920440504389396,1.618707947316452e-05,RF
13.3,99.96816541036945,19.187014976728324,9.187063286085047,0.15053311218185642,0.05839174835231584,0.15055816194393165,0.0584043563787126,0.4936088014546789,1.0791386315443013e-05,RF
13.35,99.96870497968521,19.202428617059034,9.19096437223808,0.15073177590607173,0.05856324409081112,0.15075719167723653,0.05857586314252319,0.49750988760771153,1.0791386315443013e-05,RF
13.4,99.96978411831677,19.208438147288742,9.198577695283625,0.1511120830073435,0.05875210774035111,0.15113724233445056,0.05876447852266692,0.5021339966438788,1.0791386315443013e-05,RF
13.45,99.96978411831677,19.2208659688405,9.203487776057152,0.15133557969708575,0.05892176388200314,0.15136052746968048,0.058934108705567784,0.507130408507929,1.0791386315443013e-05,RF
13.5,99.9708632569483,19.238145379905614,9.206423033134952,0.15148890233255816,0.059084915113392936,0.15151267958052447,0.05909674394217954,0.5095692618152191,1.0791386315443013e-05,RF
13.55,99.97140282626408,19.247172832751573,9.212595706107384,0.1519349191347466,0.05927554430176718,0.15195856442141617,0.05928732100270603,0.5114199845683176,1.0791386315443013e-05,RF
13.6,99.97194239557984,19.248184248195354,9.2219356509634,0.15240088601598203,0.05946836143748729,0.15242398147678388,0.05947983277148171,0.5146358176903196,1.0791386315443013e-05,RF
13.65,99.97248196489562,19.261647959275624,9.226203644251159,0.1526020609389585,0.059633393251286894,0.1526245286644142,0.05964455901636116,0.5188066885012383,1.0791386315443013e-05,RF
13.7,99.97248196489562,19.271738230149907,9.231777395283085,0.15292502900185076,0.05981014643935737,0.1529475856262346,0.05982132115722465,0.5211052537864277,1.0791386315443013e-05,RF
13.75,99.97410067284294,19.283555996586447,9.236617332045562,0.15323223231696456,0.05998536478485114,0.15325281075100516,0.059995631078239145,0.5219793560779785,1.0791386315443013e-05,RF
13.8,99.97464024215871,19.29301545856894,9.242379932338007,0.153519206530947,0.060159546962174196,0.153539170190948,0.06016950869263746,0.5240135323984396,5.395693157721506e-06,RF
13.85,99.97464024215871,19.303267120694027,9.247775625495729,0.1538787264869181,0.06034044368433139,0.15389878134343665,0.060350410683847576,0.5258049025268031,5.395693157721506e-06,RF
13.9,99.97464024215871,19.309959466996496,9.2545688031813,0.15418620882411654,0.060516984865600136,0.15420634167719086,0.06052695555900531,0.527045911953079,5.395693157721506e-06,RF
13.95,99.97464024215871,19.315016004198412,9.26198248558001,0.15470253919161725,0.060714225568031334,0.15472280301803698,0.0607242047302302,0.5285351232646102,5.395693157721506e-06,RF
14.0,99.97625895010603,19.328236801427646,9.266110190845668,0.15492115299487946,0.060883614342768205,0.15494035907150447,0.06089299586014904,0.5302941192340274,5.395693157721506e-06,RF
14.05,99.97733808873757,19.34062371084984,9.270513076462368,0.15513530244478854,0.0610518510242735,0.15515316374783447,0.061060601979604605,0.5328678648702606,5.395693157721506e-06,RF
14.1,99.97733808873757,19.341590132679116,9.279453740024712,0.15565553912147323,0.06125031124198065,0.15567351834681661,0.06125907390420791,0.5338444853318082,5.395693157721506e-06,RF
14.15,99.9784172273691,19.348008365917362,9.28616058661976,0.15612178502479315,0.06144321899637057,0.1561394404753552,0.06145181374023625,0.5378912552000993,5.395693157721506e-06,RF
14.2,99.97949636600066,19.35668176297488,9.291901604139575,0.1563516992224806,0.06161231646629884,0.15636799559621142,0.06162027153963385,0.5416412619447157,5.395693157721506e-06,RF
14.25,99.98057550463221,19.3663936520239,9.297140822195724,0.15664048708001269,0.06178516998473394,0.15665487272864642,0.061792442598243985,0.5456934275061646,5.395693157721506e-06,RF
14.3,99.98165464326375,19.3776983451843,9.301662413061894,0.15694210995343513,0.06195758993514486,0.15695611594234182,0.061964550986411605,0.5513319268559835,5.395693157721506e-06,RF
14.35,99.98219421257953,19.3903455552314,9.305493355203875,0.15715151602790647,0.06211613989041353,0.15716485180787906,0.062122781970359586,0.557736614634199,5.395693157721506e-06,RF
14.4,99.98219421257953,19.394767338400598,9.312491569229442,0.1575115940280468,0.06228567976082225,0.15752499393416083,0.06229232373369621,0.5673733226138896,5.395693157721506e-06,RF
14.45,99.98273378189529,19.39819764420208,9.319705610981314,0.15787390420486364,0.06244930402335034,0.15788665611086825,0.06245563247882271,0.5725423966589868,5.395693157721506e-06,RF
14.5,99.98381292052684,19.40937750606138,9.323757776542763,0.1581049344908894,0.062599097817089,0.1581167173764051,0.06260519543567762,0.5769776564346338,5.395693157721506e-06,RF
14.55,99.98381292052684,19.416672002854217,9.329272174949955,0.15846584955728335,0.06275908556018925,0.15847769087386604,0.06276517999263587,0.5789848542893062,0.0,RF
14.6,99.98381292052684,19.420023878622107,9.33631895021394,0.15887475642222376,0.06292342463836544,0.1588866639396016,0.06292951624853214,0.5828697533628657,0.0,RF
14.65,99.9843524898426,19.42901596448228,9.34095924632958,0.15912210950019695,0.06306715607203889,0.15913375642187969,0.06307308096961568,0.5936935138372551,0.0,RF
14.7,99.98543162847415,19.430515381617607,9.34846465551197,0.1595470601350002,0.0632238825545609,0.15955733051277346,0.06322916824371605,0.5967852460166295,0.0,RF
14.75,99.98597119778992,19.435625516756865,9.354475457689672,0.15987979397085247,0.06337101509511245,0.15989036623549024,0.06337626860437637,0.5979021545002778,0.0,RF
14.8,99.98705033642146,19.44720124528693,9.35786934868588,0.16005836810497853,0.06350332471417083,0.16006947030095675,0.06350859107411272,0.5999417265138967,0.0,RF
14.85,99.98866904436878,19.455225726468615,9.362639141437304,0.160310743580474,0.06364228312297486,0.16032067829390428,0.06364700887016962,0.6016036000064748,0.0,RF
14.9,99.98920861368455,19.45784886081477,9.369534837292873,0.16062715462437882,0.06378740420931552,0.16063737456087807,0.06379224794167658,0.6035784237022009,0.0,RF
14.95,99.98920861368455,19.45860829794607,9.377148160338418,0.16108963372955704,0.06394701872661784,0.1610999035793495,0.06395186028799547,0.6044525259937518,0.0,RF
15.0,99.99136689094765,19.468803709660587,9.380973706787243,0.16127825265872772,0.0640809806011117,0.16128701483404106,0.0640850793033989,0.6051593617974133,0.0,RF
0.0,3.9555826539256365,11.398366321389075,7.377417944996304,0.036373737477945096,0.007677803225960669,0.04130752584913382,0.009355746079217839,0.0,0.006960444173460744,ADR
0.05,5.666556954239126,11.448037184106461,7.377417944996304,0.036373737477945096,0.007745068830488815,0.03983527709007807,0.00883307800353868,0.0,0.006582745652420239,ADR
0.1,5.666556954239126,11.497708046823833,7.377417944996304,0.036373737477945096,0.007813113334007861,0.03983527709007807,0.008911674241626625,0.0,0.006582745652420239,ADR
0.15,5.666556954239126,11.547379323029098,7.377417944996304,0.036373737477945096,0.007881945769997838,0.03983527709007807,0.008991180581258501,0.0,0.006474831789265808,ADR
0.2,6.559004602526263,11.534897196262678,7.402281299067084,0.037659471243653306,0.008076141691702838,0.04241481539980256,0.009220831363902476,0.0,0.006474831789265808,ADR
0.25,6.601630578472263,11.584573454673217,7.402281299067084,0.037659471243653306,0.008147255530280067,0.0423078970167552,0.009259340101092688,0.0,0.006474831789265808,ADR
0.3,6.794796393518693,11.634249713083761,7.402281299067084,0.037659471243653306,0.00821919282829835,0.041840194393710776,0.009161116899302853,0.0,0.006474831789265808,ADR
0.35,7.748215374488083,11.665021984003141,7.4098460608742105,0.037855065724938346,0.008311016383436056,0.041191344846796644,0.009082174552358964,0.0,0.006259004062956948,ADR
0.4,8.333648082100867,11.714709033799998,7.4098460608742105,0.037855065724938346,0.008384734016646406,0.041255763289090315,0.009116022908799239,0.0,0.006259004062956948,ADR
0.45,8.491741891622107,11.764396083596848,7.4098460608742105,0.037855065724938346,0.008459305259818667,0.040969060363451514,0.00908223699252308,0.0,0.006259004062956948,ADR
0.5,8.49228146093788,11.71008644907865,7.451446855120243,0.039864024733857424,0.008729374975300613,0.04351608005591206,0.009409431734188851,0.0,0.006151090199802518,ADR
0.55,9.69660017374132,11.759778894568669,7.451446855120243,0.039864024733857424,0.008806742636256536,0.04322761782872405,0.009347960491550669,0.0,0.006151090199802518,ADR
0.6,9.712247683898712,11.809471340058668,7.451446855120243,0.039864024733857424,0.008885006172503691,0.04319963022222221,0.009419582006088202,0.0,0.006151090199802518,ADR
0.65,10.427177027296812,11.8588940008908,7.451554768983398,0.03986681495470315,0.008964447698091644,0.04260988522639067,0.009340609632695748,0.0,0.006151090199802518,ADR
0.7,11.704877167045264,11.902529780811259,7.453977435211215,0.03992945541268958,0.009050604534970337,0.04265113649564375,0.009363780466268103,0.0,0.006151090199802518,ADR
0.75,12.070165593823011,11.95222222630127,7.453977435211215,0.03992945541268958,0.009131652953954579,0.042142852749217696,0.009255012806228848,0.0,0.006151090199802518,ADR
0.8,12.300022122341947,12.00191467179129,7.453977435211215,0.03992945541268958,0.009213639869399288,0.04183849236708193,0.009221076878745037,0.0,0.006151090199802518,ADR
0.85,13.542650256565208,11.946836245391232,7.495885783967237,0.042096619943561044,0.009507681085049383,0.04381169863341169,0.00947416434134543,0.0,0.006151090199802518,ADR
0.9,13.542650256565208,11.995993420580431,7.496101611693546,0.042102200385252475,0.009593275357896166,0.04381169863341169,0.009557819636209252,0.0,0.006043176336648088,ADR
0.95,13.542650256565208,12.045695299300984,7.496101611693546,0.042102200385252475,0.009679316025309798,0.04381169863341169,0.009642443613733556,0.0,0.005935262473493658,ADR
1.0,13.576643123458856,11.975317384952222,7.544134072183583,0.044560942994501765,0.01000456440609833,0.04596576551943406,0.00992399216277398,0.0,0.005935262473493658,ADR
1.05,17.31423977381254,12.025021911333845,7.544134072183583,0.044560942994501765,0.010093905704029496,0.04482840100969178,0.009601257888698863,0.0,0.005719434747184797,ADR
1.1,17.31423977381254,12.074735939596476,7.544134072183583,0.044560942994501765,0.010184281854959388,0.04482840100969178,0.009685780328063482,0.0,0.005719434747184797,ADR
1.15,17.31423977381254,12.124449967859123,7.544134072183583,0.044560942994501765,0.010275704512395152,0.04482840100969178,0.00977128149114865,0.0,0.005719434747184797,ADR
1.2,18.8746742350256,12.06639851452916,7.58724026482062,0.0467844699864568,0.01058361034572732,0.04643894594208284,0.009971041828273042,0.0,0.005719434747184797,ADR
1.25,19.216761181225145,12.116117089820133,7.58724026482062,0.0467844699864568,0.010678335061427588,0.04607253887406991,0.00993504084510511,0.0,0.005611520884030367,ADR
1.3,19.433128476849777,12.165836513775941,7.58724026482062,0.0467844699864568,0.010774156667196869,0.04584744913371834,0.009948596261379028,0.0,0.005611520884030367,ADR
1.35,21.484031446099724,12.214197695144573,7.58778522982955,0.04681572045992887,0.010874132108580264,0.045363100987015584,0.009866477109718698,0.0,0.005503607020875937,ADR
1.4,22.39158703522848,12.263922514793537,7.58778522982955,0.04681572045992887,0.010972202542831898,0.04536248565025663,0.009920679108885652,0.0,0.005503607020875937,ADR
1.45,22.69212714411357,12.313648533807868,7.58778522982955,0.04681572045992887,0.011071408620573445,0.04510413696024347,0.009920174156685332,0.0,0.005395693157721507,ADR
1.5,22.69212714411357,12.267528921329246,7.626127025408319,0.048833050131385114,0.011367209530202768,0.04626241887007799,0.010120443818544026,0.0,0.005287779294567077,ADR
1.55,24.90544047741093,12.317264532364524,7.626127025408319,0.048833050131385114,0.01146979040529687,0.04607732120109189,0.01011361258752608,0.0,0.005287779294567077,ADR
1.6,25.033857974564704,12.367000143399785,7.626127025408319,0.048833050131385114,0.01157355911094206,0.0459735908267954,0.010169103925894131,0.0,0.005287779294567077,ADR
1.65,26.13673765600298,12.416735754435065,7.626127025408319,0.048833050131385114,0.01167852940156787,0.04579778695293145,0.010211710618362355,0.0,0.005287779294567077,ADR
1.7,27.90868328899872,12.461804090888899,7.627993935240891,0.04901776275137183,0.01180261077927294,0.046307754079344204,0.010367509585371311,0.0,0.005287779294567077,ADR
1.75,28.676490425342493,12.511539701924175,7.627993935240891,0.04901776275137183,0.01191012353342133,0.04576016256797185,0.010265456596415014,0.0,0.005287779294567077,ADR
1.8,28.841059066652996,12.561275312959454,7.627993935240891,0.04901776275137183,0.012018881226588733,0.04564658834094141,0.010316661437546606,0.0,0.005287779294567077,ADR
1.85,31.085667420265146,12.53173470227489,7.65970442392882,0.05065757554240205,0.01228863352769197,0.04621694924668471,0.01042136474765336,0.0,0.005287779294567077,ADR
1.9,31.08674655889669,12.581475143535142,7.65970442392882,0.05065757554240205,0.012400799297574384,0.04621714000069427,0.010514735333942793,0.0,0.005179865431412647,ADR
1.95,31.08674655889669,12.631216150263562,7.65970442392882,0.05065757554240205,0.012514263905558088,0.04621714000069427,0.010609009601877734,0.0,0.005179865431412647,ADR
2.0,31.378653558729425,12.613403078657324,7.68672605526269,0.05224214196068696,0.012782560565779429,0.04700318913249075,0.01072896838321657,0.0,0.005179865431412647,ADR
2.05,36.19377013268009,12.662874300727873,7.686833969125844,0.052244932181532686,0.01289977509582517,0.04674964003637502,0.010703434827578866,0.0,0.005179865431412647,ADR
2.1,36.19484927131164,12.712345522798405,7.686941882988998,0.05224772240237841,0.013018345292109278,0.04674901709873138,0.010799309323011068,0.0,0.005179865431412647,ADR
2.15,36.19484927131164,12.762086529526844,7.686941882988998,0.05224772240237841,0.013138015247206482,0.04674901709873138,0.010896562549263196,0.0,0.005179865431412647,ADR
2.2,37.930104190834875,12.763778888685753,7.706161342016802,0.05324159906762421,0.01335536107501745,0.04746635924719404,0.011150605821280699,0.0,0.005179865431412647,ADR
2.25,38.613738513918186,12.813519895414188,7.706161342016802,0.05324159906762421,0.013478342531667216,0.047083760102845,0.01110978004367975,0.0,0.005179865431412647,ADR
2.3,39.10474659127085,12.86299111748474,7.706269255879957,0.05324438928846993,0.013603018498481887,0.04681721952700278,0.011111700312206112,0.0,0.005179865431412647,ADR
2.35,41.19395898194062,12.893361585776939,7.7140174712544445,0.05404574071536099,0.013806926208661037,0.04794363345820343,0.011339960426684635,0.0,0.005179865431412647,ADR
2.4,42.14629882427846,12.943102592505374,7.7140174712544445,0.05404574071536099,0.013934658401933319,0.048102931264482576,0.011494022687540436,0.0,0.005179865431412647,ADR
2.45,42.47759438416256,12.992843599233796,7.7140174712544445,0.05404574071536099,0.014063869664295119,0.04792942074309304,0.011537049288372172,0.0,0.005179865431412647,ADR
2.5,42.47759438416256,12.968744545098811,7.743553495599812,0.05635827575229452,0.01441862339687992,0.04987178192442044,0.011830325844735081,0.0,0.005179865431412647,ADR
2.55,44.790188471562,13.018485551827247,7.743553495599812,0.05635827575229452,0.014552063680560383,0.04992100844466396,0.011942990844449027,0.0,0.005179865431412647,ADR
2.6,45.16680785397096,13.068226558555667,7.743553495599812,0.05635827575229452,0.014687049129902152,0.049720344526872844,0.011982708557607212,0.0,0.005179865431412647,ADR
2.65,46.04576626936379,13.117698264603995,7.743661409462967,0.05636106597314023,0.01482386856545893,0.049865921957392936,0.012140534914144678,0.0,0.005071951568258216,ADR
2.7,47.58030140341979,13.105286281848626,7.7685247635337475,0.05893253350455664,0.015211132436817671,0.05296694636093532,0.012671358352664499,0.0,0.005071951568258216,ADR
2.75,48.38479925323607,13.155032684270214,7.7685247635337475,0.05893253350455664,0.015352219080620086,0.052516170530705994,0.01263171771600109,0.0,0.005071951568258216,ADR
2.8,48.8240086762746,13.204779086691811,7.7685247635337475,0.05893253350455664,0.015494939430761098,0.052276341839159204,0.01266238572182896,0.0,0.005071951568258216,ADR
2.85,50.63642200795325,13.235618280502012,7.776089525340873,0.05932372246712673,0.01567741854398672,0.05258731180870788,0.01287372788960817,0.0,0.004964037705103786,ADR
2.9,50.63696157726903,13.285370078616765,7.776089525340873,0.05932372246712673,0.015823672113186832,0.052587302481698926,0.012991599697801686,0.0,0.004964037705103786,ADR
2.95,50.63696157726903,13.3351218767315,7.776089525340873,0.05932372246712673,0.01597161921890185,0.052587302481698926,0.01311076701610922,0.0,0.004964037705103786,ADR
3.0,50.883544754576896,13.280871689231168,7.817690319586906,0.06334164048496488,0.016510549059948334,0.055990259925347806,0.013524797269893824,0.0,0.004964037705103786,ADR
3.05,54.84128568576562,13.330353702688035,7.81779823345006,0.0633444307058106,0.01666433218845185,0.0562528711223054,0.013767771508225564,0.0,0.004964037705103786,ADR
3.1,54.84182525508139,13.380110878519659,7.81779823345006,0.0633444307058106,0.016819623159496904,0.05625257205824477,0.01389362920455579,0.0,0.004856123841949356,ADR
3.15,54.84344396302872,13.429598287669682,7.817906147313215,0.06335001114750205,0.016977255796469963,0.05625294680401011,0.014021000210137092,0.0,0.004856123841949356,ADR
3.2,56.16053266282853,13.473029031250151,7.820436727404186,0.06347808228432064,0.017148575161619908,0.05685418515814148,0.014367142032129111,0.0,0.004856123841949356,ADR
3.25,56.785353930492676,13.522786225058057,7.820436727404186,0.06347808228432064,0.01730939393366011,0.0565131055662188,0.014380710418254559,0.0,0.004856123841949356,ADR
3.3,57.27744114647688,13.572543418865967,7.820436727404186,0.06347808228432064,0.01747207489931528,0.05624972142359212,0.014420862077652565,0.0,0.004856123841949356,ADR
3.35,58.76341504211339,13.5175297407838,7.862345076160209,0.06781241134606356,0.01805884949470739,0.06039579652550776,0.015082164029174483,0.0,0.004856123841949356,ADR
3.4,59.41197735967151,13.566747365275937,7.862560903886518,0.06782357222944646,0.018228714762821462,0.06064994322041594,0.01532294486532323,0.0,0.004856123841949356,ADR
3.45,59.66503536876865,13.616234774425948,7.862668817749673,0.06782636245029217,0.018399728698419753,0.060502371263983216,0.015416237369211607,0.0,0.004856123841949356,ADR
3.5,59.666114507400195,13.546182014109894,7.910593364376554,0.072721525902025,0.01904670983016391,0.06434643955109828,0.01593116254903355,0.00010791386315443013,0.004748209978794926,ADR
3.55,61.44939109602715,13.595939207917803,7.910593364376554,0.072721525902025,0.019223917623287144,0.06478552882707268,0.016215772111976196,0.00010791386315443013,0.004748209978794926,ADR
3.6,61.725650585702496,13.645696401725695,7.910593364376554,0.072721525902025,0.019403177385945342,0.06461197377576532,0.016310851335052653,0.00010791386315443013,0.004748209978794926,ADR
3.65,62.349392714735096,13.695453595533605,7.910593364376554,0.072721525902025,0.019584512878825868,0.06491410215137511,0.016557227402747385,0.00010791386315443013,0.004748209978794926,ADR
3.7,63.418819098595506,13.637445307748909,7.953699557013592,0.07716857988593503,0.020198797240584515,0.06903197386332696,0.01729436228814034,0.00010791386315443013,0.004748209978794926,ADR
3.75,63.94382004284181,13.687202501556813,7.953699557013592,0.07716857988593503,0.020386701366821917,0.06867792049548979,0.01734309558284342,0.00010791386315443013,0.004748209978794926,ADR
3.8,64.35713013872328,13.736959695364723,7.953699557013592,0.07716857988593503,0.020576781320294328,0.06840291239572416,0.017414899699073325,0.00010791386315443013,0.004748209978794926,ADR
3.85,65.66666486810227,13.785896474070178,7.9540232986030555,0.07718532121100936,0.02077049957165691,0.06916525677474486,0.017832109010581295,0.0003291372826210119,0.004748209978794926,ADR
3.9,65.6682835760496,13.835642606707115,7.9540232986030555,0.07718532121100936,0.020964820235950275,0.06916610124481327,0.01799734582559117,0.0003291372826210119,0.004748209978794926,ADR
3.95,65.6682835760496,13.88538873934404,7.9540232986030555,0.07718532121100936,0.021161391027487594,0.06916610124481327,0.01816423111842015,0.0003291372826210119,0.004748209978794926,ADR
4.0,65.83393135599165,13.840823520476087,7.991749985161844,0.08107321493743692,0.02173691072941176,0.07181751303150509,0.018563782129242187,0.0010521601657556938,0.004532382252486066,ADR
4.05,68.64185007526991,13.890544293355179,7.991749985161844,0.08107321493743692,0.021939478104188184,0.07280637907181486,0.019078966713906877,0.0010521601657556938,0.004532382252486066,ADR
4.1,68.64292921390145,13.94026506623426,7.991749985161844,0.08107321493743692,0.02214439109861538,0.07280564096275684,0.019255133830114634,0.0010521601657556938,0.004532382252486066,ADR
4.15,68.64562706048034,13.989985839113354,7.991749985161844,0.08107321493743692,0.022351676873688785,0.07280562489486965,0.019433640625658215,0.0010521601657556938,0.004532382252486066,ADR
4.2,69.66811091386856,14.039436826999044,7.991857899024998,0.08107879537912838,0.022561903551295243,0.07366510931086293,0.019915220774083184,0.002811156135172905,0.004532382252486066,ADR
4.25,70.07170876206612,14.089069650079669,7.991857899024998,0.08107879537912838,0.0227724819454398,0.0733897392081068,0.02000765922169492,0.002811156135172905,0.004532382252486066,ADR
4.3,70.42620580252841,14.138434360496355,7.991965812888153,0.0810815855999741,0.022985770524408887,0.07315047358703064,0.02011133617156763,0.002811156135172905,0.0044244683893316355,ADR
4.35,71.48861778528378,14.108796357550302,8.023676301576081,0.0843612111820345,0.02352072610113168,0.07626419346073725,0.020790793154198434,0.002811156135172905,0.0044244683893316355,ADR
4.4,72.0465324577922,14.15843457632408,8.023676301576081,0.0843612111820345,0.023740455605566414,0.0766300069200006,0.02111439816458497,0.002811156135172905,0.0044244683893316355,ADR
4.45,72.17009383110401,14.207803010439958,8.023784215439237,0.08436400140288022,0.02396300014465917,0.07654307747747746,0.021281358392741596,0.002811156135172905,0.0044244683893316355,ADR
4.5,72.1744103856302,14.198938426151146,8.047185336664274,0.08678423896445855,0.024422330143994548,0.07817282662619708,0.02163652642364196,0.006431666244004036,0.0044244683893316355,ADR
4.55,73.48934080816693,14.247856050103708,8.047401164390584,0.08679260962699573,0.024648706618554343,0.07878961057268724,0.022044655172303362,0.006431666244004036,0.0044244683893316355,ADR
4.6,73.65552815742474,14.297043458714151,8.047509078253738,0.08679819006868715,0.02487742800418542,0.07867263996249303,0.022207525303768343,0.006431666244004036,0.0044244683893316355,ADR
4.65,74.14599666546164,14.346500651982486,8.047509078253738,0.08679819006868715,0.025108251419936948,0.07908285373716498,0.022549030718269678,0.006431666244004036,0.0044244683893316355,ADR
4.7,75.16902008816562,14.347909197681302,8.066728537281541,0.08878594339917878,0.02553432796475813,0.08120513387838896,0.023175598503664435,0.006431666244004036,0.0044244683893316355,ADR
4.75,75.4253155131574,14.397312434018067,8.066750120054174,0.08878650144334793,0.025771630368429502,0.08101909199645177,0.02332519134856118,0.006431666244004036,0.0044244683893316355,ADR
4.8,75.7296326072529,14.446499842628517,8.066858033917327,0.08879208188503937,0.026012166817189458,0.08079889466484269,0.023462699769209283,0.006431666244004036,0.0044244683893316355,ADR
4.85,76.60967016127726,14.495575000241466,8.066858033917327,0.08879208188503937,0.026248167017005435,0.0815767061690484,0.023945902565544575,0.01417988161849212,0.004316554526177205,ADR
4.9,76.61182843854036,14.544380393776352,8.066965947780481,0.08879487210588508,0.026487171453205872,0.0815769574397656,0.024160135487576482,0.01417988161849212,0.004316554526177205,ADR
4.95,76.61452628511923,14.593455768316623,8.066965947780481,0.08879487210588508,0.0267286702699505,0.08157626998704151,0.024376526512864687,0.01417988161849212,0.004208640663022775,ADR
5.0,76.78772803548209,14.606654982703702,8.08131849158002,0.09027926959580865,0.02711677917833137,0.0823784481811219,0.02463849679690216,0.02936336216432044,0.004208640663022775,ADR
5.05,79.01453060167375,14.654976382562342,8.08131849158002,0.09027926959580865,0.02735140477322096,0.08376733089319857,0.025351280694881156,0.02936336216432044,0.004208640663022775,ADR
5.1,79.01668887893683,14.703301342265613,8.08131849158002,0.09027926959580865,0.027588747327591683,0.08376627876867608,0.025565014987333223,0.02936336216432044,0.004100726799868345,ADR
5.15,79.01884715619993,14.75108856850164,8.08153431930633,0.09028764025834579,0.027829651281547216,0.08376610947230417,0.02578115890522605,0.02936336216432044,0.004100726799868345,ADR
5.2,79.85787744222561,14.79941837832738,8.08153431930633,0.09028764025834579,0.028072526778056363,0.08455928574420787,0.026296010209189532,0.05422671623510114,0.003992812936713915,ADR
5.25,80.06453249016636,14.84623761721091,8.081642233169484,0.09029043047919151,0.028296737478152006,0.0844089860768536,0.02644008930422118,0.05422671623510114,0.003992812936713915,ADR
5.3,80.33107973215779,14.89333162056249,8.081642233169484,0.09029043047919151,0.02852327178055378,0.08421522192369692,0.02656745529590351,0.05422671623510114,0.0038848990735594847,ADR
5.35,81.23971445991809,14.921514135279235,8.08920699497661,0.09107280840433166,0.028828641194413165,0.08550301894211099,0.027120520837317974,0.05422671623510114,0.0038848990735594847,ADR
5.4,81.76633411211172,14.968608554513803,8.08920699497661,0.09107280840433166,0.02906086946554132,0.08583069309753202,0.0274537463481383,0.05422671623510114,0.0038848990735594847,ADR
5.45,81.80248525626844,15.015702973748363,8.08920699497661,0.09107280840433166,0.02929578681331288,0.0858091341956506,0.02765900482797336,0.05422671623510114,0.0038848990735594847,ADR
5.5,81.80410396421576,15.04903837543075,8.094710601997486,0.09164201345685874,0.029588570900817773,0.08614289400435327,0.02790682079583054,0.09032390346025802,0.0038848990735594847,ADR
5.55,82.80284676771001,15.094058150646173,8.09481851586064,0.09164759389855019,0.029798228178107816,0.08683573014642156,0.028356754410572255,0.09032390346025802,0.0038848990735594847,ADR
5.6,82.86327853107649,15.139347710519477,8.09481851586064,0.09164759389855019,0.03000976703516919,0.08679277320883227,0.02852982764693682,0.09032390346025802,0.0038848990735594847,ADR
5.65,83.3726319651654,15.184367485734905,8.094926429723795,0.09165875478193308,0.03022484235796051,0.08707945114129838,0.02883039718762268,0.09032390346025802,0.0038848990735594847,ADR
5.7,84.22407234545386,15.223330784289962,8.097457009814766,0.09191489705557025,0.030466130998659875,0.08794551625612607,0.029317712188975404,0.09032390346025802,0.0037769852104050546,ADR
5.75,84.46957638413018,15.268090063856977,8.097672837541074,0.09192047749726168,0.03068578723990434,0.08777876645161291,0.02944991227727243,0.09032390346025802,0.0036690713472506244,ADR
5.8,84.66975660028166,15.313390415116604,8.097672837541074,0.09192047749726168,0.030907441664436902,0.08763335436302343,0.029590901405611953,0.09032390346025802,0.0036690713472506244,ADR
5.85,85.4359450286781,15.356325572273922,8.09778075140423,0.09192326771810741,0.031095276446139637,0.08838159870153654,0.030061455276392417,0.13223225221628096,0.0036690713472506244,ADR
5.9,85.43756373662542,15.398993869915882,8.097996579130537,0.09194558948487319,0.03128717929966708,0.08839560006062751,0.030234050674022843,0.13223225221628096,0.0035611574840961942,ADR
5.95,85.44134072183583,15.441934414772973,8.098104492993693,0.09195116992656462,0.03147966780988827,0.08839430500596779,0.03040636511507409,0.13223225221628096,0.0035611574840961942,ADR
6.0,85.63018998235609,15.482136645352526,8.099307732567864,0.09207435817690321,0.031685773697316615,0.08832855747600833,0.030529320689407495,0.17896974634846466,0.0035611574840961942,ADR
6.05,87.36328662461624,15.523010100160903,8.099307732567864,0.09207435817690321,0.03184137580722165,0.0894960966939035,0.031134489916237327,0.17896974634846466,0.0035611574840961942,ADR
6.1,87.36436576324778,15.563883554969268,8.099307732567864,0.09207435817690321,0.03199877970464105,0.08949531060124138,0.03127557635476074,0.17896974634846466,0.0035611574840961942,ADR
6.15,87.36544490187931,15.604757009777645,8.099307732567864,0.09207435817690321,0.03215800625329096,0.08949564233527055,0.031418643649692844,0.17896974634846466,0.0035611574840961942,ADR
6.2,87.99620143201696,15.645090887089552,8.099523560294173,0.09209667994366898,0.03232124572641711,0.09008965654930527,0.03180329196439434,0.22186011125919292,0.0035611574840961942,ADR
6.25,88.20393561858924,15.683550038994504,8.099631474157327,0.09209947016451468,0.032446946249870066,0.08996637201705503,0.03186084531259777,0.22186011125919292,0.0035611574840961942,ADR
6.3,88.32210129874333,15.721874298570512,8.09979334495206,0.09210365549578325,0.03257423691403576,0.08988928672490683,0.0319385012750054,0.22186011125919292,0.0035611574840961942,ADR
6.35,89.1735416790318,15.759793881159688,8.100117086541523,0.09213713814593191,0.03270585402524389,0.0903694328242612,0.03223727236660903,0.22186011125919292,0.0035611574840961942,ADR
6.4,89.55555675459847,15.79825303306464,8.100225000404677,0.09213992836677763,0.03283598467041277,0.09051936723381693,0.03241162988921527,0.22186011125919292,0.0035611574840961942,ADR
6.45,89.5998014384918,15.83671218496958,8.100332914267831,0.09214271858762337,0.0329676200316136,0.0905571919208951,0.03254672689893195,0.22186011125919292,0.0035611574840961942,ADR
6.5,89.60465756233374,15.874783891731765,8.10059730323256,0.09216071551207826,0.03310225154310654,0.09055960189562044,0.03266478041473267,0.25939794855746146,0.003453243620941764,ADR
6.55,90.43343603135978,15.911575234881663,8.100624281698348,0.0921614130672897,0.03320394391415139,0.09101226226260867,0.03294065540571849,0.2593709700916728,0.003453243620941764,ADR
6.6,90.46095406646415,15.948434024196027,8.100624281698348,0.0921614130672897,0.03330674546327235,0.09100277476230807,0.033027906273267515,0.2593709700916728,0.003453243620941764,ADR
6.65,90.89314908839764,15.985292813510403,8.100624281698348,0.0921614130672897,0.0334107373982292,0.09116805185954706,0.03318781651422433,0.2593709700916728,0.003453243620941764,ADR
6.7,91.46617170174767,16.019659752585923,8.101622484932527,0.09219559327264976,0.0335192451243696,0.09157551320516526,0.033440250800144136,0.2593709700916728,0.003345329757787334,ADR
6.75,91.67822244284612,16.056523937593447,8.101622484932527,0.09219559327264976,0.033625677552949644,0.09150857032546642,0.03350717785217255,0.2593709700916728,0.003345329757787334,ADR
6.8,91.76509310268544,16.092578768627313,8.10194622652199,0.09220675415603263,0.033734426671366884,0.09146040625385869,0.033582915286649154,0.2593709700916728,0.003345329757787334,ADR
6.85,92.4400943167164,16.127860611329282,8.10194622652199,0.09220675415603263,0.03381560656250823,0.09184990770595722,0.033820570510648566,0.2910814587796021,0.003237415894632904,ADR
6.9,92.44171302466371,16.163144667595578,8.10194622652199,0.09220675415603263,0.03389772644325337,0.09185041221071065,0.033894912375872055,0.2910814587796021,0.003237415894632904,ADR
6.95,92.44495044055834,16.19788915454609,8.102162054248298,0.0922151248185698,0.03398160927485324,0.091848402915993,0.03396895244489499,0.2910814587796021,0.003237415894632904,ADR
7.0,92.60736080460576,16.223919597046887,8.105863499754497,0.09231082939357803,0.03407491891934257,0.09184806488300551,0.03400867722343351,0.3156426540335504,0.003237415894632904,ADR
7.05,93.71347790193867,16.25432405820599,8.10734731537287,0.0923603558135896,0.034144332428908075,0.0924698643267581,0.03431828918148473,0.3144825800046403,0.003237415894632904,ADR
7.1,93.72157144167525,16.28816827375314,8.107455229236024,0.09237151669697247,0.03421078425422687,0.09246961944075027,0.03437611285847858,0.3144825800046403,0.003237415894632904,ADR
7.15,93.72588799620144,16.32201373536798,8.107563143099178,0.0923743069178182,0.03427718332821444,0.09246967739558447,0.03443625395971419,0.3144825800046403,0.003129502031478474,ADR
7.2,94.07337063555869,16.356133127600348,8.107563143099178,0.0923743069178182,0.03434407908122289,0.0927058961508239,0.0345993052165826,0.3337020390324443,0.003129502031478474,ADR
7.25,94.24495367797424,16.389241239561777,8.10758472587181,0.09237542300615648,0.03439504671168172,0.09268484931898985,0.03463577658633198,0.3337020390324443,0.0029136743051696137,ADR
7.3,94.33560132302397,16.389051580947278,8.120928275050854,0.09272880447626704,0.03448073268970275,0.09301445884405296,0.03470058388975073,0.3337020390324443,0.0029136743051696137,ADR
7.35,94.81204102885077,16.422220795280403,8.120928275050854,0.09272880447626704,0.03453296343997817,0.09324142874378265,0.034845763127730786,0.3337020390324443,0.0029136743051696137,ADR
7.4,94.99117804168714,16.455124055174426,8.121036188914008,0.09273438491795849,0.034586342142564584,0.09324829446180062,0.03489522513343001,0.3337020390324443,0.0028057604420151836,ADR
7.45,95.05538679026401,16.488028880542814,8.121144102777164,0.09273717513880421,0.03464006407075724,0.09331196730412274,0.03497347053065119,0.3337020390324443,0.0028057604420151836,ADR
7.5,95.06240119136905,16.520933705911208,8.121252016640318,0.09273996535964994,0.03469440643441371,0.0933100718121034,0.035022508869835454,0.3480545828319835,0.0028057604420151836,ADR
7.55,95.4875818121975,16.553390688747513,8.121252016640318,0.09273996535964994,0.03473655050204224,0.09342961939311747,0.03511254066638198,0.3480545828319835,0.0028057604420151836,ADR
7.6,95.50862501551262,16.585578167319593,8.121359930503472,0.09274275558049566,0.03477945402362016,0.09344248466462156,0.035158199556839916,0.3480545828319835,0.0026978465788607534,ADR
7.65,95.72445274182148,16.61750097653327,8.121575758229781,0.09275949690556998,0.034824207500790065,0.09347854379428329,0.035210307904880514,0.3480545828319835,0.0026978465788607534,ADR
7.7,95.95646754760351,16.64996335506273,8.121575758229781,0.09275949690556998,0.03486784316751361,0.09356641726505434,0.035288984250049484,0.3480545828319835,0.0026978465788607534,ADR
7.75,96.09459729244118,16.632205319526697,8.141663923855978,0.09328168673684666,0.0349628496736559,0.09410498046548191,0.035383337452429005,0.3480545828319835,0.0026978465788607534,ADR
7.8,96.19711546243788,16.664672734495852,8.141663923855978,0.09328168673684666,0.035007780422425555,0.09406821338867545,0.03540891658256535,0.3480545828319835,0.0025899327157063233,ADR
7.85,96.46743968963973,16.6962227027552,8.141879751582287,0.09328726717853811,0.035047155700045046,0.09415039835333863,0.035481785201884754,0.35561934463910905,0.0025899327157063233,ADR
7.9,96.473914521429,16.728042454229573,8.141987665445441,0.09329005739938381,0.03508671283324983,0.0941502976990794,0.035519302102849606,0.35561934463910905,0.0025899327157063233,ADR
7.95,96.47607279869209,16.760131990361835,8.141987665445441,0.09329005739938381,0.03512645583582849,0.09414920370018233,0.035557064247127776,0.35561934463910905,0.0025899327157063233,ADR
8.0,96.57103699826799,16.74401567820038,8.161271872791138,0.09378866986451412,0.03521496647696673,0.09462133348232743,0.035625876932713615,0.3674682868134655,0.002374104989397463,ADR
8.05,97.06690119946259,16.759437918168437,8.167833035670927,0.09396668595447112,0.03526842240537608,0.09489957013179764,0.03572292667084755,0.361122951659985,0.002374104989397463,ADR
8.1,97.07337603125185,16.790993280678077,8.167940949534081,0.09396947617531685,0.03530532394336651,0.09489611463573254,0.03575696914287061,0.361122951659985,0.002374104989397463,ADR
8.15,97.0803904323569,16.8228132399412,8.167940949534081,0.09396947617531685,0.03534228988121861,0.09489328184435478,0.03579149721117107,0.36123086552313943,0.002374104989397463,ADR
8.2,97.20988706814221,16.854094543859258,8.168156777260391,0.09398342727954545,0.03538103359392011,0.09491512252306257,0.03583502448376865,0.3636535317509564,0.002266191126243033,ADR
8.25,97.29945557456038,16.885258988399627,8.1683726049867,0.09399458816292834,0.03541782939028757,0.0948971463555299,0.0358608248214724,0.3636535317509564,0.002266191126243033,ADR
8.3,97.37607441740003,16.916963002255766,8.1683726049867,0.09399458816292834,0.035453960525102426,0.0948846573502521,0.0358904251949648,0.3636535317509564,0.002266191126243033,ADR
8.35,97.52715382581624,16.870901588476237,8.199478776040964,0.09480165954255314,0.03556912711471483,0.09573829505947443,0.03602025908742701,0.3636535317509564,0.002266191126243033,ADR
8.4,97.59513955960352,16.90233233074975,8.199586689904118,0.09480444976339886,0.03560674105504681,0.09570162206152281,0.03603998263805041,0.36386935947726523,0.002266191126243033,ADR
8.45,97.6323698423918,16.93375576856169,8.199694603767274,0.09481561064678173,0.03564547558078272,0.0957407190914366,0.036092439181208566,0.36386935947726523,0.002266191126243033,ADR
8.5,97.63776553554952,16.911586484084566,8.221239606546055,0.09537295726071449,0.03573756405791609,0.09630297282749853,0.03618325798174887,0.37234059773488803,0.002266191126243033,ADR
8.55,97.77643484970297,16.925013295140452,8.228523792308978,0.09556143667884293,0.03579371086581656,0.0964798693243273,0.0362322351088081,0.365056411971964,0.0021582772630886027,ADR
8.6,97.79478020643923,16.956656810822526,8.228523792308978,0.09556143667884293,0.03583203606423568,0.09648958873575142,0.03627425134328796,0.365056411971964,0.0020503633999341725,ADR
8.65,97.880571727647,16.98830147205393,8.228523792308978,0.09556143667884293,0.03587080508742006,0.09645361977894766,0.036296251058524194,0.365056411971964,0.0020503633999341725,ADR
8.7,97.9463991841712,17.019941724857336,8.228523792308978,0.09556143667884293,0.03590991559976489,0.09644420323147519,0.03633056359978723,0.3652722396982728,0.0019424495367797424,ADR
8.75,98.00952879411653,16.990717571576493,8.252869159836619,0.0961937007224833,0.03601098415384733,0.09707999630045586,0.03643054723355128,0.3652722396982728,0.0019424495367797424,ADR
8.8,98.05593175527294,17.02195422790129,8.25303103063135,0.09620207138502049,0.03605207400070703,0.09706521384471468,0.0364622500781179,0.3652722396982728,0.0018345356736253122,ADR
8.85,98.14280241511226,17.053585596036534,8.25303103063135,0.09620207138502049,0.03609253852585612,0.09706544055505768,0.036502208452967005,0.3655959812877361,0.001726621810470882,ADR
8.9,98.14819810826998,17.084679896565852,8.25324685835766,0.09621044204755763,0.03613428506537791,0.09706778012215433,0.03654323472850935,0.3655959812877361,0.001726621810470882,ADR
8.95,98.15467294005924,17.1160455852669,8.253354772220813,0.09621602248924908,0.03617623769144021,0.09706635167360221,0.03658307494299899,0.3655959812877361,0.001618707947316452,ADR
9.0,98.20485288642605,17.114973461036463,8.266439328128287,0.09656326547349904,0.03625177462481108,0.0973936419678472,0.03664929846981973,0.36997188843864826,0.001618707947316452,ADR
9.05,98.35647186415802,17.13593734766216,8.270707321416046,0.09667501381837017,0.03630512816803853,0.09748705037660392,0.036693456279714425,0.3657038951508906,0.001618707947316452,ADR
9.1,98.3629466959473,17.16757121750725,8.270707321416046,0.09667501381837017,0.036348147590085436,0.09748375352580099,0.03673433367979799,0.3657038951508906,0.001618707947316452,ADR
9.15,98.37104023568388,17.19893749100935,8.2708152352792,0.09667780403921589,0.036391935556101616,0.09748197312329276,0.036776115171158356,0.3657038951508906,0.001510794084162022,ADR
9.2,98.40719137984061,17.22835103309945,8.271705524650224,0.09672384268317029,0.036440419068624365,0.09751647937010982,0.03681861728164694,0.365811809014045,0.001510794084162022,ADR
9.25,98.44172381605003,17.259984902944545,8.271705524650224,0.09672384268317029,0.036484881844490114,0.09750919819123573,0.036859229949031645,0.365811809014045,0.001510794084162022,ADR
9.3,98.48650806925912,17.262144798915585,8.283495114199846,0.0970426254147939,0.036560750144444355,0.09780511360448807,0.03692855033182799,0.365811809014045,0.001510794084162022,ADR
9.35,98.52481749067894,17.293780874007737,8.283495114199846,0.0970426254147939,0.036606416817026,0.09779639520479301,0.03696953905995339,0.365811809014045,0.0014028802210075918,ADR
9.4,98.55341466441486,17.325420139545987,8.283495114199846,0.0970426254147939,0.03665261239558995,0.09777905928213214,0.03700734124692481,0.365811809014045,0.0014028802210075918,ADR
9.45,98.56798303594071,17.356519835768456,8.283710941926154,0.09705936673986822,0.03670096698864652,0.09778852741694448,0.03705521431392978,0.365811809014045,0.0014028802210075918,ADR
9.5,98.57823485294038,17.362871684149646,8.293827866596882,0.09738582257881755,0.03677987644539701,0.09811150326768768,0.03713168656166742,0.3705869974586285,0.0012949663578531616,ADR
9.55,98.63381049246492,17.38203443869317,8.298818882767774,0.0975868579907518,0.03684738135474402,0.09829724152493693,0.03719399369664994,0.3659197228771994,0.0012949663578531616,ADR
9.6,98.64244360151727,17.413669173507614,8.298818882767774,0.0975868579907518,0.03689587017494629,0.09829726592165934,0.03724182938673698,0.3660276367403538,0.0012949663578531616,ADR
9.65,98.65755154235889,17.444763474036932,8.299034710494084,0.09759522865328897,0.036945718126084666,0.09828928362274056,0.03728640665915197,0.3660276367403538,0.0012949663578531616,ADR
9.7,98.67751560704245,17.476397343882017,8.299034710494084,0.09759522865328897,0.036995325449891064,0.09827788095055828,0.03733030721382581,0.3660276367403538,0.0012949663578531616,ADR
9.75,98.69370268651562,17.487635493590926,8.307192998548558,0.09780784348173287,0.037066218122329284,0.09848326941917425,0.037397665466031224,0.3660276367403538,0.0012949663578531616,ADR
9.8,98.71042933530457,17.48617981091859,8.320428633864449,0.09849228465518821,0.03718339726434021,0.09916943345194952,0.03751189857378336,0.3661355506035083,0.0012949663578531616,ADR
9.85,98.72661641477772,17.51780828507052,8.320428633864449,0.09849228465518821,0.03723512900053281,0.09916235894913455,0.037559676219914497,0.3661355506035083,0.0012949663578531616,ADR
9.9,98.73578909314585,17.549166974564564,8.320536547727604,0.0985034455385711,0.037288545794397755,0.09916459172632383,0.03761064305404516,0.3661355506035083,0.0012949663578531616,ADR
9.95,98.74118478630358,17.5805256640586,8.320644461590758,0.09850902598026255,0.037342031275348735,0.09916397674316939,0.037662526626119394,0.3661355506035083,0.0012949663578531616,ADR
10.0,98.76276755893446,17.598165803699153,8.326239795395315,0.0986564891519589,0.03740987990720298,0.0992940181818182,0.037723757226531436,0.3681913096966002,0.0012949663578531616,ADR
10.05,98.79945827240697,17.624654880118353,8.328295554488408,0.09870964285906988,0.03746931429112269,0.09933099469165736,0.037775304098551024,0.3661355506035083,0.0012949663578531616,ADR
10.1,98.80431439624891,17.655744802138393,8.328511382214716,0.09871801352160706,0.037525041214382035,0.09932851307087819,0.03782836405805552,0.3661355506035083,0.0011870524946987315,ADR
10.15,98.81132879735395,17.686567162840404,8.32883512380418,0.09873475484668136,0.037582183866373256,0.09933699278108446,0.03788408197693266,0.3662434644666627,0.0011870524946987315,ADR
10.2,98.82751587682712,17.718198060743845,8.32883512380418,0.09873475484668136,0.037638295037757355,0.09933074505350513,0.03793664404031508,0.3662434644666627,0.0010791386315443013,ADR
10.25,98.84208424835296,17.699611516523447,8.348923289430378,0.09977913450923473,0.03779678717357681,0.1003725778794347,0.038092025073745046,0.3662434644666627,0.0010791386315443013,ADR
10.3,98.85449434261572,17.715409026950628,8.355257833197541,0.09994292047287856,0.037870630593466285,0.1005324352164183,0.038162832867576754,0.3662434644666627,0.0010791386315443013,ADR
10.35,98.87122099140467,17.746503327479946,8.35547366092385,0.09995408135626144,0.037930446084104265,0.10052488148394736,0.038217025542133576,0.3662434644666627,0.0010791386315443013,ADR
10.4,98.88632893224629,17.777867412667145,8.355581574787005,0.09995966179795288,0.03799040607897361,0.10051657731531245,0.038271822948217536,0.3662434644666627,0.0010791386315443013,ADR
10.45,98.89442247198286,17.809505379778596,8.355581574787005,0.09995966179795288,0.03805051615838753,0.1005149813404334,0.03833023432559923,0.3662434644666627,0.0009712247683898712,ADR
10.5,98.9052138582983,17.803739609570062,8.370543831913366,0.10067786464364142,0.03818090428480779,0.10123482180421593,0.03845807042141492,0.37984600691727866,0.000863310905235441,ADR
10.55,98.92463835366611,17.80083436592054,8.384362202090292,0.1013692813692111,0.038310072140345625,0.10191655599432743,0.03858191975461156,0.3663513783298171,0.000863310905235441,ADR
10.6,98.93381103203424,17.832203846800898,8.384470115953446,0.10137486181090255,0.03837349246202924,0.10191627271388601,0.03864326102463776,0.3663513783298171,0.000863310905235441,ADR
10.65,98.94837940356008,17.86357332768126,8.3845780298166,0.10137765203174827,0.03843737382246491,0.10190563817999389,0.03870164660833416,0.3663513783298171,0.000863310905235441,ADR
10.7,98.96132906713862,17.894945595037274,8.384685943679754,0.10138323247343972,0.03850224781466487,0.10189850615022243,0.0387620169814804,0.3664592921929716,0.000755397042081011,ADR
10.75,98.97805571592755,17.921067764321755,8.386892782181263,0.10145703381480903,0.038574432780560795,0.10196317877877659,0.03883176318822953,0.3664592921929716,0.000755397042081011,ADR
10.8,98.98507011703258,17.952707029860004,8.386892782181263,0.10145703381480903,0.038640226866082254,0.10195877216928677,0.038895086042049595,0.3664592921929716,0.000755397042081011,ADR
10.85,99.00287590445306,17.90658086776259,8.417998953235527,0.1030711765740586,0.038864016963156736,0.10357083462953375,0.03911451701965281,0.3664592921929716,0.000755397042081011,ADR
10.9,99.0120485828212,17.93795034864295,8.418106867098682,0.10307675701575003,0.0389327476477873,0.10356631212738823,0.03917970187993425,0.3664592921929716,0.000755397042081011,ADR
10.95,99.01960255324201,17.96958509543048,8.418106867098682,0.10307675701575003,0.039001648760614266,0.10356714662481745,0.03924834420317738,0.366567206056126,0.000755397042081011,ADR
11.0,99.02715652366281,17.965688325831984,8.43231912287612,0.1038077948773289,0.03914215903794728,0.10429493004958316,0.03938639587460005,0.38139996654670244,0.000755397042081011,ADR
11.05,99.03848747929402,17.96024360253748,8.447151883366697,0.10457398952156391,0.0392876705761204,0.10506127949180334,0.0395291268845927,0.366567206056126,0.0006474831789265808,ADR
11.1,99.05035800424102,17.991882868075727,8.447151883366697,0.10457398952156391,0.039359776022353896,0.10505432254198602,0.039597515402606906,0.366567206056126,0.0006474831789265808,ADR
11.15,99.06114939055645,18.023522133613973,8.447151883366697,0.10457398952156391,0.039432716410303936,0.1050497791092253,0.03966776074882189,0.366567206056126,0.0006474831789265808,ADR
11.2,99.06870336097727,18.055162545133804,8.447151883366697,0.10457398952156391,0.039506501447678,0.10504599375840791,0.03973949915237546,0.366567206056126,0.0005395693157721507,ADR
11.25,99.0757177620823,18.025943787546122,8.471497250894336,0.1058385176088446,0.03970431368343742,0.10630924910140506,0.03993526072568017,0.366567206056126,0.0005395693157721507,ADR
11.3,99.08812785634507,18.056077654693368,8.472101568528,0.10586669883938639,0.0397832269396349,0.1063242343895493,0.0400107731920611,0.366567206056126,0.0005395693157721507,ADR
11.35,99.09784010402896,18.08772231592477,8.472101568528,0.10586669883938639,0.039860302202467134,0.1063204306194565,0.04008536821079826,0.366567206056126,0.0005395693157721507,ADR
11.4,99.10863149034441,18.118827407840403,8.47231739625431,0.10588344016446072,0.03993989669751156,0.10632236749582155,0.040161404174160906,0.366567206056126,0.0005395693157721507,ADR
11.45,99.11888330734408,18.150203401127914,8.472425310117464,0.10589460104784361,0.040019858149987694,0.10632277147523135,0.0402382115234293,0.366567206056126,0.0004316554526177205,ADR
11.5,99.12913512434375,18.159838477608908,8.481231081350865,0.10634815144631554,0.04014358896421851,0.10677761407366683,0.04036086896942015,0.3752434806537422,0.0004316554526177205,ADR
11.55,99.13830780271188,18.169522667688394,8.490015269811636,0.1067991906460263,0.04026839057783699,0.10722480498105977,0.04048386680796487,0.3666751199192804,0.0004316554526177205,ADR
11.6,99.14748048108,18.20116732891979,8.490015269811636,0.1067991906460263,0.040350435105442735,0.10722248339891048,0.040564086632419276,0.3666751199192804,0.0004316554526177205,ADR
11.65,99.15881143671122,18.232542205493314,8.490123183674791,0.10680477108771776,0.040433970317813595,0.10721768781220409,0.04064395648246997,0.3666751199192804,0.0004316554526177205,ADR
11.7,99.16420712986894,18.260790232270136,8.491482898350537,0.10690898583630545,0.04052802562196719,0.10732018282331432,0.04073638575915055,0.3666751199192804,0.0003237415894632904,ADR
11.75,99.17176110028974,18.2924402891947,8.491482898350537,0.10690898583630545,0.040613011484672966,0.10731946402028313,0.04082009301708431,0.3666751199192804,0.0003237415894632904,ADR
11.8,99.18093377865787,18.294880954697458,8.503164574037005,0.10752422953278691,0.04075849783166652,0.10792676863150448,0.04096336162106298,0.3667830337824349,0.0003237415894632904,ADR
11.85,99.19604171949949,18.32652561592886,8.503164574037005,0.10752422953278691,0.040845692219552525,0.10791975396398013,0.04104666224471336,0.3667830337824349,0.0003237415894632904,ADR
11.9,99.2035956899203,18.358170277160262,8.503164574037005,0.10752422953278691,0.04093389627086477,0.10791786468831754,0.04113321281629356,0.3667830337824349,0.0003237415894632904,ADR
11.95,99.21007052170957,18.389543824662525,8.503272487900158,0.1075353904161698,0.041024181220937976,0.10791939948550328,0.04122096527473171,0.36689094764558927,0.0003237415894632904,ADR
12.0,99.21654535349884,18.402729819601372,8.510653796139922,0.10795308647677422,0.04115482020354164,0.10833138249193769,0.04134913173167876,0.3758424025942493,0.0003237415894632904,ADR
12.05,99.22733673981428,18.41171628764825,8.519713164951735,0.10860530059946154,0.04130970867769838,0.10897928394081596,0.04150138454431379,0.3669988615087437,0.0003237415894632904,ADR
12.1,99.23381157160355,18.443353368668504,8.519713164951735,0.10860530059946154,0.04140245430561894,0.1089759691158319,0.04159227131010195,0.3669988615087437,0.00021582772630886026,ADR
12.15,99.24298424997168,18.474453937954333,8.519928992678045,0.10862204192453587,0.04149789970782278,0.10897812689610176,0.04168380516809792,0.3669988615087437,0.00010791386315443013,ADR
12.2,99.25431520560288,18.50609859918573,8.519928992678045,0.10862204192453587,0.04159281479378463,0.1089727138205283,0.04177574416259208,0.3669988615087437,0.00010791386315443013,ADR
12.25,99.26240874533947,18.517400418074928,8.528065697959889,0.10904280722807055,0.04172979703593312,0.10938729878347085,0.04191029663494069,0.3670204442813746,0.00010791386315443013,ADR
12.3,99.26618573054988,18.515954911877976,8.54130133327578,0.11041168957498122,0.041959750287481154,0.11076466811977843,0.04214013148278011,0.3670204442813746,0.00010791386315443013,ADR
12.35,99.275358408918,18.53663174762768,8.545688031813008,0.11052511205235979,0.042069978909783444,0.11087290013587692,0.042247120359871465,0.3670204442813746,0.00010791386315443013,ADR
12.4,99.28291237933881,18.568270989707013,8.545688031813008,0.11052511205235979,0.04217029207938349,0.11086924197300059,0.04234545328011036,0.36712835814452904,0.00010791386315443013,ADR
12.45,99.29640161223313,18.599639391448736,8.545795945676161,0.11053627293574268,0.042272833903455306,0.11087272653766524,0.042444866126133796,0.36712835814452904,0.00010791386315443013,ADR
12.5,99.30557429060124,18.601250545425636,8.557806758645249,0.11094741197735965,0.042415310011416005,0.11126750834030621,0.0425837745407394,0.3739431186027313,0.00010791386315443013,ADR
12.55,99.31528653828514,18.61585183067975,8.564621519103452,0.11122643406193174,0.0425465320009925,0.11154726564673155,0.04271398685094829,0.36712835814452904,0.00010791386315443013,ADR
12.6,99.32068223144286,18.646950447763587,8.56483734682976,0.11124317538700608,0.04265355509568865,0.11155117876506188,0.04281851678512945,0.36712835814452904,0.00010791386315443013,ADR
12.65,99.33093404844253,18.678045796999594,8.56505317455607,0.11125433627038894,0.04276120642469619,0.11154781185596413,0.042922157345599794,0.36723627200768344,0.00010791386315443013,ADR
12.7,99.33794844954758,18.660388930710262,8.584769037354384,0.11176410961890218,0.042918365667817024,0.1120576002085755,0.04307747066425344,0.36723627200768344,0.00010791386315443013,ADR
12.75,99.34981897449457,18.64206806739603,8.604749289117427,0.11383054717724311,0.04322889331817695,0.11413147445255471,0.04338613754319876,0.3673441858708379,0.00010791386315443013,ADR
12.8,99.36222906875732,18.65785910299142,8.611083832884592,0.11415811910453075,0.043372189620063104,0.11445840754598129,0.04352724904814408,0.3673441858708379,0.00010791386315443013,ADR
12.85,99.37463916302008,18.68894692868894,8.6112996606109,0.11418044087129652,0.04348737922341358,0.11446573366490384,0.04363818852624096,0.3673441858708379,0.00010791386315443013,ADR
12.9,99.38327227207243,18.72030453904436,8.611407574474056,0.11419160175467938,0.04360280640649428,0.11446589751886638,0.04375032118832646,0.3673441858708379,0.00010791386315443013,ADR
12.95,99.38974710386171,18.75193193405765,8.611407574474056,0.11419160175467938,0.04371848145079892,0.11446349377314036,0.043864501299834636,0.3673441858708379,0.00010791386315443013,ADR
13.0,99.39730107428251,18.707628437108923,8.641779931258869,0.11551695665639686,0.0439639008480015,0.11579394067833411,0.04410896471199571,0.39586581990255376,0.00010791386315443013,ADR
13.05,99.40485504470333,18.667412177727165,8.670517393016894,0.11779503246588571,0.04430487173661647,0.11807054052000218,0.04444793218685386,0.3673441858708379,0.00010791386315443013,ADR
13.1,99.41456729238722,18.698769788082572,8.670625306880048,0.11780619334926859,0.04442761572730362,0.11807626659719508,0.04456851785051469,0.3673441858708379,0.00010791386315443013,ADR
13.15,99.4264378173342,18.73012739843799,8.670733220743204,0.11781177379096003,0.0445512343584925,0.11807339473598524,0.04468943686723828,0.3673441858708379,0.00010791386315443013,ADR
13.2,99.44262489680736,18.761485583199466,8.670841134606357,0.1178229346743429,0.04467682321382556,0.1180662401736299,0.04480829410140515,0.3673441858708379,0.0,ADR
13.25,99.45233714449127,18.78786592039617,8.672940059244711,0.11792868404439574,0.04481298669862947,0.11817422810577369,0.044944329476384264,0.36756001359714674,0.0,ADR
13.3,99.4593515455963,18.819487919716323,8.672940059244711,0.11792868404439574,0.04494026430596933,0.1181738891884707,0.04507059313877798,0.36756001359714674,0.0,ADR
13.35,99.46852422396442,18.684040893390517,8.739765719003092,0.1220610011169085,0.045471462215771884,0.1223220167075314,0.045601327260252386,0.3676679274603012,0.0,ADR
13.4,99.47607819438524,18.715387712359615,8.739873632866246,0.12207216200029136,0.04560489942489387,0.12232464876709948,0.04573255649158463,0.3676679274603012,0.0,ADR
13.45,99.48794871933224,18.747004315986597,8.739873632866246,0.12207216200029136,0.04573878885040451,0.12231972926067337,0.04586390545440041,0.3676679274603012,0.0,ADR
13.5,99.49658182838458,18.709556047194752,8.76749958183378,0.12335468701202698,0.0459984871972223,0.12359714845986984,0.0461208949641742,0.39610862609465125,0.0,ADR
13.55,99.5079127840158,18.670043116416107,8.795951071854446,0.12576264760188413,0.046370718170949704,0.12601429919586157,0.046493289609091104,0.36768411453977434,0.0,ADR
13.6,99.5138480464893,18.70165891068911,8.795951071854446,0.12576264760188413,0.04651126684428866,0.1260122508892166,0.04663276644540901,0.36768411453977434,0.0,ADR
13.65,99.52302072485742,18.73327470496212,8.795951071854446,0.12576264760188413,0.04665344299456183,0.1260090475741262,0.04677316213058581,0.36768411453977434,0.0,ADR
13.7,99.52787684869936,18.708073850284325,8.818677731434768,0.12635026811199296,0.04685419614557002,0.12659737236660917,0.04697292600454407,0.36768411453977434,0.0,ADR
13.75,99.53650995775172,18.678556420543416,8.843131012825562,0.12886258296148015,0.04724471738474813,0.12911362928109107,0.04736278972223208,0.3677920284029288,0.0,ADR
13.8,99.54460349748831,18.708476629065753,8.843805474470278,0.12889146174723334,0.047396178699760434,0.1291362068416003,0.04751259223744436,0.3679538991976604,0.0,ADR
13.85,99.55215746790913,18.74007893410586,8.843805474470278,0.12889146174723334,0.047546505273017035,0.12913425581155863,0.0476615223994577,0.3679538991976604,0.0,ADR
13.9,99.55755316106683,18.77140913827975,8.843913388333432,0.12890262263061622,0.047699617999367554,0.12913916829708474,0.04781348013253063,0.36806181306081487,0.0,ADR
13.95,99.56133014627724,18.803005447866823,8.843913388333432,0.12890262263061622,0.04785334676461137,0.12913721187947103,0.0479661967232559,0.36816972692396926,0.0,ADR
14.0,99.57158196327691,18.794992573742952,8.859755143444502,0.12965849345772198,0.048082003010822154,0.1298887836175551,0.04819170591052266,0.38457263412344267,0.0,ADR
14.05,99.57643808711886,18.785222322357615,8.876298338666077,0.131080669022786,0.048378091193080376,0.131305630448447,0.048486593467673554,0.3682452666281774,0.0,ADR
14.1,99.58237334959236,18.816810059026203,8.876298338666077,0.131080669022786,0.0485382312134512,0.1313055097177596,0.04864654740962816,0.3682452666281774,0.0,ADR
14.15,99.59208559727625,18.84812801103691,8.87640625252923,0.1310918299061689,0.048701306875683976,0.13130895433342182,0.04880781325372235,0.3682452666281774,0.0,ADR
14.2,99.60341655290746,18.878542184433076,8.876875677833953,0.13111610482752664,0.04886753475798792,0.13132819276481866,0.04897119499568,0.36913555599920145,0.0,ADR
14.25,99.60611439948633,18.91008540663312,8.876875677833953,0.13111610482752664,0.049032542443644016,0.13132771710102217,0.04913597120186367,0.36913555599920145,0.0,ADR
14.3,99.61204966195982,18.91269378266648,8.888449439657265,0.13230473890780375,0.04931461346040314,0.13252057833100414,0.049418253327227116,0.3693513837255103,0.0,ADR
14.35,99.616366216486,18.914806196537718,8.900217446434256,0.13260901249102963,0.0495135420167416,0.1328221019813456,0.04961561581017552,0.3693513837255103,0.0,ADR
14.4,99.62338061759104,18.946338627351437,8.900217446434256,0.13260901249102963,0.049684953644817384,0.13281835162347333,0.04978504450020588,0.3693513837255103,0.0,ADR
14.45,99.63093458801184,18.97786977795904,8.900217446434256,0.13260901249102963,0.049858327827794896,0.1328120621503501,0.04995567738205321,0.36945929758866475,0.0,ADR
14.5,99.63633028116958,18.990659035303118,8.907712064230331,0.1330131759805323,0.05007277274912339,0.13321400904369674,0.050168647182080674,0.38407083465977454,0.0,ADR
14.55,99.64280511295883,18.997564261037365,8.917462081766335,0.13387019231329553,0.05032949088837033,0.13407048166739768,0.05042382170732835,0.37442873098692625,0.0,ADR
14.6,99.64766123680079,19.028842824488017,8.917462081766335,0.13387019231329553,0.050505159606031934,0.13406814814814816,0.0505982733811391,0.37442873098692625,0.0,ADR
14.65,99.65305692995851,19.05985056748675,8.917569995629488,0.13388135319667838,0.05068393102639521,0.1340684488819102,0.05077476159221047,0.37453664485008065,0.0,ADR
14.7,99.66115046969509,19.0805751551209,8.921789427678826,0.1339904508317461,0.05087417268760755,0.13417206914810098,0.05096228710001785,0.37453664485008065,0.0,ADR
14.75,99.66384831627396,19.091506559673782,8.92992613296067,0.13483198143881553,0.051137956563637295,0.13500734686806343,0.05122441828792528,0.37453664485008065,0.0,ADR
14.8,99.67248142532631,19.122509942733956,8.930034046823826,0.13483477165966123,0.05132259194085684,0.1350054511005489,0.05140671677395204,0.38777228016597154,0.0,ADR
14.85,99.68003539574711,19.141884797724696,8.934528659224208,0.13506440683526408,0.051519883259018816,0.13523161060950523,0.05160188410281633,0.38777228016597154,0.0,ADR
14.9,99.68597065822061,19.172496183716394,8.934528659224208,0.13506440683526408,0.05169695412199058,0.13522705773717056,0.051776676500288235,0.38777228016597154,0.0,ADR
14.95,99.68974764343102,19.203103591284915,8.934528659224208,0.13506440683526408,0.05187600587411844,0.13522585280204372,0.05195501039556922,0.38788019402912594,0.0,ADR
15.0,99.69892032179915,19.213309795563887,8.942686947278682,0.1355648329439441,0.05210552240405743,0.13571087101610066,0.052181093300761025,0.3995294955566467,0.0,ADR
