LM,pdr,mean_tp_dbm,mean_sf,mean_toa_s,mean_energy_j,mean_toa_delivered_s,mean_energy_delivered_j,frac_tp_clamped_high,frac_tp_clamped_low,scheme
0.0,81.76201755758554,15.38536086495751,8.111248401525902,0.09270536662116298,0.030155676568253617,0.08856463194572764,0.02899737774604076,0.18125212455418085,0.0003992812936713915,Friis
0.05,81.76201755758554,15.425215093164587,8.11132394123011,0.0927084358640933,0.030276200350679128,0.08856804455824513,0.02910424278648491,0.20017482045831017,0.00038848990735594846,Friis
0.1,81.76201755758554,15.46516014960557,8.111334732616426,0.09270955195243158,0.030396668939428908,0.08856940960325213,0.029210757936433417,0.20017482045831017,0.000383094214198227,Friis
0.15,81.76201755758554,15.505105171087049,8.111345524002742,0.09270983097451616,0.03051844851146243,0.08856940960325213,0.029318370625123845,0.2001802161514679,0.000383094214198227,Friis
0.2,81.76201755758554,15.545023048637187,8.111367106775372,0.09271136559598131,0.030641757084096295,0.08857128654013674,0.029427408121860843,0.2001802161514679,0.000383094214198227,Friis
0.25,81.76201755758554,15.584860227640974,8.111421063706949,0.09271359777265786,0.03076656028518333,0.08857384599952485,0.029537773293386034,0.2001802161514679,0.00037230282788278395,Friis
0.3,81.76201755758554,15.624785218448697,8.111426459400107,0.09271415581682699,0.030892055026700824,0.08857452852202834,0.0296485628063594,0.2102863494358803,0.00037230282788278395,Friis
0.35,81.76201755758554,15.663740527747422,8.111458833559054,0.09271582994933443,0.031003325233201352,0.08857657608953885,0.029742628835948304,0.21963708567821166,0.00036690713472506246,Friis
0.4,81.76201755758554,15.702713541104965,8.111469624945368,0.09271652750454586,0.031115143037300737,0.08857725861204235,0.029836911516374777,0.21964248137136938,0.0003615114415673409,Friis
0.45,81.7625571269013,15.741645748953044,8.111496603411156,0.09271848065913788,0.031228370083203567,0.0885792335134921,0.029932256629050837,0.2196478770645271,0.00035611574840961944,Friis
0.5,82.95500531475776,15.780604825942588,8.11151279049063,0.09271931772539159,0.031342793147101394,0.08767845060913343,0.029645829790363478,0.21966406414400025,0.00035611574840961944,Friis
0.55,84.96436144669325,15.819307435594764,8.1116314957401,0.09272392158978701,0.03145889670632726,0.08622180535604286,0.029144506532448135,0.21966406414400025,0.0003453243620941764,Friis
0.6,84.96436144669325,15.858306947654336,8.1116314957401,0.09272392158978701,0.03157589333087911,0.08622180535604286,0.0292406135812543,0.219669459837158,0.0003399286689364549,Friis
0.65,84.96436144669325,15.897279434135003,8.111642287126415,0.09272475865604074,0.03169432164241401,0.08622279055294124,0.02933792403291649,0.2196748555303157,0.0003399286689364549,Friis
0.7,84.96436144669325,15.936278696334218,8.111642287126415,0.09272475865604074,0.031814035381406085,0.08622279055294124,0.0294362601746308,0.21968025122347343,0.00033453297577873344,Friis
0.75,85.0118435464812,15.975169860888418,8.111685452671678,0.0927271303437596,0.03193535441588074,0.08619169930500462,0.029520518577419243,0.21969643830294658,0.0003291372826210119,Friis
0.8,85.77209671240415,16.01406043050459,8.111728618216938,0.0927304786087745,0.03205816060559269,0.08726131622254096,0.029984523255443922,0.21970722968926204,0.0003291372826210119,Friis
0.85,86.83235041789644,16.05176389686762,8.112246604760081,0.0927823767165049,0.03218710767800675,0.08870480254025066,0.030585430554511073,0.21970722968926204,0.0003237415894632904,Friis
0.9,86.83235041789644,16.090748622483638,8.112252000453239,0.09278293476067405,0.03231251537380355,0.08870544520875666,0.030700851497704212,0.21971262538241976,0.00031834589630556887,Friis
0.95,86.83235041789644,16.129747004546797,8.112252000453239,0.09278293476067405,0.03243931613102155,0.08870544520875666,0.03081754088299967,0.2197234167687352,0.0003129502031478474,Friis
1.0,86.83235041789644,16.16865072950283,8.112289770305342,0.0927843298710969,0.032567707157889356,0.08870705188002163,0.03093572193065294,0.21973420815505063,0.00030215881683240436,Friis
1.05,86.8328899872122,16.20744608968247,8.112370705702707,0.0927873991140272,0.032697736682103254,0.08870987465357609,0.031055232358986887,0.2197503952345238,0.00029676312367468287,Friis
1.1,86.83342955652797,16.24634934036022,8.112408475554812,0.09279130542321119,0.03282934560442242,0.08871269739205002,0.031176118604500803,0.2197503952345238,0.0002913674305169614,Friis
1.15,86.83342955652797,16.28302723100927,8.11333653477794,0.09288728902030398,0.03297143910406197,0.08874354509696702,0.03130127778318737,0.21975579092768152,0.00028057604420151836,Friis
1.2,86.83342955652797,16.32187699072522,8.113395887402675,0.09288896315281141,0.033105933805081623,0.08874531241339456,0.031425028892491734,0.21976118662083924,0.00026978465788607533,Friis
1.25,86.83396912584375,16.360632635969182,8.113493009879514,0.09289147435157258,0.03324206471226195,0.08874781358586235,0.031550143433741976,0.21976118662083924,0.00026978465788607533,Friis
1.3,86.83396912584375,16.399495785071068,8.113536175424777,0.09289565968284115,0.03337945573510829,0.08875134819675391,0.03167649371895884,0.2277522081874248,0.00026978465788607533,Friis
1.35,86.83396912584375,16.435137363342818,8.114534378658954,0.09299778176579455,0.03351338093491228,0.08878476633609228,0.03179381429854587,0.2379608596418339,0.00026978465788607533,Friis
1.4,86.83396912584375,16.47321234189494,8.114539774352112,0.09299806078787913,0.03363802869857014,0.08878508766435515,0.03190849295711303,0.2379608596418339,0.00026978465788607533,Friis
1.45,86.83396912584375,16.5112602441479,8.114555961431586,0.09299847932100598,0.03376413160123647,0.08878556965674946,0.03202451310491095,0.23797165102814932,0.00026978465788607533,Friis
1.5,87.99026616954347,16.549132387966242,8.11464229252211,0.09300294367435914,0.03389207932820333,0.08796208821707803,0.03177036400028241,0.23797165102814932,0.00026438896472835385,Friis
1.55,90.23433495383985,16.584347236433015,8.115791575164703,0.09310701891190451,0.03403119864209125,0.08645233768252868,0.031223082542366137,0.23797704672130704,0.0002589932715706323,Friis
1.6,90.23433495383985,16.622368182209726,8.115796970857861,0.09310729793398909,0.03416082774530211,0.08645264690194579,0.03133920467174869,0.254369162534465,0.0002589932715706323,Friis
1.65,90.23433495383985,16.6586646464374,8.115807762244177,0.09310785597815824,0.03426205587300286,0.08645295612136289,0.03142883279104994,0.27523430797537407,0.0002589932715706323,Friis
1.7,90.23433495383985,16.69483602444347,8.115829345016808,0.09310966962170797,0.03436285290158528,0.08645481143786551,0.031518094678196926,0.27523430797537407,0.0002589932715706323,Friis
1.75,90.2370328004187,16.730886071327845,8.115899489027859,0.09311204130942681,0.034464870117322764,0.08645531877133922,0.03160758617929174,0.27523430797537407,0.0002535975784129108,Friis
1.8,90.71131422898243,16.766802037097687,8.116002007197855,0.09311636615173767,0.034567327890159996,0.0870863263184192,0.03195168557019321,0.29129189081275325,0.0002535975784129108,Friis
1.85,91.41275433948623,16.798488163472815,8.117113519988346,0.09318235487473898,0.034647099008191996,0.08803261537735069,0.032380546388534284,0.3124430079910216,0.0002428061920974678,Friis
1.9,91.41275433948623,16.83284065838979,8.117118915681504,0.09318291291890812,0.03471964109275777,0.08803322584377102,0.03245371998842573,0.3124430079910216,0.00022661911262430328,Friis
1.95,91.41275433948623,16.86718027981328,8.117129707067818,0.09318333145203499,0.034793009318371315,0.0880335310769812,0.03252771087095118,0.3124430079910216,0.00022122341946658177,Friis
2.0,91.41275433948623,16.901279831478668,8.117216038158341,0.09318556362871158,0.034866508207806374,0.08803597294266252,0.03260187213895592,0.3285815262257666,0.00022122341946658177,Friis
2.05,91.41275433948623,16.93275682714393,8.117674672076749,0.09319867766668646,0.034912319993384865,0.08804970843712004,0.0326485407330034,0.34924163532668223,0.00021043203315113877,Friis
2.1,91.41275433948623,16.965257174567718,8.117685463463063,0.09319937522189789,0.0349557474479668,0.08805031890354038,0.03269280018529143,0.34924703101983995,0.00021043203315113877,Friis
2.15,91.41383347811777,16.997743726412057,8.117701650542537,0.09319993326606703,0.03499965837275196,0.08804988993035061,0.03273723170703928,0.34925242671299767,0.00021043203315113877,Friis
2.2,91.41383347811777,17.029933452059627,8.11783654287148,0.09320342104212419,0.035044358943552414,0.08805355268563334,0.0327828085581169,0.34925242671299767,0.00019964064683569574,Friis
2.25,91.41383347811777,17.060261830668196,8.118716040856189,0.09322657987514367,0.035091479868398646,0.0880787341282021,0.03283099467825953,0.34926321809931316,0.00019424495367797423,Friis
2.3,91.41437304743354,17.092750288031272,8.118721436549347,0.0932271379193128,0.035136492037500335,0.08807897731686154,0.03287670543804282,0.3569682679285394,0.00018345356736253123,Friis
2.35,91.41437304743354,17.12422666261691,8.118796976253554,0.09323132325058138,0.03516773385588775,0.08808355573394087,0.032908167032912994,0.3675114523587273,0.00017805787420480972,Friis
2.4,91.41437304743354,17.155842172756806,8.118796976253554,0.09323132325058138,0.03519805067178741,0.08808355573394087,0.032938635298095584,0.367516848051885,0.0001726621810470882,Friis
2.45,91.41437304743354,17.186945232058264,8.119002012593548,0.09323662467018828,0.035229230256849896,0.0880893550622414,0.032970016133635136,0.367516848051885,0.0001618707947316452,Friis
2.5,91.77210750379048,17.21807605409574,8.119196257547225,0.09324262364500653,0.0352608348274272,0.08785284560570071,0.03289003799293339,0.367516848051885,0.00015107940841620218,Friis
2.55,92.58955501718529,17.242314062531975,8.122147701704499,0.09332116836181362,0.03529984197581527,0.08738972101236024,0.03268971203384029,0.36752763943820044,0.0001456837152584807,Friis
2.6,92.58955501718529,17.273916484936933,8.122153097397657,0.09332130787285589,0.035331628381767476,0.08738987168922899,0.03272184100866703,0.36753843082451587,0.0001456837152584807,Friis
2.65,92.58955501718529,17.305491969578213,8.122169284477131,0.09332200542806732,0.035363834922956354,0.08738987168922899,0.03275432506893869,0.36753843082451587,0.00014028802210075918,Friis
2.7,92.58955501718529,17.337081231004046,8.122180075863445,0.09332284249432103,0.035396424510191635,0.08739077575044145,0.0327872698063557,0.3675492222108313,0.00012949663578531615,Friis
2.75,92.58955501718529,17.368076651366675,8.122428277748702,0.09333037609060449,0.03543003299769113,0.0873984602707475,0.03282124493777149,0.36756001359714674,0.00012949663578531615,Friis
2.8,92.59009458650105,17.399246837517946,8.122606335622907,0.09333497995499992,0.035463730607919956,0.08740412867132867,0.03285553850940126,0.36756540929030446,0.00012949663578531615,Friis
2.85,92.65376376576216,17.419598766954632,8.127111739409603,0.09345398287406992,0.03550892217517002,0.08761133299945259,0.03292740075860111,0.36756540929030446,0.00012410094262759467,Friis
2.9,92.65538247370948,17.451200673969414,8.127117135102761,0.09345426189615448,0.035543036332421236,0.08761025412151105,0.03296176792422779,0.3675708049834622,0.00012410094262759467,Friis
2.95,92.65592204302526,17.482788455802268,8.127127926489077,0.09345481994032363,0.035577561377735455,0.08761049677967879,0.032996946328069925,0.3675869920629354,0.00012410094262759467,Friis
3.0,92.65592204302526,17.513890163966092,8.12733296282907,0.09346040038201506,0.03561296544625252,0.08761591726162053,0.033033173387309905,0.3675923877560931,0.00012410094262759467,Friis
3.05,92.65592204302526,17.53679005630517,8.130818580608958,0.09355470984660047,0.03565738542702229,0.08771694902225692,0.033079093763060834,0.36760317914240853,0.00012410094262759467,Friis
3.1,92.65646161234103,17.56840369230091,8.130818580608958,0.09355470984660047,0.035693100916923674,0.08771658878542771,0.033115502495614124,0.36760317914240853,0.00012410094262759467,Friis
3.15,92.65754075097257,17.59999033748046,8.130829371995274,0.0935554074018119,0.035729297597203356,0.08771647058960548,0.033152238088780366,0.36760857483556625,0.00012410094262759467,Friis
3.2,92.65754075097257,17.630875414679668,8.131120739425791,0.09356294099809531,0.03576657199075718,0.08772460117047605,0.033190450832471796,0.36760857483556625,0.00011870524946987314,Friis
3.25,92.65808032028835,17.64980878238748,8.136192690994049,0.09369575551035163,0.03581643227043544,0.08786742862466954,0.03324214204820954,0.3676193662218817,0.00011870524946987314,Friis
3.3,92.65861988960413,17.681380714893102,8.136208878073521,0.09369687159868993,0.035853987506896626,0.08786827203642991,0.033280428923458234,0.3676463446876703,0.00011870524946987314,Friis
3.35,92.65915945891989,17.712903786297773,8.13623585653931,0.09369812719807051,0.03589160814380467,0.08786881431100346,0.03331887194971229,0.3681427484581807,0.00011870524946987314,Friis
3.4,92.65915945891989,17.744490662412808,8.13623585653931,0.09369812719807051,0.0359294776749232,0.08786881431100346,0.033357781981129486,0.3681481441513384,0.00011870524946987314,Friis
3.45,92.66023859755144,17.774674573528053,8.136797008627713,0.09371263634646824,0.0359691919692439,0.08788375053863623,0.03339829040888323,0.3681481441513384,0.00011330955631215164,Friis
3.5,92.92354842364824,17.805033811438673,8.137288016705066,0.09372616891756999,0.036009258357142984,0.0877225507205983,0.033358275261045706,0.3681535398444961,0.00011330955631215164,Friis
3.55,93.6530461385722,17.81706108127189,8.145111771783762,0.09393250574911105,0.03606849976965385,0.08746231076798987,0.03321074500564366,0.3681535398444961,0.00011330955631215164,Friis
3.6,93.6530461385722,17.848647421462328,8.145111771783762,0.09393250574911105,0.036108264168447486,0.08746231076798987,0.03325175681007716,0.3681913096966002,0.00011330955631215164,Friis
3.65,93.65358570788797,17.88017916052088,8.14511716747692,0.09393264526015334,0.03614778064831762,0.08746195583363581,0.033292542665285876,0.3691193689197283,0.00010251816999670863,Friis
3.7,93.65358570788797,17.911569684604554,8.145176520101655,0.09393599352516821,0.03618794890679155,0.0874652330631269,0.0333342178429351,0.3691193689197283,0.00010251816999670863,Friis
3.75,93.65412527720373,17.941139162247495,8.145964291302683,0.0939588733361031,0.036230478304955224,0.08748901030120065,0.03337821685319838,0.3691193689197283,0.00010251816999670863,Friis
3.8,93.6568231237826,17.970479161196582,8.146843789287392,0.0939820321691226,0.036273508578680155,0.0875159841684094,0.03342380608227916,0.3691571387718323,9.712247683898712e-05,Friis
3.85,93.70376565425478,17.96825164210996,8.160333022181694,0.09433248390734515,0.036348043136067064,0.08794902082181684,0.03352630848631363,0.37013375923337993,9.712247683898712e-05,Friis
3.9,93.70430522357054,17.99969964961771,8.160349209261168,0.09433332097359888,0.03638916128270897,0.08794925881438402,0.03356945032104433,0.37013375923337993,9.172678368126562e-05,Friis
3.95,93.70430522357054,18.031134418385275,8.160370792033799,0.09433429755089486,0.03643076881384557,0.08795015212046181,0.03361328889271695,0.37013375923337993,9.172678368126562e-05,Friis
4.0,93.70484479288632,18.059142599200314,8.16176288086849,0.09437210504335439,0.036476428037694505,0.08798984422972833,0.0336613966966583,0.3701607376991685,9.172678368126562e-05,Friis
4.05,93.7053843622021,18.062073395435284,8.173169376203914,0.09467554156032654,0.03654766379607489,0.08831196623422988,0.033736707945920895,0.37109958830861206,9.172678368126562e-05,Friis
4.1,93.7053843622021,18.09350055545367,8.173174771897072,0.09467609960449569,0.036590017730420095,0.08831256176475667,0.0337815016329077,0.37109958830861206,8.63310905235441e-05,Friis
4.15,93.70646350083364,18.12491428101793,8.173185563283388,0.09467721569283398,0.036632915860677365,0.08831288467141517,0.033826652892504146,0.37109958830861206,8.63310905235441e-05,Friis
4.2,93.70646350083364,18.151120671264056,8.175279092228584,0.09473148548828325,0.036681462557597376,0.08837050158635106,0.033878018192736885,0.3711157753880852,8.63310905235441e-05,Friis
4.25,93.70700307014941,18.144534418411084,8.1904895512402,0.09512769684837562,0.03676373733849942,0.08879281211493062,0.03396539617736998,0.3711157753880852,8.63310905235441e-05,Friis
4.3,93.70754263946517,18.17575847172923,8.190575882330723,0.09513202169068649,0.036808675735557364,0.0887963205831716,0.034012702659508905,0.37113735816071614,8.63310905235441e-05,Friis
4.35,93.70808220878095,18.205584881835883,8.191212574123334,0.09516480678562372,0.03685651550899279,0.08883020019346814,0.034063097150869553,0.37161757485175334,8.63310905235441e-05,Friis
4.4,93.70916134741249,18.2369860335731,8.191217969816492,0.095164946296666,0.03690165822798339,0.0888294749933784,0.0341104815837813,0.37162297054491106,8.63310905235441e-05,Friis
4.45,93.71024048604404,18.26415146012962,8.192917613161175,0.09520945031915526,0.036951633189170545,0.08887594315852505,0.03416300415588181,0.37162297054491106,8.63310905235441e-05,Friis
4.5,93.75016861541118,18.285476048842906,8.196953591643151,0.0953160367554618,0.037008184314874217,0.08896279500431654,0.034210624191819215,0.37162297054491106,8.63310905235441e-05,Friis
4.55,93.94711141566802,18.266805062024588,8.21698780033777,0.09584841089282536,0.037106667809468856,0.08939688054446773,0.03425858639240697,0.37162297054491106,8.63310905235441e-05,Friis
4.6,93.9476509849838,18.298205842970063,8.216993196030929,0.09584868991490994,0.03715430768196758,0.08939651561028279,0.034308825495066274,0.3716283662380688,8.63310905235441e-05,Friis
4.65,93.9476509849838,18.329566151172056,8.21701477880356,0.0958499455142905,0.03720259396631048,0.08939710960509085,0.03435989336191782,0.3716283662380688,8.63310905235441e-05,Friis
4.7,93.94873012361533,18.360643289659908,8.217149671132502,0.0958569210664048,0.03725199379294529,0.0894035075982954,0.03441181485353955,0.3716283662380688,8.09353973658226e-05,Friis
4.75,93.94873012361533,18.385029757669113,8.219960827267675,0.09595220710828617,0.03731053790546679,0.08950418856177994,0.034473794345882214,0.3716337619312265,7.553970420810109e-05,Friis
4.8,93.94873012361533,18.4028604914977,8.225394290277501,0.09609269472786822,0.037374082601218654,0.08965342804305126,0.03454113632261063,0.3716391576243842,7.553970420810109e-05,Friis
4.85,93.95034883156265,18.3785100638575,8.247700085791521,0.09667487430732791,0.03748115898090852,0.0902716991517393,0.03465450140425522,0.3716445533175419,7.553970420810109e-05,Friis
4.9,93.95034883156265,18.409924059206414,8.247700085791521,0.09667487430732791,0.03753260254190947,0.0902716991517393,0.034708987250694025,0.3716445533175419,7.553970420810109e-05,Friis
4.95,93.95034883156265,18.440798485239558,8.24791591351783,0.09668575616862621,0.03758569934801644,0.09028298472901028,0.0347652008058763,0.3716445533175419,7.553970420810109e-05,Friis
5.0,93.95034883156265,18.45810280677921,8.253559808560807,0.09683768369367572,0.03765309615407847,0.09044424968843505,0.034836617482452495,0.37164994901069964,6.474831789265808e-05,Friis
5.05,93.95088840087841,18.427264160674657,8.278460932483691,0.09756035089271743,0.0377765990238792,0.09121188757308095,0.034967487185684674,0.3716607403970151,6.474831789265808e-05,Friis
5.1,93.95142797019419,18.458664397006014,8.27846632817685,0.09756062991480201,0.03783095007449384,0.09121225469352126,0.03502503029913029,0.3716607403970151,6.474831789265808e-05,Friis
5.15,93.95250710882573,18.490037654871596,8.278482515256323,0.09756202502522486,0.03788603872624937,0.09121269193969848,0.035082966470377876,0.3716607403970151,6.474831789265808e-05,Friis
5.2,93.95358624745728,18.502822563416483,8.285933967507136,0.09775510830774874,0.03796037298796033,0.09141789594950812,0.03516159377613494,0.37166613609017285,6.474831789265808e-05,Friis
5.25,93.95412581677304,18.471875295525713,8.310878256975283,0.09840871754085889,0.0380801718778727,0.09211110906919046,0.03528844742762783,0.37166613609017285,6.474831789265808e-05,Friis
5.3,93.95466538608882,18.50280313892112,8.31107250192896,0.09841834380277663,0.03813843650897729,0.09212052875741546,0.035349930652449235,0.37166613609017285,6.474831789265808e-05,Friis
5.35,93.95574452472036,18.5230333749895,8.315545531556712,0.09864965311088687,0.03821888363106171,0.09236551185027364,0.03543497616089629,0.37169851024911915,6.474831789265808e-05,Friis
5.4,93.95628409403614,18.55443184018652,8.31555092724987,0.09865021115505601,0.03827770246124769,0.09236512990145407,0.03549703258347214,0.37169851024911915,5.935262473493657e-05,Friis
5.45,93.95682366335191,18.576846628702327,8.319149854586069,0.09874410208651456,0.03834627273449844,0.09246467782671866,0.0355695969002121,0.37169851024911915,5.935262473493657e-05,Friis
5.5,93.96977332693044,18.585124701144895,8.328403468351562,0.09898922298781113,0.038430256070598065,0.09271531025454044,0.03565452088064416,0.37169851024911915,5.935262473493657e-05,Friis
5.55,94.1564643101876,18.563375406911668,8.349667895086142,0.09963264791483437,0.03855372773081722,0.09326921205939154,0.03573094051046204,0.37172548871490774,5.3956931577215064e-05,Friis
5.6,94.1564643101876,18.594772945396446,8.3496732907793,0.09963278742587665,0.03861577519539936,0.09326921205939154,0.035796675088087225,0.37172548871490774,5.3956931577215064e-05,Friis
5.65,94.1564643101876,18.626170312267487,8.349678686472458,0.09963306644796122,0.03867855164345453,0.09326921205939154,0.03586316765432257,0.3717308844080655,5.3956931577215064e-05,Friis
5.7,94.15700387950338,18.65682588394575,8.34998084528929,0.09964841266261269,0.03874351572191374,0.09328482794663731,0.035931787772740593,0.3717308844080655,4.856123841949356e-05,Friis
5.75,94.15700387950338,18.665628795002466,8.359024027021631,0.10001379208235986,0.038843216346325475,0.09367199229817079,0.03603743407291488,0.37174707148753866,4.316554526177205e-05,Friis
5.8,94.15754344881915,18.66903561418771,8.37022548601706,0.10030425407239944,0.0389365585843905,0.09397994060915156,0.03613619904989497,0.3717524671806964,4.316554526177205e-05,Friis
5.85,94.15916215676647,18.665481740889373,8.384211122681876,0.10066768033755455,0.03903788541937644,0.09436340614756916,0.0362431383455772,0.3717524671806964,4.316554526177205e-05,Friis
5.9,94.16078086471379,18.696891959253087,8.384211122681876,0.10066768033755455,0.03910488656930588,0.09436222844405225,0.03631354998070835,0.3717524671806964,4.316554526177205e-05,Friis
5.95,94.16132043402956,18.726885808162887,8.384777670463436,0.10069683814539238,0.0391754972957434,0.094392653525259,0.03638816665460612,0.3717524671806964,4.316554526177205e-05,Friis
6.0,94.16186000334534,18.730629609860365,8.395844237129923,0.1009973449304765,0.03927325177363121,0.09471184381679303,0.03649182760030416,0.3717524671806964,4.316554526177205e-05,Friis
6.05,94.16186000334534,18.698369771215877,8.421311908834369,0.101859383660762,0.03942647473969604,0.09562644094136254,0.03665430187652398,0.3717902370328004,4.316554526177205e-05,Friis
6.1,94.16186000334534,18.72977810108697,8.421311908834369,0.101859383660762,0.03949723391916851,0.09562644094136254,0.036729283486514684,0.3717902370328004,4.316554526177205e-05,Friis
6.15,94.16401828060842,18.76117309239296,8.421317304527527,0.10185966268284657,0.03956883956443835,0.09562691597953207,0.03680509650896246,0.3717902370328004,3.7769852104050545e-05,Friis
6.2,94.16401828060842,18.76055805430339,8.434126680083956,0.10219504722850217,0.0396738074001386,0.09598234578866241,0.0369163370484867,0.3717956327259581,3.7769852104050545e-05,Friis
6.25,94.1645578499242,18.741084997697175,8.454479234674883,0.10274667388970121,0.039800797995751036,0.09656627373680648,0.03705086823868137,0.3717956327259581,3.7769852104050545e-05,Friis
6.3,94.16617655787151,18.77030807979183,8.455353336966434,0.10279187546740193,0.03987974444438396,0.09661335646713004,0.0371341410459629,0.3718010284191159,3.237415894632904e-05,Friis
6.35,94.16725569650305,18.7680333415855,8.468826382781264,0.10348845410153612,0.04002281517789108,0.09735167788772826,0.03728552706854746,0.37182261119174675,3.237415894632904e-05,Friis
6.4,94.16833483513459,18.799413790811002,8.468837174167579,0.10348901214570526,0.040099536863710046,0.09735100672110013,0.03736648940444467,0.37182800688490447,2.6978465788607532e-05,Friis
6.45,94.16833483513459,18.81422928508347,8.475473876751577,0.10366200583813995,0.04019390047905788,0.09753441728119182,0.03746650250185814,0.37182800688490447,2.6978465788607532e-05,Friis
6.5,94.16887440445036,18.803522946847398,8.492319230789983,0.10413620387087026,0.0403184789094427,0.09803638270515566,0.0375983074047553,0.3718334025780622,2.6978465788607532e-05,Friis
6.55,94.20610468723865,18.78853919220737,8.510875019559387,0.10491718668558754,0.04047398461323377,0.09883938962742346,0.03775252528413503,0.37189275520279713,2.6978465788607532e-05,Friis
6.6,94.20610468723865,18.81994301998487,8.510875019559387,0.10491718668558754,0.0405549623344445,0.09883938962742346,0.037838352099157375,0.37189815089595485,2.6978465788607532e-05,Friis
6.65,94.20664425655441,18.851346683952357,8.510875019559387,0.10491718668558754,0.040636872614789196,0.09883897161446996,0.03792497883878691,0.3719089422822703,2.1582772630886026e-05,Friis
6.7,94.20772339518597,18.877502846103724,8.512973944197741,0.10502586578752839,0.04073027797183049,0.09895334865233275,0.03802356872853977,0.3719089422822703,2.1582772630886026e-05,Friis
6.75,94.20772339518597,18.854314985135385,8.534810314407041,0.10598570175845637,0.04090735807761655,0.09997175500292098,0.038211357766228846,0.37193052505490115,2.1582772630886026e-05,Friis
6.8,94.2088025338175,18.84868943544915,8.549621492124986,0.10637507707747675,0.041030493265292435,0.1003830323024055,0.038341470289632515,0.37193052505490115,2.1582772630886026e-05,Friis
6.85,94.2088025338175,18.87715117728681,8.550797753233368,0.10645459837157979,0.041124739975801884,0.10046640531500572,0.03844127136268168,0.37193052505490115,2.1582772630886026e-05,Friis
6.9,94.2109608110806,18.908540082662547,8.550803148926526,0.10645487739366437,0.0412123363242136,0.10046736157247255,0.03853420338436294,0.37193052505490115,2.1582772630886026e-05,Friis
6.95,94.21150038039636,18.935706709802414,8.552497396578051,0.10654276935030456,0.04130945824191192,0.1005596340998253,0.03863689410274821,0.3719359207480589,1.618707947316452e-05,Friis
7.0,94.21203994971215,18.92823313520965,8.568047784258605,0.10705365878715606,0.04144871240749257,0.10110103817738221,0.03878432463969703,0.3719359207480589,1.618707947316452e-05,Friis
7.05,94.21419822697523,18.8911630932206,8.595436322727199,0.10829977141685505,0.04166065892895404,0.10242180420365385,0.03900857354811382,0.3719844819864784,1.618707947316452e-05,Friis
7.1,94.21419822697523,18.922549570534407,8.595441718420357,0.10830032946102419,0.04175334357977595,0.10242180420365385,0.039106758028008407,0.3719844819864784,1.618707947316452e-05,Friis
7.15,94.21419822697523,18.953909068584824,8.59545790549983,0.10830172457144704,0.04184718010775765,0.10242328498940494,0.03920622071517073,0.3719898776796361,1.0791386315443013e-05,Friis
7.2,94.21419822697523,18.95131616823788,8.609055052257288,0.10866375572617937,0.04197711374914151,0.10280695657751561,0.03934393824400406,0.3719898776796361,1.0791386315443013e-05,Friis
7.25,94.214737796291,18.95635817370911,8.619598236687477,0.10905424713353801,0.04211113059037952,0.1032199488921087,0.03948582292148105,0.3719898776796361,1.0791386315443013e-05,Friis
7.3,94.214737796291,18.974160993498355,8.625037095390459,0.1093353618837444,0.04223581792049078,0.1035175851235031,0.039617953813345666,0.3719898776796361,1.0791386315443013e-05,Friis
7.35,94.214737796291,18.949957020475733,8.647278142586588,0.11048535140530825,0.04244612070357969,0.10473685712813051,0.03984089780245515,0.37206002169068647,1.0791386315443013e-05,Friis
7.4,94.21527736560678,18.98135347982189,8.647278142586588,0.11048535140530825,0.042546480820388526,0.10473640537878265,0.03994705704189096,0.37206002169068647,1.0791386315443013e-05,Friis
7.45,94.21635650423832,18.993622206923924,8.654929235484236,0.11069936134417509,0.04266880230458639,0.10496338960220829,0.04007660788968017,0.37206002169068647,1.0791386315443013e-05,Friis
7.5,94.2168960735541,18.98442945196305,8.67116487619582,0.11127317026109758,0.04282732003372261,0.10557167015433955,0.04024446319396179,0.3720816044633174,5.395693157721506e-06,Friis
7.55,94.22283133602758,18.9517231903327,8.696805210081314,0.11272785189901417,0.04307283791724444,0.10711185514184597,0.04050338003000929,0.3721355613948946,5.395693157721506e-06,Friis
7.6,94.22391047465912,18.983089164012508,8.696816001467628,0.11272854945422561,0.04317912335909921,0.10711196096845867,0.040615743391348866,0.3721355613948946,5.395693157721506e-06,Friis
7.65,94.2244500439749,19.014454915912438,8.696826792853944,0.11272924700943703,0.04328663536523606,0.10711253209947943,0.04072963613950123,0.37214635278121005,5.395693157721506e-06,Friis
7.7,94.22498961329066,19.02723202522046,8.7042728494116,0.1131142974861465,0.04343270176839026,0.1075208649143904,0.040884394937822366,0.37215174847436777,5.395693157721506e-06,Friis
7.75,94.22552918260645,18.976864844648784,8.73697614564055,0.11461432021280614,0.043688496996775905,0.10911116216479318,0.04115543146213276,0.3721949140196295,5.395693157721506e-06,Friis
7.8,94.22660832123799,18.983758382227084,8.746774724414973,0.11488190239191078,0.04382664878119459,0.1093934456832328,0.04130152526403635,0.3721949140196295,5.395693157721506e-06,Friis
7.85,94.22876659850108,19.001133053764264,8.752380849605844,0.11537381832701135,0.04398802449146901,0.10991402078597319,0.041471911477324826,0.3721949140196295,5.395693157721506e-06,Friis
7.9,94.22984573713262,19.032509429895534,8.752386245299002,0.11537395783805364,0.04410322586174587,0.10991350229902828,0.041593759364984356,0.3722003097127873,5.395693157721506e-06,Friis
7.95,94.22984573713262,19.054928473790383,8.755974381248887,0.11555950752429413,0.044237771881829785,0.11011041409994331,0.04173640344737824,0.3722111010991027,5.395693157721506e-06,Friis
8.0,94.2303853064484,19.04494596680967,8.77252297216362,0.11623641510146597,0.0444214478720641,0.11082710105359596,0.041930840142767115,0.37222189248541815,5.395693157721506e-06,Friis
8.05,94.23092487576416,19.000739300020868,8.80276043661949,0.11774062315939415,0.04468715540557097,0.11242054546183312,0.04221221629022431,0.37230282788278396,5.395693157721506e-06,Friis
8.1,94.23092487576416,19.03211039960917,8.802765832312648,0.11774090218147873,0.04480896630771732,0.11242054546183312,0.04234131340881163,0.37230282788278396,5.395693157721506e-06,Friis
8.15,94.23200401439571,19.063481499197486,8.802771228005806,0.11774146022564788,0.044932214720999064,0.11242059048458852,0.04247181793447684,0.37230282788278396,5.395693157721506e-06,Friis
8.2,94.23308315302725,19.07428151862198,8.81100505576449,0.11797723388711127,0.04507972519062105,0.11266935765696126,0.04262775701479056,0.37230282788278396,5.395693157721506e-06,Friis
8.25,94.23416229165879,19.05991003265935,8.82930724695548,0.11894446394328047,0.04529985782977025,0.11369462671560344,0.04286085932898371,0.3723190149622571,5.395693157721506e-06,Friis
8.3,94.23470186097457,19.063316963151987,8.840497914564594,0.11952315574668296,0.04548419077254,0.11430925637854425,0.043056492276385146,0.37232980634857255,5.395693157721506e-06,Friis
8.35,94.23470186097457,19.059789715468625,8.854461968456778,0.1202455439236401,0.045684243464556525,0.11507376776144011,0.04326844633269347,0.37235138912120347,0.0,Friis
8.4,94.23524143029034,19.09117214601257,8.854461968456778,0.1202455439236401,0.045816041036468615,0.11507325692102444,0.04340792875429058,0.37235138912120347,0.0,Friis
8.45,94.23632056892188,19.10141694861113,8.862917019634928,0.12050782468313789,0.04597485450680251,0.11535070567016505,0.04357599867730784,0.37235138912120347,0.0,Friis
8.5,94.23739970755342,19.08974107320284,8.880140072194374,0.12126216088877856,0.04618308802583945,0.1161514769514408,0.0437969145838307,0.37238376328014977,0.0,Friis
8.55,94.23901841550075,19.056264519380594,8.9060825648967,0.1229907027027027,0.04648785707784718,0.11798384023451813,0.04411944891125651,0.37242692882541156,0.0,Friis
8.6,94.23901841550075,19.087643172939316,8.9060825648967,0.1229907027027027,0.04662726171422992,0.11798384023451813,0.04426723778726591,0.37242692882541156,0.0,Friis
8.65,94.23955798481653,19.11900833726516,8.906087960589858,0.12299126074687182,0.04676833479603638,0.11798331275585859,0.044416539129369347,0.37242692882541156,0.0,Friis
8.7,94.2417162620796,19.1184973850075,8.91884337921471,0.12365086895480028,0.046975012362294996,0.1186812620104087,0.04463487587028884,0.3724808857569888,0.0,Friis
8.75,94.24279540071116,19.079133680393184,8.947138394133802,0.12494190414011536,0.04724497591271349,0.12004906619032081,0.044920725882628944,0.37257800823382775,0.0,Friis
8.8,94.24441410865848,19.09767651949901,8.952269698326795,0.1251423815078804,0.04741131906934484,0.12026105724067648,0.04509694086074993,0.37257800823382775,0.0,Friis
8.85,94.24495367797424,19.095311047618665,8.965764326914258,0.126536096820318,0.047695328981637156,0.12173845078921604,0.04539782176361685,0.37257800823382775,0.0,Friis
8.9,94.24549324729001,19.126655168741188,8.965775118300572,0.1265372129086563,0.04784658369526831,0.12173849396569489,0.045557871307783646,0.37257800823382775,0.0,Friis
8.95,94.24657238592155,19.141447478753342,8.972406425191412,0.1268801310505954,0.04803279862081587,0.12210139623289627,0.04575502010779352,0.3725941953133009,0.0,Friis
9.0,94.2476515245531,19.121193329637773,8.993055742906012,0.12791711662790758,0.04828829605117865,0.12320027553357148,0.04602576084862794,0.37264815224487813,0.0,Friis
9.05,94.24873066318465,19.085867071824026,9.019732049877788,0.12966170221169457,0.04861478629485462,0.125049168897489,0.04637157074724252,0.3727992316532943,0.0,Friis
9.1,94.24927023250042,19.11722711024136,9.019732049877788,0.12966170221169457,0.04877452738565088,0.1250487490482324,0.04654077403883699,0.3727992316532943,0.0,Friis
9.15,94.24927023250042,19.1485871486587,9.019732049877788,0.12966170221169457,0.0489361181911015,0.1250487490482324,0.04671208608869253,0.3727992316532943,0.0,Friis
9.2,94.24927023250042,19.16725355478325,9.024809397139203,0.12995509393362215,0.04912806119226269,0.12535974636324598,0.046915572008701625,0.3728046273464521,0.0,Friis
9.25,94.25088894044774,19.123773559955907,9.054744702778242,0.1320753827542855,0.049499472189928874,0.1276083996381914,0.04730903427389481,0.37285318858487154,0.0,Friis
9.3,94.25196807907928,19.118303609617627,9.069474945098822,0.1328373920672519,0.04974192881552549,0.12841541964735517,0.04756558677450531,0.37293412398223735,0.0,Friis
9.35,94.25250764839505,19.148281099685253,9.070019910107751,0.13286585231987827,0.049915244602561464,0.12844473223762168,0.04774904466735993,0.3735654200816908,0.0,Friis
9.4,94.2535867870266,19.17958933944828,9.07002530580091,0.13286641036404742,0.050087523240749436,0.12844459378416906,0.04793142331187292,0.3735654200816908,0.0,Friis
9.45,94.25466592565814,19.185497152396753,9.080190791710057,0.13326025003642092,0.050300013519103376,0.12886170961444887,0.048156465888783896,0.3735708157748485,0.0,Friis
9.5,94.25520549497392,19.171965016789546,9.098131471459482,0.1343282070651206,0.05058010979622797,0.12999328019417694,0.04845315010089003,0.37365714686537205,0.0,Friis
9.55,94.25520549497392,19.13582690532227,9.125109937248089,0.1367356096108086,0.05099269861040133,0.13254652430074532,0.048890656734811605,0.3740672195453589,0.0,Friis
9.6,94.25574506428968,19.16712347180831,9.125109937248089,0.1367356096108086,0.05117465809721617,0.13254694964135855,0.04908376263878747,0.3740726152385166,0.0,Friis
9.65,94.25628463360546,19.198405911983926,9.125115332941247,0.13673616765497776,0.051358767677281994,0.13254693093973258,0.049278684436065215,0.3740834066248321,0.0,Friis
9.7,94.25628463360546,19.196043463330028,9.138577587369761,0.13743232775598516,0.05161249612942574,0.13328551309763692,0.04954773588901574,0.3742182989537751,0.0,Friis
9.75,94.257363772237,19.181477067614416,9.156912152719698,0.1382565589938111,0.051880857471469435,0.1341597668097773,0.049832130723163254,0.375092401245326,0.0,Friis
9.8,94.25844291086854,19.193041656759352,9.164784469036816,0.13888170797429486,0.052131997934260745,0.13482071943763882,0.05009796034169872,0.375092401245326,0.0,Friis
9.85,94.25898248018432,19.168684418706764,9.187025516232943,0.14118168701742267,0.05254828985483317,0.1372592711556845,0.050539105054248315,0.375092401245326,0.0,Friis
9.9,94.26006161881585,19.199929798644508,9.187025516232943,0.14118168701742267,0.05274472312621829,0.13725903179827695,0.050747128944111625,0.375092401245326,0.0,Friis
9.95,94.26006161881585,19.21255415285356,9.194471572790599,0.1415672955383013,0.052980805035619985,0.1376675298090958,0.05099739093634514,0.3752974375853194,0.0,Friis
10.0,94.26060118813163,19.19901550334692,9.212379878381077,0.1427278878990789,0.05329446867419268,0.13889755699042908,0.05132968323098651,0.37546470407320875,0.0,Friis
10.05,94.26060118813163,19.15241838144229,9.24348604943534,0.14525610700738664,0.05374278923928244,0.14157912387232677,0.05180510182273622,0.37835139991258976,0.0,Friis
10.1,94.26114075744741,19.183487201166276,9.243491445128498,0.14525638602947122,0.05394780577308911,0.14157846145039696,0.05202214715190908,0.3783567956057475,0.0,Friis
10.15,94.26221989607895,19.21455567781136,9.243496840821656,0.1452566650515558,0.05415519019525308,0.14157920867320362,0.05224224174536752,0.3783621912989052,0.0,Friis
10.2,94.26329903471049,19.223245441641872,9.252453691463474,0.1460658290968149,0.05444351204074941,0.14243673622932893,0.05254764259258028,0.3783621912989052,0.0,Friis
10.25,94.26383860402626,19.15378590592269,9.292667792567972,0.14922296398374812,0.054962631714580545,0.14578458238600586,0.05309801431637048,0.3785672276388986,0.0,Friis
10.3,94.2649177426578,19.160802765455948,9.302288313468189,0.14972129742679388,0.0552275218155871,0.14631274951918669,0.05337882709586053,0.37874528551310344,0.0,Friis
10.35,94.26653645060513,19.18894187605223,9.303421409031312,0.14977989206455403,0.05545080781218028,0.14637491150325974,0.053615497148563465,0.3832183151408546,0.0,Friis
10.4,94.2670760199209,19.219767471062298,9.303426804724468,0.1497801710866386,0.05566865744824913,0.14637422167273392,0.05384615543548586,0.3832183151408546,0.0,Friis
10.45,94.2670760199209,19.222468015487735,9.314682220651475,0.15034951565020802,0.055944334701139416,0.14697819135929663,0.05413846953314172,0.3832183151408546,0.0,Friis
10.5,94.2670760199209,19.20932802959347,9.332272180345647,0.1516950996530569,0.05629810471287212,0.1484048680999152,0.05451355657230128,0.38341256009453256,0.0,Friis
10.55,94.2670760199209,19.1729245874663,9.359137336577943,0.15400498398018697,0.05674751023919652,0.1508528618723813,0.05498994053478102,0.3867902640112662,0.0,Friis
10.6,94.26761558923667,19.20357158503284,9.359142732271101,0.1540055420243561,0.05697476547810883,0.15085214641489558,0.05523054400073214,0.3867902640112662,0.0,Friis
10.65,94.26761558923667,19.234231811103587,9.359142732271101,0.1540055420243561,0.05720459296394158,0.15085214641489558,0.05547422100135988,0.3867956597044239,0.0,Friis
10.7,94.26815515855245,19.24503054205695,9.367085192599268,0.15441682057701542,0.05747691710015001,0.15128682877911964,0.05576259228887482,0.38708702713494086,0.0,Friis
10.75,94.26923429718398,19.22659118375992,9.386676954454954,0.1554725006339939,0.057812807636172796,0.15240524932460275,0.056118171103545354,0.3921266045442528,0.0,Friis
10.8,94.26977386649976,19.22624289176658,9.398973739161402,0.1566584840044676,0.05816195511855025,0.15366363478390271,0.056488433163993684,0.3921266045442528,0.0,Friis
10.85,94.2708530051313,19.221739713477923,9.412932397360427,0.15810214427004363,0.0585394411557326,0.155190756145723,0.05688790036308304,0.3921320002374105,0.0,Friis
10.9,94.2708530051313,19.252133113466062,9.412932397360427,0.15810214427004363,0.058780282935908444,0.155190756145723,0.05714325278601768,0.3921320002374105,0.0,Friis
10.95,94.27139257444708,19.262775653597792,9.420826296450173,0.15851063260185716,0.05906333121974533,0.15562332690766723,0.057443059927238416,0.39269315232581353,0.0,Friis
11.0,94.27193214376285,19.2489952830054,9.438481004462238,0.1599474568263612,0.05944885074740827,0.15714641547187733,0.05785153375794848,0.39315178624421987,0.0,Friis
11.05,94.27301128239439,19.217993837673717,9.462955868625663,0.16196520503094428,0.05989145773156918,0.1592850889485402,0.05832040201648932,0.4008946059255502,0.0,Friis
11.1,94.27301128239439,19.247949107377437,9.462955868625663,0.16196520503094428,0.06013799332935615,0.1592850889485402,0.05858178420830736,0.4008946059255502,0.0,Friis
11.15,94.27409042102593,19.277904238614052,9.462955868625663,0.16196520503094428,0.06038738125920949,0.15928400556315497,0.058845696917056545,0.4009000016187079,0.0,Friis
11.2,94.27462999034171,19.27419011322893,9.476423518747335,0.1633028369043829,0.06076953019944617,0.16070314506473132,0.05925091078477386,0.4009000016187079,0.0,Friis
11.25,94.27516955965748,19.220991267000525,9.509677175678373,0.16588811602898565,0.06127619114518469,0.16344390277181592,0.05978808888171666,0.4015906503428963,0.0,Friis
11.3,94.27570912897325,19.240250720152066,9.513934377579815,0.16610826445371302,0.061556877148454904,0.16367766672008421,0.0600856992818877,0.4024647526344472,0.0,Friis
11.35,94.2767882676048,19.269788084028125,9.513961356045604,0.16610993858622045,0.06181428116319669,0.163677716928219,0.060358099374745185,0.4159324027561201,0.0,Friis
11.4,94.2767882676048,19.298991171356185,9.513961356045604,0.16610993858622045,0.06206745858606891,0.163677716928219,0.060626525132032455,0.4159431941424355,0.0,Friis
11.45,94.2767882676048,19.297438443748717,9.52626353644521,0.16694142439824533,0.06240437064931804,0.16455908739397682,0.06098370993582852,0.41594858983559324,0.0,Friis
11.5,94.27732783692056,19.27755388118678,9.545887672459843,0.1687476738627227,0.0628387800165366,0.16647403512908707,0.0614442690724135,0.41728132604555046,0.0,Friis
11.55,94.27786740623634,19.267755578817606,9.561367916129345,0.1699209617283484,0.06321095283395685,0.16771713822627168,0.06183852565483275,0.4284773893478226,0.0,Friis
11.6,94.27786740623634,19.296318220117314,9.561373311822503,0.16992110123939067,0.06346708222501615,0.16771728620484408,0.06211008634549155,0.4284773893478226,0.0,Friis
11.65,94.27786740623634,19.324894350649938,9.561373311822503,0.16992110123939067,0.06372616382590421,0.16771728620484408,0.06238477710481969,0.4284773893478226,0.0,Friis
11.7,94.27894654486788,19.345955321095474,9.56436252583188,0.17007595849632817,0.06400254427603001,0.16788139653179188,0.06267770456261122,0.4305655225998608,0.0,Friis
11.75,94.27894654486788,19.325051545918157,9.583986661846515,0.17130965464326367,0.06438031133913986,0.16918936416184963,0.06307822564826827,0.4457058376004273,0.0,Friis
11.8,94.27948611418367,19.31549535679696,9.598894962041298,0.17283730055629593,0.0647823875460255,0.17080932532864798,0.06350453045991399,0.4457112332935851,0.0,Friis
11.85,94.27948611418367,19.34186086158409,9.59943453135707,0.17289310497321034,0.06504530810580213,0.17086792383721258,0.06378323453415623,0.4457166289867428,0.0,Friis
11.9,94.28110482213098,19.369574785151208,9.59943453135707,0.17289310497321034,0.06530581375972343,0.170865878054643,0.06405860271824977,0.4457220246799005,0.0,Friis
11.95,94.28164439144675,19.376049141186336,9.60791116530785,0.17333144866807307,0.06561109921264148,0.17133101402695505,0.06438234728942908,0.44741087663826734,0.0,Friis
12.0,94.28380266870984,19.36848701057539,9.6219561545974,0.17465178117226832,0.06600322832890973,0.17272998856580382,0.06479771365691885,0.4513605240297195,0.0,Friis
12.05,94.28434223802562,19.366002620546137,9.633767326919653,0.17553139829388176,0.06634755911916254,0.17366253276868487,0.06516269858301056,0.4709360988059331,0.0,Friis
12.1,94.28488180734138,19.39245581560584,9.633767326919653,0.17553139829388176,0.06659951971065485,0.17366168690805242,0.06542949119560068,0.4709360988059331,0.0,Friis
12.15,94.28542137665715,19.41890884542481,9.633767326919653,0.17553139829388176,0.06685439498395496,0.17366084105710128,0.065699365528045,0.47094149449909084,0.0,Friis
12.2,94.28542137665715,19.411679156162776,9.647240372734483,0.17692399751798116,0.06724742557852625,0.1751378448226528,0.06611612186927895,0.47094149449909084,0.0,Friis
12.25,94.2865005152887,19.386952639285106,9.667690049802248,0.17827655707294432,0.06763945821831113,0.1765727286544888,0.06653185648689847,0.47287854834271287,0.0,Friis
12.3,94.28704008460447,19.40710381313215,9.670128903109537,0.17840295407725548,0.06791343925567515,0.17670636559558212,0.06682238665259631,0.4783120113525384,0.0,Friis
12.35,94.28757965392023,19.432731625341166,9.670134298802695,0.17840351212142463,0.06816770110660812,0.17670609419385852,0.06709160586389135,0.5005476628555088,0.0,Friis
12.4,94.28757965392023,19.457704242198396,9.670134298802695,0.17840351212142463,0.06841312836452136,0.17670609419385852,0.06735182001691083,0.5005476628555088,0.0,Friis
12.45,94.28811922323601,19.45496966655261,9.681217052548655,0.1792668064510907,0.06874529493922547,0.1776208227895185,0.0677036563828492,0.5005584542418242,0.0,Friis
12.5,94.28865879255179,19.448631908371834,9.693697290822465,0.18046032341784785,0.0691108598648842,0.17888680184036437,0.06809131144530593,0.5060135000242806,0.0,Friis
12.55,94.28973793118332,19.450009840784293,9.702842990724804,0.1809742820976296,0.06940317033283476,0.1794301348440629,0.06840049881653835,0.5279739711762071,0.0,Friis
12.6,94.28973793118332,19.473597652992588,9.702848386417962,0.18097484014179874,0.06963743888515277,0.179430726683834,0.06864887316282726,0.5279739711762071,0.0,Friis
12.65,94.2902775004991,19.49718546520089,9.702853782111118,0.1809753981859679,0.06987441996342426,0.17943088357720408,0.06890006068579452,0.5279739711762071,0.0,Friis
12.7,94.29081706981486,19.51686049991126,9.704364576195282,0.1810535243696481,0.07011907252415726,0.17951389708844528,0.06915941940947723,0.5354200277338629,0.0,Friis
12.75,94.29081706981486,19.493390800921997,9.722839429567319,0.18233590987034146,0.07047072626927066,0.18087392931697488,0.06953228782743476,0.5601161153167542,0.0,Friis
12.8,94.29189620844642,19.491373744319937,9.732443763388064,0.1833292284914181,0.07078480784066615,0.1819254579122652,0.06986477131729317,0.5601323023962274,0.0,Friis
12.85,94.29189620844642,19.51053439029232,9.733576858951185,0.18344641776693837,0.0710168636069342,0.18204974141936658,0.07011079859158607,0.5601323023962274,0.0,Friis
12.9,94.2924357777622,19.532514285939616,9.733582254644343,0.1834469758111075,0.07124021856317479,0.18204884763239962,0.07034715291309629,0.5601323023962274,0.0,Friis
12.95,94.2924357777622,19.535236381449625,9.741249534621465,0.18384346619328448,0.071502839671147,0.18246933775857627,0.07062559225480937,0.5637204383461122,0.0,Friis
13.0,94.2924357777622,19.535516141638613,9.749790916890138,0.1846629540556727,0.07180480198508975,0.18333842959571967,0.07094575323650971,0.5727690157716111,0.0,Friis
13.05,94.2924357777622,19.528231967762547,9.761111081135038,0.18565808632029904,0.07211612886202916,0.18439379767102512,0.07127585328435061,0.5905748031920921,0.0,Friis
13.1,94.29459405502529,19.54868947492429,9.761116476828196,0.1856582258313413,0.07232422362192192,0.184393423903776,0.07149603817807693,0.5905801988852498,0.0,Friis
13.15,94.29513362434105,19.569160464980033,9.761116476828196,0.1856582258313413,0.07253471423207837,0.18439355239185162,0.07171914043815038,0.5905801988852498,0.0,Friis
13.2,94.29513362434105,19.569788506850358,9.769053541463204,0.18647869027102562,0.07282729092491834,0.18526365502403294,0.07202937058213509,0.5905909902715653,0.0,Friis
13.25,94.29513362434105,19.546884336952814,9.786357529420018,0.18780920708130763,0.0731704005088009,0.1866746682536049,0.07239319031315082,0.5945784075151215,0.0,Friis
13.3,94.29513362434105,19.56415230258671,9.787469042210507,0.18786654611968723,0.07338756788175321,0.18673547631036844,0.07262344775899374,0.6057690751242358,0.0,Friis
13.35,94.29513362434105,19.583584431646464,9.787474437903665,0.1878666856307295,0.07359114958863998,0.18673562426184476,0.07283929966691675,0.6197277333232614,0.0,Friis
13.4,94.29513362434105,19.602584555747413,9.787479833596823,0.1878668251417718,0.07378951494826466,0.18673577221332108,0.07304962147960756,0.6197277333232614,0.0,Friis
13.45,94.29513362434105,19.59770849203451,9.797035606179147,0.188725794629127,0.07407363826962929,0.18764670945296402,0.07335088910323861,0.6197331290164191,0.0,Friis
13.5,94.29513362434105,19.598812436062556,9.804114755602079,0.18941190993508977,0.0743399800102976,0.1883737430075532,0.07363324125216822,0.6303086876055533,0.0,Friis
13.55,94.29567319365682,19.599931148917634,9.81090793328765,0.18978998485968498,0.07456688655321568,0.18877375927123324,0.07387342675739063,0.6479903740834067,0.0,Friis
13.6,94.29675233228836,19.617531630213467,9.81090793328765,0.18978998485968498,0.07475067140460338,0.18877293047155289,0.07406791530467292,0.6479903740834067,0.0,Friis
13.65,94.29675233228836,19.6351321115093,9.81090793328765,0.18978998485968498,0.07493658438427143,0.18877293047155289,0.07426503493974079,0.6479903740834067,0.0,Friis
13.7,94.29729190160414,19.650696511532963,9.811620164784468,0.18982681577484847,0.0751237705495647,0.18881105655627012,0.07446310112351187,0.6607457927082603,0.0,Friis
13.75,94.29783147091992,19.629802667167077,9.826593213297146,0.19098364133748433,0.07540785790812854,0.19003793830572477,0.074764326015962,0.6803105760981585,0.0,Friis
13.8,94.29837104023568,19.635144133608563,9.830850415198588,0.19142393818693915,0.07561514262318246,0.19050391769566155,0.07498370864325503,0.6803105760981585,0.0,Friis
13.85,94.29837104023568,19.651061122769967,9.830877393664377,0.19142630987465803,0.07578205267957283,0.19050643278440882,0.07516068086620617,0.6803159717913162,0.0,Friis
13.9,94.29837104023568,19.66703183494751,9.830882789357535,0.1914264493857003,0.07595067324276923,0.1905065807308057,0.07533946667408244,0.6803159717913162,0.0,Friis
13.95,94.29837104023568,19.668594176979127,9.836575245638931,0.1917212362180507,0.07614655343019033,0.19081800789627268,0.07554704514931851,0.6869310916026827,0.0,Friis
14.0,94.29837104023568,19.673526434694967,9.840740720756692,0.1921361420578094,0.07634833509646756,0.19125800048064262,0.0757609957746203,0.7023897524995548,0.0,Friis
14.05,94.29837104023568,19.665165383663155,9.849983543135869,0.19301673575671896,0.07658700847618209,0.19219183813785287,0.0760140683932813,0.7095983985582708,0.0,Friis
14.1,94.29837104023568,19.679644996036558,9.849999730215343,0.19301729380088808,0.07673843100103016,0.1921924299234404,0.07617461924842175,0.7095983985582708,0.0,Friis
14.15,94.29837104023568,19.694165076108646,9.849999730215343,0.19301729380088808,0.07689155242162676,0.1921924299234404,0.0763369714054574,0.7095983985582708,0.0,Friis
14.2,94.29837104023568,19.701225583199243,9.852983548531562,0.19332589222642485,0.07707640485726401,0.19251968735337538,0.07653297283325232,0.7096037942514285,0.0,Friis
14.25,94.29837104023568,19.68188437263045,9.866451198653236,0.19443095919237258,0.07733730060349107,0.19369157076319188,0.07680961510926085,0.7162512882217414,0.0,Friis
14.3,94.29891060955146,19.695324488901754,9.866634652220597,0.19444044594324797,0.07748658420993655,0.19370067072158925,0.07696747722229011,0.7309761348491634,0.0,Friis
14.35,94.29891060955146,19.708752205787153,9.866640047913755,0.19444058545429027,0.07762866255446477,0.19370081866713962,0.07711811760112394,0.7315157041649355,0.0,Friis
14.4,94.29891060955146,19.722176420578904,9.866640047913755,0.19444058545429027,0.0777720745758549,0.19370081866713962,0.07727017596603045,0.7315157041649355,0.0,Friis
14.45,94.29891060955146,19.713680631917416,9.875408049295054,0.1953248064402993,0.078003080578467,0.1946384975653298,0.07751512375935071,0.7315157041649355,0.0,Friis
14.5,94.29891060955146,19.720552376286143,9.877938629386025,0.19558373893478226,0.0781714993244707,0.19491308450680048,0.07769370013714141,0.7430301133635132,0.0,Friis
14.55,94.29945017886723,19.72214282853804,9.882357702082198,0.1958119789999622,0.07832895606604666,0.19515415471939943,0.07786022815150707,0.7504330043759071,0.0,Friis
14.6,94.29945017886723,19.73459419985346,9.882368493468514,0.19581225802204674,0.07846314147356127,0.1951544506088071,0.07800250030646366,0.7504330043759071,0.0,Friis
14.65,94.29945017886723,19.747059060401778,9.882373889161672,0.19581239753308904,0.07859886689218526,0.19515459855351092,0.07814640527946716,0.7504330043759071,0.0,Friis
14.7,94.29945017886723,19.759247268281204,9.882384680547986,0.1958129555772582,0.07873161626421073,0.19515519033232628,0.07828715400668237,0.7638952588044223,0.0,Friis
14.75,94.299989748183,19.738578536741908,9.895285782888099,0.19692346347385511,0.07896272678948489,0.196331854733963,0.07853179326897936,0.7716272870994372,0.0,Friis
14.8,94.299989748183,19.743913504806393,9.897719240502232,0.19717514139413916,0.07910945766608947,0.19659874545256878,0.07868736794728119,0.771632682792595,0.0,Friis
14.85,94.299989748183,19.755318233703417,9.897724636195388,0.19717528090518144,0.07923331036413148,0.19659889339642608,0.0788186858401677,0.7716380784857527,0.0,Friis
14.9,94.299989748183,19.766736329779125,9.897724636195388,0.19717528090518144,0.07935858143851794,0.19659889339642608,0.07895150759903677,0.7716380784857527,0.0,Friis
14.95,94.299989748183,19.76882001882845,9.901372124770008,0.19736389983435218,0.07949987110661436,0.1967989134915231,0.07910131595589193,0.7790733436570929,0.0,Friis
15.0,94.299989748183,19.774991896299397,9.90323903460258,0.19755558800645323,0.07963661142690082,0.19700218835148103,0.07924629972678791,0.7896866720983311,0.0,Friis
0.0,49.227606524472165,13.312965073218683,7.867147243070581,0.07145825341412484,0.021406042841798267,0.08523000269633363,0.027584124688049872,0.08004510799479855,0.030528831886388285,SPLMSF
0.05,49.749370052823835,13.345451657106235,7.871927827208323,0.07181637825967313,0.021575244898308216,0.08536501334027462,0.02767168615388764,0.08199834891789373,0.029773434844307275,SPLMSF
0.1,50.25009037786039,13.377773059423825,7.876751576891325,0.07217506114939054,0.021744540342390668,0.08546195090733381,0.027746302253431974,0.08398396399993525,0.02896947656380677,SPLMSF
0.15,50.79505538679027,13.409956598379154,7.881607700733275,0.07253625523786911,0.021914198242580615,0.08552282608880392,0.027806405193441297,0.08586706091198006,0.028273432146460695,SPLMSF
0.2,51.32761030145737,13.442117463842319,7.886447637495751,0.07290721509930773,0.022084798891606375,0.08565420055294501,0.027890314649356148,0.08800375540243778,0.02753961787701057,SPLMSF
0.25,51.846136413914415,13.474710557669633,7.8910879336113915,0.07325208639583886,0.022252830134103424,0.0857377404046291,0.027963669357432715,0.0899408092460598,0.02678961652808728,SPLMSF
0.3,52.34307975374056,13.506703370843702,7.895944057453341,0.07362597598916544,0.02242375631660283,0.08584888181508932,0.028042022705752807,0.09175915784021195,0.026196090280737914,SPLMSF
0.35,52.86969940593418,13.539114729637477,7.900605936341612,0.07398675154451716,0.022593491257744142,0.08592050260754196,0.028106921390935794,0.09376096000172662,0.025554002794969055,SPLMSF
0.4,53.37959240933886,13.571116005799613,7.905408103251984,0.07435589776240603,0.022764106375932878,0.08602314460729808,0.02817882717978577,0.09571959661797953,0.024874145457096146,SPLMSF
0.45,53.86088823900762,13.603094178730085,7.910188687389725,0.07471388309691204,0.022933535831086316,0.08607761880146661,0.028246978732377786,0.09791564373317219,0.024286014902904503,SPLMSF
0.5,54.37563736625426,13.635435288035252,7.9147966093464195,0.07506740407806489,0.023102576646928014,0.08616383202349764,0.028320839764287627,0.09969082678206256,0.0237086757350283,SPLMSF
0.55,54.90981098886869,13.667940234029011,7.919312804519433,0.075415205106484,0.023271071434976323,0.08622579391938369,0.028385207609466646,0.1018598954314666,0.02299104854505134,SPLMSF
0.6,55.38571112537972,13.699656827237767,7.9241149714298045,0.0757801659931043,0.023441124442562043,0.08634283843815758,0.02846712525919573,0.1039426329903471,0.022386730911386533,SPLMSF
0.65,55.91610776278375,13.732253051802141,7.928534044125978,0.0761221075577474,0.0236088479337605,0.0864360009649622,0.02854159626957072,0.10608472317396254,0.021895722834033873,SPLMSF
0.7,56.41197196397836,13.765138473406573,7.932802037413737,0.07644870290773903,0.023774800961255015,0.0865331444858919,0.028617707986072494,0.10845882816336,0.021291405200369064,SPLMSF
0.75,56.916469274225314,13.798637867382249,7.936789454657292,0.07675925448786779,0.023938903206048103,0.08658653162060957,0.02867967539256258,0.1107897676074957,0.020768022964070078,SPLMSF
0.8,57.437693233261214,13.831833163463681,7.940863202991372,0.07706659731402395,0.024102412891818557,0.08663123833500859,0.02874521461677878,0.11301279318847696,0.020244640727771095,SPLMSF
0.85,57.94974451392898,13.864668723205263,7.945044865188606,0.077390960487339,0.02426723886744101,0.08671462018621973,0.02881418586402123,0.11546243788208252,0.019753632650418435,SPLMSF
0.9,58.445069145807814,13.897648702709484,7.9491294049090016,0.07770262815580602,0.024430407990783984,0.08679297623663657,0.02888631702793121,0.11775021178095645,0.019219459027804007,SPLMSF
0.95,58.965753535527945,13.929775958272865,7.953521499139387,0.0780448487425337,0.02459632732295685,0.08689464293622977,0.02895599651329831,0.12006496414561897,0.018669098325716414,SPLMSF
1.0,59.46161773672255,13.962158758919308,7.957773305347671,0.07837521089066708,0.024760751108899363,0.08696162871817209,0.02902177174802292,0.12241209066922783,0.01833456534993768,SPLMSF
1.05,59.97097117081146,13.994543306021775,7.961987341703852,0.07870403841733528,0.024924760588953432,0.08704352401345977,0.029085092381429666,0.12452180669389692,0.0179137012836354,SPLMSF
1.1,60.47061235721647,14.026578160685313,7.966309291923187,0.07903802785256807,0.025089131230985245,0.08712142194303661,0.029146424605474022,0.12670706242277413,0.017330966422601478,SPLMSF
1.15,60.96431828114799,14.059774585866332,7.970134838372012,0.07933686050514478,0.025249946450622635,0.08718708099161851,0.029215235095017916,0.1287304473569197,0.01680218849314477,SPLMSF
1.2,61.45586592781642,14.092886193513158,7.973960384820836,0.07963150782645292,0.025410083071570774,0.08725202521554373,0.029284592026678505,0.13118009205052528,0.016332763188423,SPLMSF
1.25,61.91342070759121,14.12551944231168,7.977937010678077,0.07993717652010165,0.02557083824670356,0.08733886671430813,0.029362236321714953,0.13373225491412755,0.015917294815278444,SPLMSF
1.3,62.409284908785814,14.157559855642466,7.982107881488996,0.08025958653882471,0.025732661570046826,0.08742374879176934,0.029430577453204983,0.13624125223246805,0.01543168243108351,SPLMSF
1.35,62.87978935213913,14.190101119713692,7.986035946107816,0.08056260452267001,0.025892026119792223,0.087495992242807,0.02949570163349288,0.13877722801659714,0.015021609751096674,SPLMSF
1.4,63.35892690454479,14.222235364372613,7.990088111669266,0.08087943409970162,0.026052319798588793,0.08756425878645943,0.029556082144255598,0.1410488148359979,0.01461153707110984,SPLMSF
1.45,63.83590617968737,14.254979759343767,7.993854305493355,0.08117003560078345,0.0262095724437134,0.087624847340439,0.02961531167878827,0.14354162507486523,0.014217651470596171,SPLMSF
1.5,64.29777751398834,14.28783054314551,7.997539563920079,0.08145212692828585,0.026365601271697514,0.08765089615239373,0.029670943146384885,0.14589414729163183,0.01379139171113617,SPLMSF
1.55,64.73698693702687,14.32023305775444,8.001365110368903,0.08174886691522827,0.026522594306849216,0.08773765168904557,0.029741176544245605,0.1483006264399756,0.013370527644833893,SPLMSF
1.6,65.21342664285368,14.352869994724829,8.005055764488786,0.08202677291146207,0.02667727204575232,0.08780369174761297,0.029803725979635848,0.1508096237583161,0.012992829123793388,SPLMSF
1.65,65.70011816568015,14.384977380578675,8.008919080789713,0.08232700067446162,0.026833690050951306,0.08786865293518611,0.029867352119672796,0.1530380450324551,0.01257196505749111,SPLMSF
1.7,66.17170174766501,14.417761575302373,8.012474842580652,0.08259207165480513,0.026986335362585618,0.087921321091342,0.029934674342392442,0.155422941408168,0.012183475150135162,SPLMSF
1.75,66.609832032072,14.449260689228595,8.016500029676312,0.08289411306135443,0.027141950638017498,0.08802056813284731,0.03000672063412497,0.15812618368018647,0.0118921077196182,SPLMSF
1.8,67.04526446990012,14.481367164439181,8.020233849341455,0.08318066874220996,0.027295316506561956,0.08810229585455949,0.030074279663719915,0.16073230347536596,0.011557574743839467,SPLMSF
1.85,67.51037322009572,14.513559223934381,8.023892129302391,0.08346387615805063,0.027447798797239548,0.08818140247284588,0.030137878553421812,0.1631711567826561,0.011185271915956684,SPLMSF
1.9,67.94418694997653,14.546263542837297,8.02730220737807,0.08372155305315296,0.027597224650114233,0.08825449508032686,0.030203443601707344,0.16560461439678847,0.010899300178597443,SPLMSF
1.95,68.38015895712043,14.578615671329345,8.03080940793059,0.08398676354453875,0.02774675813791769,0.0883091827571786,0.030264219776262192,0.16812440310144441,0.010478436112295165,SPLMSF
2.0,68.8031813006858,14.610911713978442,8.034295025710477,0.0842491838150788,0.02789535615932441,0.08838589166764693,0.030331852779874085,0.17069275304451986,0.010203255761251369,SPLMSF
2.05,69.22728278288271,14.643500798643345,8.037618772695634,0.08449556031575596,0.028041779613346158,0.08844053455545942,0.030394692727527293,0.1733150599191725,0.009944262489680738,SPLMSF
2.1,69.66757134455278,14.675702247848397,8.041050433543946,0.08475728303108457,0.028188929480862244,0.08850218614125173,0.0304529388630928,0.175921179714352,0.009642103672848332,SPLMSF
2.15,70.1067807675913,14.707658856264667,8.044536051323833,0.08501398334889092,0.028334972090328047,0.08856979953975573,0.030513720054758615,0.17827370193111858,0.009372319014962258,SPLMSF
2.2,70.55516286899797,14.738618788741627,8.04837778485213,0.08530737507081848,0.02848401628889714,0.08864719377189091,0.03057253148987512,0.18072874231788186,0.009113325743391625,SPLMSF
2.25,70.96037942514285,14.770862513484111,8.051658366292026,0.08554454384270475,0.028626870556286578,0.08869933308494218,0.03063303740163452,0.18338342335148083,0.008865123858136436,SPLMSF
2.3,71.3974305709183,14.802947720363944,8.054955134811394,0.08578143359250646,0.02876888300894649,0.0886974347316793,0.03067396178787545,0.1860327086919221,0.00859533920025036,SPLMSF
2.35,71.80696368158935,14.835589349493953,8.057982118672875,0.086003116638699,0.0289086590805559,0.08875636110067477,0.030734955479072804,0.18863343279394387,0.008347137314995172,SPLMSF
2.4,72.18088521741946,14.866728066605901,8.061564858929602,0.08625925891233617,0.029051062323317108,0.08884510092319194,0.03080659633961625,0.19113703441912666,0.008098935429739981,SPLMSF
2.45,72.5850226349328,14.898330197028434,8.064915584380547,0.08649838083881446,0.029191031700101493,0.08892166013499452,0.030871585633143198,0.19382408961167197,0.00784533785132707,SPLMSF
2.5,72.99401617628808,14.93025589357831,8.068088251957288,0.08672034290709157,0.029328502808584442,0.0889688977986724,0.03092808535360414,0.1963384826231702,0.007645697204491375,SPLMSF
2.55,73.38088737569673,14.962207087188714,8.071206962602451,0.08695025710477897,0.0294660845274064,0.08903598079397643,0.03098680623998225,0.19878812731677575,0.0073813082397630216,SPLMSF
2.6,73.75642761947414,14.99376070725123,8.074438982803926,0.08717724157057835,0.02960263866038211,0.0890751920406745,0.03104308037346283,0.20127014616932765,0.007170876206611883,SPLMSF
2.65,74.16542116082942,15.025120087967075,8.077703377164347,0.08740729527930806,0.0297387651696466,0.08914641961979733,0.03110174700570684,0.20376295640819497,0.006938861400829857,SPLMSF
2.7,74.54635709776456,15.05649813834653,8.080913814593192,0.08762855979237372,0.02987323125551629,0.08923940352781938,0.031168057613609947,0.20640684605547852,0.00669605520873239,SPLMSF
2.75,74.90139370754264,15.088003687539302,8.084027129545197,0.08784912675022796,0.03000683625569637,0.08928968964896232,0.03123018775083071,0.20878095104487598,0.006453249016634922,SPLMSF
2.8,75.28934404558282,15.119288334653776,8.087183610042464,0.08807346050622393,0.030140020386254195,0.08934639972480221,0.03128926211274428,0.21143023638531724,0.006215838517695175,SPLMSF
2.85,75.63520797699277,15.150951157095857,8.090140449892896,0.08827728613900385,0.030270345935094402,0.0894026577255898,0.031345581553217976,0.21404714756681217,0.006064759109278973,SPLMSF
2.9,76.00103597308629,15.182076015106428,8.093264556231217,0.08848976145640548,0.03040064263481763,0.08946831325831528,0.03140429027075198,0.21671261998672658,0.005821952917181506,SPLMSF
2.95,76.33988550339119,15.212514324054036,8.096615281682162,0.08872148929764263,0.03053187813502038,0.08952623780948947,0.031458525623448634,0.21918384745296304,0.005643895042976696,SPLMSF
3.0,76.68035374164343,15.2435213164313,8.099690826782062,0.08892991879481797,0.03066003378041286,0.08955974476828463,0.03151144900314395,0.22171982323709216,0.005503607020875937,SPLMSF
3.05,77.02891551963224,15.274558264306838,8.10270701925723,0.08912579229818758,0.030786123659789284,0.08959042420846172,0.031559063661016774,0.22426659040753671,0.00533634053298657,SPLMSF
3.1,77.34240529209585,15.30474892704408,8.106014579162911,0.08934831241063382,0.030913903314545882,0.08968744194612847,0.03162540321977982,0.22685652312324303,0.005115117113519988,SPLMSF
3.15,77.6747799906115,15.335806092217513,8.108928253468083,0.08953721036188912,0.031037516548337484,0.08973005661412785,0.03167753712502507,0.22937631182789897,0.004915476466684293,SPLMSF
3.2,77.99474459486439,15.3668614726119,8.11179876222799,0.08973043315545531,0.0311607864744444,0.08977085144240746,0.03172669256886615,0.2317180426583501,0.004742814285637205,SPLMSF
3.25,78.31956532295922,15.397878417625128,8.11464229252211,0.08990984435583517,0.03128202530723205,0.08986221164021162,0.031794542522123104,0.2339950251709086,0.0045755477977478375,SPLMSF
3.3,78.64006949652787,15.427903459837834,8.117841938564638,0.09011520461008024,0.031405157324674866,0.08995083589258022,0.03185702283053922,0.23613171966136628,0.004408281309858471,SPLMSF
3.35,78.95463840762304,15.458630402391192,8.120717843017703,0.0903014518515321,0.0315257116904489,0.09001105312002405,0.03191254140553205,0.23850042895760604,0.0042572019014422684,SPLMSF
3.4,79.28107784366519,15.48923744427584,8.123599143163927,0.09048449033901139,0.03164525645757629,0.09007736698109357,0.0319692809002597,0.24076122439069134,0.00411691387934151,SPLMSF
3.45,79.59079063091839,15.519434552193061,8.12659914855962,0.09067687606632385,0.03176486424795427,0.09015471931013909,0.03202956978684513,0.2432810130953473,0.003949647391452143,SPLMSF
3.5,79.9145322203817,15.548986588591251,8.129809585988465,0.0908653554844523,0.03188316444404674,0.09023727939071488,0.03209040481689984,0.2457414491752683,0.003814755062509105,SPLMSF
3.55,80.2069787895302,15.579339252934009,8.132653116282583,0.09104127890877502,0.031999328770540826,0.09026135658257654,0.03213462965164098,0.24820728094834704,0.0036474885746197385,SPLMSF
3.6,80.52154770062536,15.609308819292012,8.135604560439857,0.09122459641833888,0.032115323462154885,0.09032005521566946,0.03218903903308059,0.25068929980089893,0.003491013473045815,SPLMSF
3.65,80.84097273556247,15.639195993784403,8.138545213210815,0.09139507891201241,0.03222927294438635,0.09037994353412315,0.03224109149560951,0.2529231167681956,0.0033723082235759417,SPLMSF
3.7,81.1253257649744,15.669154638243855,8.141415721970723,0.09156807260444715,0.03234274141346692,0.09044372118761307,0.03230338990507611,0.25508678972444193,0.003205041735686575,SPLMSF
3.75,81.38917516038698,15.698430692258707,8.144518245536412,0.09175250620234927,0.032456613508866645,0.09051031292553086,0.032361753951839455,0.2573206066917387,0.0031079192588475877,SPLMSF
3.8,81.67946345227239,15.727565537610491,8.147631560488419,0.0919363817560823,0.032569577370409705,0.09055210881297934,0.03240747893323667,0.259716294453767,0.0030269838614817653,SPLMSF
3.85,81.98054313047327,15.75664364049246,8.150723292667793,0.09211551393437759,0.03268127175465422,0.0906208239467674,0.03245996324156227,0.26195550711422144,0.0029568398504313856,SPLMSF
3.9,82.25626305083283,15.78586590784501,8.15371250667717,0.09229101882557342,0.03279176111891074,0.09070156171284635,0.0325177615165394,0.2643350077967766,0.0028273432146460695,SPLMSF
3.95,82.55626359040214,15.815335809173606,8.156561432664446,0.09245689745485154,0.03290059131303326,0.09076993124362762,0.03257241099692129,0.2664986807530229,0.0027625948967534113,SPLMSF
4.0,82.81147987676238,15.844325767772904,8.159561438060141,0.09262445021663708,0.03300886864700151,0.0908424549346156,0.03263084310134977,0.2685922096982189,0.002654681033598981,SPLMSF
4.05,83.07371056422764,15.873479945536127,8.162453529592678,0.09279046835695745,0.033116233274581075,0.09088284161779128,0.03267818849395122,0.27082063097235787,0.0025737456362331587,SPLMSF
4.1,83.32191244948282,15.90179177424498,8.165642384248892,0.0929651361818996,0.03322376236525713,0.09098215100082242,0.03274574211923817,0.27285480729281886,0.0024874145457096145,SPLMSF
4.15,83.55230854731754,15.930416311121652,8.168663972417217,0.09313171236638916,0.03332971731357103,0.09104534607684857,0.032801191214937464,0.27513178980537734,0.0023902920688706275,SPLMSF
4.2,83.77730895199453,15.95815949807934,8.171998510788688,0.0933143323207416,0.033436557241060434,0.09114836579569387,0.032865374013920576,0.27702028241057985,0.0023255437509779693,SPLMSF
4.25,84.01094246572386,15.985778938523191,8.175343840546477,0.09350141662844715,0.03354317999733411,0.09124245292228644,0.03292760219673131,0.27922712091208796,0.002217629887823539,SPLMSF
4.3,84.23702200903239,16.01404548905618,8.17838701148743,0.09366213334916068,0.033646390700211984,0.09132234728636489,0.032986979075791456,0.2814069809478075,0.0021312987972999953,SPLMSF
4.35,84.46094327507784,16.042249358365098,8.181413995348912,0.09382061789319765,0.03374860694948556,0.09138152018091915,0.033036854881511514,0.2835706539040538,0.0020503633999341725,SPLMSF
4.4,84.70051205128067,16.070124701681753,8.184532705994075,0.09398175314703802,0.03385036480982384,0.0914528060747366,0.03308686882006865,0.28548612497504494,0.00196942800256835,SPLMSF
4.45,84.93684341158887,16.0984745242458,8.187424797526614,0.0941339596941721,0.03395064093419239,0.09152208649692534,0.03314049950341851,0.2874879271365596,0.0018777012188870843,SPLMSF
4.5,85.17101649463397,16.12640650137074,8.190446385694939,0.09429425788175877,0.03405108803093909,0.09159264821032626,0.03319229338130992,0.28943577236649703,0.0018399313667830338,SPLMSF
4.55,85.38630465162707,16.153881055866105,8.19361365757852,0.09445483509143002,0.03415094361377349,0.09168946821780863,0.033252939995028166,0.2912487252674915,0.0017697873557326542,SPLMSF
4.6,85.5988949620413,16.181574588242214,8.196656828519476,0.09460885528211381,0.03424957532317082,0.09177679635407804,0.033313586417567924,0.293234340349533,0.0017212261173131607,SPLMSF
4.65,85.80770828724512,16.208742968849975,8.199872661641479,0.09477738462119537,0.03434898162216737,0.09184806247877758,0.033364331901339986,0.29510125018210465,0.001651082106262781,SPLMSF
4.7,86.01975902834357,16.2352069481547,8.203331300955577,0.0949538660896872,0.0344484440528406,0.09193157945842192,0.03341607949604828,0.29731348437677046,0.0015701467088969584,SPLMSF
4.75,86.21993924449505,16.262463704869965,8.206433824521268,0.09511011845704757,0.0345452177088746,0.09202508870170346,0.03347718318812767,0.2990455018803991,0.001510794084162022,SPLMSF
4.8,86.44817706506667,16.28935578476786,8.209649657643268,0.09527125371088797,0.03464201880419894,0.09212764388298368,0.0335363081546578,0.3007613323045545,0.0014514414594270853,SPLMSF
4.85,86.62461623132415,16.316598387143387,8.212692828584224,0.09541913541571118,0.034737086845233876,0.0921976798883795,0.033588625971940594,0.30239622733134414,0.0014082759141653132,SPLMSF
4.9,86.83073170994912,16.342958338486728,8.216054345421485,0.09559073399772303,0.034833923345935394,0.09228152706212793,0.03364062035950555,0.3042469500844426,0.0013705060620612627,SPLMSF
4.95,87.02659537157442,16.36948804382555,8.219313344088748,0.09575605458283198,0.03492961364793411,0.09238098766809888,0.03369842974065228,0.30596278050859804,0.001300362051010883,SPLMSF
5.0,87.20627195372653,16.39604590361279,8.22252917721075,0.0959159342372918,0.0350243271046849,0.09248804880523692,0.0337627515906807,0.3075383229106527,0.001246405119433668,SPLMSF
5.05,87.39188379835215,16.422525672116276,8.225745010332753,0.09606674567400302,0.035117754122650405,0.09256858590074458,0.03381776472782368,0.3092595490279659,0.001214030960487339,SPLMSF
5.1,87.57641650434623,16.448410898487047,8.229165879794747,0.09623555403516913,0.0352124606985612,0.09267095112995045,0.03387586593597772,0.31086206989580917,0.001160074028910124,SPLMSF
5.15,87.74692040813024,16.474434277442935,8.23250041816622,0.09640157217548952,0.03530648220870349,0.09276545926800472,0.033933175953343206,0.31249696492259876,0.0011007214041751873,SPLMSF
5.2,87.91796388123,16.4999880892606,8.235991431639265,0.09656619520538705,0.0353999503290935,0.09288600708231813,0.03399660401468682,0.31407250732465347,0.0010791386315443013,SPLMSF
5.25,88.08037424527741,16.525800848523904,8.239347552783368,0.09672844654756572,0.03549278055529842,0.09299001854914787,0.03405663352372855,0.3156480497267081,0.0010467644725979722,SPLMSF
5.3,88.24764073316679,16.551453935785972,8.242736048086417,0.09688330380450325,0.035584475002073505,0.09308567873214635,0.03411332649770028,0.31730452752612864,0.0010359730862825292,SPLMSF
5.35,88.41166980516152,16.576814151323564,8.24621087447999,0.09704360199208989,0.03567629593048202,0.09318154867688702,0.03417048724728192,0.31874517759924026,0.0010035989273362003,SPLMSF
5.4,88.57731758510357,16.601508339253193,8.249923111372503,0.09721617715139774,0.03576897168362692,0.09329016414173716,0.03422687885974209,0.320223597524456,0.0009604333820744282,SPLMSF
5.45,88.72839699351978,16.626927037435188,8.253317002368709,0.09738191626963359,0.03586067611105374,0.09341591053434929,0.03429261116962715,0.32187467963071875,0.0009118721436549346,SPLMSF
5.5,88.8827138178306,16.6519139574288,8.256851181387017,0.09754695783265795,0.0359518086865505,0.09353185782709784,0.03435357771855917,0.3233315167833036,0.0008741022915508841,SPLMSF
5.55,89.03055581035217,16.676876474300535,8.260369173325852,0.09771730081528922,0.03604325513269996,0.09365437050235449,0.0344168602616241,0.3246264831411567,0.0008471238257622766,SPLMSF
5.6,89.1676064165583,16.7014452439384,8.26401666190047,0.09789182912918908,0.036134825972370346,0.09378219360148131,0.034481590284515425,0.32616965138426507,0.0008417281326045551,SPLMSF
5.65,89.31005271592215,16.726039650744635,8.267626380622987,0.09806203260077805,0.03622571725881477,0.09389785861612726,0.03454275275835323,0.32741605650369876,0.000809353973658226,SPLMSF
5.7,89.46706738681185,16.750517387737197,8.271257682118133,0.09822595807546418,0.03631582784950466,0.09400392811135504,0.03460062192544315,0.3287541884068137,0.00078777120102734,SPLMSF
5.75,89.59602445328139,16.77492011931521,8.274894379306438,0.0983894650170234,0.036405748381979935,0.09412710726222666,0.03466611031782627,0.32994663659467016,0.000766188428396454,SPLMSF
5.8,89.72228367317207,16.79906905608288,8.27860661619895,0.0985595289775701,0.03649609440179162,0.09425805305349248,0.034732407972104744,0.3313495168156777,0.0007230228831346818,SPLMSF
5.85,89.84800332374698,16.823343225358947,8.282243313387255,0.09872415200746763,0.036585709568357064,0.09438127866056521,0.03479755260771704,0.33260671332142683,0.0007122314968192389,SPLMSF
5.9,89.964010726638,16.847192751509265,8.286025694290817,0.09889868032136748,0.03667614685270022,0.09452800882848626,0.03486860538002178,0.3337937658161256,0.0006744616447151884,SPLMSF
5.95,90.08703253063405,16.871428070750813,8.289630017320174,0.0990666516162799,0.03676582292483587,0.09465150323728294,0.03493272381210281,0.3350779407876633,0.0006366917926111377,SPLMSF
6.0,90.20843562668279,16.89467201057306,8.293606643177416,0.09925638663378891,0.036857470232370244,0.09479785838527151,0.0349997131625792,0.33622182773710024,0.0006151090199802518,SPLMSF
6.05,90.32498259888956,16.917686259215692,8.297653413045706,0.09943914609918363,0.03694841007965736,0.09495741957682705,0.0350719924153824,0.3373279448344332,0.0005935262473493657,SPLMSF
6.1,90.44099000178058,16.941036291985657,8.301543707812424,0.09962204507562064,0.03703932719787891,0.09510155709743046,0.03514002335129815,0.33847722747702785,0.0005719434747184797,SPLMSF
6.15,90.56239309782931,16.964374427731055,8.305417815499668,0.09980061920974677,0.03712983819626665,0.09524473426198449,0.035208856207493505,0.33950780487015264,0.0005611520884030367,SPLMSF
6.2,90.66599040645757,16.987752368461386,8.309254153334809,0.09997626361198489,0.03722003341695971,0.09538379556518323,0.03527810628172572,0.34058694350169694,0.0005395693157721507,SPLMSF
6.25,90.77983953208549,17.01079521583789,8.31320380072626,0.10015999965467563,0.03731103750159952,0.09553249891527237,0.03534709001029738,0.3417308304511339,0.0005395693157721507,SPLMSF
6.3,90.87264545439831,17.03314670946619,8.317407045696125,0.10035475706970695,0.037403046791568674,0.09568901571694069,0.03541885875204665,0.34284234324162455,0.0005179865431412646,SPLMSF
6.35,90.97030750055306,17.055335470816694,8.321653456211251,0.10054853790744228,0.03749493475393394,0.09585742635143953,0.03549349582441224,0.3439160861800111,0.0005071951568258216,SPLMSF
6.4,91.06689040807628,17.077957370179234,8.325705621772702,0.10073464563785188,0.037586095158512335,0.09601772829236209,0.035567245125251924,0.34497903773208227,0.0004856123841949356,SPLMSF
6.45,91.16778987012567,17.10090733940345,8.329606707925734,0.10091587048178145,0.03767684539609726,0.0961739019436093,0.03564131042757243,0.34596105388678755,0.0004802166910372141,SPLMSF
6.5,91.25466052996498,17.12251572203792,8.334025780621907,0.10111676638267333,0.03776962886889292,0.09634774979453069,0.03571791193112723,0.3469053001893888,0.0004640296115640496,SPLMSF
6.55,91.34368946706739,17.145047307815478,8.338056363410725,0.10130343215725209,0.037861123840565836,0.09649607655502392,0.0357885281332266,0.347871129264621,0.00044244683893316354,SPLMSF
6.6,91.43541625074866,17.16631628329612,8.342572558583738,0.10151423334214629,0.03795504841261248,0.0966800179393367,0.03586538881232489,0.3488261669535377,0.000426259759459999,SPLMSF
6.65,91.53092001964033,17.18811919224712,8.346856738950969,0.10171401315469991,0.03804804788570937,0.09684465648413966,0.03593877366849586,0.34974343479035036,0.000415468373144556,SPLMSF
6.7,91.61779067947964,17.209349399605195,8.35135135135135,0.10192272167395983,0.03814204347458827,0.09702814308766887,0.03601516681786323,0.35077401218347515,0.000404676986829113,SPLMSF
6.75,91.69872607684546,17.230973122496685,8.355667905877528,0.10213449943615006,0.038236389512353225,0.09721513987808034,0.036094008706489156,0.35180998526975765,0.00038848990735594846,SPLMSF
6.8,91.78074061284282,17.252133534724013,8.360151726891596,0.10234669573146712,0.03833093246648033,0.09740157366255144,0.036172117426957,0.35261933924341593,0.0003615114415673409,SPLMSF
6.85,91.86437385678751,17.272917760116577,8.364770440234604,0.10255931055991105,0.03842579143083609,0.09759248524859769,0.03625164777901143,0.35342329752391644,0.00035611574840961944,SPLMSF
6.9,91.93829485304829,17.293970999384157,8.369265052634987,0.10277066978897442,0.038520769810599494,0.09778442631109438,0.03633339177507273,0.35423265149757466,0.0003453243620941764,SPLMSF
6.95,92.01329498794063,17.31478440013513,8.373840600432734,0.10298384266158751,0.038616237256262974,0.09797779068908292,0.036415685942442225,0.3549772571533402,0.0003453243620941764,SPLMSF
7.0,92.08020158309638,17.335936378571727,8.378265068822067,0.10319227215876287,0.03871153708870358,0.09817310555213735,0.03650199716538182,0.3557974025133139,0.0003399286689364549,SPLMSF
7.05,92.14602903962057,17.35626760262032,8.383002487414545,0.10341535031537825,0.03880856193974905,0.09837928133179526,0.036585888512280965,0.3565635909417103,0.00033453297577873344,SPLMSF
7.1,92.20646080298705,17.377315079883488,8.387437747190193,0.10362657003339933,0.03890473276785056,0.09857852486701894,0.036673980795326556,0.35729740521116043,0.0003237415894632904,SPLMSF
7.15,92.26905084361663,17.39806924594898,8.391975525135837,0.10384546285874616,0.03900198017824831,0.09878850251162245,0.03676388094981875,0.358139133343765,0.0003129502031478474,SPLMSF
7.2,92.33379916150928,17.41803943627443,8.396810066205155,0.10407677216685639,0.03910068220942048,0.099001018623813,0.03685041907861104,0.3590078399421582,0.0002913674305169614,SPLMSF
7.25,92.40664101913852,17.438106849159272,8.401590650342897,0.10430668636454384,0.039199577343607614,0.09921738007707578,0.03693792431949055,0.35970388435950423,0.0002751803510437968,SPLMSF
7.3,92.46815192113655,17.4583282031862,8.40629569477643,0.1045375771395272,0.03929895354322359,0.09943698530698938,0.03702897412033421,0.3604215115494812,0.00026978465788607533,SPLMSF
7.35,92.51887143681913,17.478527729977873,8.410995343516804,0.10475995774093118,0.03939789102546124,0.09965510513915132,0.03712258299877799,0.36106359903525004,0.0002589932715706323,SPLMSF
7.4,92.57390750702788,17.49867970132899,8.415700387950338,0.10499824260115574,0.0394987813426393,0.0998874682520254,0.03721655893792965,0.36183518315680424,0.0002428061920974678,SPLMSF
7.45,92.62840400792088,17.51893031524597,8.420351475452295,0.10522913337613915,0.03959933685006907,0.10011049917574898,0.037309888936914996,0.3625851845057275,0.0002320148057820248,SPLMSF
7.5,92.67318826112997,17.538604758906732,8.425218390680559,0.10546755774740599,0.039701004010215146,0.10034363231132898,0.03740609633224445,0.36327043753675814,0.0002320148057820248,SPLMSF
7.55,92.722828638181,17.558098388276157,8.430144658533559,0.10570305238678489,0.03980285311868507,0.10056675898187911,0.03749973477361106,0.36388015086358066,0.0002320148057820248,SPLMSF
7.6,92.76869203002164,17.577208126532827,8.435211214408659,0.105949428887462,0.039906215898807954,0.10081029287330381,0.03759779252865472,0.3646193608261885,0.00022661911262430328,SPLMSF
7.65,92.8237281002304,17.596726170793556,8.440099712409555,0.10618980641332088,0.04000939776287346,0.10103698708968628,0.03769258742935118,0.3653477794024809,0.00021582772630886026,SPLMSF
7.7,92.87714546249184,17.615697803948542,8.445193246750444,0.10644818086363463,0.04011477708611345,0.10128770906048844,0.03779144884090532,0.36596828411561894,0.00021043203315113877,SPLMSF
7.75,92.924087992964,17.634852901693993,8.450200450000809,0.10669037203304323,0.040219083188553724,0.10151654217014379,0.037887602079495625,0.36665893283980727,0.00020503633999341726,SPLMSF
7.8,92.9650952609627,17.653478616723454,8.455407293898011,0.10694749088397638,0.04032536184539197,0.10177535078789286,0.037991057472610015,0.36720929354189485,0.00018884926052025274,SPLMSF
7.85,93.00826080622447,17.67215888837208,8.460581763636265,0.10720265658031758,0.04043206053197181,0.10201791359535897,0.03808947956911511,0.36781361117555966,0.00018345356736253123,SPLMSF
7.9,93.0465702276443,17.690859898685975,8.46573465060189,0.10746591391711134,0.04054003962043299,0.1022769835426742,0.0381928160579362,0.3684718857408017,0.00017805787420480972,SPLMSF
7.95,93.08218180248525,17.70992091068106,8.470731062465939,0.10771968450302967,0.04064764522419688,0.10253176776108328,0.038298040162350167,0.36913016030604373,0.00017805787420480972,SPLMSF
8.0,93.11833294664198,17.728948920875123,8.47572747432999,0.10797624530979373,0.04075604019997327,0.10278591133336037,0.0384023595132425,0.369745269326024,0.00017805787420480972,SPLMSF
8.05,93.15340495216718,17.747488054373882,8.480907339761403,0.10823782851408005,0.04086549091102169,0.10304554426449804,0.0385085732801334,0.37041973097073916,0.00016726648788936672,SPLMSF
8.1,93.1879373883766,17.765643267037266,8.486227493214916,0.10850903798028413,0.04097640303813897,0.10331650869675986,0.03861672052649352,0.3710887969222966,0.0001618707947316452,SPLMSF
8.15,93.21815327005983,17.784357420696896,8.49131023616949,0.10876936558518988,0.041086764510925924,0.10357919825889655,0.03872557964554847,0.37174167579438094,0.0001564751015739237,SPLMSF
8.2,93.25106699832195,17.802243588434685,8.49671132502037,0.10903652923116765,0.04119835017087848,0.10384050863011718,0.038832859144796256,0.37232980634857255,0.00015107940841620218,SPLMSF
8.25,93.28559943453135,17.819874795923415,8.502204140654928,0.10931778349241636,0.041311986279646946,0.10412106468312035,0.03894453296063211,0.3728477928917138,0.0001456837152584807,SPLMSF
8.3,93.3158153162146,17.83754654088472,8.507669977823701,0.10960657134994847,0.041427030261997545,0.10441401666425743,0.03905931977370779,0.37338196651432826,0.00014028802210075918,SPLMSF
8.35,93.34333335131898,17.855286793960712,8.513098045140369,0.10988154761429428,0.04154143372739698,0.10469112275428331,0.03917267807809177,0.37393772290957356,0.00014028802210075918,SPLMSF
8.4,93.37247009437067,17.87286230416512,8.518580069388614,0.11015931409948575,0.04165674699119862,0.10496594695174806,0.03928507947544426,0.3745744147021847,0.00014028802210075918,SPLMSF
8.45,93.40376511468546,17.890839457758638,8.523889431455812,0.11043289525340871,0.041772293663551056,0.10523936280241236,0.039398493850014225,0.3751625452563764,0.00013489232894303767,SPLMSF
8.5,93.43290185773715,17.90813760422653,8.52945778679458,0.11073633177038088,0.0418913643204824,0.10554355232672293,0.03951541812063343,0.3758100284353029,0.00012949663578531615,SPLMSF
8.55,93.45772204626267,17.924904009484628,8.535225782780184,0.11103014202543532,0.04201012260131299,0.10584139448524318,0.03963403280072178,0.3764521159210718,0.00012949663578531615,SPLMSF
8.6,93.48739835863013,17.942420818135766,8.54068082856264,0.11131139628668393,0.04212830043250825,0.10611908989224471,0.03974952066979692,0.37714276464526014,0.00012949663578531615,SPLMSF
8.65,93.51383725510297,17.95912140190775,8.546448824548246,0.11161594889199439,0.04224935452476531,0.10642102954209748,0.03986821134435586,0.3777039167336632,0.00012949663578531615,SPLMSF
8.7,93.544592706102,17.976496446122233,8.551936244489648,0.11190445772744194,0.04236959774174609,0.10671086434137589,0.03998729585778735,0.3782866515946971,0.00012949663578531615,SPLMSF
8.75,93.57318987983791,17.99319602912034,8.557682657702621,0.11220998691004838,0.04249221948440845,0.10702206049982123,0.04011040830085366,0.3788855735352042,0.00012410094262759467,SPLMSF
8.8,93.59908920699498,18.00964804289101,8.563515402006118,0.11252151506747314,0.0426161017062637,0.10734078081512653,0.04023535566075257,0.37954924379360394,0.00010791386315443013,SPLMSF
8.85,93.62444896483628,18.02564999810923,8.569515412797506,0.11284308801994246,0.0427416408057746,0.10766709779445238,0.04036134289866047,0.3801643528135842,0.00010251816999670863,SPLMSF
8.9,93.64603173746715,18.041783035480023,8.575450675270998,0.11315363960007123,0.04286682821851526,0.1079888040470854,0.040489161906999596,0.3807740661404067,9.712247683898712e-05,SPLMSF
8.95,93.66761451009805,18.058817614596418,8.58101363491661,0.1134467522999142,0.0429910703502444,0.10829099949883927,0.0406156779473925,0.3813945708535447,9.172678368126562e-05,SPLMSF
9.0,93.68757857478161,18.074281545430853,8.587191703582201,0.11377683542596298,0.043119588626866226,0.10862873474089176,0.04074563614350121,0.38204205403247127,8.63310905235441e-05,SPLMSF
9.05,93.70430522357054,18.091008989566742,8.592851785704651,0.11407803976625856,0.0432460396493023,0.10893763399648747,0.040874117015482526,0.3826733501319247,8.63310905235441e-05,SPLMSF
9.1,93.71941316441217,18.106042851998126,8.5991755380855,0.11441942328673252,0.04337708142770739,0.10929147938028588,0.04100884537781048,0.3833747902424285,8.63310905235441e-05,SPLMSF
9.15,93.74477292225346,18.12209537418603,8.605078426400047,0.11473974063982126,0.04350680437754058,0.10961759392195233,0.04113927182517919,0.38404385619398596,8.63310905235441e-05,SPLMSF
9.2,93.76581612556856,18.137036256789994,8.611412970167212,0.11508949482283239,0.04364012230230747,0.10997611890964958,0.041274140047113855,0.3846805479865971,8.09353973658226e-05,SPLMSF
9.25,93.77606794256825,18.15296735813028,8.61733744125439,0.11541302092989374,0.043771616134635795,0.11031311145122498,0.04141058345499237,0.3854629234944667,7.553970420810109e-05,SPLMSF
9.3,93.79117588340986,18.16842944140398,8.623434574522616,0.11574435965532308,0.04390454144558373,0.1106567960144052,0.0415474464942429,0.38620752915023226,7.014401105037959e-05,SPLMSF
9.35,93.81545650261961,18.183247747739784,8.62977451398294,0.11608909144081195,0.04403946255459442,0.11100617225414243,0.04168255053496558,0.38689817787442066,7.014401105037959e-05,SPLMSF
9.4,93.83218315140854,18.19870789717059,8.635844668785376,0.11642852180669389,0.04417465480872617,0.11135570884751181,0.041821102059375184,0.3875834309054513,7.014401105037959e-05,SPLMSF
9.45,93.84621195361862,18.21411754338588,8.64192021928097,0.11675595422293926,0.04430939946702578,0.11169420946598593,0.04195964506701225,0.38834422364069,7.014401105037959e-05,SPLMSF
9.5,93.85916161719715,18.229450319165977,8.648011956856038,0.11708603734898804,0.044445130218095284,0.11203241059602649,0.04209841737387246,0.38906185083066697,7.014401105037959e-05,SPLMSF
9.55,93.87696740461764,18.244084380672906,8.654368083395834,0.11743927930805634,0.0445838235642556,0.11239650829669223,0.042239952548739836,0.38980645648643253,6.474831789265808e-05,SPLMSF
9.6,93.89261491477502,18.259979321128686,8.660206223392487,0.1177690834120205,0.044721039312416576,0.11273438284275977,0.04238005764799835,0.3905186879832518,6.474831789265808e-05,SPLMSF
9.65,93.90610414766934,18.275146937828794,8.666319543740187,0.11810697915643734,0.04485974008286162,0.11308187466027728,0.04252190007857369,0.39129566779796365,6.474831789265808e-05,SPLMSF
9.7,93.91959338056364,18.2891023750065,8.672902289392606,0.11847710195162221,0.04500230084515541,0.1134641742807243,0.04266797214642429,0.3920564605332024,6.474831789265808e-05,SPLMSF
9.75,93.93470132140526,18.303732079025977,8.679199063307667,0.11882183373711104,0.045143117791520235,0.11381781733795923,0.04281159810375769,0.3929089800521224,6.474831789265808e-05,SPLMSF
9.8,93.95250710882573,18.318145890873232,8.685565981233779,0.11917033232074156,0.04528501322538251,0.11417326541277815,0.04295547291974708,0.39377229095735783,5.935262473493657e-05,SPLMSF
9.85,93.96599634172004,18.332722279110136,8.691851963762526,0.11952036552583724,0.04542779402051246,0.11453309758254379,0.04310178792433592,0.3945222923062811,5.935262473493657e-05,SPLMSF
9.9,93.97894600529857,18.348170077414974,8.697771039156546,0.11985449447211238,0.04556967169328099,0.11487908652267273,0.043248149252284346,0.3954827256883556,5.935262473493657e-05,SPLMSF
9.95,93.98865825298248,18.36273712783582,8.704024647526344,0.12019755212509371,0.045713088607814534,0.11523577698172131,0.043396760808081,0.3963676193662219,5.935262473493657e-05,SPLMSF
10.0,94.00052877792946,18.37658518261263,8.71054804055403,0.12055218919458488,0.04585830747252246,0.11560369072520003,0.04354686630202726,0.3972794915098768,5.3956931577215064e-05,SPLMSF
10.05,94.01239930287645,18.390215875040443,8.717141577592766,0.12092370710019264,0.04600589653324305,0.11599095149108107,0.04370008469402369,0.39806726271090415,5.3956931577215064e-05,SPLMSF
10.1,94.02211155056034,18.404586611925964,8.723422164428353,0.12128671483222091,0.046153407171871566,0.11636876706417068,0.04385354241612698,0.3989575520819282,5.3956931577215064e-05,SPLMSF
10.15,94.02858638234962,18.418399657724223,8.729907787603935,0.12164567674402292,0.04630122728240146,0.11674369912662251,0.044007605773686086,0.3998586328392677,5.3956931577215064e-05,SPLMSF
10.2,94.03829863003351,18.432219449798136,8.736371828006884,0.12201426491774263,0.04645065716071906,0.11712686107732208,0.04416231143643441,0.40087302315291934,5.3956931577215064e-05,SPLMSF
10.25,94.04639216977009,18.445910807704536,8.742868242568782,0.12238382966875838,0.04660086129926869,0.11751255981962028,0.04431861192408325,0.40172014697868164,5.3956931577215064e-05,SPLMSF
10.3,94.05286700155936,18.459192724488656,8.749510340845937,0.12276329970377643,0.04675275505346851,0.11791045623053047,0.044477425831887955,0.4026697889744406,5.3956931577215064e-05,SPLMSF
10.35,94.05934183334863,18.472497169465743,8.756125460657303,0.12314583898172478,0.04690569550159094,0.11831393411081728,0.044638071261076905,0.4035816611180955,5.3956931577215064e-05,SPLMSF
10.4,94.06851451171676,18.48627971282952,8.762530148435518,0.12352600657195428,0.04705910803194548,0.1187100956751176,0.044797292552864125,0.40456907296595856,5.3956931577215064e-05,SPLMSF
10.45,94.07391020487447,18.499984022399413,8.768945627600049,0.12388175972978364,0.04721080320454365,0.1190826368110123,0.044955866434019144,0.40561044174539884,5.3956931577215064e-05,SPLMSF
10.5,94.0809246059795,18.51386514299791,8.7752693799809,0.12424755768265769,0.04736409901367544,0.1194653878632508,0.04511589774525649,0.40661404067273504,5.3956931577215064e-05,SPLMSF
10.55,94.08739943776877,18.526967995616168,8.781884499792266,0.12461837803305402,0.04751857107106563,0.11985351404731182,0.045277339165615896,0.407660805145333,5.3956931577215064e-05,SPLMSF
10.6,94.09603254682114,18.53943705146823,8.788731634409414,0.12500203339934063,0.04767491732399886,0.1202542483499722,0.045440237782747035,0.4087561308563505,5.3956931577215064e-05,SPLMSF
10.65,94.10304694792616,18.552583078368297,8.795287401596045,0.12537717859204778,0.04783111392181213,0.12064675507442486,0.04560333733111524,0.4097705211700021,5.3956931577215064e-05,SPLMSF
10.7,94.11114048766275,18.56474751988175,8.80221547161056,0.12578008648216987,0.04799070689483073,0.12106864944759455,0.045769921911890124,0.4107147674726034,5.3956931577215064e-05,SPLMSF
10.75,94.11761531945201,18.577185549312752,8.80901404498929,0.12617127544474,0.0481498932398733,0.121478182387305,0.045936160944550386,0.4118478630357249,5.3956931577215064e-05,SPLMSF
10.8,94.12516928987283,18.590047038227187,8.81561837341434,0.126549768902462,0.048308374295948295,0.12187203256040584,0.04610089456414363,0.4131104552346317,5.3956931577215064e-05,SPLMSF
10.85,94.13056498303054,18.602838056372136,8.82222809753255,0.1269378886221018,0.048468400037524874,0.12227959045025937,0.04626870408420346,0.41417340678670284,5.3956931577215064e-05,SPLMSF
10.9,94.13650024550404,18.615576546394514,8.828837821650758,0.12733117025030619,0.048629629764469044,0.12269025162495842,0.046437028109851355,0.41523096264561626,5.3956931577215064e-05,SPLMSF
10.95,94.14459378524062,18.628056721143487,8.835528481166333,0.12770994273011282,0.04879010006143867,0.12308529474269404,0.04660411221308534,0.41635866251558007,5.3956931577215064e-05,SPLMSF
11.0,94.14783120113526,18.640515477914448,8.842202953602435,0.12808857569887713,0.04895110819530125,0.12348456446612069,0.04677382758425322,0.4177777298160608,4.316554526177205e-05,SPLMSF
11.05,94.15106861702989,18.651590073804762,8.849406203967993,0.1285150609551456,0.0491173103040596,0.12393655805103927,0.04694961501471991,0.41887305552707826,4.316554526177205e-05,SPLMSF
11.1,94.15808301813492,18.663418386679215,8.856285712744087,0.12891322546982995,0.04928145396622989,0.12435226772718415,0.04712090091815457,0.4199845683175689,4.316554526177205e-05,SPLMSF
11.15,94.1623995726611,18.675466088761016,8.86305191196387,0.1293039958992732,0.04944542872713418,0.12476497115417672,0.047293916301105215,0.4213334916069993,4.316554526177205e-05,SPLMSF
11.2,94.16671612718727,18.68753065596293,8.869785737024706,0.12969448730663183,0.04960991948265716,0.12517482183335046,0.047466423929148474,0.4225421268743289,4.316554526177205e-05,SPLMSF
11.25,94.17265138966077,18.699371522067924,8.876584310403436,0.13008665284649792,0.04977516586596749,0.12558499474597928,0.04763891395756288,0.4239018415500747,4.316554526177205e-05,SPLMSF
11.3,94.17534923623964,18.710820645572113,8.883512380417951,0.1304958387335229,0.049942557292943286,0.12601589072866654,0.04781518835451543,0.42523997345318965,3.7769852104050545e-05,SPLMSF
11.35,94.17912622145003,18.722079749858885,8.890489011670883,0.13091032604015473,0.05011094705778153,0.12645079409894294,0.04799194857264588,0.42664285367419724,3.237415894632904e-05,SPLMSF
11.4,94.18398234529198,18.733513349454178,8.89736852044698,0.13131755877258772,0.05027914281353069,0.12687680245654634,0.04816806354608975,0.4279594028046813,3.237415894632904e-05,SPLMSF
11.45,94.18614062255509,18.745854423367017,8.903859539315718,0.13170219071617034,0.05044573415080199,0.12728286181097398,0.048343754818083985,0.42920580792411495,3.237415894632904e-05,SPLMSF
11.5,94.1877593305024,18.75632067125604,8.911073581067592,0.13213425641413026,0.05061745361492484,0.1277399948900384,0.048525407765213364,0.43061408383828026,3.237415894632904e-05,SPLMSF
11.55,94.1915363157128,18.76771887934532,8.917888341525794,0.13253214190673002,0.05078642326568778,0.12815833114889325,0.04870284938601398,0.43190905019613346,3.237415894632904e-05,SPLMSF
11.6,94.19693200887052,18.777911813731542,8.925156340209245,0.13296197542801333,0.05095895906265861,0.12861189510705812,0.04888440393165797,0.4334414270529264,3.237415894632904e-05,SPLMSF
11.65,94.19909028613361,18.78896213508684,8.932052036064814,0.1333685106052349,0.05112969048419536,0.1290408147460792,0.04906444435600258,0.4348766814328803,3.237415894632904e-05,SPLMSF
11.7,94.20232770202824,18.799545770785244,8.939104207021956,0.13378481155541647,0.051301782594236955,0.12947919078058054,0.049245556445708764,0.4365439506186162,3.237415894632904e-05,SPLMSF
11.75,94.20394640997556,18.810668445639052,8.945908176093841,0.13417823269466309,0.05147197413846172,0.12989355630015292,0.04942512039910296,0.4380709317822514,3.237415894632904e-05,SPLMSF
11.8,94.20664425655441,18.820999171656396,8.952998116903087,0.13459704484360582,0.05164502192572565,0.13033499635730486,0.04960745677284432,0.43956014309378255,3.237415894632904e-05,SPLMSF
11.85,94.20772339518597,18.831323723065157,8.960061079246545,0.1350278549421851,0.0518196999001975,0.1307910976299843,0.04979220636949741,0.44109251995057547,3.237415894632904e-05,SPLMSF
11.9,94.20934210313328,18.841921472754994,8.966983753567902,0.13543480865253352,0.051992473293253835,0.13122244679011,0.049975319304420326,0.44271662359104963,3.237415894632904e-05,SPLMSF
11.95,94.21150038039636,18.85194410963377,8.974106068536095,0.1358657582621551,0.05216800782422421,0.13167657228601698,0.0501606525492863,0.4441033167325841,3.237415894632904e-05,SPLMSF
12.0,94.21311908834369,18.86239369786582,8.98102874285745,0.1362788504583641,0.05234232066585996,0.1321126275084761,0.050344633034254196,0.4455871323509575,3.237415894632904e-05,SPLMSF
12.05,94.214737796291,18.872871653930474,8.987908251633547,0.13669905771772967,0.05251770651502303,0.1325568120221521,0.05052987818810455,0.44724361015037795,3.237415894632904e-05,SPLMSF
12.1,94.2168960735541,18.884008049452493,8.994490997285967,0.1370888515698769,0.05269045550082273,0.1329685316839905,0.05071237614032737,0.4488407353250635,3.237415894632904e-05,SPLMSF
12.15,94.22067305876449,18.894421792872407,9.001332736209957,0.13749441016980246,0.05286518923041998,0.13339378433416177,0.05089576014389773,0.4504378604997491,3.237415894632904e-05,SPLMSF
12.2,94.22283133602758,18.904089727219286,9.008438864098677,0.13791712862792918,0.05304188921577565,0.13383951384100878,0.05108204748661469,0.4522670004802167,3.237415894632904e-05,SPLMSF
12.25,94.2244500439749,18.913913099598627,9.015447869510556,0.13834375339523988,0.05321923543189665,0.13429043377674954,0.051269332808137294,0.45382096010964046,3.237415894632904e-05,SPLMSF
12.3,94.22606875192223,18.92341368221718,9.022553997399276,0.13876396065460547,0.05339635325664274,0.13473393522378485,0.05145632164634193,0.4554558551364301,2.1582772630886026e-05,SPLMSF
12.35,94.22768745986954,18.93365742821437,9.029330988005373,0.1391778899170682,0.0535732621308628,0.13517046273656483,0.05164302577935149,0.45710693724269286,2.1582772630886026e-05,SPLMSF
12.4,94.22876659850108,18.944521087989695,9.035827402567271,0.13956614914775023,0.053748051733613335,0.13558213812651387,0.051828183317626356,0.4587364365763248,2.1582772630886026e-05,SPLMSF
12.45,94.2303853064484,18.95446318163051,9.042658350104947,0.1399732423691409,0.05392497474489805,0.13601138396701784,0.05201491683642652,0.46036054021679895,2.1582772630886026e-05,SPLMSF
12.5,94.23146444507994,18.96362400568365,9.049769873686824,0.14040475002293165,0.05410468244853442,0.13646774947607102,0.05220492834840395,0.4619792481641154,2.1582772630886026e-05,SPLMSF
12.55,94.23308315302725,18.973050776004808,9.0567411092466,0.14082844505835446,0.054283971827849005,0.13691517782931087,0.05239423517635472,0.46379759675826754,2.1582772630886026e-05,SPLMSF
12.6,94.23362272234303,18.983316268593,9.063340041978492,0.14123846801163312,0.05446214497132573,0.13734965514240235,0.05258292206137294,0.4655889668866311,2.1582772630886026e-05,SPLMSF
12.65,94.23524143029034,18.99245705097049,9.07035444308353,0.14166146549184436,0.054641893400519455,0.13779616982633736,0.052772718439202795,0.46729400592447107,2.1582772630886026e-05,SPLMSF
12.7,94.23901841550075,19.00220942372984,9.077088268144367,0.14206967480157337,0.05482046214041213,0.1382258834737999,0.052960450332572184,0.4691501243707273,1.618707947316452e-05,SPLMSF
12.75,94.24117669276384,19.011600709951768,9.083930007068359,0.14248862646155835,0.055000300844013465,0.13866801071796633,0.05315012391669056,0.4709684729648794,1.618707947316452e-05,SPLMSF
12.8,94.2438745393427,19.020602294178225,9.090890451241819,0.14291399562948853,0.055180967834538255,0.1391165748375462,0.053340564671175233,0.47285696557008194,1.618707947316452e-05,SPLMSF
12.85,94.24495367797424,19.029885658199635,9.097699816006863,0.14332959902445863,0.055360850306816645,0.13955611205322122,0.0535307189220006,0.4748156021863349,1.618707947316452e-05,SPLMSF
12.9,94.24603281660579,19.040054550047362,9.104115295171395,0.14371618412263332,0.05553801406682042,0.1399654413776915,0.05371820804787908,0.4768821526657422,1.618707947316452e-05,SPLMSF
12.95,94.24603281660579,19.049305498623994,9.110859911618546,0.14412955534092683,0.05571793684500993,0.1404034578774711,0.053908927918376884,0.4785764003172668,1.618707947316452e-05,SPLMSF
13.0,94.24873066318465,19.05879020966221,9.117475031429912,0.14452199990287748,0.05589608644406822,0.14081627534721822,0.054096378767760515,0.4804918713882579,1.618707947316452e-05,SPLMSF
13.05,94.24980980181618,19.067439414530746,9.124386914364955,0.14494611347142708,0.05607750863948465,0.14126598401612125,0.05428858136484744,0.48228863720977916,1.618707947316452e-05,SPLMSF
13.1,94.25088894044774,19.07586082054466,9.131352754231573,0.14537566797062582,0.0562596803182338,0.14171923488933927,0.05448104700519603,0.48417173412182396,1.618707947316452e-05,SPLMSF
13.15,94.25250764839505,19.084785036205787,9.138081183599251,0.14577885488283251,0.05643955835951567,0.14214516619437714,0.05467112546967997,0.4861141836586037,1.618707947316452e-05,SPLMSF
13.2,94.25520549497392,19.09324103563878,9.144955296682188,0.14620338698450894,0.05662153344278224,0.1425934288494785,0.054863098730848235,0.48821310829695735,1.618707947316452e-05,SPLMSF
13.25,94.25574506428968,19.101433224721983,9.151894158083017,0.1466300117518197,0.05680378247017177,0.143045385266219,0.05505604400378166,0.4901987233789989,1.0791386315443013e-05,SPLMSF
13.3,94.25682420292122,19.109713385490767,9.15875747977964,0.14704701025721265,0.05698518777203999,0.14348645027448778,0.05524777960135662,0.49211419444999,1.0791386315443013e-05,SPLMSF
13.35,94.257363772237,19.11943610413588,9.165005692456281,0.1474486625479542,0.057165287746880344,0.1439113078481882,0.05543840524154534,0.4941321836909779,1.0791386315443013e-05,SPLMSF
13.4,94.257363772237,19.128354062524334,9.171534481177124,0.14785519772517575,0.057345898282796154,0.14434172314385482,0.05562981627440852,0.4962203169430161,1.0791386315443013e-05,SPLMSF
13.45,94.25790334155278,19.136690639057544,9.178257514851646,0.14827177769744185,0.05752765918305026,0.1447840385595136,0.0558225525302531,0.4981088095482186,1.0791386315443013e-05,SPLMSF
13.5,94.25898248018432,19.145372765952402,9.184802490651961,0.14867998700717086,0.05770872357172799,0.1452157490454683,0.05601394777206543,0.5000188849260521,1.0791386315443013e-05,SPLMSF
13.55,94.26060118813163,19.152682917948365,9.191854661609103,0.14911107612783475,0.057892046657726945,0.1456711848697165,0.056207584586195625,0.5023282415975568,1.0791386315443013e-05,SPLMSF
13.6,94.26221989607895,19.160195358519726,9.198782731623618,0.14953072534303113,0.05807423087324305,0.14611639283567734,0.0564005460853082,0.504416374849595,1.0791386315443013e-05,SPLMSF
13.65,94.26437817334204,19.167794608791983,9.205635261933924,0.14995902424284932,0.05825733017273297,0.14657110657515893,0.056594634876690204,0.5063804071590057,5.395693157721506e-06,SPLMSF
13.7,94.26545731197358,19.175320760078943,9.212477000857914,0.15037267448322741,0.058439116232633474,0.1470083908760482,0.056786771941328,0.5084253748657821,5.395693157721506e-06,SPLMSF
13.75,94.2670760199209,19.18304268185212,9.219200034532436,0.15079469538614274,0.05862181044578246,0.14745399693202368,0.056979591948654894,0.5104163856409814,5.395693157721506e-06,SPLMSF
13.8,94.2670760199209,19.190752707705887,9.225885298354854,0.15120834562652088,0.058803697019617185,0.14789280362662266,0.05717244728925066,0.5126178284493318,5.395693157721506e-06,SPLMSF
13.85,94.26761558923667,19.198369129291102,9.232565166484113,0.15162632070920987,0.05898599223242348,0.14833549712951247,0.057365434556742166,0.5148462497234707,5.395693157721506e-06,SPLMSF
13.9,94.26761558923667,19.20611689059784,9.239147912136533,0.1520483416121252,0.05916859371241205,0.14878170104573887,0.05755890135446927,0.516972152827613,5.395693157721506e-06,SPLMSF
13.95,94.26815515855245,19.21415106411461,9.24557418268738,0.1524477617261901,0.0593490301752312,0.14920470374906986,0.057749911741216534,0.519006329148074,5.395693157721506e-06,SPLMSF
14.0,94.26977386649976,19.220847964308764,9.252491461315579,0.1528764791591352,0.05953223745004131,0.14965736292090454,0.05794324497125471,0.521369642751156,5.395693157721506e-06,SPLMSF
14.05,94.27139257444708,19.228379721755577,9.259031041422736,0.15328426993573727,0.05971336591379331,0.1500892881247281,0.05813500468999773,0.5234739630826674,5.395693157721506e-06,SPLMSF
14.1,94.27301128239439,19.235055973154598,9.26586738465357,0.15371968389871202,0.05989704694232905,0.15055005580389075,0.05832918315813851,0.5257563412883837,5.395693157721506e-06,SPLMSF
14.15,94.27301128239439,19.242120567736347,9.272504087237566,0.15413152049554046,0.060078370588082644,0.1509863191066798,0.0585213754862901,0.5279362013241031,5.395693157721506e-06,SPLMSF
14.2,94.27301128239439,19.248646592686605,9.279313452002611,0.15456135401682375,0.06026142627813773,0.1514413766562308,0.058715374978080756,0.530126852746138,5.395693157721506e-06,SPLMSF
14.25,94.27462999034171,19.25503796417273,9.286133608153971,0.15498532807433102,0.06044389141957227,0.15188835072858597,0.05890784358572395,0.5321340506008104,5.395693157721506e-06,SPLMSF
14.3,94.27516955965748,19.26186323482877,9.292737936579023,0.15540316364597775,0.06062577444014945,0.15233083790914756,0.05910037008310192,0.5343840546475803,5.395693157721506e-06,SPLMSF
14.35,94.27516955965748,19.268628276073557,9.299320682231443,0.15581876704094788,0.06080730130283073,0.15277167869141442,0.05929283680370205,0.5367797424096087,5.395693157721506e-06,SPLMSF
14.4,94.27570912897325,19.275318155627314,9.30588724080439,0.15622795292797287,0.06098803896027954,0.15320424349259404,0.059484074418856225,0.5389649981384859,5.395693157721506e-06,SPLMSF
14.45,94.27570912897325,19.28201183497132,9.312405238138917,0.156634767127279,0.06116833694814009,0.15363575888830383,0.059675242703282415,0.5413930600594605,5.395693157721506e-06,SPLMSF
14.5,94.27624869828902,19.288778344754242,9.318847695769238,0.1570461851909805,0.061348896161132524,0.1540714238717985,0.059866368109519674,0.5436160856404418,5.395693157721506e-06,SPLMSF
14.55,94.27624869828902,19.295917825423302,9.325095908445878,0.1574474189485952,0.06152834476929273,0.15449701755329803,0.06005663942911724,0.5459524207777352,5.395693157721506e-06,SPLMSF
14.6,94.2767882676048,19.302811751403528,9.331398078054097,0.15783498062406578,0.06170636460274976,0.1549073704886508,0.060245068037611565,0.5480783238818775,5.395693157721506e-06,SPLMSF
14.65,94.27732783692056,19.308884288630352,9.337986219399674,0.1582479333092325,0.06188682061325513,0.15534494694008363,0.06043638336900822,0.5502419968381238,5.395693157721506e-06,SPLMSF
14.7,94.27786740623634,19.31510126627246,9.344471842575256,0.1586710703004861,0.06206815200473446,0.1557927289043542,0.06062833367995644,0.552486605191736,5.395693157721506e-06,SPLMSF
14.75,94.27786740623634,19.321323172561666,9.350908904512417,0.15907983765438427,0.06224789756163056,0.15622630612151453,0.060818922406088737,0.5548607101811334,5.395693157721506e-06,SPLMSF
14.8,94.27786740623634,19.327230977430446,9.357426901846946,0.15950562535544127,0.06242918042191801,0.1566779367245089,0.061011140972715726,0.5570675486826415,5.395693157721506e-06,SPLMSF
14.85,94.27840697555212,19.33375459007485,9.363653531750957,0.15990323182595648,0.06260760089428181,0.15709892452884178,0.06120000604878748,0.5593661139678309,5.395693157721506e-06,SPLMSF
14.9,94.27894654486788,19.340681047676227,9.369675125314973,0.16028465501556655,0.06278435742499475,0.15750377803468207,0.06138740926749084,0.5614812256856577,5.395693157721506e-06,SPLMSF
14.95,94.27894654486788,19.346367127157546,9.37614995710424,0.1607019325430441,0.06296454222087672,0.15794578497109826,0.06157841317836362,0.5636233158692732,5.395693157721506e-06,SPLMSF
15.0,94.27948611418367,19.3522348660611,9.382506083644035,0.1611225583355366,0.06314487536939539,0.15839058484184254,0.06176923035443563,0.5659596510065665,5.395693157721506e-06,SPLMSF
0.0,49.699190106457024,13.281191862959869,7.8946868609475915,0.07290986580911119,0.02140484759772998,0.08427839398972956,0.026428060337832574,0.0575019019818381,0.022672702648745772,SPLMSFT
0.05,50.31483869575305,13.313825596957251,7.900017805787421,0.07335183679107336,0.02160109723817029,0.08443224810723862,0.026528755554489122,0.059460538598091,0.021965866845084253,SPLMSFT
0.1,50.92293331462826,13.347216876826042,7.905019613344629,0.07376381289894407,0.021794740307523566,0.08455630062409275,0.026623935576133777,0.06141917521434391,0.021350757825104,SPLMSFT
0.15,51.54829415160819,13.379882903531415,7.910285809866565,0.07419685517419994,0.021990662270372382,0.08467342019762183,0.026714829536918106,0.06349651708006669,0.020536008158288054,SPLMSFT
0.2,52.15800747843071,13.413328774230315,7.9152120777195645,0.07461064492562038,0.022184894861879453,0.08483670668073573,0.026815836265316695,0.06561702449105124,0.019958668990411852,SPLMSFT
0.25,52.74991501783277,13.447149016748703,7.919954892005202,0.07501118112802359,0.022377883382512644,0.08496064253347378,0.026911551568507993,0.06793177685571376,0.019381329822535653,SPLMSFT
0.3,53.361247052602614,13.480644763521457,7.924794828767678,0.07541562363961084,0.02257133634972858,0.08509373370004854,0.02700997448872828,0.06996055748301705,0.018852551893078943,SPLMSFT
0.35,53.94721932953117,13.514730362519053,7.9293649808722675,0.07580527798071579,0.022763360444388907,0.08524551123202176,0.027117304449775812,0.07236703663136085,0.018199673020994643,SPLMSFT
0.4,54.52455849740737,13.548396023415213,7.934070025305801,0.07620162885185043,0.022956010524089306,0.0853932191742865,0.027227047341134795,0.07463322775760388,0.017568376921541225,SPLMSFT
0.45,55.114307759546335,13.582466375776896,7.938580824785656,0.07658765590585594,0.023147689171895497,0.08553983423564541,0.02732988245855476,0.07705049829226311,0.016980246367349582,SPLMSFT
0.5,55.670064154791646,13.616352263083225,7.943129394117616,0.07697898437946829,0.023339801508464576,0.08567451696631936,0.027436068041573808,0.07925733679377121,0.016375928733684774,SPLMSFT
0.55,56.250640738562474,13.649894271717518,7.947780481619572,0.07737407965122238,0.023532193351893042,0.08585275337406836,0.027548173049768032,0.08176093841895399,0.015771611100019962,SPLMSFT
0.6,56.86089363470078,13.683627616648817,7.952318259565215,0.07775480528562101,0.023723059671725763,0.08597337139169879,0.027643508531393492,0.08428072712360994,0.015226646091090092,SPLMSFT
0.65,57.454419882050146,13.71773157981091,7.956667188250338,0.07811920812807216,0.023912093628907127,0.08607205544599088,0.027739065800390025,0.08676274597616183,0.01471945093426427,SPLMSFT
0.7,58.02852163403172,13.75164130485884,7.961053886787566,0.07849616696432907,0.024102184244833336,0.08620573983225782,0.02784584725808174,0.08920699497660967,0.014309378254277435,SPLMSFT
0.75,58.57834276680354,13.78500991640544,7.965613247505841,0.07888693739377227,0.0242933083386886,0.08634591730299819,0.027947798417368316,0.09196958987336308,0.013856140029028829,SPLMSFT
0.8,59.1351783006804,13.818440345783324,7.970102464213065,0.07927505711341207,0.024483775341828,0.08646402861392191,0.028041302153134013,0.09455412689591168,0.013375923337991615,SPLMSFT
0.85,59.70010737429384,13.852090351146538,7.974462184284504,0.07964838866256953,0.024672544129390916,0.08658035038501863,0.028141012344211964,0.0971926208500375,0.012976642044320223,SPLMSFT
0.9,60.23913712075022,13.885822766597181,7.9787409689585775,0.08001906950192354,0.024860559504661126,0.0867306069525183,0.028249723192852193,0.10014406500731117,0.012523403819071617,SPLMSFT
0.95,60.80730361025829,13.91928463037431,7.983079106257385,0.0803965863823496,0.025048687956875443,0.08689736863775113,0.028359688299968242,0.1029120555972223,0.012145705298031112,SPLMSFT
1.0,61.36306000550361,13.953737895825583,7.98697479671726,0.08074103914575385,0.025233223290120045,0.08701999289520425,0.028452452620969418,0.10561529786924077,0.011751819697517442,SPLMSFT
1.05,61.90910415306502,13.988097445982557,7.99085969579082,0.08108102755580496,0.025416817563560103,0.08711532653523679,0.028541868104989307,0.10842105831125595,0.011379516869634657,SPLMSFT
1.1,62.47349365736269,14.021982193742106,7.99488488288648,0.08142701494067435,0.025600406678281083,0.08723139639328403,0.02863975320375208,0.11132394123011012,0.010953257110174659,SPLMSFT
1.15,63.03086876055532,14.056960519426143,7.998424457597945,0.08173184656806935,0.025779446153068604,0.08727299184194083,0.0287192556090105,0.11411351459265215,0.01056476720281871,SPLMSFT
1.2,63.59040214101105,14.090721719495761,8.002401083455187,0.08207476471000846,0.025961577365840056,0.08735235935988597,0.02880246353586145,0.1170865415225567,0.010197860068093648,SPLMSFT
1.25,64.11540308525736,14.124473604508832,8.006329148074007,0.08241572969735556,0.026142798615613545,0.08745719595714777,0.028893816737515867,0.12011352538403847,0.009825557240210864,SPLMSFT
1.3,64.66522421802917,14.159134410587242,8.009841744319685,0.08272028230266601,0.02631978891183939,0.08756124065884552,0.028989386655377505,0.12287612028079187,0.009469441491801244,SPLMSFT
1.35,65.22421802916911,14.19395003130415,8.013241031009048,0.08301213940312843,0.02649484304568728,0.08760457358415645,0.02906244213626463,0.126070370630163,0.009037786039183524,SPLMSFT
1.4,65.76001035973086,14.22786481276448,8.016947872208403,0.08333552599914748,0.026672174803657477,0.08772285781333335,0.029154728058517664,0.12902181478743666,0.008751814301824284,SPLMSFT
1.45,66.29634225960838,14.262291624257395,8.020395720136188,0.08362947576524418,0.02684589385235364,0.08781242122911391,0.02924084379007508,0.13195707186523717,0.008465842564465044,SPLMSFT
1.5,66.76468842569861,14.296580072136717,8.023843568063972,0.0839262157521866,0.027019068194896925,0.08790605364603958,0.029334839120750182,0.13503261696513844,0.008190662213421247,SPLMSFT
1.55,67.29454549378686,14.330835465397673,8.027248250446494,0.08422211867287531,0.027191237698866104,0.08797723804712992,0.029410217358406078,0.1382592414734559,0.007823755078696185,SPLMSFT
1.6,67.82062557666471,14.365243754485114,8.030534227579546,0.0845089533758154,0.027361554459644787,0.08804336830715866,0.02948950854936237,0.14131859949388398,0.007548574727652388,SPLMSFT
1.65,68.31271279264891,14.399688315472089,8.033750060701548,0.0847921607916561,0.027530636752628963,0.08811066218030741,0.029568771219132317,0.14452364122957057,0.007284185762924034,SPLMSFT
1.7,68.79185034505457,14.434006538135083,8.036960498130393,0.08507034580997448,0.027698344595233217,0.08822604056661493,0.029663231999506285,0.14758299924999865,0.007025192491353402,SPLMSFT
1.75,69.2893332541965,14.468654528211326,8.039982086298716,0.08532551150631566,0.027862893867956155,0.08827576177423374,0.02974034078969327,0.1506261701909536,0.006782386299255934,SPLMSFT
1.8,69.77710391565452,14.503357519984863,8.042922739069674,0.08557300409533108,0.028025662221039933,0.08830967646149086,0.029816493237084886,0.15390135593769053,0.006544975800316187,SPLMSFT
1.85,70.29023433495384,14.537268067478363,8.046122385112204,0.08584672476029634,0.028189947106150207,0.0883838904437672,0.029897188835498748,0.15684740440180647,0.006242816983483783,SPLMSFT
1.9,70.7596596396756,14.571231253785426,8.049246491450525,0.08610886600875181,0.028352213377723635,0.08845034739707641,0.029975328944328535,0.16005784183065078,0.0059784280187554295,SPLMSFT
1.95,71.24904900908095,14.605777790334203,8.05207383466517,0.08633947776165067,0.028510150575139215,0.08849112613595057,0.030046919037808314,0.16346791990633078,0.005778787371919733,SPLMSFT
2.0,71.70498508090843,14.639543944576108,8.055149379765071,0.08659868927821812,0.028669593945715846,0.0885438567268404,0.03012041812856809,0.1669157678341148,0.005562959645610873,SPLMSFT
2.05,72.17602909357751,14.673259596956315,8.05818175931971,0.08685441301872845,0.028827408791978003,0.0886247327422514,0.03019931491612425,0.1703258459097948,0.0053147577603556845,SPLMSFT
2.1,72.62602990293148,14.707069510725905,8.061111620704354,0.0870989758758559,0.02898278850088419,0.08870528950965825,0.030283826648590164,0.17374131967863252,0.005136699886150875,SPLMSFT
2.15,73.05498750897034,14.74121084435423,8.063847237135318,0.08732470474227473,0.029135119138156015,0.08878311996750249,0.030366781945042033,0.1770488795843158,0.004926267852999736,SPLMSFT
2.2,73.49041994679847,14.775552377801146,8.066442565544182,0.08753327375049236,0.029284619476554696,0.08882088991351081,0.030435423389859266,0.18002730220737806,0.004742814285637205,SPLMSFT
2.25,73.90804659720611,14.810508941252492,8.068735735136213,0.0877218926796631,0.029431148038441334,0.08883790585212009,0.03050389812041518,0.18318917839780288,0.0045161951730129015,SPLMSFT
2.3,74.34132075777114,14.844642866291963,8.071298689386133,0.08792585782348529,0.029577992548446345,0.08887543744692589,0.030573024187388848,0.18641580290612034,0.004338137298808092,SPLMSFT
2.35,74.76865965586269,14.878509210375265,8.073904809181311,0.08813414780961835,0.029723894295582504,0.0889358254757489,0.030649890931909597,0.18975573697074996,0.004181662197234167,SPLMSFT
2.4,75.17819276653375,14.912223208106617,8.076510928976491,0.08834243779575143,0.02986855504625578,0.08898431568219338,0.03072229406294561,0.19289063469538614,0.004019791402502523,SPLMSFT
2.45,75.57801362952091,14.945695657415248,8.079154818623774,0.08855030924875766,0.030012017837758788,0.08903966062925232,0.030795511965464425,0.19607409365844183,0.00386871199408632,SPLMSFT
2.5,75.97351793798191,14.979782838600949,8.081491153761068,0.0887326501810255,0.03015169634458955,0.0890959961364734,0.030874095589078086,0.19924136554202435,0.0036906541198815108,SPLMSFT
2.55,76.37225966233753,15.01301361573993,8.084108064942562,0.08893215097149455,0.030291698222269355,0.08916495753233998,0.03094971110593087,0.2026352565382312,0.003512596245676701,SPLMSFT
2.6,76.75427473790421,15.046492538652398,8.086563105329326,0.08912286256629959,0.030429493945326885,0.08920684435258804,0.03101656893534123,0.20577015426286738,0.003404682382522271,SPLMSFT
2.65,77.16542655652259,15.079197486884855,8.089266347601345,0.08932989695305207,0.030567568809397132,0.08924752183367946,0.031079629022368986,0.20904534000960434,0.0033075599056832834,SPLMSFT
2.7,77.5873697614564,15.112717921063313,8.091581099966007,0.08950205357923306,0.030700875668523295,0.08925700860252446,0.03113446844007524,0.2122935472905527,0.0031133149520053095,SPLMSFT
2.75,77.95211861891838,15.1459927081853,8.093933622182774,0.08967002487414545,0.030832412829594535,0.08928732493026281,0.031200254571843854,0.21545002778781977,0.0029838183162199934,SPLMSFT
2.8,78.34438551148473,15.178846421620769,8.096394058262694,0.08984999411869446,0.030963796651057588,0.08935027138114851,0.03126952821511191,0.21858492551245595,0.0028705087599078414,SPLMSFT
2.85,78.69996169057858,15.211831135059539,8.098741184786304,0.09000833915168911,0.031091716850829416,0.08937308624200416,0.03132908712949843,0.22169824046446127,0.0027248250446493608,SPLMSFT
2.9,79.06686882530364,15.244477341457127,8.101163851014121,0.09018147235516612,0.031219746366068998,0.08941235133788736,0.03139192810146767,0.2247953683369934,0.002638493954125817,SPLMSFT
2.95,79.45158174744918,15.277460952896071,8.103392272288259,0.09033786423356877,0.031344863713057884,0.08942470997623089,0.03144456700726087,0.22787091343689467,0.0025413714772868296,SPLMSFT
3.0,79.78935213912254,15.310051189512107,8.105717816039238,0.0904976043769863,0.031468933605145265,0.0894498772485055,0.03150410840052936,0.23099501977521542,0.0024226662278169567,SPLMSFT
3.05,80.15895712042648,15.3423706205873,8.108091921028635,0.09065664696519239,0.03159154391091105,0.08948089428584889,0.03155893432004748,0.23415689596564024,0.0023093566715048047,SPLMSFT
3.1,80.4934900962052,15.374284184094131,8.110568544188029,0.09082768750303508,0.031713962289035745,0.0895449083730502,0.031626848910600844,0.23712452720238705,0.0022338169672967037,SPLMSFT
3.15,80.8134547004581,15.406069222076173,8.113039771654266,0.09099231053293262,0.031834513686470015,0.08958345966589662,0.03168552334002102,0.239973453189664,0.0021366944904577167,SPLMSFT
3.2,81.1388149978687,15.438388559578708,8.115241214462616,0.09114088979296726,0.031952243909700855,0.08962571967787628,0.03174782013539914,0.24300583274430348,0.0020071978546724006,SPLMSFT
3.25,81.45122563170078,15.470251858725256,8.117566758213593,0.09129435193948188,0.03206908355421755,0.08967607451177825,0.03181012987443821,0.24615691754841285,0.0019046796846756918,SPLMSFT
3.3,81.76147798826976,15.50198554042899,8.119881510578256,0.09144404728785484,0.03218399170064732,0.08971698073661494,0.03186872668466762,0.2493080023525222,0.0018291399804675908,SPLMSFT
3.35,82.059320250576,15.533403862486932,8.122261011260811,0.09159262654788948,0.03229729805609345,0.08976656168013517,0.03192977200581215,0.25232959052084625,0.0017859744352058187,SPLMSFT
3.4,82.35662294356645,15.564783393033375,8.124597346398104,0.09173297465642924,0.03240841068321743,0.08980858010666037,0.03198752721120462,0.2553727614618012,0.001715830424155439,SPLMSFT
3.45,82.65932132971461,15.596132493989998,8.12688512029698,0.09187150912141927,0.03251782752573875,0.08983970536897416,0.032038484852696336,0.2584860764138065,0.0016456864131050596,SPLMSFT
3.5,82.96471756244166,15.627561909754634,8.129081167412172,0.09199692954843443,0.03262450720224619,0.08984329831361659,0.0320821321389308,0.26135658517371435,0.001597125174685566,SPLMSFT
3.55,83.27065336448447,15.658989859261265,8.131223257595787,0.09212109437606902,0.03272979234584143,0.08983120418848167,0.03212096785815944,0.2641785326952027,0.0015377725499506295,SPLMSFT
3.6,83.5296466360551,15.689402684912203,8.133716067834655,0.09226367466128535,0.03283553531424673,0.08988554265929409,0.03218020360724422,0.2669950845235333,0.0014676285389002498,SPLMSFT
3.65,83.82694932904555,15.720308869539153,8.135960676188267,0.09239160628706164,0.03293872595807981,0.08990659723607902,0.03222668118938294,0.2694717076829275,0.0014298586867961993,SPLMSFT
3.7,84.1129210664048,15.75077561420095,8.138329385484507,0.09252511835452942,0.033041279598952186,0.08992419211105337,0.032271447767539756,0.27229365520441584,0.0013866931415344272,SPLMSFT
3.75,84.36436036755461,15.78133034998968,8.140606367997064,0.09265751433365887,0.03314232406279239,0.08995334729301907,0.03232122199743054,0.2750940199532733,0.0013327362099572122,SPLMSFT
3.8,84.64008028791419,15.811324131487643,8.14305601269067,0.09277916796253229,0.033241111096536546,0.08999574526028586,0.03236985620145336,0.27763539143056015,0.001300362051010883,SPLMSFT
3.85,84.93468513432578,15.841328613866459,8.145451700452698,0.09290430936746288,0.03333908581218321,0.0900068430869311,0.032406054709094766,0.28002568349943074,0.001235613733118225,SPLMSFT
3.9,85.16723950942358,15.871019479026558,8.147922927918936,0.09302791615092833,0.03343575459613295,0.09003872901554075,0.032453364699348536,0.2827397171577647,0.001203239574171896,SPLMSFT
3.95,85.41975794920495,15.900558155339517,8.150404946771488,0.09315333657794347,0.03353143088130401,0.09008025852909779,0.03250230221354844,0.2851569876924239,0.0011762611083832885,SPLMSFT
4.0,85.67929079009134,15.930041711560808,8.15285998715825,0.09327680385036663,0.03362577682114428,0.0901113970477102,0.032546894384899085,0.2876120280791872,0.001138491256279238,SPLMSFT
4.05,85.92911138329386,15.959271814847924,8.15536898447659,0.0933952487252675,0.033718537527046774,0.09013094260148818,0.03258768246262421,0.2900994426248968,0.0010899300178597443,SPLMSFT
4.1,86.14547867891848,15.988974630002568,8.15764057129599,0.09350518342658891,0.03380931968548865,0.09015979556045498,0.03263342048511188,0.292516713159556,0.0010467644725979722,SPLMSFT
4.15,86.37641434606897,16.018436742232595,8.159960719353812,0.09361190937393771,0.03389865778041708,0.09019525868918819,0.032679299321955034,0.29492858800105753,0.0010035989273362003,SPLMSFT
4.2,86.62083924611376,16.0475793488795,8.162361802808999,0.09372547136235859,0.03398755460181975,0.09021857510729614,0.032719812546876254,0.29725952744519324,0.0009874118478630357,SPLMSFT
4.25,86.83666697242262,16.076694616417385,8.164730512105237,0.0938361036188914,0.03407521078106191,0.0902523604143236,0.032763014802226466,0.2993746391630201,0.0009550376889167067,SPLMSFT
4.3,87.05357383736302,16.10551767653466,8.167174761105686,0.09394910756314308,0.03416221466106861,0.09029175011621494,0.03280808453293866,0.3014142111766388,0.0009280592231280992,SPLMSFT
4.35,87.26130802393529,16.133827987417405,8.169780880900865,0.09406713390491711,0.03424872339677293,0.09033116648116546,0.032852432057342444,0.3037019850755127,0.0008848936778663271,SPLMSFT
4.4,87.4706609184549,16.162152647354695,8.172338439457626,0.09418320709209908,0.03433407611370454,0.09037287011448875,0.03289556283141991,0.3058764494180745,0.0008687065983931626,SPLMSFT
4.45,87.66976199597481,16.190417035264286,8.174879810934911,0.09429621103635077,0.03441826071747678,0.0904231969030225,0.032941424566901176,0.3077595463301193,0.0008255410531313905,SPLMSFT
4.5,87.8462011622323,16.218377538141716,8.177502117809565,0.09441521395542081,0.034502118564862606,0.0904874241069235,0.032993223432086397,0.30990163651373476,0.00078777120102734,SPLMSFT
4.55,88.04530223975223,16.246319323686176,8.180092050525271,0.09452654376716504,0.03458436160923234,0.09053062213424687,0.03303584096157081,0.3120491223905079,0.000755397042081011,SPLMSFT
4.6,88.23415150027249,16.273887341071863,8.182789897104131,0.09464052428871277,0.03466590440436294,0.09057466199465532,0.03307791828178825,0.3140886944041266,0.0007284185762924034,SPLMSFT
4.65,88.4159863596877,16.30105707952456,8.185606448932463,0.09475324921087987,0.03474640728559587,0.0906269651906459,0.0331228391289582,0.3159717913161714,0.0007176271899769604,SPLMSFT
4.7,88.58972767936632,16.32826098280149,8.188374439522374,0.09486820630972355,0.0348264490987248,0.09069190503453402,0.0331710031653445,0.31766603896769596,0.0006906487241883528,SPLMSFT
4.75,88.75753373657147,16.355372138132417,8.191147825805443,0.09497660638957982,0.034905308854080656,0.09074065409095607,0.033215766880039875,0.3192199985971198,0.0006690659515574669,SPLMSFT
4.8,88.92641893240814,16.382346907874844,8.193942794861142,0.09509072642216983,0.034984112424233306,0.09078874495479644,0.03325795040580095,0.32087647639654027,0.0006474831789265808,SPLMSFT
4.85,89.08667101919248,16.40953812774657,8.196619058667372,0.09520345134433696,0.03506220704758938,0.09085563529105369,0.033307762809145075,0.3225653283549071,0.0006366917926111377,SPLMSFT
4.9,89.25717492297647,16.436159758820295,8.19948956742728,0.09531631577754635,0.03513966891877215,0.09091231125055162,0.03335170784242733,0.32428115877906255,0.0006205047131379733,SPLMSFT
4.95,89.39260682123529,16.462453009677787,8.202457198664026,0.09543964353892723,0.03521746616817891,0.09098838673539601,0.03340144231925608,0.3259430322716408,0.0005935262473493657,SPLMSFT
5.0,89.54206752170417,16.48965555642496,8.20503094430026,0.09554092855562689,0.035292608642007575,0.09103859100577881,0.03344733683690307,0.3274322435831719,0.0005773391678762012,SPLMSFT
5.05,89.7007009005412,16.515323275445635,8.208187424797527,0.09566774409306492,0.03536966018380447,0.09111819572317964,0.03349555779364836,0.32901318167838434,0.0005665477815607582,SPLMSFT
5.1,89.85016160101007,16.54130619699143,8.21118743019322,0.09578688652317718,0.03544544433590863,0.09118493642882022,0.033540913685762994,0.3305401628420195,0.0005503607020875936,SPLMSFT
5.15,89.97965823679539,16.567237021108603,8.214176644202597,0.09590854015205064,0.03552088839090112,0.09127340722706613,0.03359422446998344,0.33219664064144,0.0005449650089298722,SPLMSFT
5.2,90.11994625889615,16.592879865705846,8.2172521893025,0.09603130986926234,0.03559596762300315,0.09134882599897018,0.03364209756596314,0.3335293768513972,0.0005287779294567077,SPLMSFT
5.25,90.250522033313,16.618282013920577,8.22039787841345,0.09615631176315068,0.035670902280546736,0.09142256437727186,0.033688693274746294,0.3348081561297772,0.0005071951568258216,SPLMSFT
5.3,90.3746229759406,16.64333557481811,8.223656877080714,0.09628396436684238,0.035745735210829306,0.09151700125377624,0.033740772678259735,0.3362056406576271,0.0005017994636681002,SPLMSFT
5.35,90.50681745830478,16.66862055885115,8.226797170498507,0.09641119843740727,0.03582016657013398,0.09160283268649506,0.033790854384435645,0.3373657146865372,0.0004910080773526571,SPLMSFT
5.4,90.6228248611958,16.693441588992883,8.230099334711033,0.0965389905521413,0.03589439073858598,0.09168801095538064,0.03383984433739299,0.3386984508964944,0.0004802166910372141,SPLMSFT
5.45,90.75555891287574,16.71791532478817,8.233514808479871,0.096666643155833,0.03596825033988745,0.09176896989298455,0.03388681989883784,0.3398908990843509,0.0004640296115640496,SPLMSFT
5.5,90.8629332067144,16.742772031919124,8.236752224374504,0.09678997091721389,0.036041371841429026,0.09185767041371977,0.03393967042245316,0.3411049300448382,0.00044244683893316354,SPLMSFT
5.55,90.97246577781615,16.766886904635577,8.240264820620181,0.09693045853679592,0.03611597339905268,0.09195701536162085,0.033991162780185366,0.3422488169942752,0.00043705114577544205,SPLMSFT
5.6,91.0857753341283,16.791303723677512,8.243631733150599,0.09706313353800998,0.0361894996400732,0.09205812439873944,0.03404515290371895,0.3435329919658129,0.00042086406630227754,SPLMSFT
5.65,91.17912082575688,16.815590616334603,8.247025624146806,0.09719943582632344,0.036263050160558925,0.09217288748705509,0.03410359861084854,0.34473083584682707,0.000415468373144556,SPLMSFT
5.7,91.27462459464856,16.839824569417797,8.250419515143014,0.09732918109564942,0.03633579899518998,0.09227713268937468,0.03415956478235546,0.3458261615578445,0.0004100726799868345,SPLMSFT
5.75,91.37012836354023,16.863811390107983,8.253888945843428,0.09746645996125891,0.03640902521423931,0.09237948040321485,0.03421265854770581,0.34692688296201973,0.000404676986829113,SPLMSFT
5.8,91.46131557790571,16.88755433283404,8.25743391624805,0.09760429687103753,0.036482103980789535,0.09248323345210847,0.034266569208123744,0.3479952302072486,0.000404676986829113,SPLMSFT
5.85,91.55789848542894,16.910937424777014,8.2611029875953,0.09775120199856474,0.03655595619543817,0.09258467573827103,0.03431602768513901,0.34900962052090023,0.0003992812936713915,SPLMSFT
5.9,91.64854613047865,16.933744910848745,8.264982490975703,0.09790382707882568,0.03663026104800571,0.09270941242824762,0.03437212189863691,0.34993767974402834,0.00039388560051367,SPLMSFT
5.95,91.73757506758106,16.956966360657574,8.268678540788743,0.098050313673226,0.036703955619989785,0.09282808893071402,0.03442892794919589,0.3508603432739987,0.00039388560051367,SPLMSFT
6.0,91.81905003426264,16.980035251197453,8.272417756147043,0.09819359151365378,0.03677732014156771,0.0929596519265915,0.034492182458052335,0.3516750929408146,0.000383094214198227,SPLMSFT
6.05,91.90592069410198,17.002794603860842,8.2762648853685,0.098341473218477,0.036851197211150474,0.09308612357043891,0.03455251896418357,0.3524736555281574,0.0003776985210405055,SPLMSFT
6.1,91.98901436873088,17.025284390601076,8.280203741373635,0.09849995776251398,0.036926155371922426,0.09321724519315368,0.03461058041065411,0.35338013197865464,0.00036690713472506246,SPLMSFT
6.15,92.06833105814938,17.047930736333868,8.284061661981406,0.09864909506671776,0.03700017509336302,0.09334226171959702,0.03466983222051712,0.3542002773386283,0.00036690713472506246,SPLMSFT
6.2,92.14117291577863,17.07064431367108,8.287876417043915,0.09880506841199357,0.03707490513390729,0.0934739338517755,0.03473130190000538,0.35502042269860196,0.0003453243620941764,SPLMSFT
6.25,92.21617305067096,17.093667815215223,8.291550884084323,0.09895071794014015,0.03714868052168343,0.09359866856243454,0.034791623228792326,0.3558783379106797,0.0003399286689364549,SPLMSFT
6.3,92.2771443833532,17.115224354215762,8.295797294599451,0.09912426967674405,0.03722527326934577,0.09375861536662379,0.03485761910163348,0.35652042539644857,0.00031834589630556887,SPLMSFT
6.35,92.3429718398774,17.137397424428034,8.299784711843007,0.09928582346371125,0.03730093207675442,0.09390253426978766,0.034921975334622185,0.3572380525864255,0.00031834589630556887,SPLMSFT
6.4,92.4109575736647,17.15879137559827,8.304068892210237,0.09946077031073795,0.037378023422828144,0.0940638284793423,0.034988528315420354,0.3578963271516675,0.00031834589630556887,SPLMSFT
6.45,92.46869149045233,17.180004239825845,8.308412425202203,0.09963864688965267,0.037455611828604456,0.0942234130299052,0.035054784183155226,0.358565393103225,0.0003129502031478474,SPLMSFT
6.5,92.53397937766074,17.201736819245593,8.312534734774703,0.09980857133915706,0.037532637225262844,0.09437765657508046,0.035121845520935724,0.35922906336162475,0.0003129502031478474,SPLMSFT
6.55,92.59441114102724,17.22273739596565,8.316937620391403,0.09998993569412894,0.03761102883640353,0.09453694168104051,0.035188214750226744,0.35980640252950097,0.0003129502031478474,SPLMSFT
6.6,92.64890764192022,17.24454557302466,8.321005973032326,0.10015567481236476,0.037688196039524335,0.0946907918862727,0.035257050398339505,0.36036215892474627,0.00030215881683240436,SPLMSFT
6.65,92.70448328144475,17.265680530754146,8.325333318944818,0.10033020312626462,0.03776655589380174,0.09484666793937559,0.03532474488000918,0.36086395838841434,0.00030215881683240436,SPLMSFT
6.7,92.76275676754814,17.286951202603195,8.329595916539418,0.10050487095120676,0.0378452766307576,0.09500019581200558,0.035391832562650445,0.3614197147836597,0.00030215881683240436,SPLMSFT
6.75,92.82049068433577,17.308546861019217,8.333718226111918,0.10068065486448717,0.037924452831749306,0.09515228042109668,0.03545833630160427,0.36192151424732777,0.0002913674305169614,SPLMSFT
6.8,92.86581450686062,17.329523305541915,8.338077946183356,0.10086341432988186,0.038004668527434345,0.09531721235714162,0.035528789970358375,0.36243410509731133,0.00028597173735923985,SPLMSFT
6.85,92.9165340225432,17.350448516782887,8.34244845764111,0.10105035912654518,0.038085682143417336,0.09549265454545455,0.03560183151935049,0.36295748733361033,0.00028597173735923985,SPLMSFT
6.9,92.9553830132788,17.371187300244895,8.346883717416757,0.1012421868096885,0.038167560571387725,0.09567697046036325,0.03567801419654858,0.36344849541096297,0.0002751803510437968,SPLMSFT
6.95,92.99531114264595,17.391860633716693,8.351335164271878,0.10143750226888898,0.03825017325199754,0.0958616701962855,0.03575426539290404,0.36389094224989615,0.0002751803510437968,SPLMSFT
7.0,93.04225367311811,17.412525020916465,8.35578121543384,0.10162793484160942,0.03833275717796842,0.09604691754717636,0.03583140696690413,0.3644143244861951,0.00026978465788607533,SPLMSFT
7.05,93.09351275811647,17.432464272175302,8.360507842640004,0.10183064438605104,0.03841696090361691,0.09623485918635855,0.03590681264365351,0.3648297928593397,0.00026438896472835385,SPLMSFT
7.1,93.14045528858865,17.452450401022226,8.36520749138038,0.10203614415133841,0.038501922527794316,0.0964327544896304,0.03598582319767587,0.3652398655393265,0.00026438896472835385,SPLMSFT
7.15,93.17930427932424,17.471419333807052,8.370306421414426,0.1022581062196155,0.03858900914434267,0.09665052213188798,0.03606761053392991,0.3655851899014207,0.0002535975784129108,SPLMSFT
7.2,93.21167843827057,17.491638188148585,8.374898156291648,0.10246486158428343,0.03867517439424012,0.09685223673242568,0.036149437268286226,0.36597367980877665,0.0002535975784129108,SPLMSFT
7.25,93.24944829037463,17.51089438478362,8.37986758968991,0.10267691836855825,0.03876240275341564,0.097056872851836,0.03623238251721326,0.3663136084777131,0.00024820188525518933,SPLMSFT
7.3,93.27696632547901,17.53045762099638,8.384707526452386,0.10289357901722844,0.03885066586748942,0.09727158429598608,0.03631750169301199,0.3666697242261227,0.0002428061920974678,SPLMSFT
7.35,93.3098800537411,17.55074450057436,8.389250700091187,0.1030979626941775,0.03893830066312673,0.09746872032104734,0.03640126132994238,0.36705281844032095,0.00022661911262430328,SPLMSFT
7.4,93.34764990584516,17.570327056248775,8.394069054081033,0.10331936671828545,0.039028192659919296,0.09768200836974866,0.03648490635550909,0.3673549772571533,0.00022661911262430328,SPLMSFT
7.45,93.3757075102653,17.589717422176125,8.398957552081928,0.10354146829760486,0.03911876554229484,0.0979030650887574,0.0365730274070294,0.36776504993714015,0.00022661911262430328,SPLMSFT
7.5,93.41509607031668,17.61010233725671,8.403441373095994,0.10374850268435733,0.03920849243014819,0.09809804841476587,0.03665654805236847,0.36801325182239536,0.00022661911262430328,SPLMSFT
7.55,93.44423281336837,17.62904207956335,8.40849713758478,0.1039867875445819,0.03930189612930445,0.09833873634248164,0.03674933636968194,0.36836936757080496,0.00022122341946658177,SPLMSFT
7.6,93.47390912573583,17.64823443326739,8.41344498821041,0.10421391152142362,0.039394855436210754,0.09856198903242937,0.036838635815787495,0.3687092962397414,0.00022122341946658177,SPLMSFT
7.65,93.50142716084022,17.667787338069104,8.418241759427625,0.10444340718598415,0.0394886866433701,0.09878887232311338,0.036929304968040415,0.36904382921552015,0.00022122341946658177,SPLMSFT
7.7,93.52786605731306,17.68654164457015,8.423351480847987,0.10467904133640525,0.03958378103411794,0.09902288033783706,0.0370221707960649,0.36938915357761437,0.00022122341946658177,SPLMSFT
7.75,93.56131935489093,17.70538768169675,8.428418036723087,0.10492304614936358,0.03968036737278168,0.09926407677047291,0.037115483270393754,0.36969670808760446,0.00021582772630886026,SPLMSFT
7.8,93.5888373899953,17.724136690281757,8.433516966757134,0.10517025971629444,0.03977794852952846,0.09951066590564482,0.03721099117807093,0.3700042625975946,0.00021043203315113877,SPLMSFT
7.85,93.60988059331042,17.74261525751066,8.438718414961178,0.10542430932429733,0.03987692504680156,0.09976684175456799,0.037309172253074126,0.3703010257212693,0.00020503633999341726,SPLMSFT
7.9,93.63955690567789,17.76068853879055,8.444076338266795,0.10568324181878024,0.03997712255675295,0.10002336500619434,0.03740645596709848,0.37057620607231306,0.00019964064683569574,SPLMSFT
7.95,93.66113967830877,17.778722836058538,8.449445052958728,0.10594510404515114,0.04007839203977095,0.10028571003254888,0.037506623667283176,0.37081901226441055,0.00019424495367797423,SPLMSFT
8.0,93.68434115888698,17.797014676217128,8.454705853787507,0.10620598969422607,0.04018036447291121,0.10055155785933143,0.03760890646045439,0.3710294442975617,0.00018345356736253123,SPLMSFT
8.05,93.70862177809673,17.815266644730098,8.4599774460026,0.10646994458623125,0.04028342677620915,0.1008186439573221,0.03771143789414145,0.37137476865965585,0.00018345356736253123,SPLMSFT
8.1,93.72696713483298,17.833408367662297,8.465286808069798,0.10673375996719416,0.040387231865960625,0.10108752748018214,0.03781605757436146,0.3716607403970151,0.00016726648788936672,SPLMSFT
8.15,93.75070818472695,17.851386884888363,8.470655522761732,0.10700273725672164,0.04049231686444464,0.10136044265644514,0.03792116894507929,0.3719628992138475,0.00016726648788936672,SPLMSFT
8.2,93.76851397214743,17.869366167672222,8.476018841760506,0.10726627361560002,0.040597704513304904,0.10163146968650741,0.03802826690230643,0.37222189248541815,0.0001618707947316452,SPLMSFT
8.25,93.78308234367329,17.887411468509985,8.481349786600335,0.1075332977505355,0.040704230214381826,0.101905762742289,0.03813656489137998,0.37252944699540824,0.0001564751015739237,SPLMSFT
8.3,93.79711114588336,17.905375565934268,8.486707709905954,0.10780701841550076,0.04081223573719814,0.10218457428510613,0.03824585008088295,0.3727992316532943,0.0001564751015739237,SPLMSFT
8.35,93.81545650261961,17.922880311190205,8.492243691085775,0.10809050485342597,0.04092202995520414,0.10247806872911523,0.038358214287278064,0.3731229732427576,0.0001564751015739237,SPLMSFT
8.4,93.83002487414545,17.9397489991347,8.498027874150853,0.10838933750600267,0.04103414907799617,0.10278420904208214,0.0384721093941529,0.37343052775274777,0.0001564751015739237,SPLMSFT
8.45,93.8483702308817,17.95677762972165,8.50374191320488,0.10867979949604227,0.0411463013691577,0.10308357822597337,0.038586635672904254,0.37373268656958014,0.0001564751015739237,SPLMSFT
8.5,93.8640177410391,17.974009320745555,8.509369621168384,0.10897709752715382,0.0412600223361664,0.10338713950828059,0.03870173366677467,0.3739431186027313,0.0001564751015739237,SPLMSFT
8.55,93.8796652511965,17.99055277799219,8.515267113789774,0.10927802284536482,0.04137499410470804,0.10369921875969883,0.03881968743509921,0.37420750756745963,0.0001564751015739237,SPLMSFT
8.6,93.89477319203812,18.007433512724297,8.521024318389061,0.10958731882611296,0.041491691915664854,0.10401966656322909,0.03893940057699076,0.37450966638429206,0.00015107940841620218,SPLMSFT
8.65,93.90934156356397,18.023343183342245,8.52716461720255,0.10990066062708743,0.04160971420045291,0.10434135355798788,0.03905919529107946,0.37475247257638955,0.00015107940841620218,SPLMSFT
8.7,93.92283079645827,18.040668689037975,8.532732972541318,0.11019740061402988,0.0417270579164356,0.1046457245935543,0.03917890095282183,0.3750870055521683,0.0001456837152584807,SPLMSFT
8.75,93.93632002935257,18.057398814444873,8.538533342685868,0.11049483815618372,0.04184538197106594,0.10495164189666557,0.039299903951258534,0.37535679021005436,0.0001456837152584807,SPLMSFT
8.8,93.9476509849838,18.07275303818062,8.544878677839348,0.11083664020978454,0.04196896741631749,0.10530844852856716,0.03942817803893059,0.3756859274926753,0.00014028802210075918,SPLMSFT
8.85,93.95790280198347,18.08892894637863,8.55088948001705,0.11115932925059219,0.042091669062994934,0.10564366488069599,0.03955515651654562,0.3759772949231923,0.00014028802210075918,SPLMSFT
8.9,93.96761504966736,18.103980807768018,8.557342729033685,0.11150475859129243,0.04221749044667185,0.10600272597084172,0.039684886257698115,0.37631182789897105,0.00013489232894303767,SPLMSFT
8.95,93.98326255982474,18.11960910857129,8.56355856755138,0.11184349140196295,0.04234361516644429,0.10635499585491037,0.039814867736034036,0.37667333934053837,0.00013489232894303767,SPLMSFT
9.0,93.99513308477174,18.13519326751537,8.56978519745539,0.11217817839240718,0.042470306190715276,0.10670089816536933,0.03994479587262082,0.3770024766231594,0.00013489232894303767,SPLMSFT
9.05,94.00754317903449,18.150505379180338,8.576114345529398,0.11252918817479887,0.042599570552775544,0.10706791411204922,0.04007906472406391,0.37734240529209584,0.00012949663578531615,SPLMSFT
9.1,94.01779499603417,18.16615204624737,8.582303205581304,0.11285885276772079,0.04272776191391278,0.10740851219540191,0.040210910058718914,0.3776553554952437,0.00012410094262759467,SPLMSFT
9.15,94.02750724371806,18.1814868830651,8.588610770882681,0.11320442161946334,0.042858523351467184,0.10776820089060275,0.040346313438098934,0.3779575143120761,0.00012410094262759467,SPLMSFT
9.2,94.03614035277042,18.196765035069603,8.59493452326353,0.1135484558497407,0.04299016113225085,0.1081286110626578,0.04048364188762329,0.3782812559015394,0.00012410094262759467,SPLMSFT
9.25,94.04747130840163,18.212996184807462,8.600869785737025,0.11387365608930947,0.043120966966976544,0.10846522353859125,0.040618708308416164,0.3786859328883685,0.00012410094262759467,SPLMSFT
9.3,94.05664398676976,18.228978511630974,8.6068967749942,0.11421197036685321,0.04325402832348037,0.10881849089594876,0.04075691447649091,0.37907442279572445,0.00011870524946987314,SPLMSFT
9.35,94.06096054129594,18.24426729273083,8.61319354890926,0.1145653518369637,0.043389552774045444,0.10919141599073003,0.040899445340742094,0.3794629127030804,0.00011870524946987314,SPLMSFT
9.4,94.06851451171676,18.25969607338624,8.61942557450643,0.11491245531017143,0.043525445636785155,0.10955312075255244,0.041040746576084385,0.37992154662148675,0.00011870524946987314,SPLMSFT
9.45,94.07552891282178,18.274967413381308,8.625711557035174,0.11525969829442138,0.0436623276820251,0.109917029107615,0.041183721796337044,0.3804233460851548,0.00011870524946987314,SPLMSFT
9.5,94.0809246059795,18.2900398459242,8.63206768357497,0.11561573047433538,0.04380102464315783,0.11029078820621349,0.04132879630073955,0.38083341876514165,0.00011870524946987314,SPLMSFT
9.55,94.08739943776877,18.304361487039532,8.638715177545283,0.11598585326952027,0.043942097209153735,0.11067954576057348,0.04147703095487928,0.3813028440698634,0.00011870524946987314,SPLMSFT
9.6,94.09441383887382,18.31887589749963,8.645276340425072,0.11635806873033944,0.04408437975125424,0.11106865077872334,0.04162526076054121,0.3817830607609006,0.00011870524946987314,SPLMSFT
9.65,94.1003491013473,18.33217883602407,8.652312324302741,0.1167602790652501,0.04423057776407878,0.11149114790795818,0.04177819307599012,0.3822902559177265,0.00011870524946987314,SPLMSFT
9.7,94.10898221039966,18.346778000851227,8.658819530250954,0.1171305413714773,0.0443746749127698,0.11187806626723618,0.04192804380513378,0.38280284676771004,0.00011870524946987314,SPLMSFT
9.75,94.11437790355738,18.36037012670988,8.665720621799679,0.1175323331732611,0.04452288964383362,0.11229886724953417,0.042083351728294395,0.38320212806138143,0.00011330955631215164,SPLMSFT
9.8,94.11869445808357,18.374289332024258,8.672481425326305,0.11791570951746315,0.04467037193796258,0.11270238379205769,0.04223841211388771,0.383752488763469,0.00010791386315443013,SPLMSFT
9.85,94.12409015124128,18.38882805283293,8.67898323558136,0.11827843822740688,0.044816839091597456,0.11308114774453547,0.04239140262540051,0.38428666238608344,0.00010791386315443013,SPLMSFT
9.9,94.12786713645168,18.403487478798084,8.685425693211679,0.1186567921740866,0.04496581624628104,0.11347975337345943,0.04254799641897899,0.38487479294027505,9.172678368126562e-05,SPLMSFT
9.95,94.129485844399,18.41707944802059,8.692283619215143,0.11904839966978355,0.04511706796293043,0.11389368432758391,0.04270770152442117,0.38544673641499355,9.172678368126562e-05,SPLMSFT
10.0,94.13164412166209,18.43219372033046,8.698521040505469,0.11939940945217527,0.045265390957346864,0.11426307612764178,0.042864049117677924,0.38604565835550064,9.172678368126562e-05,SPLMSFT
10.05,94.13703981481981,18.445603267364802,8.705427527747352,0.1198007827208322,0.04541954861516951,0.11468452830621263,0.04302545310395471,0.38672551569337354,9.172678368126562e-05,SPLMSFT
10.1,94.1429750772933,18.45891450246017,8.712360993455023,0.12019992381281258,0.0455744932366997,0.11510453150540466,0.04318801268597218,0.3873136462475652,8.63310905235441e-05,SPLMSFT
10.15,94.14567292387217,18.473946825425184,8.718593019052193,0.12056711687610948,0.04572732293666396,0.11549274141320358,0.0433495765806143,0.3880258777443844,8.63310905235441e-05,SPLMSFT
10.2,94.14998947839834,18.48711046121467,8.725558858918811,0.12097114085456989,0.04588468040371544,0.1159177597927687,0.04351497269812609,0.3886625695369956,7.553970420810109e-05,SPLMSFT
10.25,94.15376646360875,18.500575890942244,8.732389806456487,0.1213660966152817,0.046042115162645066,0.11633466368668981,0.04368081117685874,0.389428757965392,7.014401105037959e-05,SPLMSFT
10.3,94.15700387950338,18.51374720031863,8.739323272164158,0.12177123668208033,0.04620145544196836,0.1167618341356072,0.043848502062688706,0.39018415500747305,6.474831789265808e-05,SPLMSFT
10.35,94.16132043402956,18.5271490447377,8.746148824008676,0.12216019346797381,0.04636013910097089,0.11717163069588338,0.04401543372898902,0.3910744443784971,6.474831789265808e-05,SPLMSFT
10.4,94.16401828060842,18.53949372510424,8.753379052840023,0.12257900561691658,0.04652253549808372,0.11761363507280094,0.044186718239114034,0.391889194045313,6.474831789265808e-05,SPLMSFT
10.45,94.16779526581882,18.55139525256694,8.760771152466102,0.12301148984800332,0.04668721639494154,0.11806952084527057,0.04436026452578284,0.3926823609394981,6.474831789265808e-05,SPLMSFT
10.5,94.17103268171346,18.563982468686447,8.767871884661663,0.12341774600314026,0.04685025162372732,0.1184976050421131,0.04453178592770318,0.39358344169683757,6.474831789265808e-05,SPLMSFT
10.55,94.17319095897655,18.577174750922868,8.774713623585654,0.12382609482391153,0.047014392101141875,0.11892850401640942,0.044704909791726935,0.39446833537470394,5.935262473493657e-05,SPLMSFT
10.6,94.17642837487118,18.58980685250859,8.781760398849638,0.1242345831557251,0.047179368080365894,0.1193581636759482,0.04487841414521199,0.3953748118252011,5.935262473493657e-05,SPLMSFT
10.65,94.1780470828185,18.602960918015206,8.788580555000998,0.12463428229187459,0.047344382953245216,0.11977948319898248,0.04505261560374439,0.396346036593591,5.935262473493657e-05,SPLMSFT
10.7,94.17966579076581,18.615286757054008,8.795713661355506,0.12505379199602876,0.047512192263729366,0.12022241563828444,0.04522981777350629,0.39719316041935326,5.935262473493657e-05,SPLMSFT
10.75,94.18290320666044,18.627906573710966,8.802711875381071,0.12546493103764575,0.047680126236764826,0.12065540822219166,0.04540646688328773,0.39811042825616594,5.935262473493657e-05,SPLMSFT
10.8,94.18560105323931,18.640559825435187,8.80967771524769,0.125877186167601,0.04784903006304263,0.12108802786482352,0.04558420479855783,0.3990870487177135,5.3956931577215064e-05,SPLMSFT
10.85,94.18721976118663,18.65295947927825,8.816724490511673,0.12629474271716315,0.0480192618248082,0.12152912483959666,0.04576398813706836,0.4001284174971538,5.3956931577215064e-05,SPLMSFT
10.9,94.18937803844972,18.665088330378126,8.823857596866182,0.1267280640145036,0.04819178962614328,0.12198683769849453,0.045946326168253726,0.40122913890132894,5.3956931577215064e-05,SPLMSFT
10.95,94.1915363157128,18.676975784101842,8.831066242924898,0.12715524682598348,0.04836453690155379,0.12243919747032675,0.04612899713365257,0.4022920904534001,5.3956931577215064e-05,SPLMSFT
11.0,94.19315502366011,18.689887013856552,8.837843233530995,0.12756764146698105,0.04853663043559172,0.12287431896477649,0.04631067752691021,0.4034629558686257,5.3956931577215064e-05,SPLMSFT
11.05,94.19693200887052,18.7012843614053,8.845202958998128,0.1280119841366621,0.048712574309164966,0.12334421904249102,0.04649639353137888,0.40454209450017,5.3956931577215064e-05,SPLMSFT
11.1,94.20016942476515,18.71390573507743,8.852050093615276,0.12842633193225164,0.04888636914694759,0.12378043128809052,0.04667927082305753,0.4058262694717077,4.856123841949356e-05,SPLMSFT
11.15,94.20232770202824,18.72519872042036,8.85940442338925,0.12887053509089041,0.04906377236542066,0.12425076600911858,0.04686678313133722,0.40700792627324867,4.856123841949356e-05,SPLMSFT
11.2,94.20286727134402,18.73741576478505,8.866364867562712,0.12928027902208455,0.049238560536030616,0.12468516151647585,0.04705189425442574,0.40822195723373605,4.856123841949356e-05,SPLMSFT
11.25,94.2050255486071,18.74893851369885,8.873578909314585,0.12970369503542273,0.04941539962499004,0.1251323595333146,0.047238440176329964,0.40937123987633073,4.856123841949356e-05,SPLMSFT
11.3,94.20664425655441,18.7601407816078,8.880895469236455,0.1301448289511312,0.049594632345355466,0.12559906380443997,0.04742806396238233,0.4108496598015464,4.856123841949356e-05,SPLMSFT
11.35,94.21203994971215,18.77172831463971,8.888028575590964,0.13056824496446934,0.049772674491589314,0.12604381668442097,0.047614680037304576,0.4122363529430808,4.856123841949356e-05,SPLMSFT
11.4,94.21419822697523,18.782678448332568,8.895388301058096,0.1310149593218693,0.04995355119549747,0.1265167057098677,0.047805898123354354,0.4137147728682965,4.856123841949356e-05,SPLMSFT
11.45,94.21743564286986,18.793687841894933,8.90269406959365,0.13145790688112746,0.05013456592465135,0.12698382443762313,0.047996702006540035,0.4151662143277236,4.856123841949356e-05,SPLMSFT
11.5,94.21797521218564,18.804570318004657,8.910021420901836,0.13189108866742566,0.05031518808368743,0.12744256662295192,0.04818792664396731,0.41662844717346614,4.316554526177205e-05,SPLMSFT
11.55,94.22121262808027,18.815742102243792,8.917203088494764,0.13232706067456956,0.05049660189911845,0.12790089882776037,0.04837870865977954,0.418220176654994,4.316554526177205e-05,SPLMSFT
11.6,94.22283133602758,18.826541979762524,8.92450346133716,0.13276121903816368,0.05067836583209132,0.12835992404338412,0.048570697927348964,0.4196230568760016,4.316554526177205e-05,SPLMSFT
11.65,94.22498961329066,18.837025903794625,8.931900956656397,0.13320611975201394,0.050861742233805754,0.1288294485025482,0.048764116168986626,0.4211392466533213,4.316554526177205e-05,SPLMSFT
11.7,94.22606875192223,18.84750102923189,8.939271473509844,0.13364585855729957,0.05104514241761621,0.12929480599202894,0.048958082864436495,0.4226608321237988,4.316554526177205e-05,SPLMSFT
11.75,94.22768745986954,18.858914523934942,8.946237313376463,0.1340582531982971,0.05122646172560503,0.12972935413863199,0.04914949462441861,0.42412306496954133,4.316554526177205e-05,SPLMSFT
11.8,94.2282270291853,18.870022916322302,8.953294880026762,0.1344822272558044,0.05140943627621226,0.1301795914702581,0.049343572543238554,0.4256662332126497,3.7769852104050545e-05,SPLMSFT
11.85,94.22930616781684,18.8810922964,8.96033625959759,0.13490159744891622,0.05159243432776721,0.1306244859423493,0.0495374430394335,0.4273604808641742,3.7769852104050545e-05,SPLMSFT
11.9,94.23254358371148,18.892091767031598,8.967372243475259,0.13532557150642355,0.05177629122433819,0.13107066168892145,0.04973095508909903,0.42896839742517523,3.7769852104050545e-05,SPLMSFT
11.95,94.23308315302725,18.90298302166451,8.974419018739242,0.13575066165226915,0.05196071608333531,0.13152101618712245,0.049926317681342716,0.4305655225998608,3.7769852104050545e-05,SPLMSFT
12.0,94.23632056892188,18.91364715629015,8.98152514662796,0.13617644935332612,0.052145711090533724,0.13197025217147337,0.05012124027340912,0.4322543745582276,3.7769852104050545e-05,SPLMSFT
12.05,94.23686013823766,18.923358695654187,8.988976598878775,0.13662888366345982,0.05233362017905447,0.13244915576117078,0.05032016069602228,0.4339594135960676,3.7769852104050545e-05,SPLMSFT
12.1,94.2379392768692,18.933161622214243,8.996357907118538,0.13706736686936483,0.05252061273779683,0.13291322885247403,0.05051788016031062,0.4357669708039043,3.7769852104050545e-05,SPLMSFT
12.15,94.24063712344807,18.942355984395682,9.003944251698295,0.13753054352975455,0.05271023116283207,0.1334054960122295,0.050719206798004596,0.437731003113315,3.7769852104050545e-05,SPLMSFT
12.2,94.24279540071116,18.95283132374367,9.010980235575964,0.1379468444799361,0.05289555590002117,0.13384446931519553,0.05091460547299561,0.43959791294588657,3.7769852104050545e-05,SPLMSFT
12.25,94.2438745393427,18.962669551274008,9.018232047179941,0.13839132666065945,0.0530838040190112,0.13431249406578308,0.051113423582017994,0.4416320892663476,3.7769852104050545e-05,SPLMSFT
12.3,94.24603281660579,18.97200463611819,9.02564572957865,0.13883315813157937,0.05327198396447955,0.1347798530019637,0.051312405708789546,0.44352058187155013,3.237415894632904e-05,SPLMSFT
12.35,94.24657238592155,18.982125395221367,9.032708691922108,0.13925476050136773,0.053458521758246905,0.13522656914181025,0.051509912497582716,0.44527957784096733,3.237415894632904e-05,SPLMSFT
12.4,94.24711195523733,18.992743461077197,9.039534243766626,0.13966296981109677,0.05364398781415491,0.13565847748052048,0.05170624377153771,0.44725979722985115,3.237415894632904e-05,SPLMSFT
12.45,94.24711195523733,19.002078642394917,9.046834616609022,0.14009824426302922,0.05383231038618255,0.13612032128973897,0.051905919701584896,0.44924541231189263,3.237415894632904e-05,SPLMSFT
12.5,94.24711195523733,19.012235375478802,9.053768082316695,0.14050575601754675,0.054018182914194655,0.13655211564598588,0.05210294215545428,0.45097203412236353,3.237415894632904e-05,SPLMSFT
12.55,94.24819109386887,19.02189638517498,9.060863418819098,0.14092959056401175,0.05420595835625608,0.1369998085107601,0.052301414895652466,0.4530925415333481,3.237415894632904e-05,SPLMSFT
12.6,94.24980980181618,19.03105944247617,9.068115230423077,0.14136109821780257,0.05439453423234836,0.13745588165517872,0.05250067759637588,0.45516448770591317,3.237415894632904e-05,SPLMSFT
12.65,94.24980980181618,19.04114727447832,9.074956969347067,0.14175968126561375,0.054580082621738024,0.13787819020357686,0.052697352103142095,0.45710693724269286,3.237415894632904e-05,SPLMSFT
12.7,94.25034937113196,19.049892972998613,9.08229511204157,0.1421984434936034,0.05476967549599303,0.13834204123038518,0.052898174675214446,0.45920046618788884,3.237415894632904e-05,SPLMSFT
12.75,94.25250764839505,19.059381576343274,9.089293326067134,0.14261767417567295,0.054957435260127356,0.13878840519575683,0.05309757320487916,0.4612724123604539,3.237415894632904e-05,SPLMSFT
12.8,94.25304721771083,19.06880807994357,9.096275353013224,0.14303174294917795,0.055144818337868065,0.13922707475297963,0.053295982153471165,0.4634684594756465,2.6978465788607532e-05,SPLMSFT
12.85,94.25412635634237,19.07756405456113,9.10348399907194,0.14346604082381437,0.05533427234722446,0.13968803022600806,0.05349691412932761,0.4654217003987417,2.6978465788607532e-05,SPLMSFT
12.9,94.25574506428968,19.08612009225291,9.110730414982761,0.14390368696346573,0.05552414111947253,0.14015113312381575,0.05369777590078857,0.4676339345934075,2.6978465788607532e-05,SPLMSFT
12.95,94.25628463360546,19.0946437067641,9.117944456734634,0.14433338097370677,0.05571319205650921,0.14060635720827985,0.05389794042845314,0.47001343527596273,2.6978465788607532e-05,SPLMSFT
13.0,94.25682420292122,19.10347184924529,9.124991231998619,0.1447597267189329,0.0559018611367157,0.14105817181390928,0.05409784427086703,0.472139338380105,2.6978465788607532e-05,SPLMSFT
13.05,94.25844291086854,19.11228564559038,9.1320002374105,0.14516765700657736,0.0560887726168406,0.14149104407757648,0.054295832557649894,0.4744217165858212,2.6978465788607532e-05,SPLMSFT
13.1,94.25952204950009,19.12107149883767,9.138976868663432,0.14558925937636574,0.056277032478405375,0.14193699850023467,0.05449485843096356,0.47659618092838296,2.6978465788607532e-05,SPLMSFT
13.15,94.26006161881585,19.12995908059908,9.145867168825843,0.1460066764148856,0.05646481451332594,0.14237857752082198,0.054693610179675944,0.47871668833936754,2.6978465788607532e-05,SPLMSFT
13.2,94.26114075744741,19.138440140113588,9.152876174237724,0.14642841829571634,0.056653022212954394,0.142825550158274,0.05489301929829377,0.48100446223824145,2.6978465788607532e-05,SPLMSFT
13.25,94.26168032676317,19.146632435862784,9.159955323660654,0.14684653288944766,0.056840823937889896,0.14326889255744196,0.05509211730460024,0.48324907059185357,2.6978465788607532e-05,SPLMSFT
13.3,94.26275946539472,19.155226397958277,9.16682943674359,0.14725264953354228,0.05702744326998303,0.14369764304522034,0.0552893325673157,0.48554763587704297,2.6978465788607532e-05,SPLMSFT
13.35,94.26383860402626,19.16343614981803,9.173811463689683,0.14766908999476613,0.05721498445893902,0.14413911176746685,0.05548793479461875,0.48785159685539004,2.6978465788607532e-05,SPLMSFT
13.4,94.26383860402626,19.172104471220276,9.180561475829993,0.1480785549038757,0.05740164921679717,0.14457349351467064,0.055685872865779106,0.4903228243216265,2.6978465788607532e-05,SPLMSFT
13.45,94.26437817334204,19.180036546462922,9.187559689855558,0.14850559820431333,0.05758991190801481,0.14502584120478756,0.05588520721305619,0.49265376376576214,2.1582772630886026e-05,SPLMSFT
13.5,94.26545731197358,19.18888591368859,9.194142435507977,0.14889860081043307,0.05777466829191955,0.14544153547980881,0.056080816769003033,0.4950116816756865,2.1582772630886026e-05,SPLMSFT
13.55,94.26599688128935,19.196968621755104,9.200984174431968,0.14932076122439067,0.05796207744458558,0.14588957851476192,0.05627960359465593,0.49751528330086925,2.1582772630886026e-05,SPLMSFT
13.6,94.26599688128935,19.205307723283298,9.207674833947543,0.14971962329428648,0.05814701915543252,0.14631181454557937,0.056475633431081085,0.4998678055176358,2.1582772630886026e-05,SPLMSFT
13.65,94.26653645060513,19.21285095522088,9.214635278121003,0.15015740894498014,0.05833552036273373,0.146775537648749,0.05667521106807865,0.5023012631317683,2.1582772630886026e-05,SPLMSFT
13.7,94.26653645060513,19.22109739593322,9.221266585011843,0.15055822416946787,0.0585202613907581,0.14720073118993512,0.05687111095080903,0.5045674542580113,2.1582772630886026e-05,SPLMSFT
13.75,94.26815515855245,19.22795211886114,9.228410482752667,0.1509950332428655,0.05870847222939144,0.14766201618682384,0.057069764612101434,0.5068228539979388,2.1582772630886026e-05,SPLMSFT
13.8,94.26923429718398,19.23520248184684,9.235349344153496,0.1514261223635294,0.05889599545041519,0.14811836146343693,0.05726831410590487,0.509261707305229,1.618707947316452e-05,SPLMSFT
13.85,94.26977386649976,19.24246831557116,9.242234248622749,0.15184856179957157,0.059082504641030764,0.14856577926084488,0.05746579231608045,0.5115710639767338,1.618707947316452e-05,SPLMSFT
13.9,94.27031343581554,19.249452582566295,9.249183901409895,0.15228411527358857,0.059270103216538354,0.14902725102739334,0.05766447386537967,0.5140422914429702,1.0791386315443013e-05,SPLMSFT
13.95,94.2708530051313,19.257136443938197,9.255804416914419,0.15269427773790958,0.05945498784064058,0.14946163541768023,0.05786021255396452,0.5165728715339416,1.0791386315443013e-05,SPLMSFT
14.0,94.27193214376285,19.26345655293822,9.262921336189454,0.1531333189879838,0.0596424252317675,0.14992667831979714,0.05805865007297354,0.5189038109780773,1.0791386315443013e-05,SPLMSFT
14.05,94.27193214376285,19.27078901647801,9.26958501723924,0.15354459754064304,0.059826963536338644,0.15036235466497244,0.058254273744533756,0.5213750384443138,1.0791386315443013e-05,SPLMSFT
14.1,94.27301128239439,19.27758261342704,9.276415964776914,0.15397498910609547,0.060013138465634164,0.15081746685821226,0.058451041111433115,0.5237275606610803,1.0791386315443013e-05,SPLMSFT
14.15,94.27301128239439,19.284633340285264,9.283095832906174,0.15439212712253075,0.06019782227923027,0.15125935363641044,0.05864681494587751,0.5262365579794208,1.0791386315443013e-05,SPLMSFT
14.2,94.27301128239439,19.29145105123373,9.289818866580696,0.1548173567794186,0.06038299097148201,0.15171041555869705,0.05884315957403585,0.52865382851408,1.0791386315443013e-05,SPLMSFT
14.25,94.27355085171017,19.29869525202875,9.296326072528908,0.15522207831309046,0.060566079133409105,0.15213840879120877,0.05903692596975543,0.5309092282540077,1.0791386315443013e-05,SPLMSFT
14.3,94.27462999034171,19.305441610685463,9.302984357885535,0.15562024282777484,0.06074830753978526,0.1525590126486647,0.05922946562321769,0.5333372901749823,1.0791386315443013e-05,SPLMSFT
14.35,94.27516955965748,19.311936378266424,9.30969660017374,0.15603640426691412,0.060932114737473515,0.152999720197112,0.05942407876148005,0.5356250640738562,1.0791386315443013e-05,SPLMSFT
14.4,94.27516955965748,19.31875960113254,9.316230784587741,0.1564426604220511,0.06111480175608142,0.15343064613130494,0.05961778851198199,0.537993773370096,1.0791386315443013e-05,SPLMSFT
14.45,94.27624869828902,19.32548891513038,9.322754177615428,0.1568535204415835,0.061297695834657606,0.15386499021891542,0.05981107938844184,0.5403462955868625,1.0791386315443013e-05,SPLMSFT
14.5,94.27732783692056,19.332307428422727,9.329196635245747,0.15726312486173533,0.06148036538888373,0.1542990284043107,0.06000454173691995,0.5426934221104714,1.0791386315443013e-05,SPLMSFT
14.55,94.27732783692056,19.337882366681352,9.336086935408158,0.1576915632725958,0.06166455980408157,0.15475347320105076,0.06019985319401658,0.5452455849740737,5.395693157721506e-06,SPLMSFT
14.6,94.27894654486788,19.344211556688574,9.342626515515315,0.15811023591049628,0.06184754121808193,0.15519533872832367,0.06039288520154627,0.5476574598155752,5.395693157721506e-06,SPLMSFT
14.65,94.27948611418367,19.35011519114897,9.349284800871944,0.15853700018884923,0.06203092203829603,0.15564770111771803,0.06058726120710116,0.5502851623833855,5.395693157721506e-06,SPLMSFT
14.7,94.28002568349943,19.355505986449067,9.356099561330145,0.15896348544511768,0.06221401653117907,0.15609872655266346,0.060781052694868415,0.5524973965780514,5.395693157721506e-06,SPLMSFT
14.75,94.28056525281521,19.361579736380886,9.362595975892043,0.15937392693152325,0.0623954445054119,0.15653332167363918,0.060973098180341787,0.5550333723621805,5.395693157721506e-06,SPLMSFT
14.8,94.28056525281521,19.366948745709966,9.369324405259722,0.15980529507427166,0.06257857858889863,0.15699085832670415,0.06116727831362604,0.5574344558173666,5.395693157721506e-06,SPLMSFT
14.85,94.28056525281521,19.372484271201564,9.375939525071088,0.16022968766490586,0.0627608541383626,0.1574409962628696,0.061360547086910903,0.5596844598641364,0.0,SPLMSFT
14.9,94.28218396076252,19.378714646069966,9.382230903292992,0.1606250619587445,0.06294016664616117,0.15785912498855414,0.061550068421454426,0.5619344639109063,0.0,SPLMSFT
14.95,94.28218396076252,19.3841564573135,9.388792066172782,0.16105461645794322,0.06312264341525015,0.1583147301529164,0.061743550162181526,0.564265403355042,0.0,SPLMSFT
15.0,94.28218396076252,19.3901611357225,9.395083444394684,0.16146240723454536,0.06330291211754349,0.15874725171687568,0.06193468921436546,0.5664236806181306,0.0,SPLMSFT
0.0,47.73677650499371,13.341944780311747,7.871231782790976,0.07166291611315848,0.02138495699154031,0.08036600777647165,0.025175329624872466,0.0744605655765568,0.04257201901442269,MLR
0.05,48.439835323444825,13.373475877658922,7.87626596450713,0.0720535470315594,0.02156181181724031,0.08057567705931495,0.025280568488882403,0.0764947418970178,0.04176266504076446,MLR
0.1,49.19307408826275,13.405762801000611,7.880976404633821,0.07242255373840599,0.021736701832275242,0.08068730486667909,0.02535683270474611,0.07836165172958943,0.04080762735184776,MLR
0.15,49.92203223387092,13.437295285372617,7.885967420804714,0.07281695145494865,0.021914096737554227,0.08085526279155227,0.025442532970286,0.08047136775425855,0.039949712139770034,MLR
0.2,50.6218536364274,13.468769531815774,7.890958436975606,0.07321302330399876,0.022091698961293187,0.08101651392575064,0.02553512087181743,0.08247316991577323,0.03904323568927282,MLR
0.25,51.33624341050973,13.500602437159186,7.895782186658609,0.07359026116234021,0.02226744779364058,0.08111663361466423,0.02560900712084759,0.0846746127241236,0.03812596785246017,MLR
0.3,52.05656844706555,13.532528499214969,7.900546583716877,0.07396526684400512,0.022443100307328066,0.08124762519952736,0.025690847659794666,0.0865037527045912,0.037300426799328774,MLR
0.35,52.776353914305595,13.564663859373537,7.905203066911991,0.07432381022268025,0.02261715808152848,0.08141314554451397,0.025789018200059414,0.08858109457031398,0.036480281439355104,MLR
0.4,53.50800990649264,13.59721939172562,7.9096653051534265,0.07467761022591768,0.022790724585295248,0.081538385285576,0.025873134512554893,0.09069081059498309,0.03567092746569688,MLR
0.45,54.19973776931254,13.629597183164675,7.914176104633282,0.07503001511873221,0.02296423458993175,0.08169981196615231,0.025971750608103288,0.09266023859755143,0.03480222086730372,MLR
0.5,54.903336157079416,13.661017566147942,7.9190430198615465,0.07542008799296401,0.023141304975356467,0.08184531635119995,0.02605602427894487,0.0949102426443213,0.034046823825222707,MLR
0.55,55.596682727846634,13.693891940534591,7.923300221762989,0.07575477498340824,0.023312908266037224,0.08199422680732538,0.026148750083104945,0.09720341223635294,0.03325365693103764,MLR
0.6,56.27492135777222,13.726718213839588,7.927546632278116,0.07609783263638963,0.02348505072632569,0.08208714765666947,0.026225576886544283,0.09953974737364636,0.032384950332644484,MLR
0.65,56.95909525017131,13.758547878600076,7.932159949927968,0.07648260409101455,0.02366098598367476,0.08228147110757457,0.026316061093208946,0.10188687389725522,0.03168890591529841,MLR
0.7,57.6141323995187,13.790876830688253,7.936541252772037,0.07683765969363254,0.02383379531531572,0.082405617936279,0.026400587101321524,0.10424479180717951,0.030890343327955625,MLR
0.75,58.309637247549006,13.8236577787867,7.940712123582956,0.07717639250430307,0.024004811029216467,0.08253166676228636,0.02648056759309024,0.10645163030868761,0.03016192475166322,MLR
0.8,58.97870319910648,13.856466500082787,7.944839828848613,0.07751582287018502,0.024175658977123444,0.0826430682024024,0.026557499227272942,0.10881494391176963,0.02943890186852854,MLR
0.85,59.66503536876865,13.889391066450822,7.948886598716904,0.07785009132750238,0.024345671703567495,0.08276520120456868,0.02664078295490578,0.11126458860537519,0.028769835916971073,MLR
0.9,60.35136753843082,13.921337767917214,7.953289484333605,0.07819747382279464,0.024516609647368178,0.08290212486254034,0.026724330193338034,0.1136009237426686,0.028133144124359934,MLR
0.95,61.03985798535609,13.954074710272739,7.957341649895054,0.07853341641261942,0.02468611231189509,0.08300857761630734,0.026798915157867333,0.11599661150469695,0.02743709970701386,MLR
1.0,61.69705341196657,13.987169296747254,7.9612157575822975,0.07884299141545217,0.024852673805183887,0.08305577177838996,0.026863224449366188,0.11858654422040328,0.02675184667598323,MLR
1.05,62.35640711584014,14.019727698710746,7.965267923143747,0.07917558574026214,0.025021058483436356,0.08320357749184457,0.02695414570055084,0.12104158460716656,0.026125946269687537,MLR
1.1,62.99525718571436,14.052990078789087,7.9690017428088895,0.07948488172101029,0.025186787201890288,0.0833145159870151,0.027037055956816877,0.12350741638024529,0.02550004586339184,MLR
1.15,63.61899931474697,14.085675016102751,7.972929807427711,0.07980492005201448,0.025353125048544006,0.08343952925610865,0.027124966173784733,0.126070370630163,0.024841771298149816,MLR
1.2,64.26594292435777,14.118664378503183,7.976696001251801,0.08010417123771804,0.025516908914921983,0.08357992269071247,0.027215668519775707,0.12859015933481896,0.024302201982377668,MLR
1.25,64.90695127149509,14.151797088567893,7.980365072599051,0.0804006322025759,0.025679906245468998,0.08365940139990358,0.027289725411245393,0.13103440833526678,0.02370328004187058,MLR
1.3,65.55335531179013,14.185102249398692,7.9839316257763056,0.0807007204545332,0.025842937278555567,0.08374745886148881,0.027362382998410748,0.1333707434725602,0.023001839931366782,MLR
1.35,66.17817657945429,14.218153001029732,7.987562927271452,0.08100011115127906,0.02600541546446516,0.08387821319200979,0.027450255292972462,0.1359822589608974,0.022408313684017418,MLR
1.4,66.80137913917112,14.251225203581003,7.991145667528179,0.08128806194255744,0.026166178495241995,0.08398474891967207,0.027532612755486744,0.1386369399944964,0.021793204664037166,MLR
1.45,67.36253122757415,14.283575194303884,7.994976609670161,0.08160531005271592,0.026329195959897633,0.08412452407385157,0.027619752894474176,0.1412484554828336,0.021183491337214637,MLR
1.5,67.96523015329164,14.316388755243622,7.998580932699519,0.08189856226360119,0.026489292868053092,0.08423326552452326,0.02770060568765774,0.14396248914116752,0.020654713407757926,MLR
1.55,68.54256932116785,14.349209459156482,8.002142090183616,0.08219083789719046,0.026648663088000676,0.08435359203980099,0.02778652571149108,0.14652544339108522,0.020055791467250842,MLR
1.6,69.14472867756956,14.382090361858204,8.00563849934982,0.08247418482407343,0.026806638719589274,0.08441858501108095,0.02785148931538549,0.14891033976679816,0.01958636616252907,MLR
1.65,69.72314698407732,14.414749125946189,8.009183469754442,0.08276046148284438,0.026964377601624342,0.08452903067636588,0.02793185893290554,0.15146250263040043,0.019073775312545525,MLR
1.7,70.306421414427,14.447493298772164,8.012652900454857,0.08303906503428964,0.027120781665652776,0.08458557806923968,0.0279953897900754,0.15400926980084498,0.018577371542035148,MLR
1.75,70.87296919598776,14.48026362961956,8.016073769916852,0.0833235280495109,0.027277251991895478,0.08471510697291988,0.028081968776147388,0.1566261809823399,0.018043197919420717,MLR
1.8,71.39958884818138,14.51345337499904,8.019284207345697,0.08358441369858577,0.027430805169821628,0.08481108768429724,0.028163498582529645,0.15906503428963,0.01758995969417211,MLR
1.85,71.94185601053239,14.546634930030496,8.022456874922437,0.0838391608618001,0.02758317222813752,0.08490581225812256,0.028242846068193196,0.16171431963007127,0.01711513869629262,MLR
1.9,72.49653326714616,14.579651886594347,8.025651125271809,0.08409279193667614,0.027734666560035745,0.08494223280738317,0.028301972646440642,0.16444454036787837,0.016602547846309077,MLR
1.95,73.06092277144384,14.612698206966186,8.028791418689602,0.08434558594529847,0.027885416383215022,0.08502466218631376,0.02837626314025814,0.16704526446990012,0.016127726848429582,MLR
2.0,73.59725467132135,14.645773644859732,8.031877755175818,0.08459656631037105,0.028035326800447954,0.08509808609970676,0.028446982107601018,0.16945174361824392,0.01565290585055009,MLR
2.05,74.11416207583108,14.678649902165404,8.03500186151414,0.08484754667544366,0.028184550350233224,0.08521855845309335,0.02853407722821254,0.17221433851499732,0.01511333653477794,MLR
2.1,74.64347957460356,14.711455330843632,8.038109780772986,0.08509936410676996,0.028333065262234162,0.08528355046660739,0.028598636206901683,0.1748959980143849,0.014697868161633385,MLR
2.15,75.12207755769344,14.74424211189679,8.04117993017973,0.08533932309950198,0.028479653486877303,0.08535863680634363,0.02867399743898733,0.17759384459324568,0.014309378254277435,MLR
2.2,75.59851726352026,14.777411692933065,8.044050438939639,0.08556533098800537,0.02862406347538999,0.08543244336909121,0.028753809194123365,0.18035643948999908,0.013899305574290602,MLR
2.25,76.06308644440008,14.81073973223012,8.046813033836392,0.08578380528022533,0.02876695358581325,0.08550839832588494,0.02883106498448702,0.1829949334441249,0.013489232894303767,MLR
2.3,76.52603691733259,14.843577060265913,8.049726708141561,0.08600716245892527,0.028909502493024382,0.08557521459796372,0.028906751497641256,0.18562263601193527,0.013025203282739718,MLR
2.35,77.00463490042249,14.876393862293249,8.052602612594628,0.08623456545785155,0.029051595440103266,0.08565534880005606,0.02897794719474609,0.18833127397711147,0.012674483227487819,MLR
2.4,77.47082278924961,14.90888066001551,8.055564848138216,0.0864642006334544,0.02919311151995273,0.08573652158045396,0.02905382196148405,0.19100214209018362,0.012291389013289591,MLR
2.45,77.92406101449822,14.942062334920495,8.058203342092343,0.08666746822206516,0.02933123113688418,0.08580771006585006,0.029130786172642528,0.19352193079483956,0.011935273264879974,MLR
2.5,78.37891794769415,14.97500236450934,8.060895792978044,0.08687910647321309,0.029469448289982582,0.08588039553358759,0.029207715346915884,0.19611186351054588,0.011562970436997189,MLR
2.55,78.79438632083871,15.007117195442076,8.063874215601107,0.08710525387275875,0.02960826713777063,0.08596705686424891,0.029282400016090938,0.19888524979361474,0.011115127904906303,MLR
2.6,79.24924325403462,15.039952863527565,8.06651810524839,0.08730740537303124,0.029743794858129204,0.08602764309787234,0.029353606053797034,0.20155072221352915,0.010618724134395924,MLR
2.65,79.66956775102113,15.072118776906692,8.06938321831514,0.08751876460209462,0.02987925806445557,0.08611644672003468,0.0294286893315677,0.20443741805291016,0.01024102561335542,MLR
2.7,80.10931674337543,15.104282826734005,8.072199770143472,0.08773319307408826,0.030013985537784157,0.08617314095198322,0.029493856153694167,0.20731871819913344,0.009890305558103522,MLR
2.75,80.52100813130959,15.136296499949307,8.075027113358118,0.08794190159334819,0.030147103471143317,0.08622391765841106,0.029556421165397556,0.21004893893694054,0.009544981196009345,MLR
2.8,80.90194406824473,15.168174063429513,8.077859852265922,0.08814586673717036,0.03027876924743162,0.08629404217743336,0.02962327059817788,0.21278995106106305,0.009237426686019219,MLR
2.85,81.27964258928523,15.199761689646214,8.080762735184775,0.08835276161288061,0.030409825916797032,0.08635476264953064,0.02968961720446661,0.2153583010041385,0.008886706630767321,MLR
2.9,81.66489508074655,15.231870280224555,8.083412020525216,0.08854472880706621,0.030538558461799672,0.08642093641312966,0.0297593742348938,0.2179482337198448,0.00859533920025036,MLR
2.95,82.04097489383973,15.263364850782446,8.086260946512494,0.08875246074903012,0.0306679272660195,0.08651401377187619,0.029833099128543757,0.22045723103818532,0.008293180383417956,MLR
3.0,82.38414097867083,15.29478248932372,8.089093685420298,0.0889546122493026,0.030795826527486973,0.08662509338834855,0.02991608131218693,0.2233601139570395,0.00798562587342783,MLR
3.05,82.74133586571199,15.326620446633662,8.091710596601793,0.08913918535824704,0.03092101661269461,0.08666338633295728,0.029975313101214998,0.22580436295748732,0.007705049829226311,MLR
3.1,83.08342281191153,15.358491409876937,8.094268155158552,0.08931775949237318,0.031044742164795813,0.08672030632350743,0.03004321275568088,0.22836731720740505,0.007505409182390616,MLR
3.15,83.42227234221644,15.390258572557393,8.096814922328997,0.08948015034559413,0.031165748672199164,0.08676022617053342,0.030106988721895777,0.23142667522783314,0.007278790069766313,MLR
3.2,83.75033048620591,15.421353519768944,8.09957751722575,0.08966207274473516,0.031287464033528174,0.08683482824690596,0.030177059208868692,0.23411373042037845,0.007052170957142009,MLR
3.25,84.06813681319571,15.452575601018607,8.102242989645665,0.08983771714697328,0.03140761699058617,0.08692774388662823,0.03025414061255562,0.23667128897713846,0.0067769906060982125,MLR
3.3,84.37137476865966,15.483747543651623,8.10488148359979,0.09000736257439311,0.031526218799181674,0.08699496981479585,0.030323774626479116,0.2392720130791602,0.006571954266104795,MLR
3.35,84.6978142047018,15.515136443387261,8.107385085224973,0.09017212511533294,0.031643315617330595,0.08705911360552451,0.030390494846837337,0.24183496732907794,0.0063723136192691,MLR
3.4,85.0021312987973,15.545571639856798,8.110223219825935,0.0903645108426454,0.03176213168750676,0.08716858094288961,0.030467997556142632,0.2443871301926802,0.006161881586117961,MLR
3.45,85.29997356110353,15.576763698915324,8.112710634371645,0.0905174149449909,0.03187609902904839,0.08722484939496106,0.030534991401298103,0.24703101983996373,0.005973032325597708,MLR
3.5,85.58378702119967,15.60750706317716,8.115332941246297,0.09068427015156502,0.03199049129212799,0.08729112096586075,0.030602539807551853,0.249351167897784,0.00569245628139619,MLR
3.55,85.84224072345454,15.637949456303927,8.118030787825157,0.09084275469560199,0.032103099613371794,0.0873489574716834,0.0306693636972973,0.2519572876929635,0.005476628555087329,MLR
3.6,86.12497504491915,15.668372149803384,8.120690864551914,0.09099607733107434,0.03221424780020024,0.0874289430014159,0.03073942944507394,0.2543745582276227,0.005282383601409355,MLR
3.65,86.38181003922669,15.698546303287419,8.123404898210248,0.0911604213388873,0.032325539943107204,0.08751025492523141,0.030810054891630245,0.256829598614386,0.0051313041929931524,MLR
3.7,86.64673857327082,15.728558398419274,8.126140514641213,0.09132309121419284,0.03243584460001518,0.08760319043497213,0.030883404744741272,0.2590903940474713,0.005001807557207837,MLR
3.75,86.89548002784177,15.758612868203969,8.128816778447444,0.09147822749321491,0.03254460869069416,0.08767111568123394,0.03095078958625659,0.2613673765600298,0.004839936762476191,MLR
3.8,87.14584019036006,15.789096590163796,8.131277214527364,0.09161620391403581,0.032650795705883494,0.08772101452541639,0.031013749355634748,0.26376306432205815,0.004645691808798217,MLR
3.85,87.3832506892998,15.819146178095163,8.13386714724307,0.0917603188207173,0.03275665266202871,0.08778315559123186,0.031078139942959025,0.26612637792514016,0.004521590866170623,MLR
3.9,87.61796334166068,15.848884543579187,8.136538015356143,0.09191615265495084,0.03286275457243627,0.08785260076977554,0.03114205752543697,0.2683170293471751,0.004365115764596699,MLR
3.95,87.83163279070646,15.87835168989481,8.139273631787107,0.09207212600022661,0.03296798250485412,0.0879368626068153,0.031211703052601812,0.2708044438928847,0.004235619128811383,MLR
4.0,88.06202888854116,15.907465508645206,8.142106370694911,0.09222558814674126,0.033072018308144616,0.08801714582618499,0.031278784085442726,0.2730868220986009,0.0040629569477642945,MLR
4.05,88.27461919895539,15.936730179024524,8.144836591432718,0.09237751567179078,0.03317502400230774,0.08810529749025073,0.031350635393614934,0.2753584089180017,0.0039118775393480925,MLR
4.1,88.48073467758036,15.965594271449923,8.147685517419996,0.09252902466371342,0.03327711016908682,0.08819143799395063,0.03141946810963347,0.277559851726352,0.003696049813039232,MLR
4.15,88.66796523015329,15.994165590640494,8.15060998311148,0.09268025463355149,0.03337831418796272,0.08827788558458234,0.03148844013043951,0.27979906438680646,0.0035989273362002448,MLR
4.2,88.86059147588395,16.022782924346803,8.15347509617823,0.09283315873589702,0.033478879869472684,0.0883684943165258,0.031558977150577795,0.2819465502635796,0.003491013473045815,MLR
4.25,89.04296590461493,16.05133357781921,8.156324022165508,0.09297615755424019,0.03357760635190505,0.08844523718686752,0.0316251975652303,0.2842181370829804,0.0033938909962068276,MLR
4.3,89.21454894703048,16.07934966751166,8.159345610333832,0.09311999343883712,0.033675546621108665,0.08852471143797173,0.031691769770304426,0.28627929186922996,0.003237415894632904,MLR
4.35,89.38343414286717,16.10741986949513,8.16230784587742,0.09326564296698375,0.033772958944598724,0.0886142028891022,0.03176172765575328,0.2882595112581138,0.0031348977246361954,MLR
4.4,89.5474632148619,16.135544673926933,8.165210728796275,0.09341380369389155,0.033869918936863315,0.08871377579069782,0.03183295790092939,0.2902019607948935,0.003016192475166322,MLR
4.45,89.72120453454053,16.16320012435763,8.168264691123545,0.09355289620305071,0.033965355821728896,0.0887889097021343,0.03189551560103117,0.29221455434272364,0.0029460484641159424,MLR
4.5,89.8728235122725,16.191313707156745,8.171097430031349,0.09369087262387162,0.03405995173686683,0.08887662371220671,0.03196524155599549,0.2941893780384497,0.0028165518283306263,MLR
4.55,90.03199646042529,16.218661387445383,8.17419995359704,0.09383289486491883,0.03415424959159118,0.088953168843155,0.032028875526310396,0.2961749931204912,0.0027248250446493608,MLR
4.6,90.19386725515693,16.24643643356963,8.177092045129578,0.09396668595447112,0.03424695643622813,0.089025698024037,0.03209232009970374,0.29818758666832135,0.0026169111814949306,MLR
4.65,90.3535797726255,16.273004921687015,8.180431979194207,0.09411861347952065,0.03434081055717845,0.08911368331790628,0.032156193378547374,0.30003830942141985,0.0025413714772868296,MLR
4.7,90.4927886560947,16.300349137729853,8.183426588896742,0.09425156750281924,0.03443222565002618,0.08919813557684855,0.032223676722383715,0.3018188881634679,0.0024874145457096145,MLR
4.75,90.63955150998473,16.3274460820159,8.186485946917172,0.09438466103716016,0.03452307198739608,0.08927257876596126,0.0322865980908555,0.3035401142807811,0.002395687762028349,MLR
4.8,90.78469565592744,16.353704365126376,8.18984746375443,0.09453337980823708,0.03461487365585523,0.08937588170266382,0.03235557452770269,0.3052505490117788,0.0022823782057161974,MLR
4.85,90.90663832129195,16.380177461381017,8.193090275342222,0.09467344889469224,0.03470529587302921,0.0894782115859449,0.032427329595679184,0.30704191914014234,0.002223025580981261,MLR
4.9,91.03775366502458,16.406202874356566,8.196478770645271,0.09482244668785376,0.0347960276731135,0.0895804361942355,0.03249423347919817,0.3088171021890327,0.002142090183615438,MLR
4.95,91.14890494407364,16.432860088213054,8.199581294210962,0.09495777239887121,0.03488486912849289,0.08967935698429519,0.03256446807087052,0.31038185320477196,0.0020611547862496157,MLR
5.0,91.27246631738547,16.459293858828524,8.202743170401385,0.09509142397738124,0.03497312241686174,0.08977515383251163,0.0326333310413298,0.3120491223905079,0.0019748236957260715,MLR
5.05,91.39440898274997,16.485023616644675,8.206153248477065,0.09523749203865474,0.03506198290238181,0.08988525839512587,0.03270281769767368,0.3138027226667674,0.0019046796846756918,MLR
5.1,91.50232284590439,16.510754554500277,8.209530952393798,0.09537756112510992,0.03514974440106112,0.08998035588263043,0.032769333301293876,0.3153674736825066,0.0018237442873098692,MLR
5.15,91.5972870454803,16.53594036601184,8.213097505571053,0.09552837256182116,0.035238150618238005,0.09011263788878415,0.03284556204296199,0.3169699945503499,0.0017751830488903757,MLR
5.2,91.70034478479278,16.561099480972512,8.216642475975677,0.09567137138016435,0.035325264875318986,0.09021355586021851,0.03291236697992531,0.318653450815559,0.001705039037839996,MLR
5.25,91.80556080136834,16.586205243286493,8.220176654993983,0.09582190379479098,0.03541257514700696,0.09032990377675641,0.03298136779447695,0.3202289932176137,0.0016564777994205026,MLR
5.3,91.91779121904895,16.611307836226196,8.223683855546502,0.0959728547425445,0.0354995663024647,0.0904472792420489,0.03304968737849948,0.32174518299493343,0.001597125174685566,MLR
5.35,91.99117264599397,16.635471672680982,8.227536380461116,0.09613873337182262,0.03558757249229729,0.09058168619860402,0.0331230950910831,0.32325058138593776,0.001564751015739237,MLR
5.4,92.07264761267557,16.659927614825612,8.23124322166047,0.09628731263185723,0.03567351301660163,0.0907032074120522,0.033195776009258174,0.3247020228453648,0.0014946070046888574,MLR
5.45,92.14980602483098,16.683636489298465,8.235219847517712,0.09644384402130218,0.03575981207168588,0.0908348240584598,0.03326925293302111,0.32629375232689267,0.0014622328457425283,MLR
5.5,92.23397883809143,16.70779392401256,8.238986041341802,0.096598840789282,0.03584548221255997,0.09096883173043173,0.033342388030789094,0.3278045464110547,0.0014298586867961993,MLR
5.55,92.33002217629888,16.73143999678215,8.242930293040095,0.09675718582227665,0.035931181056836195,0.09109843733563971,0.03341189623315193,0.3291588653936428,0.0013705060620612627,MLR
5.6,92.40394317255966,16.755789421434127,8.2465669902284,0.09690102170687356,0.03601517396730414,0.09121790863916382,0.03348360483163224,0.3304916016036,0.0013165491304840476,MLR
5.65,92.46923105976809,16.778489423045848,8.250840379209315,0.09707317833305455,0.03610175617660306,0.09137755055550367,0.03356267773168629,0.33158153162145976,0.0012841749715377187,MLR
5.7,92.5409937787658,16.801182898084193,8.255092185417599,0.09724212620526294,0.036187834423773234,0.0915305626177052,0.03363946881050742,0.3328711022861552,0.001235613733118225,MLR
5.75,92.60574209665845,16.824343399828972,8.259133559592733,0.09740144781555361,0.036272804329851416,0.09167280662358927,0.03371474659130383,0.3341282987919043,0.001192448187856453,MLR
5.8,92.67049041455111,16.847243230179856,8.263255869165233,0.09756230404730942,0.0363577388039103,0.09181018495595315,0.033788682220063745,0.3353261426729185,0.0011223041768060734,MLR
5.85,92.73955528696995,16.870612286311047,8.26716774670458,0.0977124179288092,0.036441464969229745,0.0919489586622992,0.03386425052544419,0.3365185908607749,0.0010737429383865797,MLR
5.9,92.79890791170487,16.893394448545322,8.27129005627708,0.09788136580101763,0.03652679745663925,0.09211099462168652,0.033945012462280245,0.3378944926159939,0.0010251816999670863,MLR
5.95,92.85987924438713,16.916076752668452,8.275428552929052,0.09804724443029572,0.03661165612656357,0.0922625011504939,0.03402125132166871,0.33890348723648783,0.0010089946204939217,MLR
6.0,92.9165340225432,16.93832910904907,8.27971812898944,0.09821800594605386,0.036696934586304464,0.09241059472140761,0.034095628691135166,0.34004197849276707,0.0009712247683898712,MLR
6.05,92.96239741438383,16.960476448257392,8.28402928782246,0.09839699861330685,0.03678297948923796,0.09257735622496954,0.0341750431883663,0.34103478603378784,0.0009496419957589851,MLR
6.1,93.01851262322415,16.98241238224402,8.288405194973372,0.0985712479051221,0.03686856619474469,0.09273778122208429,0.034252345638639936,0.3420114064953354,0.0009226635299703777,MLR
6.15,93.06437601506478,17.0047574370485,8.292597648556923,0.09874186990983795,0.03695380211648307,0.09289610371117642,0.0343309635606664,0.34309594082003747,0.0008956850641817702,MLR
6.2,93.12103079322085,17.026716291209265,8.296924994469414,0.09892281573168296,0.037040028335378276,0.09306835618597319,0.03441121810330447,0.34412112252000454,0.000852519518919998,MLR
6.25,93.17768557137693,17.048260931641973,8.301398024097166,0.09910473813082399,0.03712635124352109,0.09323276317541941,0.03448870386149514,0.34508695159523667,0.000830936746289112,MLR
6.3,93.22031154732294,17.06965361738011,8.305914219270178,0.09927954546680841,0.037212075001019244,0.09339321652157807,0.034567430999773774,0.3459394711141567,0.0007931668941850615,MLR
6.35,93.26077924600584,17.09104588912822,8.310414227363719,0.09946188639907624,0.03729866739176038,0.09356615971719999,0.0346487665201318,0.3467973863262344,0.000766188428396454,MLR
6.4,93.3001678060572,17.112664224652256,8.314806321594103,0.09964032102216011,0.037384988657090376,0.0937333082884175,0.034729550464039714,0.3477794024809397,0.0007392099626078464,MLR
6.45,93.34549162858207,17.13355904070267,8.319468200482374,0.09982531266423142,0.037471963829652566,0.0939058534104046,0.03480981133318329,0.3487560229424873,0.0007068358036615174,MLR
6.5,93.38595932726498,17.153898814229375,8.324335115710639,0.10002369736636219,0.037560363495793225,0.09409507452838364,0.03489227408121503,0.34964631231351134,0.0006852530310306313,MLR
6.55,93.43236228842137,17.174367243791078,8.329131886927854,0.10021301385074433,0.03764795380516802,0.09427261759865095,0.03497293000447911,0.35057437153663945,0.0006636702583997453,MLR
6.6,93.46743429394657,17.19461691380108,8.333998802156119,0.10041293317434023,0.03773670512556234,0.09446919607911052,0.035058482817013015,0.3514322867487172,0.0006582745652420238,MLR
6.65,93.49279405178787,17.213771383552388,8.339286581450686,0.10063001235613733,0.037827271618619214,0.0946885926370525,0.035148357957997374,0.3522416407223754,0.0006366917926111377,MLR
6.7,93.52193079483956,17.23400678339949,8.344126518213162,0.10083062923494465,0.03791645927951302,0.09488837390596963,0.035235800975726435,0.35310495162761085,0.0006151090199802518,MLR
6.75,93.55484452310166,17.253661257135725,8.349182282701948,0.1010350129118937,0.038006187954539056,0.0950879199021847,0.03532212103324649,0.3538711400560073,0.0006043176336648087,MLR
6.8,93.58074385025871,17.271932990620382,8.354777616506505,0.10126325297707371,0.03809854447759037,0.09531727724347881,0.035413030032403627,0.3545671844733534,0.0005881305541916443,MLR
6.85,93.60988059331042,17.29165277054257,8.359779424063712,0.10147349611779878,0.03818944036898692,0.09552427588910023,0.03550136335301021,0.35530639443596124,0.0005611520884030367,MLR
6.9,93.63793819773058,17.311066765168533,8.364889145484074,0.10168429730269299,0.038280656046825255,0.09573493079485082,0.035591258961893385,0.35609416563698854,0.0005125908499835431,MLR
6.95,93.65898140104568,17.32966687320155,8.370311817107584,0.10191532758871868,0.038374187067492856,0.0959690303431827,0.035684976065024236,0.3566930875774956,0.0004856123841949356,MLR
7.0,93.68542029751852,17.348677360753914,8.37555643085689,0.10212766339507803,0.038466223421230974,0.09618050779243217,0.03577521713059951,0.35738913199484174,0.0004802166910372141,MLR
7.05,93.70754263946517,17.367496209144964,8.380865792924087,0.10235548492713116,0.03856017851238138,0.09640568550880686,0.03586738492889384,0.3580150324011374,0.0004640296115640496,MLR
7.1,93.7361398132011,17.386986032205566,8.385894578947084,0.10257088997642079,0.03865333153313168,0.09662036130874258,0.03595878229657787,0.3586085586484868,0.00045323822524860656,MLR
7.15,93.75232689267426,17.405647923971856,8.391241710866387,0.10280750070413798,0.03874892936564592,0.09685918252241672,0.036054591246231074,0.3592668332137288,0.0004478425320908851,MLR
7.2,93.77283052667362,17.424200377193596,8.396621216944634,0.10303936805641736,0.03884452258335166,0.09709270778862086,0.036149847006807984,0.35979561114318553,0.00042086406630227754,MLR
7.25,93.79549243793603,17.44250144145883,8.402092449806565,0.10327318856328879,0.0389408654284328,0.09732969228114177,0.03624591672250934,0.3603189933794845,0.0004100726799868345,MLR
7.3,93.81437736398807,17.460220318147094,8.407784906087961,0.10352347137314993,0.03903927191550534,0.09758417162346365,0.03634490275606163,0.36091251962683385,0.0004100726799868345,MLR
7.35,93.83434142867164,17.478234113946442,8.413347865733572,0.10376496498734712,0.039137309192892294,0.09783251696893724,0.03644435852066224,0.3614574846357637,0.000404676986829113,MLR
7.4,93.8580824785656,17.49554523780541,8.419180610037069,0.1040187355732654,0.03923702793713343,0.09808810642138543,0.03654320302585667,0.3620510108831131,0.00038848990735594846,MLR
7.45,93.86833429556528,17.51385461463649,8.424603281660579,0.10425367216847516,0.03933543881549127,0.09833362182917646,0.03664492544056568,0.3625797888125698,0.0003776985210405055,MLR
7.5,93.88829836024884,17.532137964697085,8.430025953284089,0.10449056191827683,0.03943457662410223,0.09857497842603127,0.03674480641516979,0.36307079688992244,0.00037230282788278395,MLR
7.55,93.90448543972202,17.549573619443954,8.43577776219022,0.10475144756735176,0.03953661458658295,0.09884531476246292,0.03684950822478473,0.3635779920467483,0.00037230282788278395,MLR
7.6,93.92175165782672,17.566904465469555,8.441561945255296,0.10500689228577749,0.039638728032346665,0.09910699211802282,0.03695295365509931,0.3640582087377855,0.00036690713472506246,MLR
7.65,93.93254304414216,17.583521951454706,8.447621308671419,0.10528214757220787,0.03974334405050028,0.09939413666651348,0.0370609958221091,0.3645600082014536,0.00035072005525189795,MLR
7.7,93.9454927077207,17.59982091114012,8.45379937733701,0.10555907699114567,0.03984878256549528,0.0996811527292777,0.037169351288433315,0.3649862679609136,0.00035072005525189795,MLR
7.75,93.95736323266769,17.617308916461628,8.459491833618406,0.10582219481689713,0.03995349928175562,0.09995572586628688,0.03727770490758205,0.3655042545040549,0.00035072005525189795,MLR
7.8,93.97355031214086,17.634393117848845,8.465335369308217,0.10609270672788979,0.04005952884516581,0.10023483006821154,0.03738592388532441,0.36601144966088067,0.0003399286689364549,MLR
7.85,93.98110428256166,17.65031951670102,8.47163214322328,0.10638219214063335,0.04016802977138902,0.10053791592508811,0.03749895538151957,0.3665941845219146,0.00033453297577873344,MLR
7.9,93.99459351545596,17.666733126640157,8.477723880798347,0.10666484151230485,0.040276502539264986,0.1008287969323146,0.03760960906771982,0.3670150485882169,0.0003291372826210119,MLR
7.95,94.00376619382409,17.68197939791397,8.48427425229182,0.10697023118386906,0.04038790422236002,0.10114664768683272,0.037724827939482605,0.3674251212682037,0.0003291372826210119,MLR
8.0,94.01239930287645,17.698432301900265,8.490333615707941,0.10725748441993599,0.04049828361383049,0.10144810156339679,0.03783998804991451,0.3678783594934523,0.0003237415894632904,MLR
8.05,94.0210324119288,17.71506571372113,8.496312043726697,0.10754376107870697,0.04060928777237772,0.10174668080710696,0.03795487551858879,0.36833699341185866,0.0003129502031478474,MLR
8.1,94.0307446596127,17.73167734571542,8.502290471745452,0.10782850311601277,0.04072087256630929,0.10204314390313882,0.038070606779959,0.36868771346711054,0.0003129502031478474,MLR
8.15,94.04369432319123,17.747379921362434,8.508625015512617,0.10814212393907181,0.04083606117130438,0.10236821407506855,0.03818920887694663,0.3691517430786746,0.0003129502031478474,MLR
8.2,94.05340657087513,17.762871616403363,8.515035098983992,0.10846258080320287,0.04095266894926861,0.10269999284042403,0.03830950731835275,0.3695564200655037,0.00030215881683240436,MLR
8.25,94.06096054129594,17.778519789359393,8.521375038444313,0.10877620162626188,0.04106943573288038,0.10302739281575898,0.03843063554656689,0.3699125358139133,0.00029676312367468287,MLR
8.3,94.06851451171676,17.794232434511127,8.52768260374569,0.10909484484684323,0.04118756179542067,0.10336037590914303,0.038553230464057286,0.37024167309653433,0.0002913674305169614,MLR
8.35,94.07391020487447,17.810025623978678,8.533952399194963,0.10940330376133771,0.04130562644680847,0.10368456204186981,0.03867686114118863,0.3705330405270513,0.00028597173735923985,MLR
8.4,94.08470159118991,17.825556269780368,8.540319317121075,0.1097132972972973,0.04142467446640806,0.10400645322016402,0.03879970053902317,0.3710078615249308,0.00028057604420151836,MLR
8.45,94.09333470024227,17.841010570641107,8.546707817819817,0.1100309639405826,0.04154526981584708,0.10433600128450678,0.03892446775610146,0.3714071428186022,0.0002751803510437968,MLR
8.5,94.10358651724194,17.856107698425475,8.553231210847501,0.1103550480918131,0.04166734065658116,0.1046730284108827,0.03905086663567151,0.37182261119174675,0.00026978465788607533,MLR
8.55,94.10844264108388,17.87139887475214,8.559668272784663,0.11068596828411563,0.04179090525212083,0.10502163615306108,0.03918047227929,0.3722758494169954,0.0002535975784129108,MLR
8.6,94.11491747287315,17.886698331707198,8.56609454333551,0.1110259566941667,0.04191625268543518,0.1053796614724869,0.03931199169484551,0.3726157780859318,0.00024820188525518933,MLR
8.65,94.12085273534665,17.902439378914305,8.572337360318993,0.11134990133435489,0.04204098362455355,0.10571808503929782,0.039442067127975114,0.37300426799328773,0.00023741049893974628,MLR
8.7,94.12678799782014,17.91815913401738,8.578580177302477,0.11167440401871224,0.04216664181310981,0.10605779987159497,0.03957303111339102,0.373484484684325,0.00023741049893974628,MLR
8.75,94.13272326029364,17.933166690049344,8.585098174637004,0.11201397389563647,0.04229460058249787,0.10641570129371372,0.039707537543894306,0.37391074444378497,0.0002320148057820248,MLR
8.8,94.13757938413558,17.947927306587793,8.591707898755214,0.11236010079154819,0.042424163391867824,0.10677982034527823,0.03984340847541288,0.37422909034009055,0.00022661911262430328,MLR
8.85,94.13973766139867,17.96276509830199,8.59827985302132,0.11270413502182558,0.042554505760238934,0.10714282287129166,0.03998083420242837,0.3746391630200774,0.00022122341946658177,MLR
8.9,94.14621249318795,17.978229458504224,8.604592814015852,0.11303645032455092,0.04268464921012557,0.10749080305357511,0.040116620069736604,0.3750492357000642,0.00022122341946658177,MLR
8.95,94.15160818634565,17.99287846405583,8.611224120906693,0.11339094788299978,0.042817916676144846,0.1078650133070478,0.04025681620791309,0.37541614283478925,0.00021582772630886026,MLR
9.0,94.15754344881915,18.00698229257645,8.618065859830683,0.11376065214505779,0.04295365322572194,0.1082518954986963,0.04039840978976804,0.375847798287407,0.00021582772630886026,MLR
9.05,94.15862258745071,18.021389441430415,8.624778102118889,0.11412338085500154,0.043089707827082165,0.10863721987083613,0.040542700920492745,0.3762093097289743,0.00021582772630886026,MLR
9.1,94.16078086471379,18.03562848983947,8.63154969703183,0.11449336413914413,0.04322747648530578,0.1090278051011111,0.04068794463372765,0.3766463608747498,0.00020503633999341726,MLR
9.15,94.1645578499242,18.04929266017103,8.638542515364236,0.11488176288086849,0.04336801799659007,0.10943767790141991,0.040835855331564454,0.37714276464526014,0.00019964064683569574,MLR
9.2,94.16671612718727,18.06345926649238,8.645324901663493,0.11525021154354596,0.04350760509998326,0.10982762755411925,0.04098333913255054,0.3776013985636665,0.00019964064683569574,MLR
9.25,94.1699535430819,18.077389090866635,8.652193619053271,0.11563651761963596,0.04364996241048329,0.1102357037037037,0.041133406127802204,0.3779844927778647,0.00019964064683569574,MLR
9.3,94.17373052829232,18.089785226799798,8.659666654076716,0.11605951509984729,0.04379689872125789,0.11068104226659406,0.0412877375835821,0.37843773100311334,0.00019424495367797423,MLR
9.35,94.17642837487118,18.1040073670047,8.666400479137552,0.11644275193300707,0.04394103013321338,0.1110876212214965,0.0414403281282745,0.3788909692283619,0.00019424495367797423,MLR
9.4,94.17912622145003,18.117559834844695,8.673393297469959,0.11682905800909714,0.044086508337079666,0.11149506568506687,0.04159353419267367,0.37935499883992596,0.00018345356736253123,MLR
9.45,94.18290320666044,18.13124919090389,8.680321367484474,0.11723433758693809,0.044234843824954545,0.11192179439937669,0.04174967682848005,0.3798837767693827,0.00017805787420480972,MLR
9.5,94.18614062255509,18.14445614813177,8.68743289106635,0.11763208356849562,0.04438350157899536,0.11234054139025423,0.041905992185110784,0.3802992451425272,0.00017805787420480972,MLR
9.55,94.18829889981816,18.15765426082517,8.69453901895507,0.11804140896656284,0.044534380249157575,0.1127731416459481,0.04206513644144805,0.3808118359925108,0.00016726648788936672,MLR
9.6,94.19045717708126,18.17204203701918,8.701159534459594,0.11842255313408838,0.044683587006263285,0.11317565454899577,0.0422224827667141,0.38131363545617886,0.0001618707947316452,MLR
9.65,94.19207588502857,18.185699680205076,8.70806062600832,0.11883438973091678,0.044836775767964264,0.1136106439975024,0.04238422309751334,0.38187478754458193,0.0001618707947316452,MLR
9.7,94.19261545434435,18.19926360499184,8.714988696022834,0.11923660006582748,0.04499009848519829,0.11403685343415247,0.04254661029981529,0.38243593963298494,0.0001618707947316452,MLR
9.75,94.19423416229165,18.21250392915357,8.72203547128682,0.11965122688350156,0.045145685876817436,0.1144755208651968,0.04271103122550802,0.3829539261761262,0.0001564751015739237,MLR
9.8,94.19585287023897,18.22514865613368,8.729308865663427,0.12008231600416545,0.045303917608652475,0.1149309093575291,0.04287816311141579,0.38356363950294875,0.0001564751015739237,MLR
9.85,94.20016942476515,18.238183764012486,8.736414993552147,0.12050754566105334,0.04546267341162926,0.11537809027173164,0.04304474580208925,0.3841032088187209,0.0001564751015739237,MLR
9.9,94.2012485633967,18.250785649806375,8.743682992235598,0.12094477326757781,0.04562368140201531,0.11584091058847787,0.04321505436777743,0.3846967350660703,0.0001564751015739237,MLR
9.95,94.20448597929133,18.26427590391033,8.750584083784323,0.12135423817668735,0.045783090778042775,0.11627499120234604,0.0433836382775245,0.38524170007500014,0.0001564751015739237,MLR
10.0,94.20664425655441,18.27765941468007,8.757517549491995,0.12177039961582659,0.04594430325603608,0.11671689486586176,0.04355469428667225,0.38577587369761457,0.00015107940841620218,MLR
10.05,94.2088025338175,18.290768377402827,8.764548137676506,0.12219535025062991,0.04610742601632939,0.1171649979381443,0.043726708963798135,0.38649350088759155,0.0001456837152584807,MLR
10.1,94.21042124176482,18.30310260910538,8.771875488984692,0.12263773976571898,0.04627329859033302,0.11763182039254765,0.043901855983492805,0.38709242282809864,0.0001456837152584807,MLR
10.15,94.21311908834369,18.315485684342075,8.779170466133932,0.12308250096852691,0.0464404968484582,0.1181017164849262,0.04407844940529074,0.38785321556333735,0.00014028802210075918,MLR
10.2,94.21365865765947,18.327426770960965,8.786627314077903,0.12354149229764798,0.046610088653969754,0.11858777717070712,0.04425804809796476,0.38856005136699884,0.00013489232894303767,MLR
10.25,94.21419822697523,18.340492298790366,8.793620132410311,0.12396853559808557,0.04677764700861142,0.1190402184525514,0.04443554102160986,0.38929386563644897,0.00013489232894303767,MLR
10.3,94.214737796291,18.353815299853963,8.800494245493248,0.12438971943474715,0.04694563541153372,0.11948673144303623,0.044613505224280946,0.3901032196101072,0.00013489232894303767,MLR
10.35,94.214737796291,18.36532972936479,8.808075194379846,0.12485443071660202,0.047118818640732814,0.1199799783518793,0.044797210586799474,0.3909179692769232,0.00013489232894303767,MLR
10.4,94.21527736560678,18.37773391267986,8.815283840438562,0.1253079811150739,0.04729192965687539,0.12046187377728906,0.04498105670151749,0.39169494909163505,0.00013489232894303767,MLR
10.45,94.21743564286986,18.388887593912685,8.822978098881473,0.12579501416369454,0.04746939241869706,0.12097751958583407,0.0451688771815897,0.39254207291739734,0.00013489232894303767,MLR
10.5,94.21851478150141,18.40133339157035,8.83013818370177,0.12624075194379844,0.04764385038566261,0.1214502598357557,0.0453538880705781,0.3934107795157905,0.00013489232894303767,MLR
10.55,94.22175219739603,18.41397760732247,8.837201146045226,0.12669583696373551,0.04782019489709225,0.12193041304746197,0.045539622271158806,0.394214737796291,0.00013489232894303767,MLR
10.6,94.22498961329066,18.426218118898948,8.844409792103942,0.12713892403403604,0.047996454038839044,0.12239913252018556,0.0457258460502611,0.3950888400878419,0.00013489232894303767,MLR
10.65,94.22660832123799,18.438638131585154,8.851526711378977,0.12760670455882112,0.04817601874380273,0.12289361996873442,0.045915548058026445,0.39608164762886267,0.00012949663578531615,MLR
10.7,94.22660832123799,18.45052346404924,8.85883787560769,0.12807755432653653,0.04835681965434366,0.12339243098383465,0.04610725107237596,0.3971499948740915,0.00012949663578531615,MLR
10.75,94.22876659850108,18.462516642610176,8.86608429151851,0.12853780125503822,0.04853746253952917,0.12387878069366741,0.04629804261401494,0.3982021550398472,0.00012410094262759467,MLR
10.8,94.22984573713262,18.47467259258694,8.873244376338807,0.1289959555179056,0.04871878014752536,0.1243638674064785,0.04648993526081004,0.39931366783033784,0.00011870524946987314,MLR
10.85,94.23092487576416,18.487207818125196,8.880231798978055,0.12944685520657412,0.04890030128587759,0.12484065208055381,0.04668196940595975,0.4003334538371472,0.00011870524946987314,MLR
10.9,94.23254358371148,18.498962904563914,8.887510589047823,0.12991170599947122,0.049084101810224816,0.12533225349854563,0.046876187784406775,0.40132086568501024,0.00011870524946987314,MLR
10.95,94.23524143029034,18.510532475701915,8.894843336049165,0.13037613825924144,0.04926883590777418,0.12582313737839895,0.04707124226778478,0.40240000431655454,0.00011870524946987314,MLR
11.0,94.2357809996061,18.52266858489813,8.901927881165253,0.13084545340549175,0.0494549628512111,0.12632103136558828,0.04726866747648303,0.4034683515617834,0.00011870524946987314,MLR
11.05,94.23686013823766,18.534639988487385,8.909055591826604,0.1312985852708368,0.04964040051987368,0.12680072445777893,0.04746484077842962,0.40472015237437475,0.00011330955631215164,MLR
11.1,94.2379392768692,18.547083037992557,8.915967474761645,0.1317479503380402,0.049826158173226345,0.1272764094495402,0.04766135261121555,0.4060636799706474,0.00011330955631215164,MLR
11.15,94.23901841550075,18.559584279259493,8.922830796458268,0.13218727061019891,0.050011716485222575,0.12774186881641625,0.04785782527199572,0.4073046893969234,0.00010791386315443013,MLR
11.2,94.23955798481653,18.572025286763985,8.929694118154888,0.13262966012528798,0.050198399511554005,0.12821056823373808,0.04805557705769496,0.40853490743688387,0.00010251816999670863,MLR
11.25,94.2417162620796,18.583956257888445,8.936735497725715,0.13308990705378965,0.05038757556112575,0.12869659273678727,0.048255189516674936,0.4098190824084216,9.712247683898712e-05,MLR
11.3,94.24225583139538,18.595850881214247,8.943766085910227,0.13355964073316676,0.05057848044247977,0.1291938439271278,0.04845736269969836,0.41110865307311706,9.712247683898712e-05,MLR
11.35,94.24333497002692,18.607845871260366,8.950731925776845,0.13401863206228787,0.050769188508178804,0.12968013264324646,0.048659262068110685,0.4124305978967588,9.172678368126562e-05,MLR
11.4,94.24495367797424,18.6200431413736,8.957589851780309,0.13446590446385692,0.05095951277379621,0.13015337848591893,0.04886065415724927,0.4137093771751388,9.172678368126562e-05,MLR
11.45,94.24495367797424,18.632025221422847,8.964507130408508,0.1349303367236272,0.05115227527122034,0.13064587513382606,0.049065082243045725,0.41510146600983094,9.172678368126562e-05,MLR
11.5,94.24549324729001,18.64334164770158,8.971661819535647,0.13540439524531517,0.051346664837638216,0.13114827911237317,0.04927100016454771,0.416612260093993,9.172678368126562e-05,MLR
11.55,94.24549324729001,18.655069580734782,8.978622263709108,0.13587552403511516,0.051541440733526386,0.13164817441088236,0.04947759036249286,0.4180529101671046,8.63310905235441e-05,MLR
11.6,94.24657238592155,18.666574518987932,8.985642060507303,0.13634065385009686,0.051736301562692655,0.13213989534550866,0.049683684138286055,0.4196068697965284,8.63310905235441e-05,MLR
11.65,94.24711195523733,18.677704812987105,8.99278056255497,0.13682824494288656,0.05193396154583687,0.1326564927206004,0.04989317108475084,0.42122557774384484,8.63310905235441e-05,MLR
11.7,94.24873066318465,18.68916172377219,8.999757193807902,0.1372908635591071,0.052129833983413906,0.13314609917904205,0.05010061691259577,0.4227687459869532,8.63310905235441e-05,MLR
11.75,94.25034937113196,18.70074895125104,9.006647493970313,0.13775641190721566,0.052326487990374315,0.13364027749503365,0.050309218539195115,0.4244683893316355,8.63310905235441e-05,MLR
11.8,94.25034937113196,18.71104784708703,9.01401801082376,0.138260883836122,0.052527385540396855,0.1341746361112224,0.050522218336311514,0.42634069485736487,8.63310905235441e-05,MLR
11.85,94.25034937113196,18.723294015337753,9.020573778010393,0.1387024362849573,0.0527226260288165,0.13464312503649586,0.05072930107672261,0.4281104822130975,8.63310905235441e-05,MLR
11.9,94.2514285097635,18.733983932143616,9.027717675751216,0.13918012209374475,0.052921869149965724,0.13514855221291625,0.050940199916269975,0.4297615643193603,8.09353973658226e-05,MLR
11.95,94.25250764839505,18.74604204055324,9.034278838631005,0.13963255640387837,0.05311913416753793,0.13562732450581344,0.05114888501778809,0.43168782677666684,8.09353973658226e-05,MLR
12.0,94.25304721771083,18.757025440054733,9.041233887111307,0.14011247438934243,0.0533195066037982,0.13613632049094926,0.05136135009140557,0.43340905289398,8.09353973658226e-05,MLR
12.05,94.2535867870266,18.76775144241289,9.048253683909504,0.1405734188730555,0.053518400676869055,0.13662473632809147,0.05157202331064406,0.43537308520339063,8.09353973658226e-05,MLR
12.1,94.25520549497392,18.78004648237879,9.0546098104493,0.1410036709274657,0.05371476682313977,0.13707901363589528,0.05177943852100248,0.4371698510249119,8.09353973658226e-05,MLR
12.15,94.25574506428968,18.791848589850822,9.061122412090668,0.141433504448749,0.053911331857539185,0.13753514599254668,0.051987928652359246,0.4392903584358965,8.09353973658226e-05,MLR
12.2,94.25628463360546,18.80360373554489,9.067613430959408,0.14188189293865638,0.05410995174496045,0.13801007070892102,0.05219828860289543,0.44119503812057215,7.014401105037959e-05,MLR
12.25,94.257363772237,18.81459019678223,9.074374234486033,0.14233851258005856,0.05430974637495336,0.13849366992958956,0.05240980002836796,0.44321302736156,7.014401105037959e-05,MLR
12.3,94.257363772237,18.825310276471356,9.08119978633055,0.14279848048647567,0.054510078470706415,0.13898106936859575,0.05262221943066907,0.4453713046246486,7.014401105037959e-05,MLR
12.35,94.25790334155278,18.836580137120293,9.08776094921034,0.1432442182665796,0.05470912767998745,0.13945301745367536,0.05283301187171236,0.4475295818877372,5.935262473493657e-05,MLR
12.4,94.25844291086854,18.847216006484274,9.09453254412328,0.1437073949269692,0.05491001555105276,0.13994316525084147,0.0530457400559223,0.44973102469608756,5.3956931577215064e-05,MLR
12.45,94.25844291086854,18.858435071971645,9.101028958685177,0.14414866835372006,0.055108991473463965,0.14041131793098707,0.053256773018397145,0.4517598053233909,5.3956931577215064e-05,MLR
12.5,94.25952204950009,18.869576514853883,9.107514581860759,0.14458268720627196,0.05530747864226734,0.14086986534168314,0.05346664289079031,0.4538964998138486,5.3956931577215064e-05,MLR
12.55,94.25952204950009,18.88086796146839,9.113897686866343,0.1450203333459233,0.055506495911607764,0.14133416447044542,0.05367771932945377,0.4560817555427258,5.3956931577215064e-05,MLR
12.6,94.25952204950009,18.891400472552807,9.120539785143498,0.14547137254563403,0.055706906099471765,0.1418126723070054,0.0538902741260226,0.45838032082791513,5.3956931577215064e-05,MLR
12.65,94.25952204950009,18.902139096106087,9.127052386784868,0.14592366734472545,0.055907425624884405,0.14229162416568397,0.05410285810397959,0.46068428180626225,4.316554526177205e-05,MLR
12.7,94.25952204950009,18.91255923732427,9.133645923823604,0.1463827981848888,0.05610862681318916,0.1427787164298716,0.05431625018462885,0.46309615664776377,4.316554526177205e-05,MLR
12.75,94.25952204950009,18.92322484116259,9.140093777147081,0.1468097019742841,0.056306678566386374,0.14323102696142967,0.05452624270181986,0.46537853485347996,4.316554526177205e-05,MLR
12.8,94.25952204950009,18.934021642298617,9.146444507993719,0.14724204669432858,0.05650534307687757,0.1436897018100221,0.0547369418427306,0.46756918627551486,3.7769852104050545e-05,MLR
12.85,94.26006161881585,18.943531409627386,9.153264664145079,0.14770745553139483,0.05670727747420144,0.14418277706860527,0.05495080631659093,0.47002422666227817,3.7769852104050545e-05,MLR
12.9,94.26114075744741,18.95445442735949,9.15946971127646,0.14813449883183238,0.05690536683841187,0.14463446520547002,0.05516029343966639,0.47253322398061864,3.7769852104050545e-05,MLR
12.95,94.26221989607895,18.964597698634567,9.16593375167941,0.1485845614542472,0.05710542087016743,0.14511056351782206,0.055371884863643604,0.4752526533321103,3.7769852104050545e-05,MLR
13.0,94.26383860402626,18.97478588045616,9.17232764807131,0.14901383693136136,0.05730321735689674,0.1455643575002003,0.055581023347978833,0.4776969023325581,3.7769852104050545e-05,MLR
13.05,94.26383860402626,18.98572423028429,9.178370824407958,0.1494122804681303,0.05749784053005189,0.1459870472003755,0.055787425730513644,0.4803785618319457,3.237415894632904e-05,MLR
13.1,94.26383860402626,18.995820013831853,9.184699972481965,0.14983918425752557,0.057695006857390194,0.1464399290219917,0.05599652527532199,0.48279043667344723,3.237415894632904e-05,MLR
13.15,94.26383860402626,19.00659492214672,9.19070537896651,0.1502362326838717,0.057889025958144436,0.1468611387162139,0.056202285327715464,0.48560698850177786,3.237415894632904e-05,MLR
13.2,94.26437817334204,19.016945805126962,9.196824095007365,0.15064416297151612,0.0580836478069553,0.14729319734635352,0.056408372446998804,0.48838577047800447,3.237415894632904e-05,MLR
13.25,94.26599688128935,19.027064296597704,9.202980580900325,0.15105990587752854,0.05827862908221109,0.14773317971907085,0.05661456569422525,0.49101886873897255,3.237415894632904e-05,MLR
13.3,94.26761558923667,19.0370678904257,9.209131671100128,0.15146476692224267,0.05847231643365237,0.14816130740831895,0.05681944760138457,0.49370052823836014,3.237415894632904e-05,MLR
13.35,94.26761558923667,19.046978883019733,9.215266574220458,0.1518738132982253,0.05866608201783284,0.14859463578865426,0.057024878063994165,0.4963012523403819,3.237415894632904e-05,MLR
13.4,94.26815515855245,19.05637174909486,9.22155795244236,0.15229653175635208,0.05886095580541141,0.14904339048709284,0.0572316374718468,0.49896132906713864,3.237415894632904e-05,MLR
13.45,94.26869472786822,19.065720506742093,9.22781156081216,0.15271604146050619,0.05905510330118443,0.14948740427334284,0.05743718414495298,0.5016214057938954,3.237415894632904e-05,MLR
13.5,94.26977386649976,19.07587609624894,9.233687470660918,0.15311560108561342,0.05924690269935283,0.14990983603967645,0.05763995770065258,0.5044271662359106,2.6978465788607532e-05,MLR
13.55,94.27139257444708,19.085801894369965,9.239601150361782,0.15351878799782012,0.05943867162710363,0.15033539339270582,0.057842389191987136,0.50703328603109,2.6978465788607532e-05,MLR
13.6,94.27193214376285,19.09570273952248,9.245471664517382,0.15390328043036045,0.05962827674629261,0.15074253555177802,0.05804314558971107,0.509725736916793,2.6978465788607532e-05,MLR
13.65,94.27193214376285,19.105284088212287,9.25141771837719,0.15429432988188824,0.05981820145306191,0.15115734560460625,0.05824455532868348,0.5122886911667107,2.6978465788607532e-05,MLR
13.7,94.27247171307862,19.1144405130417,9.25748247748647,0.1546848212892469,0.06000779610255415,0.15157054819766708,0.058445267243204854,0.5149056023482057,2.6978465788607532e-05,MLR
13.75,94.27247171307862,19.124298141683838,9.26321270361997,0.1550714063874215,0.060196609735284956,0.15198062029098316,0.05864549591332642,0.517668197244959,2.6978465788607532e-05,MLR
13.8,94.27355085171017,19.134203947809915,9.268867390049262,0.1554489232678476,0.060384040790017815,0.15238066080586077,0.05884405657124759,0.520576475856971,2.6978465788607532e-05,MLR
13.85,94.27409042102593,19.143713538559382,9.274624594648552,0.1558346712997685,0.0605717630276242,0.15278911379857024,0.059042800612854114,0.5233444664468822,2.6978465788607532e-05,MLR
13.9,94.27409042102593,19.153289543610555,9.280300863850474,0.15620939795934882,0.06075798690744426,0.15318660016826827,0.05924028422168877,0.5260477087189006,2.6978465788607532e-05,MLR
13.95,94.27462999034171,19.1632479071373,9.285766701019247,0.1565753354232651,0.060942767187228186,0.15357403253167887,0.05943591792560351,0.5289505916377547,2.1582772630886026e-05,MLR
14.0,94.27462999034171,19.17218713371724,9.29158325824327,0.15695954883372087,0.06112875664999168,0.15398157951488647,0.059633153090387754,0.5318750573292398,2.1582772630886026e-05,MLR
14.05,94.27462999034171,19.18116620920577,9.297324275763087,0.15732827651848294,0.06131256173482032,0.1543727003124964,0.05982807064419888,0.5348696670317752,2.1582772630886026e-05,MLR
14.1,94.27570912897325,19.190093931604068,9.303027523430798,0.15770397975535924,0.06149640373403149,0.15476974464870308,0.06002236592303228,0.5377455714848408,2.1582772630886026e-05,MLR
14.15,94.2767882676048,19.19965226773229,9.308417820895361,0.1580597329131887,0.06167755706198345,0.15514561871730592,0.060213806958419366,0.5409182390615811,2.1582772630886026e-05,MLR
14.2,94.27840697555212,19.20832880100306,9.314099485790441,0.15843780783778383,0.0618600814266756,0.15554589829965257,0.06040717504650049,0.5437563736625426,1.618707947316452e-05,MLR
14.25,94.27948611418367,19.21752140978353,9.319516761720795,0.15879272392935953,0.06203970893030769,0.15592086487228937,0.06059700199739913,0.5467294005924471,1.618707947316452e-05,MLR
14.3,94.28002568349943,19.225669685072546,9.325290153399557,0.15916856667727816,0.06222053917499023,0.1563192095780967,0.06078875014297957,0.5499991906460263,1.0791386315443013e-05,MLR
14.35,94.28218396076252,19.234814645527177,9.330604911159913,0.15951664672778182,0.06239791501972047,0.15668644849372765,0.06097591322982404,0.5527779726222529,1.0791386315443013e-05,MLR
14.4,94.2827235300783,19.243101207180523,9.336205640657628,0.1598901177879816,0.06257709823994109,0.15708181800076682,0.06116560054277458,0.5557725823247883,1.0791386315443013e-05,MLR
14.45,94.28326309939406,19.252165105878976,9.341434067327459,0.160223409668003,0.06275154409300586,0.15743456759262436,0.061350274652963825,0.5587402135615351,1.0791386315443013e-05,MLR
14.5,94.28326309939406,19.260903839817534,9.346732638008342,0.16057790722645185,0.06292725021422152,0.15781055962641208,0.06153660234377704,0.5618481328203828,1.0791386315443013e-05,MLR
14.55,94.28380266870984,19.268630233852953,9.352376533051318,0.16095151779769384,0.06310402656290123,0.15820606614436386,0.06172372085691942,0.5646808717281866,5.395693157721506e-06,MLR
14.6,94.28542137665715,19.276770311710088,9.357799204674828,0.16129373838442154,0.06327714055839992,0.15856616442526694,0.06190623429902583,0.5674110924659936,5.395693157721506e-06,MLR
14.65,94.28542137665715,19.285354012958,9.362989861492556,0.16163679603740289,0.0634497507154597,0.15892942271463067,0.06208921560056889,0.5700765648859081,5.395693157721506e-06,MLR
14.7,94.28542137665715,19.294015722828796,9.36809418721976,0.16197036693950886,0.06362082400658173,0.15928291520069585,0.06227059485840124,0.5729902391910777,5.395693157721506e-06,MLR
14.75,94.2865005152887,19.302139319513067,9.37335498804854,0.16231356410353254,0.06379203938353453,0.15964538204459092,0.062451470286078975,0.5759254962688782,5.395693157721506e-06,MLR
14.8,94.28704008460447,19.30970079812187,9.378783055365208,0.1626680616619814,0.06396361515898416,0.16002162913960336,0.06263338464578151,0.5788499619603632,5.395693157721506e-06,MLR
14.85,94.28757965392023,19.31782022322204,9.383930546637673,0.16300442278493305,0.06413269770133166,0.16037804484222812,0.0628126699104557,0.5817150750271134,5.395693157721506e-06,MLR
14.9,94.28811922323601,19.325895937234876,9.389034872364878,0.1633378541759967,0.06430059567510128,0.16073090536604343,0.06299036322961359,0.5847528502749105,5.395693157721506e-06,MLR
14.95,94.28811922323601,19.333353173248483,9.394328047352603,0.16367365725477923,0.06446791321865734,0.16108705106239304,0.06316779290904001,0.5876017762621876,5.395693157721506e-06,MLR
15.0,94.28865879255179,19.3404360500597,9.399712949124009,0.16401518028629544,0.064634984349589,0.16144848728454686,0.06334461413535622,0.5903535797726255,5.395693157721506e-06,MLR
0.0,47.96933088009151,13.30169716766928,7.881219210825919,0.07188724986915444,0.0213192603512599,0.07625168608483403,0.022930105044660913,0.06538500968526922,0.019705071411998943,ANN
0.05,49.2734699163128,13.336851522667233,7.885449434261573,0.07221719348416095,0.021497612298156277,0.07598130459921157,0.022901362484763255,0.06662601911154517,0.01901981838096831,ANN
0.1,50.557644887850515,13.364696231515566,7.892593332002396,0.07286675689704476,0.021707856169245587,0.07584665818569902,0.022843154702817874,0.06782386299255934,0.018323773963622236,ANN
0.15,51.76735929381168,13.391496240500896,7.900131115343733,0.07356766037348987,0.021923545123273214,0.07626741156115152,0.022892848183139306,0.07096415641035325,0.017687082171011097,ANN
0.2,53.0553112505598,13.42533427082888,7.9047714114593735,0.0739602444464828,0.02210716077863103,0.07647384856959798,0.022972974272289354,0.07710445522384034,0.016969454981034138,ANN
0.25,54.24991771567934,13.459176445961488,7.909303793711859,0.07430260454425278,0.022282547062009054,0.07621609094616234,0.022945596379381518,0.08178252119158488,0.016375928733684774,ANN
0.3,55.45801341369319,13.492218954858183,7.914111356315389,0.07468556235532796,0.022461206524524227,0.07572908501488587,0.0228208481134626,0.08354691285415981,0.015771611100019962,ANN
0.35,56.771864697598375,13.522923468147148,7.919836186755732,0.07517873388980913,0.02265113204855988,0.07572544330288832,0.022829581735063668,0.08478252658727803,0.01518348054582832,ANN
0.4,58.09488865987169,13.55838032845757,7.923650941818241,0.07546542908170696,0.022822065457850517,0.07582912162275121,0.02291210004374652,0.0856026719472517,0.014762616479526043,ANN
0.45,59.25118570357141,13.595811351666876,7.926667134293407,0.07569408768001382,0.022988343997934698,0.0755430701198412,0.022863946217865173,0.08670878904458461,0.014244629936384777,ANN
0.5,60.308741562484826,13.631270570831473,7.930460306583285,0.07598524722526478,0.02316149793185109,0.07517976910138498,0.022770484049053526,0.08768540950613221,0.01360793814377364,ANN
0.55,61.440757986974795,13.668398896658674,7.933568225842133,0.07623483247991453,0.023331145491639865,0.07470583366997452,0.02265162534042031,0.09017821974499954,0.013014411896424273,ANN
0.6,62.5139613560456,13.706464942219492,7.936239093955205,0.0764381000685253,0.02349484268083945,0.07434054704425207,0.022592761570844267,0.09514765314326105,0.012372324410655415,ANN
0.65,63.715582222270186,13.742659460067774,7.939568236633519,0.0766781985722996,0.02365941220651649,0.0743473311315482,0.022684053710345643,0.0993508981131261,0.01182196370856782,ANN
0.7,64.91504481123167,13.773201132536995,7.945109613506499,0.07718350756745963,0.02384889875409894,0.07479755310076552,0.022865911539700585,0.10173039879568128,0.011298581472268835,ANN
0.75,66.04382381982703,13.801667954742333,7.951438761580507,0.07778480015971251,0.0240473313053003,0.07516218645272506,0.022959218188503994,0.10481673528189799,0.010796782008600734,ANN
0.8,67.09976097079311,13.837970925932632,7.954573659305143,0.07806061349031204,0.024213007904045323,0.07509692005339423,0.02296946294255381,0.10850199370862178,0.010262608385986305,ANN
0.85,68.23501481117772,13.875119800457796,7.957314671429265,0.07827141467520626,0.02437123931519886,0.07511860903670667,0.023027452231273598,0.1112160273669557,0.009760808922318205,ANN
0.9,69.20947699546223,13.910981433840861,7.960541295937583,0.07851346633357255,0.024532442159481253,0.07509625122399975,0.023070786861809495,0.11254336788375519,0.009161886981811118,ANN
0.95,70.13214052543259,13.946876118478382,7.963746337673269,0.07876891105199829,0.024695809014251315,0.07509057594362122,0.023117997293622267,0.11343905294793696,0.008600734893408082,ANN
1.0,71.21559571150307,13.983121187063785,7.966800300000539,0.07899966231593941,0.024857580996488812,0.07539527792341612,0.023278205539637248,0.11484193316894455,0.008169079440790362,ANN
1.05,72.58232478835393,14.019280452533405,7.969865053714125,0.07923334331176854,0.025020020857252953,0.07584040963730031,0.023493381451665043,0.11616387799258632,0.007780589533434413,ANN
1.1,73.68034834595026,14.052406960764667,7.974127651308725,0.0795877013591751,0.025194902658554022,0.07611344142244095,0.02362561939316542,0.11741567880517771,0.007348934080816692,ANN
1.15,74.63646517349851,14.084725799622674,7.978687012027,0.07999507360265035,0.02537521942535515,0.07643955941760769,0.023761012678851733,0.12025381340613922,0.006890300162410364,ANN
1.2,75.55535171825849,14.121295115377578,7.981460398310069,0.08021075767402458,0.02553460865498693,0.07673006979982717,0.023920024986646027,0.1264156949922572,0.006469436096108086,ANN
1.25,76.60805145332995,14.157769780063864,7.984169036275245,0.08040816579885936,0.02568908164316979,0.0769484612480631,0.024065833511093628,0.13065131412106856,0.0060539677229635306,ANN
1.3,77.46003140293418,14.192443247907372,7.987552135885137,0.080677701132556,0.02584986814397616,0.07702353613496889,0.024148749504095932,0.13220527375049235,0.005703247667711632,ANN
1.35,78.45175980532339,14.22167664011031,7.993093512758117,0.08117170973329087,0.026033085284565584,0.07752051929544622,0.02430910125133074,0.1332682253025635,0.005363318998775178,ANN
1.4,79.52226532781533,14.254261825108838,7.997280570648508,0.08152467267027459,0.026203567080793026,0.07815553668383306,0.024564471495991776,0.13425563715042654,0.005066555875100495,ANN
1.45,80.55284272094015,14.288986182241823,8.00059352624735,0.08179448702605582,0.02636666377189404,0.07859173763991131,0.0247672924942853,0.13571786999616905,0.004748209978794926,ANN
1.5,81.21165685549794,14.322822689069849,8.00424101482197,0.08210392251784626,0.02653414303021214,0.07878184670989688,0.024884151909498036,0.136958879422445,0.004451446855120243,ANN
1.55,81.84834864810908,14.356730402876503,8.007834546465011,0.08241363703172129,0.02670208323241086,0.07894882071566067,0.024993118503135448,0.13889593326606703,0.004149288038287838,ANN
1.6,82.52119158487695,14.391920078120421,8.01086692601965,0.08266698908451274,0.02686388653926252,0.07913367269303449,0.025117954193754326,0.142732271101207,0.0037985679830359405,ANN
1.65,83.10230773796356,14.426415832052143,8.014104341914283,0.08293275762006767,0.027025143645321024,0.07937000955744859,0.0252659815654209,0.14597508268899764,0.003491013473045815,ANN
1.7,83.73144556015389,14.459700048875552,8.017789600341008,0.0832593529700593,0.02719217771439603,0.07972652663324352,0.025445638947589094,0.14727544474000853,0.00325899866726379,ANN
1.75,84.36759778344926,14.485035746665456,8.024631339265,0.08390389398542084,0.027390676347948353,0.08047570655086628,0.025664720987899937,0.1487430732789088,0.003075545099901259,ANN
1.8,84.93954125816772,14.51736719845335,8.028634943588028,0.08425141599175537,0.027560301771696608,0.08088579876890631,0.025843946531601693,0.15226646091090093,0.0028273432146460695,ANN
1.85,85.40087302315293,14.551645763582211,8.031769841312665,0.08451439430646458,0.027719354533185015,0.08116061765523516,0.025998400554241255,0.15745172203547128,0.002633098260968095,ANN
1.9,85.79152120777196,14.586568685276413,8.03457560175468,0.08474472703727885,0.02787361786600984,0.08131403028930817,0.02611927563108094,0.15972330885487204,0.0024388533072901212,ANN
1.95,86.17407585265441,14.620024102261882,8.03793711859194,0.08503239880647266,0.028033521833537696,0.08153813748755549,0.026248074116128808,0.16125029001850721,0.0022014428083503746,ANN
2.0,86.53558729422176,14.654511252067438,8.040856188590267,0.08526747491272467,0.02818854489564575,0.08172323568547003,0.02638099763869426,0.16331144480475684,0.002055759093091894,ANN
2.05,86.89548002784177,14.68979244847673,8.043413747147028,0.0854771600092806,0.028340713226066447,0.08184088839213642,0.026496959815666993,0.16550749191994948,0.0019316581504642994,ANN
2.1,87.25051663761985,14.723129904237101,8.046710515666396,0.08575520551655669,0.028499392214810324,0.08206158808687478,0.026636376462416744,0.1676172079446186,0.0017967658215212617,ANN
2.15,87.60177626218753,14.752491971161348,8.051550452428872,0.08619313067829258,0.02867311511525704,0.08246623529919005,0.02679019692445531,0.17081145829398975,0.0016564777994205026,ANN
2.2,87.96976253554412,14.785646027917146,8.054787868323505,0.0864657352549195,0.028828656646600344,0.08267015001502727,0.026914161894891663,0.176773699233272,0.0015431682431083509,ANN
2.25,88.28379187732352,14.820248489062147,8.057291469948687,0.08667430426313719,0.0289727610945494,0.08277873801942319,0.02701973330395434,0.18508306669616312,0.0014244629936384777,ANN
2.3,88.56005136699886,14.855148816745334,8.059573848154404,0.08685525008498216,0.02911116094025838,0.08284109215200053,0.02711240380128037,0.18748954584450692,0.0013489232894303767,ANN
2.35,88.81958420788527,14.886961057687595,8.063059465934291,0.08715673344736231,0.029261295153786726,0.083086267149418,0.02723811812108275,0.1887683251228869,0.001278779278379997,ANN
2.4,89.1055559452445,14.920473627044522,8.065843643603676,0.08739139102048747,0.02940552849795938,0.08324344382410288,0.027348843258773427,0.18982588098180034,0.001224822346802782,ANN
2.45,89.34674342939466,14.95410972339289,8.068552281568852,0.08761223700042627,0.029548745550244476,0.0833620961778862,0.027449952417085085,0.19160645972384843,0.0011654697220678455,ANN
2.5,89.57713952722936,14.986824009920873,8.071595452509806,0.08787158802803602,0.02969567666926024,0.08350792135697764,0.027549330411273176,0.1932089805916917,0.001095325711017466,ANN
2.55,89.7994420853275,15.02055630875559,8.074196176611828,0.08807332099518164,0.029836974556776828,0.083594044463672,0.02764448959345389,0.19550754587688107,0.0010413687794402508,ANN
2.6,90.01742808889944,15.05576148653645,8.076138626148609,0.08823110798400717,0.029972444086876125,0.08363447050925481,0.027734286530087957,0.20107050552249195,0.0009658290752321497,ANN
2.65,90.23433495383985,15.090930815192248,8.077962370435918,0.08836406200730579,0.030101100889405652,0.08365359273831877,0.027818935650536177,0.20726476126755625,0.0009172678368126561,ANN
2.7,90.47120588346382,15.124982365306781,8.080147626164795,0.08853300987951417,0.03023087028411672,0.08372247219289929,0.027909462024414605,0.21031872359482662,0.0008741022915508841,ANN
2.75,90.65897600535253,15.156732839522338,8.083201588492066,0.08878301366729079,0.03036763159397218,0.08388900187476564,0.02801096249202313,0.21250937501686154,0.000852519518919998,ANN
2.8,90.87318502371407,15.18935418214464,8.085861665218822,0.08899827920553813,0.030500440135458627,0.0839929284518282,0.028096583273810528,0.21524499144782636,0.0008147496668159475,ANN
2.85,91.06095514560279,15.222247261657365,8.088343684071374,0.0891966639076689,0.030629952316366286,0.0840932058827015,0.02818557748213661,0.21913528621454356,0.0007931668941850615,ANN
2.9,91.22876120280792,15.25486962970251,8.090874264162345,0.08939602518709565,0.030758312813616705,0.0842061426687249,0.028278104768889558,0.22101838312658836,0.0007769798147118969,ANN
2.95,91.36635137832981,15.288481657995717,8.092978584493856,0.08955534679738633,0.030882799270134115,0.0842931069378499,0.02837442640983248,0.2225345729039081,0.0007500013489232894,ANN
3.0,91.50717896974635,15.32111299480056,8.095444416266936,0.08973908284007706,0.031009633337741684,0.08440457198115486,0.028472407433789756,0.22454716645173822,0.0007068358036615174,ANN
3.05,91.65879794747832,15.354917208285364,8.097397657190031,0.08987929143757453,0.031131672488441203,0.08446129964561969,0.028561626925656575,0.22636551504589036,0.0006744616447151884,ANN
3.1,91.79315070710558,15.388581489660716,8.099377876578915,0.09002577803197487,0.03125434449812983,0.08453449760467427,0.028655844277983837,0.2277036469490053,0.0006528788720843023,ANN
3.15,91.93182002125904,15.420592715234465,8.10199478776041,0.0902356026395731,0.03138342472376911,0.08467422674022772,0.02875560442713098,0.22909573578369746,0.0006366917926111377,ANN
3.2,92.06941019678094,15.453918977023825,8.104034359774028,0.09036660350827969,0.031503965534997486,0.08472876415741204,0.028846152273523537,0.23345545585513644,0.0006259004062956948,ANN
3.25,92.20646080298705,15.488265212177646,8.105555945244506,0.09046635390351421,0.03161796306914178,0.08474989439928844,0.02892966903253773,0.23886194039917338,0.0006043176336648087,ANN
3.3,92.35214451824554,15.52203342349705,8.107234005816558,0.09056429065519903,0.031729752064027616,0.08476379282421607,0.02900803867958649,0.24116050568436273,0.0005881305541916443,ANN
3.35,92.48811598582012,15.554068546493369,8.10957034095385,0.09071858986796741,0.031846713579844324,0.08484628351739387,0.029095287718715418,0.2425795729848435,0.0005827348610339228,ANN
3.4,92.61653348297389,15.585343839478968,8.112181856442188,0.09090748781922268,0.03196704098745722,0.08496920072939544,0.029187547581453175,0.24412274122795186,0.0005773391678762012,ANN
3.45,92.7363178710753,15.617779044254066,8.114296968160014,0.09105913632218762,0.032083605396409295,0.08505637274467479,0.029277670265667168,0.24595188120841943,0.0005719434747184797,ANN
3.5,92.85826053643981,15.649680939841057,8.116590137752047,0.09122166668645088,0.03220093079543546,0.08515576401680448,0.029368639693970494,0.24749504945152778,0.0005611520884030367,ANN
3.55,92.95214559738417,15.680670249675167,8.119217840319857,0.09139842717702729,0.03231955981059024,0.08528738278642373,0.029468715635661075,0.24903821769463613,0.0005557563952453152,ANN
3.6,93.03793711859194,15.711581136833065,8.12184014719451,0.0915744901123923,0.032437784635459696,0.08542181810589805,0.029570198108846434,0.25174685565981236,0.0005503607020875936,ANN
3.65,93.11131854553695,15.742915085308178,8.124225043570222,0.09171679137552406,0.03255100388118339,0.08552740354415123,0.029669734388836553,0.2551515380423346,0.0005449650089298722,ANN
3.7,93.1722898782192,15.774640622088226,8.126404903605941,0.09185937166074039,0.032663359991433924,0.0856413836077346,0.029772005877789453,0.25666233212649664,0.0005449650089298722,ANN
3.75,93.23272164158568,15.805196244329517,8.129027210480594,0.09203124926483679,0.032778646231958974,0.08578698510917813,0.02987746069014339,0.2578817587801417,0.0005287779294567077,ANN
3.8,93.3061030685307,15.83569132490757,8.13164412166209,0.09220284784684865,0.032893841926408374,0.085924209683855,0.029978970031013703,0.25980262554429057,0.0005287779294567077,ANN
3.85,93.362218277371,15.865448587974145,8.134498443342524,0.09237626007241019,0.03300792191347661,0.08607384711410095,0.03008412018990886,0.26391953942363205,0.0005179865431412646,ANN
3.9,93.41779391689553,15.894960973523734,8.137374347795589,0.0925492537648449,0.0331198308465791,0.08622320542469994,0.030187040597518998,0.26667673862722774,0.0005179865431412646,ANN
3.95,93.4766069723147,15.9245239117706,8.140185503930763,0.09271164461806584,0.033229952137752754,0.0863589474668529,0.030286872957225545,0.26868933217505786,0.0005179865431412646,ANN
4.0,93.52570778004996,15.95430395639743,8.14286716343015,0.09286413018728454,0.03333841738073507,0.08648992654643636,0.03038778044764054,0.271128185482348,0.0005071951568258216,ANN
4.05,93.57966471162717,15.98419455924035,8.145451700452698,0.09299652616641398,0.03344378292101586,0.08659644517222691,0.030483799973572437,0.2736749526527925,0.0005071951568258216,ANN
4.1,93.62067197962585,16.013488543811725,8.148230482428925,0.09313240992160057,0.03354868832458756,0.0867151318540718,0.03058328418510301,0.2756875462006227,0.0005071951568258216,ANN
4.15,93.66599580215073,16.04237996508553,8.151127969654622,0.09327917553808551,0.033653933120653595,0.08684282009746881,0.030681874214736313,0.2777648880663454,0.0005071951568258216,ANN
4.2,93.70592393151786,16.07128133139202,8.153976895641899,0.09341171102825722,0.03375697325195623,0.0869582712762282,0.030779422309177757,0.28052208726994116,0.0005017994636681002,ANN
4.25,93.74693119951655,16.098601161775587,8.157370786638106,0.0935754969919011,0.03386032754778726,0.08710580790128006,0.030876845575277617,0.28624691771028365,0.0004910080773526571,ANN
4.3,93.78631975956792,16.125772374134797,8.160737699168523,0.09373844588929116,0.0339609082140308,0.0872536801808799,0.03097177069862829,0.2890958436975606,0.0004856123841949356,ANN
4.35,93.82408961167197,16.15336023037089,8.163888783972633,0.0938820027518035,0.03405852083216698,0.08738137553698667,0.03106390627232254,0.29121095541538744,0.0004856123841949356,ANN
4.4,93.85862204788138,16.17970634626727,8.167498502695148,0.09403239565538789,0.03415617552609346,0.0875182293864364,0.031157005347164316,0.293040095395855,0.0004802166910372141,ANN
4.45,93.89531276135389,16.205843586085184,8.171151386962926,0.09417678958415392,0.03425251399675337,0.08764761880024596,0.031248011739959763,0.29546276162367197,0.0004694253047217711,ANN
4.5,93.92768692030022,16.232246314472363,8.174653191822287,0.09432020693562398,0.034347821565174984,0.08777901012758575,0.03133923007293417,0.29735125422887454,0.0004694253047217711,ANN
4.55,93.95250710882573,16.258720454292273,8.178090248363755,0.09445762531227572,0.03444198042905255,0.08790891508973436,0.031431552482008185,0.29903471049408364,0.0004694253047217711,ANN
4.6,93.98380212914051,16.28512038756653,8.181521909212067,0.09459922902019607,0.0345360181666082,0.08803892072131031,0.031521643677388564,0.3013440671655884,0.0004640296115640496,ANN
4.65,94.01185973356067,16.311115963383354,8.18504529684406,0.0947388795735244,0.03462780905261369,0.08816875966367262,0.03161030322180587,0.3052235705459902,0.0004640296115640496,ANN
4.7,94.03020509029693,16.33621967476679,8.188865447599726,0.09487629795017614,0.034717736451171544,0.08830274520425319,0.03170004064901805,0.3075599056832836,0.0004640296115640496,ANN
4.75,94.04585260045431,16.361911408216763,8.192410418004348,0.0950059037084599,0.034806117092083956,0.08843016645056166,0.031788967536335505,0.30929731888006995,0.0004640296115640496,ANN
4.8,94.05880226403285,16.387834800222322,8.195831287466344,0.09513453288944765,0.03489397519602556,0.08855815715744426,0.031878148809532235,0.310748760339497,0.0004640296115640496,ANN
4.85,94.07391020487447,16.413229562636538,8.199424819109387,0.09526860300108451,0.034981606883722184,0.08869060313163178,0.03196639835872255,0.3133548801346765,0.0004640296115640496,ANN
4.9,94.08739943776877,16.43881121728202,8.202894249809802,0.09539332587288826,0.03506710216478277,0.08881385868387097,0.03205284248004188,0.3153566822961912,0.00045863391840632805,ANN
4.95,94.09819082408421,16.46337322870748,8.206735983338099,0.09552641940722917,0.03515276719924036,0.08894778313598442,0.03214030653949343,0.31722359212876283,0.0004478425320908851,ANN
5.0,94.1062843638208,16.488774784044935,8.210200018345358,0.09565365347779402,0.0352369386361077,0.08907711475259444,0.032227033928142475,0.3194466177097441,0.0004478425320908851,ANN
5.05,94.11060091834698,16.513699101184113,8.213815132761031,0.09578744456734635,0.03532090531420928,0.08921637867651273,0.03231478854989123,0.3210815127365337,0.0004478425320908851,ANN
5.1,94.11437790355738,16.539698324076827,8.216971613258297,0.09590100655576721,0.0354025434086729,0.08933449971047727,0.032400238880713104,0.32237108340122916,0.0004478425320908851,ANN
5.15,94.1197735967151,16.564884876700663,8.220430252572397,0.09603047280300865,0.03548560138754164,0.08946826717115258,0.032486640551002886,0.32335849524909216,0.0004478425320908851,ANN
5.2,94.12786713645168,16.59108559826209,8.223462632127037,0.09614026799328776,0.035566728540933554,0.0895792940097449,0.03257010974089255,0.3247397926974689,0.00044244683893316354,ANN
5.25,94.13703981481981,16.616048369809434,8.226953645600082,0.09626485135404919,0.03564856678993014,0.08970483458762973,0.032653908080606364,0.3268764871879266,0.00043705114577544205,ANN
5.3,94.14351464660908,16.64163844600405,8.23015329164261,0.09638413329520377,0.035728986625991034,0.08982714554760171,0.03273712777236643,0.3286732530094479,0.0004316554526177205,ANN
5.35,94.15322689429297,16.666210778910745,8.233725240513023,0.09650536839095035,0.035808931954926446,0.08994812490759156,0.0328186454173755,0.3303513135814993,0.00042086406630227754,ANN
5.4,94.15808301813492,16.691483829566824,8.236984239180286,0.09662897517441575,0.035888522298883625,0.09007609521735645,0.03290149432690203,0.33197541722197343,0.000404676986829113,ANN
5.45,94.16347871129264,16.7176987243237,8.23983856086072,0.09673556161072232,0.03596607542137352,0.09018560828806528,0.03298199051974747,0.33325419650035343,0.000404676986829113,ANN
5.5,94.16671612718727,16.743116172606616,8.242984249971673,0.09686181910399118,0.03604516308405715,0.090316882731117,0.033064770106122354,0.3346840551871496,0.00039388560051367,ANN
5.55,94.16833483513459,16.767269854914822,8.246610155773661,0.09698821610830233,0.03612399060892029,0.09044970290789286,0.033147836459676124,0.33577398520500934,0.00038848990735594846,ANN
5.6,94.17049311239768,16.790240177087522,8.250689299800898,0.09712256524202381,0.036203546258756616,0.09059088834520336,0.0332315217367699,0.33695024631339265,0.00038848990735594846,ANN
5.65,94.17211182034501,16.814897936059058,8.254061608024475,0.09723947549545951,0.036280856462992866,0.09071392093140514,0.03331299819779108,0.3387308250554407,0.00038848990735594846,ANN
5.7,94.17211182034501,16.839782224566093,8.25731521099858,0.09736587249977069,0.0363586838509463,0.09084769564320581,0.03339552180098474,0.3396534885854111,0.000383094214198227,ANN
5.75,94.17265138966077,16.865018935145326,8.260412338871113,0.09747817888881097,0.03643528406237297,0.09096524581597748,0.03347647441699581,0.34036032438907265,0.0003776985210405055,ANN
5.8,94.17480966692386,16.88832129351755,8.264270259478884,0.09761517873233581,0.036514533836270666,0.09110863507451143,0.03355977072401219,0.34099701618168377,0.0003776985210405055,ANN
5.85,94.1758888055554,16.909896049443805,8.26880264173137,0.09777157061073849,0.03659577641757759,0.09127335841273296,0.03364553456383476,0.34215169451743616,0.00037230282788278395,ANN
5.9,94.17750751350272,16.932816438313154,8.272768476202295,0.09791191871927825,0.036675067471147065,0.09142066656735914,0.03372904389720092,0.3436570929084405,0.00036690713472506246,ANN
5.95,94.17858665213427,16.95728878322733,8.276086827494295,0.09803147968251742,0.03675200291778985,0.09154671848932075,0.033810272219361386,0.34484414540313924,0.0003615114415673409,ANN
6.0,94.17858665213427,16.980867420841847,8.27973971176207,0.09816708441561944,0.0368303016250858,0.09169070528921074,0.03389332674814989,0.34608515482941515,0.00035611574840961944,ANN
6.05,94.18020536008159,17.00241276709923,8.284180367230876,0.09832431336027582,0.036910410316744975,0.09185607415767671,0.03397770788906323,0.3474286824256878,0.00035072005525189795,ANN
6.1,94.18128449871313,17.024830982911418,8.28824332417864,0.09847540381907159,0.0369895043540187,0.09201574306355234,0.03406123218830008,0.3487452315561719,0.00035072005525189795,ANN
6.15,94.18452191460776,17.04653452051277,8.292570670091134,0.09863249325268572,0.037069067957148545,0.09217966545787859,0.03414445168308285,0.34972724771087715,0.00035072005525189795,ANN
6.2,94.18721976118663,17.07000605445451,8.296169597427333,0.09876684238640715,0.037146321403298356,0.09232025811182401,0.03422546224471232,0.3507632207971597,0.0003453243620941764,ANN
6.25,94.18721976118663,17.09133330697152,8.30060485720298,0.09892797764024755,0.0372260548533428,0.09249133785517874,0.03431002749660462,0.3520312086892243,0.0003453243620941764,ANN
6.3,94.18937803844972,17.113201739480413,8.30479731078653,0.0990804632094662,0.037304618431438084,0.09265155537224169,0.03439259034224177,0.35330998796760427,0.0003399286689364549,ANN
6.35,94.19045717708126,17.13419909572203,8.309313505959542,0.09925052717001291,0.03738462343963154,0.09283119526139112,0.03447705216353788,0.3545240189280916,0.0003291372826210119,ANN
6.4,94.1915363157128,17.15367949998035,8.31441243599359,0.09943816952188761,0.03746609880793651,0.093029641537968,0.03456308445605183,0.35571646711594807,0.00031834589630556887,ANN
6.45,94.19369459297589,17.17212103620736,8.31990525162815,0.09963599617984925,0.03754844343558047,0.09323916027770776,0.03464999873222759,0.3568010014406501,0.00031834589630556887,ANN
6.5,94.19369459297589,17.191224874411986,8.325112095525352,0.09982461510901997,0.037629806967428216,0.09343866553628301,0.03473621518952,0.3578046003679863,0.00031834589630556887,ANN
6.55,94.19585287023897,17.209784103055306,8.33051858006939,0.10002760367554617,0.03771260181823472,0.09365261332600126,0.03482326630982877,0.35854920602375184,0.00031834589630556887,ANN
6.6,94.19639243955474,17.22692897408512,8.336475425315513,0.1002497052548656,0.03779742035696703,0.09388801063141193,0.034913028446692154,0.35927762460004425,0.00031834589630556887,ANN
6.65,94.19693200887052,17.245101581713264,8.342006010802178,0.10046483128207065,0.03788174161339092,0.0941158518484574,0.03500224551291382,0.3600869785737025,0.0003075545099901259,ANN
6.7,94.19747157818628,17.261459352483197,8.348248827785662,0.10069558254601176,0.03796781725392602,0.0943604263055694,0.03509336335213781,0.36076144021841766,0.0002913674305169614,ANN
6.75,94.19909028613361,17.27804583475406,8.35438373090599,0.10092898451975635,0.03805428747237297,0.09460746862792269,0.03518487654092457,0.3616733123620726,0.0002913674305169614,ANN
6.8,94.20016942476515,17.29503224407536,8.360340576152115,0.10116071236099344,0.03814066386560763,0.09485223186546303,0.035276051586355606,0.36256360173309665,0.0002913674305169614,ANN
6.85,94.20016942476515,17.311722957413025,8.366399939568236,0.10139802064392202,0.03822775594296222,0.09510296622829124,0.035368296666887886,0.363254250457285,0.0002913674305169614,ANN
6.9,94.20016942476515,17.326221261900184,8.373322613889593,0.10167313641931011,0.038318789920258604,0.09539472446501397,0.03546481315396714,0.36386935947726523,0.00028057604420151836,ANN
6.95,94.20016942476515,17.339197561267365,8.380844210151457,0.10197210858292909,0.03841259211295388,0.09571151170783117,0.03556424097056154,0.36436576324777564,0.00026978465788607533,ANN
7.0,94.20016942476515,17.353619849348878,8.387777675859128,0.10225587404293894,0.03850538992940894,0.09601274838473169,0.03566265877083659,0.36487295840460143,0.00026438896472835385,ANN
7.05,94.20016942476515,17.366815960571856,8.395191358257838,0.10254270874587905,0.03859893847344085,0.09631724327544332,0.03576187243350733,0.36537475786826956,0.00026438896472835385,ANN
7.1,94.2012485633967,17.38319660470427,8.40132086568501,0.10279996710785452,0.03869007510982364,0.09658982672150114,0.03585826840729617,0.3659035357977263,0.00026438896472835385,ANN
7.15,94.20178813271247,17.399782548300312,8.4073586463285,0.10306127129005625,0.03878208361907967,0.09686621688900088,0.035955591085657164,0.36636216971613256,0.0002589932715706323,ANN
7.2,94.20178813271247,17.415419134610556,8.413768729799873,0.10334936159237697,0.03887727391835664,0.09717203943019811,0.03605654367579289,0.36665893283980727,0.0002589932715706323,ANN
7.25,94.20232770202824,17.43163383329013,8.419941402772308,0.10361303746229757,0.03897075716503355,0.0974525714023873,0.03615588391078716,0.36700965289505916,0.0002535975784129108,ANN
7.3,94.20448597929133,17.448666210088287,8.425779542768963,0.10386736609238506,0.039063925822259364,0.09772149853372435,0.036254221497019234,0.36737116433662653,0.00024820188525518933,ANN
7.35,94.2050255486071,17.466692155824664,8.431213005778787,0.1041186254795422,0.03915739872212011,0.09798735811859581,0.036353112159410055,0.36772728008503613,0.0002428061920974678,ANN
7.4,94.2050255486071,17.48462228147155,8.43667884294756,0.10436793171210738,0.039251350868934234,0.09825125983286843,0.03645267807170045,0.36801325182239536,0.00023741049893974628,ANN
7.45,94.2050255486071,17.500220208208074,8.44307273933946,0.10465811468006238,0.0393500048387795,0.09855870088720621,0.03655724789934483,0.3682452666281774,0.00023741049893974628,ANN
7.5,94.20556511792287,17.51670645768346,8.449105124289792,0.10492137201685614,0.039446736894861716,0.09883684580226122,0.036659557536246015,0.36856361252448294,0.00023741049893974628,ANN
7.55,94.20556511792287,17.53370346456901,8.454927077206973,0.10519230246097565,0.03954491294933694,0.09912444074825023,0.036763673992411726,0.36886037564815766,0.00023741049893974628,ANN
7.6,94.20556511792287,17.551213204680735,8.460538598091004,0.10543016878807335,0.039640619340368284,0.09937664167153508,0.03686513896414269,0.3691517430786746,0.00023741049893974628,ANN
7.65,94.20610468723865,17.570446751452526,8.465454074557687,0.10566231516243735,0.03973644929575827,0.0996223483146711,0.03696653977658241,0.3695078588270842,0.00023741049893974628,ANN
7.7,94.20610468723865,17.59047518175839,8.47004580943491,0.10588511429696816,0.03983208620691622,0.0998585539333887,0.03706792788340932,0.3697128951670776,0.00022661911262430328,ANN
7.75,94.20664425655441,17.609590138044517,8.474999055753697,0.10613497857370248,0.039931146167138526,0.10012247153428486,0.03717269747934047,0.36991793150707103,0.00021043203315113877,ANN
7.8,94.20718382587019,17.62883015841316,8.479898345140908,0.1063676829922356,0.04002935490280513,0.10036905962874504,0.037276636440538136,0.3701931118581149,0.00020503633999341726,ANN
7.85,94.20772339518597,17.64647950270922,8.485428930627574,0.10663247495049452,0.04013145836375571,0.10064852060161052,0.0373845960148912,0.3703495869596888,0.00020503633999341726,ANN
7.9,94.20826296450173,17.66585926095361,8.490263471696892,0.10686476083590078,0.040231259492872797,0.10089465859483729,0.03749022495438954,0.3706571414696789,0.00019964064683569574,ANN
7.95,94.20826296450173,17.68677575395013,8.494477508053071,0.10707305082203383,0.04032948881203356,0.10111545766012404,0.037594360522457536,0.3708783648891455,0.00019964064683569574,ANN
8.0,94.20826296450173,17.706854673467415,8.499020681691874,0.10729822164428353,0.040430114763553,0.10135299065859482,0.03770092373376136,0.3712290849443974,0.00019964064683569574,ANN
8.05,94.20826296450173,17.72491132088918,8.504367813611175,0.107559386315443,0.040535051660092046,0.10162961886379644,0.037812147088955826,0.3714287255912331,0.00019964064683569574,ANN
8.1,94.20826296450173,17.7420544207202,8.510076456972046,0.10784189617607225,0.04064295077349931,0.10192949686997062,0.037926570748423934,0.371585200692807,0.00019964064683569574,ANN
8.15,94.2088025338175,17.76175360282675,8.514759918632947,0.10808129712463513,0.04074762457918264,0.10218421516609391,0.038037673658300124,0.37174167579438094,0.00019424495367797423,ANN
8.2,94.2088025338175,17.782210087060854,8.51913582578386,0.10831623371984479,0.040852727330461865,0.10243255715922106,0.03814902813095705,0.3720006690659516,0.00019424495367797423,ANN
8.25,94.2088025338175,17.80264143152885,8.52351712862793,0.10853498703414934,0.0409571258964765,0.10266446148911795,0.038259705272012855,0.37221649679226043,0.00018345356736253123,ANN
8.3,94.2088025338175,17.821578644474148,8.528491957719348,0.10880173214700027,0.04106707690098465,0.10294701159221074,0.03837624597236888,0.37241613743909613,0.00018345356736253123,ANN
8.35,94.20988167244904,17.83844371412231,8.534292327863898,0.10911702710256675,0.04118271943629792,0.10328183805454692,0.03849887520996317,0.37258340392698547,0.00018345356736253123,ANN
8.4,94.20988167244904,17.85689205955698,8.539456006215838,0.10939646772026566,0.04129588167707451,0.1035781568596007,0.03861886261871361,0.3727614618011903,0.00018345356736253123,ANN
8.45,94.2109608110806,17.875829537873187,8.544420043920942,0.10964396030928115,0.04140690732156842,0.10384070742938303,0.03873650526822689,0.37295031106171056,0.00018345356736253123,ANN
8.5,94.21203994971215,17.893907169168696,8.549724010294982,0.1099090312896246,0.04152059945745613,0.1041216141484256,0.0388568290369844,0.37322009571959663,0.00018345356736253123,ANN
8.55,94.21203994971215,17.91092012272103,8.555448840735325,0.11022446575623335,0.041640127864288994,0.10445539090294718,0.03898350110845629,0.3733981535938014,0.0001726621810470882,ANN
8.6,94.21311908834369,17.928720006759548,8.560855325279363,0.11051841552233006,0.041758601832475754,0.10476649573902685,0.03910872436113979,0.3736355640927412,0.0001726621810470882,ANN
8.65,94.21311908834369,17.946374005688256,8.566315766754975,0.11083064123496625,0.04187984980445123,0.10509671474388343,0.0392372029058901,0.37380822627378824,0.0001618707947316452,ANN
8.7,94.21365865765947,17.966190350546178,8.570907501632197,0.1110839932877577,0.04199642788966485,0.10536532123773687,0.03936077457843667,0.3740348453864126,0.0001564751015739237,ANN
8.75,94.214737796291,17.983432739333985,8.576524418209384,0.11139677704456301,0.04211978514173668,0.10569743734358085,0.039491570973111664,0.37425606880587914,0.0001564751015739237,ANN
8.8,94.21797521218564,18.00127283008982,8.581898528594476,0.11169909747319685,0.042243199858193414,0.10601823263485227,0.03962230276963146,0.3744395223732417,0.0001564751015739237,ANN
8.85,94.21905435081717,18.01827944140082,8.587601776262188,0.11203183130904909,0.042370629799514906,0.10637016755335903,0.03975700712874531,0.3746499544063928,0.00015107940841620218,ANN
8.9,94.21959392013295,18.033763776441617,8.593909341563563,0.11239539708524655,0.04250213146566177,0.10675557713893022,0.03989626792960393,0.3748873649053326,0.00015107940841620218,ANN
8.95,94.22067305876449,18.047578272475505,8.60088057712334,0.11279021333491605,0.04263778818247016,0.10717457255099583,0.04004014460606575,0.37510319263164144,0.00015107940841620218,ANN
9.0,94.22121262808027,18.062705228606614,8.60732303475366,0.11316228928469295,0.04277240487943294,0.1075685588267296,0.040182666043079206,0.37530822897163485,0.00015107940841620218,ANN
9.05,94.22175219739603,18.077779106679664,8.613781679463452,0.113540782742415,0.04290876250156076,0.10796979585853034,0.04032709820450741,0.3756103877884672,0.0001456837152584807,ANN
9.1,94.2222917667118,18.091447430230648,8.620796080568491,0.11395959489135772,0.043050105863174,0.10841381932712957,0.04047680790050367,0.3759017552189842,0.0001456837152584807,ANN
9.15,94.2222917667118,18.10649029633662,8.627254725278283,0.11435036532080094,0.04318985271583577,0.10882810759055118,0.04062498983086954,0.3762524752742361,0.0001456837152584807,ANN
9.2,94.22283133602758,18.119547560224724,8.634501141189103,0.11479191776963625,0.04333563022648224,0.10929625819751924,0.04077939821074257,0.37650607285264903,0.00014028802210075918,ANN
9.25,94.22337090534334,18.132553340783648,8.641763744179396,0.11525076958771505,0.04348431941085676,0.10978246727023885,0.04093685700537402,0.37671110919264245,0.00013489232894303767,ANN
9.3,94.22337090534334,18.14619550128098,8.64876735389812,0.1156934381248887,0.04363268593391437,0.11025197872035826,0.04109419625618398,0.3769754981573708,0.00013489232894303767,ANN
9.35,94.22337090534334,18.160120636807726,8.655652258367372,0.11612982866515946,0.04378166047101779,0.11071512341161445,0.041252211561632064,0.3773046354399918,0.00013489232894303767,ANN
9.4,94.22337090534334,18.17191007520201,8.663384286662387,0.1166355561934464,0.043938522246760904,0.11125170792603666,0.04141858389797428,0.37766614688155914,0.00013489232894303767,ANN
9.45,94.22498961329066,18.181519834708972,8.671979625862637,0.11718118387982712,0.04410040282423709,0.11182886569317987,0.04158983430958093,0.3781085937204923,0.00013489232894303767,ANN
9.5,94.22606875192223,18.192858185891122,8.679873524952383,0.11767881976766142,0.0442587332268057,0.11235645499106695,0.041757513062977134,0.37863197595679127,0.00013489232894303767,ANN
9.55,94.22660832123799,18.202921901511193,8.688269223505797,0.11821049634981355,0.04442155461565672,0.11292021278910629,0.04192999116180687,0.3790042787846741,0.00013489232894303767,ANN
9.6,94.22714789055377,18.216484208094737,8.695256646145047,0.1186641862593278,0.04457798154200619,0.11340060735022961,0.042095632585437644,0.3794629127030804,0.00012949663578531615,ANN
9.65,94.22714789055377,18.230253395325715,8.702152342000614,0.1191181551909266,0.04473558485393031,0.11388179658027645,0.04226274155527445,0.3799647121667485,0.00012949663578531615,ANN
9.7,94.22768745986954,18.243172018663156,8.709377175138805,0.11960602530580092,0.04489754459323105,0.11439904917112838,0.04243430066976177,0.3805690298004133,0.00012949663578531615,ANN
9.75,94.22876659850108,18.256429010710377,8.716456324561735,0.12008161844895404,0.04505945086029794,0.11490320113148988,0.04260574717654065,0.38098449817355784,0.00012410094262759467,ANN
9.8,94.22930616781684,18.270527635135846,8.723190149622571,0.12052847231739626,0.045219770471554205,0.11537676281221727,0.04277566628486029,0.3814539234782796,0.00011330955631215164,ANN
9.85,94.23146444507994,18.285275942256693,8.729654190025522,0.12096290970307501,0.045380031351565125,0.11583589267186584,0.04294509002288219,0.3819773057145786,0.00011330955631215164,ANN
9.9,94.23200401439571,18.299918297616824,8.736150604587419,0.12139832366604972,0.04554154357950665,0.11629714725468525,0.04311614142311813,0.382473709485089,0.00010791386315443013,ANN
9.95,94.23254358371148,18.312413347716614,8.743494142975077,0.1218928903109538,0.045709901544111815,0.1168225020956918,0.043294860817793906,0.38308342281191154,0.00010791386315443013,ANN
10.0,94.23308315302725,18.325827065415318,8.750459982841695,0.12235271870632862,0.04587608608463128,0.11731098674453891,0.04347133060699203,0.3835852222755796,0.00010791386315443013,ANN
10.05,94.23416229165879,18.339938260960093,8.757134455277797,0.1227955267545445,0.04604172962937318,0.1177798412569354,0.043646563384766995,0.3842542882271371,0.00010791386315443013,ANN
10.1,94.23470186097457,18.354267515361684,8.76371180523706,0.12323080120647695,0.04620786575288358,0.11824062736475655,0.043822495856312475,0.38461579966870446,0.00010791386315443013,ANN
10.15,94.23524143029034,18.370236284323845,8.769625484937922,0.12363398811868367,0.04637220371059384,0.11866839404748955,0.04399672192006034,0.38509601635974167,0.00010791386315443013,ANN
10.2,94.23632056892188,18.387608622342995,8.774967221164067,0.12399057834276679,0.04653321641138905,0.119045731201081,0.04416703245971085,0.38569493830024876,0.00010791386315443013,ANN
10.25,94.23632056892188,18.403867593075564,8.780740612842829,0.1243826043715906,0.04669872141378735,0.11946114214061183,0.04434252061598681,0.38640716979706796,0.00010791386315443013,ANN
10.3,94.23686013823766,18.41966169650579,8.786686666702638,0.12476863142559608,0.046864750514305165,0.11987127737443602,0.04451870305932302,0.3869953003512596,0.00010791386315443013,ANN
10.35,94.23686013823766,18.433955935704976,8.793220851116638,0.1252069751204588,0.04703703214639721,0.12033642837184803,0.04470143967433512,0.3876427835301862,0.00010251816999670863,ANN
10.4,94.23739970755342,18.45017370625306,8.79897266002277,0.12558686368860375,0.047204806453607674,0.12073900609780534,0.04487915316558754,0.3882417054706933,0.00010251816999670863,ANN
10.45,94.2379392768692,18.46732076501121,8.804341374714703,0.1259239223667668,0.04736963781567676,0.1210955383787374,0.04505367634858179,0.3888460231043581,0.00010251816999670863,ANN
10.5,94.23847884618498,18.484149880140453,8.809823398962948,0.12627451361603168,0.0475368795497679,0.12146568629584036,0.04523068931751654,0.38953127613538874,9.712247683898712e-05,ANN
10.55,94.23955798481653,18.498936733538358,8.816109381491694,0.1267009988723001,0.0477126544768201,0.12191596154749024,0.04541652226214364,0.3901949463937885,9.712247683898712e-05,ANN
10.6,94.23955798481653,18.51250422792082,8.822870185018319,0.12717603397128413,0.0478943630295622,0.12241988537533566,0.045609236385737065,0.39084242957271503,9.712247683898712e-05,ANN
10.65,94.24063712344807,18.528654518954113,8.828584224072346,0.12755843373819017,0.04806830010813313,0.12282499324970372,0.045793380449490294,0.391522286910588,9.712247683898712e-05,ANN
10.7,94.24063712344807,18.54595259349766,8.833823442128493,0.12789535290531098,0.048238915280914216,0.12318043016391941,0.045974133631421034,0.39238020212266567,9.712247683898712e-05,ANN
10.75,94.2417162620796,18.5625953933671,8.839310862069896,0.12825305921773236,0.04841271666389456,0.12355828618867404,0.0461579029231094,0.39297912406317276,9.172678368126562e-05,ANN
10.8,94.2417162620796,18.577990656310206,8.845283894395493,0.1286600129280808,0.048592511643643164,0.12399010526677391,0.046348592772485285,0.39382085219577734,9.172678368126562e-05,ANN
10.85,94.24225583139538,18.591783627121732,8.851877431434229,0.12912751443078133,0.04877913717625239,0.12448649519643654,0.046546723380543324,0.394835242509429,9.172678368126562e-05,ANN
10.9,94.24279540071116,18.607013552005053,8.857877442225616,0.12954004858282114,0.048961487081204506,0.12492307385078694,0.046739810197596696,0.3957633017325571,9.172678368126562e-05,ANN
10.95,94.2438745393427,18.621905721468934,8.863996158266472,0.12993109803434896,0.049142893326154645,0.1253373171270718,0.046932044271056336,0.3965025116951649,8.63310905235441e-05,ANN
11.0,94.24441410865848,18.63589894973127,8.870460198669422,0.1303496311612071,0.04932819971352069,0.1257808408734384,0.04712832150609119,0.39728488720303456,7.553970420810109e-05,ANN
11.05,94.24495367797424,18.649603024839454,8.877021361549211,0.13080192596029847,0.049517879301197144,0.12625988680174272,0.047329206642137474,0.39839100430036745,7.553970420810109e-05,ANN
11.1,94.24549324729001,18.663722420411958,8.883393675168481,0.13122143566445263,0.049705306145856,0.12670458442301968,0.04752783652863283,0.3994593515455963,7.553970420810109e-05,ANN
11.15,94.24657238592155,18.67823037631069,8.889587930913544,0.13164220096798734,0.04989378523975958,0.12715076942806436,0.047727610881758586,0.4006895695855568,7.553970420810109e-05,ANN
11.2,94.24819109386887,18.694489909536316,8.895059163775475,0.1320056272331425,0.050077647903763324,0.127535523406594,0.04792225672982442,0.40160683742236947,7.553970420810109e-05,ANN
11.25,94.25034937113196,18.7083508359078,8.901469247246848,0.13244662163780868,0.05027005903724087,0.1280025720615765,0.04812578435608185,0.402739932985491,7.553970420810109e-05,ANN
11.3,94.2514285097635,18.722913628535032,8.907577171901389,0.1328612484554828,0.050460935475806594,0.128440874152016,0.04832774630721788,0.4038946113212434,7.553970420810109e-05,ANN
11.35,94.25250764839505,18.737113650386434,8.913803801805399,0.1332814557148484,0.0506531580008584,0.12888597505166557,0.04853132248178764,0.40532447000803956,7.014401105037959e-05,ANN
11.4,94.25304721771083,18.749679316881625,8.920656332115705,0.1337609551671855,0.05085190353260907,0.12939412152368301,0.04874186355400248,0.40677051577430895,7.014401105037959e-05,ANN
11.45,94.25304721771083,18.760644913964402,8.928118575752833,0.13428984152849197,0.05105613300270632,0.12995525601950972,0.0489584741590931,0.40828130985847094,7.014401105037959e-05,ANN
11.5,94.25466592565814,18.77248105842156,8.935203120868922,0.1347839896402691,0.05125774880121556,0.13047788538225946,0.049171698631387026,0.4097543340905289,7.014401105037959e-05,ANN
11.55,94.25520549497392,18.78418528491086,8.942309248757642,0.13527939335142683,0.051460163732998644,0.13100288471886695,0.049386114570635235,0.41129210664047955,7.014401105037959e-05,ANN
11.6,94.25574506428968,18.79447329047199,8.949949550268975,0.1358148367317207,0.05166710837640778,0.1315703578629205,0.04960532879906182,0.4130511026098968,7.014401105037959e-05,ANN
11.65,94.25682420292122,18.805995492457406,8.957061073850852,0.13629880053741103,0.05186959226647645,0.13208171175059677,0.0498194532951709,0.4147885158066831,7.014401105037959e-05,ANN
11.7,94.25844291086854,18.816522650693134,8.964534108874297,0.13684010338148087,0.05207809913586805,0.13265564279989925,0.050040256157596684,0.41670938257083195,7.014401105037959e-05,ANN
11.75,94.25844291086854,18.82724245423676,8.971888438648271,0.13734806308644434,0.05228364969539544,0.13319454381425594,0.050258258031442196,0.41898636508339043,7.014401105037959e-05,ANN
11.8,94.26006161881585,18.83870065322062,8.978902839753308,0.13783328249151525,0.052487111107815544,0.13370850325424308,0.05047358427443334,0.42119859927805625,5.935262473493657e-05,ANN
11.85,94.26006161881585,18.850494979984042,8.985739182984142,0.13831905994075527,0.05269078686210602,0.13422386197658778,0.050689595666302996,0.42332989807535626,5.935262473493657e-05,ANN
11.9,94.26114075744741,18.86108943801292,8.993007181667593,0.13884194732724336,0.05289802060925237,0.1347771954412497,0.050908902682022174,0.42596299633632434,5.935262473493657e-05,ANN
11.95,94.26168032676317,18.86932554265779,9.001165469722068,0.1394306839256905,0.05311142399872006,0.1354008527630539,0.05113492937999084,0.4286770299946583,5.935262473493657e-05,ANN
12.0,94.26221989607895,18.87911691134643,9.008649296131827,0.13996808046057635,0.05331966758479494,0.13597033379698795,0.05135549903082423,0.4311482574608947,5.935262473493657e-05,ANN
12.05,94.26437817334204,18.887085998345153,9.016812979879461,0.1405615604344612,0.053533306028485446,0.1365978475469797,0.051581162433411966,0.43371121171081245,5.3956931577215064e-05,ANN
12.1,94.26545731197358,18.89832697326012,9.023616948951346,0.14102180736296288,0.05373388899182127,0.13708512136458598,0.051793648325169306,0.43615546071126027,5.3956931577215064e-05,ANN
12.15,94.26545731197358,18.909467160376693,9.030410126636918,0.14146322030075592,0.05393245498339427,0.13755279521479066,0.052004172090290214,0.43871841496117797,4.856123841949356e-05,ANN
12.2,94.26599688128935,18.920678249459986,9.037122368925123,0.14189737866435012,0.05413004436381269,0.1380127231806578,0.05221343411551366,0.44163748495950533,4.316554526177205e-05,ANN
12.25,94.2670760199209,18.93205096349267,9.043710510270701,0.14233293213836715,0.054327200017933584,0.13847451720585205,0.052422353333471484,0.4444162669357319,3.7769852104050545e-05,ANN
12.3,94.2670760199209,18.943546385107055,9.050196133446283,0.14275146526522525,0.05452238759488104,0.13891850374338896,0.05262934876703714,0.44700619965143823,3.7769852104050545e-05,ANN
12.35,94.26815515855245,18.95580332213171,9.056325640873455,0.14312047197207187,0.054712518448106935,0.13930820912369066,0.05283045553344499,0.4497202333097721,3.7769852104050545e-05,ANN
12.4,94.26923429718398,18.967536843414482,9.0626116234022,0.14349952347396305,0.0549032968202578,0.1397084130225743,0.053032142867737914,0.45240728850231743,3.7769852104050545e-05,ANN
12.45,94.26977386649976,18.978325593735853,9.069215951827251,0.14392656677440063,0.055098114834811925,0.14016076266791824,0.05323844445185567,0.4554072938980106,3.7769852104050545e-05,ANN
12.5,94.26977386649976,18.988478359595792,9.076019920899139,0.14436351535884057,0.05529349856006884,0.14062427134786765,0.05344564008022463,0.45805118354529417,3.7769852104050545e-05,ANN
12.55,94.26977386649976,18.999657909018335,9.08235986035946,0.1447609823183135,0.0554847210391687,0.1410458984963912,0.053648420771668634,0.4607004688857354,3.7769852104050545e-05,ANN
12.6,94.27031343581554,19.011206759882693,9.088500159172948,0.14516709896240818,0.05567649489852567,0.14147648330414278,0.05385181138793639,0.46320407051091816,3.7769852104050545e-05,ANN
12.65,94.2708530051313,19.024435603874245,9.0939174351033,0.14548602120507406,0.05585954239014366,0.14181516165183297,0.054045945683949284,0.4658263773855708,3.7769852104050545e-05,ANN
12.7,94.27139257444708,19.03727375317186,9.099442624896808,0.1458006186054291,0.056041980638164256,0.1421482125506536,0.054239111404446545,0.46805479865970984,3.7769852104050545e-05,ANN
12.75,94.27139257444708,19.049603371305636,9.105124289791888,0.14611647160516472,0.05622441291487951,0.14248266709402682,0.05443251064193923,0.470628544295943,3.7769852104050545e-05,ANN
12.8,94.27193214376285,19.060580239118366,9.111296962764321,0.14647152720778273,0.05641038788659605,0.1428586287539278,0.054629444582616045,0.4729648794332364,3.237415894632904e-05,ANN
12.85,94.27193214376285,19.070850637721097,9.117701650542537,0.14684388217964417,0.056597770086854626,0.14325360842963192,0.05482814931137459,0.4757328700231475,3.237415894632904e-05,ANN
12.9,94.27247171307862,19.082460276079892,9.12351820776656,0.1471795457473844,0.05678124519654073,0.14360899332638882,0.055022410154287923,0.4780853922399141,3.237415894632904e-05,ANN
12.95,94.27516955965748,19.094621921839785,9.129070376025856,0.14749121341585147,0.05696240633742428,0.14393651317800174,0.055213445523680654,0.4801141728672174,3.237415894632904e-05,ANN
13.0,94.27516955965748,19.106617371232627,9.13464952275094,0.14781306539040534,0.05714474303372288,0.1442764296858456,0.05540665096894765,0.4822238888918865,3.237415894632904e-05,ANN
13.05,94.27570912897325,19.117558875260542,9.140600972303908,0.14815737864276732,0.05732902704479717,0.1446420072800531,0.05560209645134087,0.4849864837886399,2.6978465788607532e-05,ANN
13.1,94.27624869828902,19.12849704831252,9.14649306923214,0.14849220514425385,0.057511658861899795,0.14499722201173273,0.05579578333993513,0.48826166953537686,2.6978465788607532e-05,ANN
13.15,94.2767882676048,19.140487643406903,9.151904949469333,0.14879020073057683,0.057690037009090894,0.14531277396609546,0.055984732553047346,0.490797645319506,2.6978465788607532e-05,ANN
13.2,94.2767882676048,19.152621498705496,9.157214311536531,0.14907912809915122,0.0578674461332449,0.14561924109748975,0.05617286835206716,0.4929343398099637,2.6978465788607532e-05,ANN
13.25,94.27732783692056,19.164321465131454,9.162653170239516,0.14938019292840451,0.058045988099576874,0.14593789525373868,0.056361909258976835,0.4952167180156799,2.1582772630886026e-05,ANN
13.3,94.27732783692056,19.175932847664125,9.168075841863025,0.1496700968742749,0.058223070879972826,0.14624539648709123,0.05654969992024091,0.49803326984401053,2.1582772630886026e-05,ANN
13.35,94.27840697555212,19.187444647327975,9.173476930713905,0.14996781343851334,0.058400106789173914,0.14655980294055362,0.05673682327446308,0.5013839952949556,1.618707947316452e-05,ANN
13.4,94.27894654486788,19.19914905349129,9.178737731542682,0.1502561827629186,0.058575333896303525,0.14686601618497105,0.05692268388167229,0.504243712668548,1.618707947316452e-05,ANN
13.45,94.28002568349943,19.20909400811149,9.184651411243545,0.1506003565042383,0.058755614670437835,0.14723116562507152,0.057113765255951486,0.5066340047374186,1.618707947316452e-05,ANN
13.5,94.28002568349943,19.218930721947903,9.19055969525125,0.15095234286392598,0.05893640340964341,0.14760450701645947,0.057305493541500066,0.5092347288394403,1.618707947316452e-05,ANN
13.55,94.28002568349943,19.229439715341343,9.196138841976335,0.1512602437342513,0.05911216657297511,0.14793049634869399,0.05749183342782378,0.5123912093367075,1.618707947316452e-05,ANN
13.6,94.28056525281521,19.238683054930807,9.20216583123351,0.1515913034375961,0.059289476869575794,0.14828197663864295,0.05767990852896079,0.5151484085403031,1.618707947316452e-05,ANN
13.65,94.28110482213098,19.24922793836858,9.207615481322808,0.15188427662639675,0.05946246093116521,0.14859202032804145,0.057863037840614,0.5180728742317882,1.618707947316452e-05,ANN
13.7,94.2827235300783,19.259987678648596,9.212924843390006,0.1521626011557575,0.05963347315609887,0.1488851151616429,0.05804344685649929,0.5205279146185515,1.618707947316452e-05,ANN
13.75,94.28380266870984,19.27000083400452,9.218477011649302,0.15246478207334901,0.059806175263665926,0.1492042084251369,0.05822595801149388,0.5236088554116105,1.618707947316452e-05,ANN
13.8,94.28380266870984,19.280368225825068,9.22382953926176,0.15275789477319202,0.0599772848462178,0.14951509183410688,0.05840741438708015,0.5264631770920452,1.618707947316452e-05,ANN
13.85,94.28434223802562,19.289973922745205,9.229430268759476,0.15306161031224874,0.06014875979472257,0.14983651138834836,0.05858895200440033,0.5293390815451107,1.0791386315443013e-05,ANN
13.9,94.28488180734138,19.29957816945593,9.234966249939298,0.15336839509423572,0.06031947755898781,0.15016118255017422,0.058769670369261645,0.5327545553139484,1.0791386315443013e-05,ANN
13.95,94.28542137665715,19.30791500235951,9.240939282264897,0.153706011816568,0.060491928801628354,0.15051855064037264,0.05895222997269943,0.536520749138038,1.0791386315443013e-05,ANN
14.0,94.28542137665715,19.316447576794342,9.246761235182078,0.15402298090464187,0.06066098706694119,0.15085413915372375,0.059131449257290955,0.5400495324631879,1.0791386315443013e-05,ANN
14.05,94.28542137665715,19.324977463170704,9.252513044088209,0.15433325346268606,0.06082804950459214,0.1511832171315425,0.0593086086446076,0.5436160856404418,1.0791386315443013e-05,ANN
14.1,94.28542137665715,19.33250761621321,9.258588594583804,0.15465664005870516,0.06099480486805073,0.1515262039807259,0.059485442015025244,0.5475225674866322,1.0791386315443013e-05,ANN
14.15,94.28542137665715,19.340719231769594,9.264318820717303,0.154965796528411,0.061158734476649323,0.1518540982248114,0.05965927802842984,0.5509650197212584,1.0791386315443013e-05,ANN
14.2,94.28542137665715,19.348951280230708,9.269968111453437,0.1552649082030723,0.06132021741099288,0.15217133886529854,0.05983051873737871,0.5550333723621805,1.0791386315443013e-05,ANN
14.25,94.28704008460447,19.356696138528378,9.275730711745885,0.1555785290261313,0.061481234102149895,0.15250179376806203,0.0600002737782436,0.558686256629958,1.0791386315443013e-05,ANN
14.3,94.28811922323601,19.36472729817974,9.28130985847097,0.15588196554310346,0.061639925322719745,0.15282260657979818,0.06016806311893979,0.5621664787166883,1.0791386315443013e-05,ANN
14.35,94.28919836186755,19.37350739338453,9.28651670236817,0.1561600110503796,0.061794629448209876,0.15311603930208467,0.06033146868894652,0.5657654060528886,1.0791386315443013e-05,ANN
14.4,94.28919836186755,19.381496881242754,9.291966352457468,0.1564478223306157,0.06194869664333241,0.1534206905676141,0.06049478127175414,0.5696934706717098,1.0791386315443013e-05,ANN
14.45,94.29081706981486,19.388572778353296,9.297696578590969,0.1567724645260153,0.06210424068869338,0.1537638351950192,0.06065912653143309,0.5740585864363066,1.0791386315443013e-05,ANN
14.5,94.29189620844642,19.39562033828415,9.303356660713419,0.15708720143741267,0.06225686866947759,0.15409719701981067,0.06082063235982497,0.5779974424414432,1.0791386315443013e-05,ANN
14.55,94.29189620844642,19.402115683398453,9.309151635164811,0.1574023568819368,0.06240735236444986,0.15443143087997982,0.0609802037375496,0.582475867762352,1.0791386315443013e-05,ANN
14.6,94.2924357777622,19.40892117938219,9.314746968969368,0.15770760704245868,0.0625551254555794,0.15475442222540123,0.0611365780257139,0.5857024922706695,1.0791386315443013e-05,ANN
14.65,94.2924357777622,19.41470854078793,9.32068762713602,0.1580302960832663,0.06270341466742559,0.15509664378129379,0.06129382089271032,0.5886755192005741,1.0791386315443013e-05,ANN
14.7,94.29405448570951,19.4205941692225,9.326531162825832,0.15835368267928537,0.06285076518826224,0.15543841627851085,0.06144936021346819,0.5915622150399551,1.0791386315443013e-05,ANN
14.75,94.29459405502529,19.42661431748385,9.332261388959333,0.1586635367042027,0.06299571572795822,0.1557662768956105,0.061602728243030314,0.5945406376630173,1.0791386315443013e-05,ANN
14.8,94.29513362434105,19.432528415996792,9.33797542801336,0.15897771557143087,0.06314001698253913,0.1560991641107805,0.061755602559744514,0.597319419639244,1.0791386315443013e-05,ANN
14.85,94.29513362434105,19.437971953474058,9.343829755089487,0.15931114696249454,0.06328557458345738,0.15645276813916228,0.06190994847351257,0.5995154667544366,5.395693157721506e-06,ANN
14.9,94.29513362434105,19.44269283990421,9.349926888357713,0.15965127488358788,0.063431242578105,0.15681347383840694,0.062064411248608814,0.6017978449601528,5.395693157721506e-06,ANN
14.95,94.29567319365682,19.447611965893145,9.355894524990154,0.15998498529673613,0.06357557558983712,0.15716662239286794,0.06221711092323757,0.6045820226295371,5.395693157721506e-06,ANN
15.0,94.29675233228836,19.452069115944866,9.361991658258377,0.1603181376657152,0.06371890948052457,0.15751945736797832,0.06236885519574039,0.6074687184689181,5.395693157721506e-06,ANN
0.0,46.82274608407569,13.355501905446431,7.838334241608348,0.06831144234432075,0.01997147788850034,0.06781442006038396,0.01955244646235512,0.052877792945670764,0.0178381615794273,SVR
0.05,48.509979334495206,13.385566004904357,7.84489000879498,0.06881744889469224,0.020164528380620658,0.06824914156053612,0.0197460985889595,0.05392995311142646,0.01723384394576249,SVR
0.1,50.13138512839051,13.415358513328655,7.85154289845845,0.06934535867870265,0.020360636046958307,0.06888727448068022,0.01999408567189569,0.05531125055980317,0.01665110908472857,SVR
0.15,51.886604112597325,13.44445471136042,7.858454781393491,0.06989949653866283,0.020559857361629706,0.06949255410084959,0.020233780539747264,0.05700010251817,0.01600902159895971,SVR
0.2,53.441642880652665,13.472606446398082,7.8657227800769425,0.07050343984071912,0.020764389164000776,0.06990713699833409,0.020382967653663396,0.05860801907917101,0.01539930827213718,SVR
0.25,54.94164557849924,13.501176169628463,7.872807325193031,0.07108450333184053,0.02096745560643562,0.0702960714166462,0.0205303215905866,0.06007564761807126,0.01468707677531794,SVR
0.3,56.46377061829247,13.531475592531816,7.8791796388123,0.07160920436187836,0.02116563715638714,0.07081232131185138,0.02072274218256143,0.061764499576438085,0.014158298845861233,SVR
0.35,57.83913280419569,13.562995914713163,7.885039361581586,0.07208228630627034,0.021359231491919952,0.07111913563132607,0.020851672503245582,0.06372853188584872,0.013640312302719969,SVR
0.4,59.1157538053126,13.595371962474571,7.890526781522988,0.07252160657842908,0.021549743632666932,0.07119845755332646,0.020921013254640606,0.06557385894578947,0.01313851283905187,SVR
0.45,60.26341773995997,13.628252484920836,7.895787582351767,0.07295953174016498,0.02174052885980649,0.07126188439223552,0.020980086950829972,0.06741379031257251,0.012582756443806553,SVR
0.5,61.37816794634523,13.661470991793605,7.900881116692656,0.07340359538776149,0.021932008285789166,0.07126685865991525,0.021001775002380686,0.06996595317617478,0.012118726832242504,SVR
0.55,62.386083428207606,13.694917795789243,7.905839758704602,0.0738325918427911,0.02212162597476433,0.07126042587050906,0.02102655854814806,0.07256667727819655,0.011573761823312632,SVR
0.6,63.412883836122006,13.727631224689134,7.911046602601803,0.0743031625884219,0.022314805575119858,0.07129435868113167,0.021064903609169107,0.07542639465178894,0.011077358052802253,SVR
0.65,64.40461223851122,13.759082027250704,7.916712080417411,0.07480665794003225,0.022510695396033356,0.07138576396370735,0.021098564788509314,0.07832927757064312,0.010629515520711369,SVR
0.7,65.22367845985335,13.79309769738774,7.921298419601474,0.07520147418970177,0.022695242065095354,0.07135880398077446,0.021118036958269013,0.08182029104368893,0.01013311175020099,SVR
0.75,66.05245692887937,13.828082756591042,7.925436916253447,0.0755392304230763,0.022873077155464223,0.07121261602555198,0.021116147882262418,0.08518720357410715,0.009636707979690611,SVR
0.8,66.85101951622215,13.863290299759374,7.9294297291901605,0.07587349888039366,0.02304956191559715,0.07104311484539579,0.021105825784172905,0.08826814436716612,0.009221239606546056,SVR
0.85,67.63069717751291,13.89822478943614,7.933487290444767,0.07621153413585276,0.023225965016726705,0.07087739745655884,0.021092068862681453,0.09064224935656359,0.00881116692655922,SVR
0.9,68.32566245622745,13.934157435324595,7.937102404860441,0.07651817940679749,0.023398915416027295,0.07080946252862672,0.02110716627100142,0.09341563563963244,0.008384907167099222,SVR
0.95,68.99364926915335,13.971146766293552,7.940237302585077,0.07678450598652155,0.023566926838013324,0.07070605361779335,0.02111933888093726,0.09687427495373194,0.008039582805005045,SVR
1.0,69.68106057744708,14.008517697415463,7.9431671639697194,0.07703227759762159,0.023732273551295778,0.07057413439469731,0.02112975392497147,0.09961528707785446,0.007640301511333654,SVR
1.05,70.31829193937399,14.04467847221587,7.9465340765001375,0.07732511127537998,0.02390140017876798,0.07056549453281462,0.021172567649895408,0.10247500445144686,0.0072895814560817555,SVR
1.1,70.99329315340496,14.081113781652487,7.949733722542667,0.07759548367533035,0.024067275193117393,0.07060357967379571,0.02123093572396988,0.10609011886712026,0.006879508776094921,SVR
1.15,71.69527283322452,14.118053968711198,7.952668979620467,0.07784032555454236,0.024229346893151368,0.07058653946942615,0.021281185094981128,0.10930055629596457,0.006485623175581251,SVR
1.2,72.4414971969374,14.15359428462272,7.956111431855093,0.07811934763911446,0.024393831457373144,0.07066115211011632,0.021356262976028273,0.11218185644218785,0.006134903120329353,SVR
1.25,73.17531146638753,14.188350311726639,7.959823668747606,0.07841706420335288,0.024559659324991323,0.07074528608296834,0.02142874604028035,0.11448042172737721,0.005789578758235177,SVR
1.3,73.90750702789035,14.224181693075204,7.963066480335396,0.0786828327389078,0.02472212809144607,0.07086667599196932,0.021521261435314135,0.11671963438783163,0.005519794100349101,SVR
1.35,74.65319182228744,14.260544910386873,7.966055694344774,0.07891539764639863,0.02488106868520509,0.07101322358825356,0.0216266419938536,0.11895884704828606,0.005206843897201254,SVR
1.4,75.42045938931545,14.297202884522216,7.968893828945736,0.07912954709630772,0.025038125914960643,0.07121401549588993,0.021757973802546987,0.12089050519875036,0.004791375524056698,SVR
1.45,76.18988523360653,14.333711331454003,7.971764337705643,0.07934997454311968,0.025196012237948893,0.07147081443291668,0.021915309337569775,0.12249302606659364,0.004543173638801508,SVR
1.5,77.0197428412641,14.36971317297411,7.974807508646598,0.07958756184813279,0.025355687259902195,0.07178031925908801,0.022087614270154463,0.1245649722391587,0.004246410515126826,SVR
1.55,77.87334149881563,14.405966165232812,7.977710391565452,0.07982180088813108,0.025514816614289892,0.07218271429066343,0.022292811232310278,0.12673404088856274,0.004057561254606573,SVR
1.6,78.70104082921013,14.441740718835046,7.980769749585881,0.0800789197390643,0.025676147530636257,0.07260469883929001,0.02249839934805744,0.12849303685797997,0.003814755062509105,SVR
1.65,79.56651001170866,14.477047781829606,7.9839855827078825,0.08035277991507178,0.025839269444448573,0.07306406971240244,0.022709571704685856,0.13028980267950122,0.0035719488704116374,SVR
1.7,80.40338202047126,14.510950415403197,7.987730193759341,0.08066542416083482,0.026006274442540563,0.07365109726602868,0.022952122968355533,0.13225923068206957,0.0033938909962068276,SVR
1.75,81.28935483696912,14.544645318537103,7.991517970356062,0.08097695231825956,0.02617301169868232,0.0742438385726423,0.02319677517437192,0.13441750794515817,0.003205041735686575,SVR
1.8,82.17209023757238,14.577691331349635,7.995532366065406,0.08128136541252773,0.02633919819671871,0.07482046468626061,0.023441599044644688,0.13597146757458198,0.0030323795546394867,SVR
1.85,82.99978956796686,14.609839802484604,7.99988129475053,0.08161716849131025,0.026508946208282973,0.07538254557747064,0.023680862086695814,0.13730959947769691,0.002832738907803791,SVR
1.9,83.80320827915159,14.641928661473425,8.004230223435654,0.08195980761116477,0.02667992515752778,0.07598832267327689,0.0239339885482153,0.13884737202764752,0.0026654724199144243,SVR
1.95,84.55752618260105,14.675364192336582,8.008007208646058,0.08226561581585579,0.026847529960519124,0.0765293910779578,0.024176710428897116,0.14077903017811183,0.0025521628636022728,SVR
2.0,85.3042901156297,14.708054546761478,8.012048582821192,0.08258077126037996,0.02701619097554308,0.07703124476745288,0.02441020855156147,0.1425542132270022,0.00236331360308202,SVR
2.05,85.97551434445026,14.74229708852247,8.015437078124242,0.08286579231977034,0.027182146663290687,0.07742439251667806,0.02461125784051425,0.14437256182115435,0.002217629887823539,SVR
2.1,86.61382484500871,14.775555377722243,8.0191816891757,0.0831794131428294,0.027350847676224498,0.07788531280057809,0.024829113630745456,0.14672508403792092,0.0020287806273032866,SVR
2.15,87.22569644909434,14.807051807824825,8.0235845747924,0.08355065202635255,0.02752472195227144,0.07840465971371662,0.02504973042443067,0.1492502684357346,0.001872305525729363,SVR
2.2,87.75717222512989,14.839443109828581,8.027582783422272,0.08389329114620711,0.027695431851591592,0.07880386348013749,0.02523879061068012,0.15157581218671257,0.001715830424155439,SVR
2.25,88.270842213745,14.869398888878866,8.03251444696843,0.08432786804292813,0.027874936274137917,0.0793179167578471,0.02544256862067648,0.15378804638137838,0.0016133122541587305,SVR
2.3,88.75159847409797,14.89905514482794,8.037521650218796,0.08476830440342517,0.02805483379525796,0.07980988242160425,0.025631616922229723,0.1562215039955108,0.0015269811636351863,SVR
2.35,89.14926105982205,14.929392693544779,8.042205111879698,0.08518362877631075,0.028231764040363042,0.08026528800469666,0.025816605368869816,0.15889776780174064,0.0014028802210075918,SVR
2.4,89.50052068438971,14.960656475699336,8.046467709474298,0.08555068232856534,0.028403521276921858,0.08060947890567541,0.025974937984542583,0.1613474124953462,0.0013165491304840476,SVR
2.45,89.85339901690472,14.992351248700547,8.050514479342588,0.08589457704780046,0.02857283647947053,0.08090728823981552,0.02612280901289435,0.16361899931474697,0.0012571965057491111,SVR
2.5,90.13937075426395,15.024185537757814,8.054458731040883,0.08624321514247328,0.028742254708316047,0.08119788164589543,0.026267991182450493,0.16637080282518493,0.00118165680154101,SVR
2.55,90.37624168388793,15.056367822132415,8.058203342092343,0.08656632271640775,0.028908261155274905,0.08146468476450325,0.02641033007277167,0.16977548520770722,0.001138491256279238,SVR
2.6,90.61419175214344,15.089140645182258,8.061640398633811,0.08686222563709646,0.029070188182043877,0.08170617937572199,0.026550696181253816,0.1735147005660082,0.0010791386315443013,SVR
2.65,90.8435087113466,15.121575087908536,8.065136807800014,0.08716733628657605,0.02923134159785485,0.08195895734811094,0.02669097857778498,0.17746434795746036,0.0010305773931248078,SVR
2.7,91.02534357076182,15.154373550873617,8.068406597853594,0.08744956712512073,0.029388358073235428,0.08217717301719028,0.02682215753366833,0.18200752159626185,0.0009550376889167067,SVR
2.75,91.20124316770354,15.18689276204285,8.071697970679804,0.08774212178079455,0.02954401850610372,0.08240018666950648,0.026949290121477926,0.18627011919086187,0.000863310905235441,SVR
2.8,91.35555999201438,15.219876364836045,8.074719558848127,0.08799784552130488,0.02969398845822426,0.08258734303534303,0.02707215221276909,0.19017660103705222,0.0008039582805005045,SVR
2.85,91.51743078674602,15.252537437937905,8.077800499641187,0.08824910490846205,0.02984201911746462,0.08276413951843029,0.027190120307795995,0.19361905327167855,0.0007715841215541754,SVR
2.9,91.67606416558303,15.285118291983231,8.080849066275299,0.08849436532080095,0.029988180665044235,0.0829341099196026,0.027305926317957373,0.19677013807578791,0.0007392099626078464,SVR
2.95,91.82660400468346,15.319048475397365,8.083293315275746,0.088692889533974,0.030128487296518645,0.08305885816023738,0.027417817483480017,0.2001100721404175,0.0006744616447151884,SVR
3.0,91.9652733188369,15.35369958483373,8.085381448527786,0.0888519321221801,0.030263456430213064,0.08314766660799569,0.027526921892623086,0.20370899947661777,0.0006312960994534163,SVR
3.05,92.08613684556987,15.387893632686968,8.087582891336135,0.08900776595641362,0.030396518261001388,0.08324063665873695,0.02763760812604665,0.20719461725650587,0.0006205047131379733,SVR
3.1,92.19405070872429,15.422846769185837,8.089406635623446,0.08913876682512016,0.030525355864795232,0.08331525738297847,0.02774688076284485,0.21118743019321978,0.0005881305541916443,SVR
3.15,92.30682069572067,15.456809818067002,8.091543330113904,0.08929766990228401,0.03065465455423517,0.08341705567733451,0.02785511398440006,0.21536909239045393,0.0005611520884030367,SVR
3.2,92.42174895998015,15.49087287764231,8.093566715048048,0.0894497369383758,0.030781465173295885,0.0835100133576199,0.027959954844691565,0.218525572887721,0.0005341736226144292,SVR
3.25,92.53020239245035,15.524003404165999,8.0959084458785,0.08962273063081048,0.03090927632959024,0.08363045242552,0.028067626564500955,0.22104536159237698,0.0005071951568258216,SVR
3.3,92.62354788407893,15.557401643544209,8.098093701607377,0.08977577424419826,0.0310343437142087,0.0837371582761473,0.028176020464196698,0.2236352943080833,0.0004964037705103787,SVR
3.35,92.73146174723335,15.590622273728199,8.100295144415727,0.08993411927719293,0.03115888364388113,0.08383980486669539,0.02827939562644228,0.22623062271694733,0.0004910080773526571,SVR
3.4,92.82480723886194,15.624436791509636,8.102210615486719,0.09006302748026526,0.031279776574373086,0.08392036839015315,0.02838290463675374,0.22866408033107974,0.0004694253047217711,SVR
3.45,92.91599445322744,15.658729204371275,8.10388867605877,0.09017226462637523,0.031398045358057396,0.08398079970267823,0.028484006445801346,0.23079537912837972,0.00045323822524860656,SVR
3.5,93.00987951417179,15.692263024263248,8.10583112559555,0.09028973292398008,0.03151669496547629,0.08404962452285095,0.028585277880384504,0.23274322435831718,0.00044244683893316354,SVR
3.55,93.08649835701144,15.72615063028862,8.107590121564966,0.09040315540135863,0.03163441474400525,0.08412402170183167,0.028689855598332575,0.23512272504087237,0.00043705114577544205,SVR
3.6,93.16203806121953,15.759166856778231,8.109651276351217,0.09053066849400808,0.03175276208157618,0.08421439666396387,0.028795304513370947,0.23724323245185694,0.000426259759459999,SVR
3.65,93.23164250295413,15.792069009908387,8.111717826830624,0.09065706549831924,0.031870529346284704,0.08430699935759796,0.02890161529461439,0.23912632936390174,0.00042086406630227754,SVR
3.7,93.31041962305687,15.823807831172225,8.11421063706949,0.0908204329288362,0.03199146546062486,0.08443288125596322,0.029008395449379727,0.2411712970706782,0.000415468373144556,SVR
3.75,93.36491612394985,15.855211112992196,8.11679517409204,0.09099412417648232,0.03211284560913673,0.08458517339744331,0.029122536455214565,0.24334036572008222,0.0004100726799868345,SVR
3.8,93.42211047142172,15.88690211024609,8.119223236013015,0.0911374020169101,0.0322307536819721,0.08470258465305935,0.029231860844363494,0.24536914634738552,0.0003992812936713915,SVR
3.85,93.48308180410396,15.917935722622245,8.121877917046614,0.09129797922658135,0.032350022690856524,0.08483687069348649,0.029341733488981215,0.24700404137417514,0.00038848990735594846,SVR
3.9,93.53488045841809,15.94870717780427,8.12460813778442,0.09146567149940918,0.03246997670997001,0.08498349083651091,0.02945458077770156,0.2484285043678136,0.0003776985210405055,SVR
3.95,93.5850604047849,15.979457011360154,8.127316775749597,0.09162987599617986,0.032589552655319945,0.08512829058370425,0.0295677886956138,0.2499339027588179,0.0003615114415673409,SVR
4.0,93.64171518294097,16.01018307668496,8.130003830942142,0.09178919760647052,0.03270856817516035,0.08526450623166944,0.029678806944896507,0.2516281504103425,0.0003615114415673409,SVR
4.05,93.6994490997286,16.04126705229777,8.132512828260483,0.0919320569137714,0.03282573949011203,0.08538006873358824,0.0297865079976696,0.2533709593002865,0.00035611574840961944,SVR
4.1,93.74693119951655,16.07128624991496,8.13541031548618,0.09207686937566434,0.03294272555241901,0.08550439193295882,0.02989703463646988,0.25538894854127436,0.0003399286689364549,SVR
4.15,93.78901760614677,16.101515256598123,8.138183701769249,0.09221861259462694,0.03305891822266749,0.08562979673459056,0.030008666622261898,0.2575688085769938,0.0003399286689364549,SVR
4.2,93.82840616619814,16.13006465799764,8.141582988458612,0.09239453601894963,0.0331776817761584,0.08579190154978578,0.030123259296605753,0.26000226619112626,0.0003399286689364549,SVR
4.25,93.8640177410391,16.158216181163283,8.145090189011132,0.09258162032665526,0.0332965546188314,0.08597025990883016,0.03023988736500471,0.262370975487366,0.0003237415894632904,SVR
4.3,93.9007084545116,16.18379531956733,8.149584801411514,0.09284152939843417,0.03342194140695032,0.08622326513397191,0.030362188100474106,0.26436738195572296,0.0003237415894632904,SVR
4.35,93.93416175208948,16.209295033044963,8.15406862242558,0.09309767167207135,0.033546396709102665,0.08647444897208931,0.030484427513331552,0.26668213432038546,0.0003129502031478474,SVR
4.4,93.95952150993078,16.235118173429118,8.158374385565441,0.09333260826728106,0.03366794431737958,0.08670857365997081,0.030606193089619513,0.26916415317293735,0.0003075545099901259,SVR
4.45,93.98380212914051,16.26099612815274,8.162610004694253,0.0935371314552724,0.03378569035379547,0.08691046781832899,0.030723951806402038,0.2714789055375999,0.0003075545099901259,SVR
4.5,94.00592447108718,16.286113799585863,8.167104617094635,0.09376704565295979,0.03390517316778025,0.08714037726145651,0.030844137875451896,0.2737558880501584,0.0003075545099901259,SVR
4.55,94.01779499603417,16.311725907312223,8.17135642330292,0.09394045787852136,0.03401844162864503,0.08731708577528322,0.03096087584819568,0.2760706404148209,0.00030215881683240436,SVR
4.6,94.03236336756001,16.33782220159942,8.175365423319107,0.09411554423659035,0.03413093002571476,0.08749316816718597,0.031075855898817433,0.27860661619895,0.00030215881683240436,SVR
4.65,94.04962958566472,16.362902519598496,8.179725143390545,0.0943109992068331,0.03424416239082929,0.08768982186397407,0.03119089615612713,0.2816228086741163,0.00030215881683240436,SVR
4.7,94.06581666513789,16.38803808528154,8.18400392806462,0.0944898523630438,0.0343543990851834,0.08786916922017952,0.03130293242672668,0.2844609432750778,0.00029676312367468287,SVR
4.75,94.07660805145332,16.41251461837808,8.188482353385528,0.09467930835846827,0.034464038412987924,0.08806329229445671,0.03141600167659687,0.2881515973949593,0.00029676312367468287,SVR
4.8,94.09495340818958,16.437702978075414,8.19259926726487,0.09485258107298754,0.03456990479151055,0.08823531062165617,0.031522651341436586,0.29193397829852213,0.00029676312367468287,SVR
4.85,94.1062843638208,16.462348703785313,8.19686186485947,0.0950190177464348,0.0346731079650673,0.08840466009976493,0.031628668431293,0.29554369702103783,0.00029676312367468287,SVR
4.9,94.1159966115047,16.48694070834565,8.201075901215649,0.09519229046095408,0.03477500637236358,0.08858201444722177,0.031733758929756675,0.29863542920041225,0.00029676312367468287,SVR
4.95,94.12355058192551,16.51190217089748,8.205084901231837,0.09535565789147103,0.03487451507832489,0.08875054732231917,0.031837007606571516,0.30152752073295097,0.00028597173735923985,SVR
5.0,94.12732756713591,16.537307584197666,8.208856490749085,0.09550158644170224,0.0349707526671943,0.08890305673291334,0.031937979729523475,0.304549108901275,0.0002751803510437968,SVR
5.05,94.13326282960941,16.562596593217407,8.212617288880017,0.09564137650607285,0.03506491030168019,0.08904758381290842,0.03203603523318652,0.3073494736501325,0.00026978465788607533,SVR
5.1,94.13865852276713,16.58915462011469,8.215816934922545,0.09576609937787657,0.035156266661911635,0.08917645036969107,0.032131279944817424,0.30989624082057704,0.00026978465788607533,SVR
5.15,94.14567292387217,16.615630806302768,8.218994998192443,0.09588468376381969,0.03524563336771506,0.08929724647100291,0.03222384421542588,0.31256710893364914,0.00026978465788607533,SVR
5.2,94.14998947839834,16.641792413331185,8.222248601166548,0.09600340766080515,0.03533377119989565,0.08942043864726548,0.03231600780638644,0.31502754501357016,0.0002589932715706323,SVR
5.25,94.15376646360875,16.667936832624083,8.225459038595393,0.09611571404984541,0.03542004586639606,0.08953716851769074,0.03240634888856657,0.31762826911559194,0.0002589932715706323,SVR
5.3,94.15700387950338,16.6940243574767,8.228642497558448,0.09623290332536569,0.03550554867113279,0.08965944051712281,0.032496038039312614,0.31982971192394233,0.0002589932715706323,SVR
5.35,94.16078086471379,16.719088574556874,8.232192863656229,0.09636571783762198,0.03559163470837158,0.08979778384170624,0.03258614660853903,0.3219394279486114,0.0002535975784129108,SVR
5.4,94.16186000334534,16.744108730864493,8.23572164698138,0.0964975557725823,0.03567682305450053,0.08993706307266507,0.03267619683704077,0.3239897913485456,0.0002428061920974678,SVR
5.45,94.16509741923996,16.769960979613295,8.238878127478646,0.09661321042663742,0.035759611834448035,0.09005768110062513,0.032762984851259544,0.32564626914796607,0.00023741049893974628,SVR
5.5,94.16725569650305,16.794542552674653,8.242514824666952,0.0967389098757372,0.03584303535632145,0.09018969492846214,0.03285079647471254,0.32693044411950384,0.00023741049893974628,SVR
5.55,94.16941397376614,16.81956021992684,8.24595188120842,0.09686963172235921,0.035926737730419024,0.09032614717493567,0.03293881362247515,0.3281067052278871,0.00023741049893974628,SVR
5.6,94.1699535430819,16.84507856770977,8.249167714330422,0.09698403077703377,0.03600882675006017,0.09044651851851851,0.03302566547591147,0.32912109554153873,0.0002320148057820248,SVR
5.65,94.17157225102922,16.869947619832246,8.252620957951363,0.09710735853841462,0.036091686165240174,0.0905759245520853,0.03311300256926115,0.3303836877404456,0.0002320148057820248,SVR
5.7,94.17427009760809,16.89463191464893,8.256122762810724,0.09722998874458409,0.03617425706206029,0.09070399046615026,0.03319968245707511,0.3315977187009329,0.0002320148057820248,SVR
5.75,94.17696794418696,16.91896890596332,8.259737877226398,0.0973618266795444,0.03625748175402795,0.09084182609243674,0.033287050564656105,0.33296282906983643,0.00022661911262430328,SVR
5.8,94.17912622145003,16.943269749456665,8.263342200255757,0.09749366461450469,0.03634048134982873,0.09097973065971526,0.033374330775321884,0.3341282987919043,0.00021582772630886026,SVR
5.85,94.18020536008159,16.96792423157142,8.266779256797225,0.09761964308568898,0.036422662634683224,0.09111274767254664,0.03346115702822519,0.3353585168318648,0.00021582772630886026,SVR
5.9,94.1818240680289,16.99204341835105,8.27041055829237,0.09775092297648018,0.03650536477971237,0.0912510159381266,0.03354834782936284,0.33630276313446605,0.00021582772630886026,SVR
5.95,94.18290320666044,17.016185660847498,8.27401488132173,0.09787955215746791,0.03658791336303376,0.09138624794903526,0.03363552389114276,0.33707434725602026,0.00021582772630886026,SVR
6.0,94.18398234529198,17.040249379657965,8.277635391430561,0.09801139009242822,0.03667098447428265,0.09152488376089919,0.033723225728433635,0.3378837012296785,0.00021582772630886026,SVR
6.05,94.18506148392353,17.06332976017678,8.281633600060431,0.09814769238074168,0.03675468694511375,0.09166766387864066,0.03381153690478305,0.33870384658965214,0.00021043203315113877,SVR
6.1,94.18721976118663,17.08585200932221,8.285836845030296,0.09829599261869176,0.036839644677571094,0.09182271970669109,0.0339008453370309,0.3395995316538339,0.00021043203315113877,SVR
6.15,94.18829889981816,17.108008267879537,8.290169586635947,0.09844722258852981,0.03692504346720465,0.09198222898454415,0.033991036673770195,0.34048442533170026,0.00021043203315113877,SVR
6.2,94.18991760776548,17.12938201228067,8.294793695672114,0.0986093344196662,0.03701145202312856,0.09215261176066221,0.03408208384976768,0.3416984562921876,0.00021043203315113877,SVR
6.25,94.19045717708126,17.150004404927024,8.299692985059325,0.09878218860105864,0.03709869575108161,0.0923355994638131,0.03417442729740655,0.34299342265004074,0.00019964064683569574,SVR
6.3,94.19045717708126,17.170814801559768,8.304495151969698,0.09895825153642362,0.03718619344742065,0.09252252172817159,0.034267239584723636,0.3439430646457997,0.00019424495367797423,SVR
6.35,94.19099674639703,17.19141147465564,8.309362067197963,0.0991373837147189,0.03727398463229092,0.09271202332628732,0.03436014687022825,0.34504378604997493,0.00018884926052025274,SVR
6.4,94.19315502366011,17.211967178269937,8.31422358673307,0.09931595784884505,0.037361677169329276,0.09290007435370135,0.034452412277203665,0.3462146514652005,0.00018884926052025274,SVR
6.45,94.19369459297589,17.23112661280819,8.31961927989079,0.09950778553198834,0.03745050215821512,0.09310334266663611,0.03454643980325793,0.3473531427214797,0.00018884926052025274,SVR
6.5,94.19477373160743,17.249748157484902,8.325209218002191,0.09970909996600713,0.03754024840990903,0.0933162936978015,0.03464125539211995,0.34841609427355086,0.00018884926052025274,SVR
6.55,94.1953133009232,17.26809026878857,8.330890882897272,0.09990887977856075,0.037629887876108534,0.09352740587140196,0.034736088303247724,0.34934415349667897,0.00018884926052025274,SVR
6.6,94.1953133009232,17.285417606555143,8.336961037699709,0.10013014429162644,0.03772176779514696,0.09376230557639981,0.034833541957663604,0.35017509024296806,0.00018345356736253123,SVR
6.65,94.1953133009232,17.301976057221335,8.343322559932663,0.10035503609179153,0.03781422406551352,0.09400090798797077,0.03493159210170461,0.3510114226824149,0.00017805787420480972,SVR
6.7,94.19585287023897,17.317787512984506,8.349964658209817,0.10060127308142641,0.037908883804130336,0.0942610385849143,0.035031717594401934,0.35205818715501286,0.0001726621810470882,SVR
6.75,94.19693200887052,17.332733894934517,8.356930498076435,0.10085588073359845,0.03800433149832834,0.09453099217541731,0.035132851148156855,0.35321286549076525,0.0001726621810470882,SVR
6.8,94.19855071681783,17.347458900803552,8.363955690567789,0.10112081220289965,0.038100460475441474,0.09481150429886415,0.03523447658329125,0.35498265284649794,0.0001726621810470882,SVR
6.85,94.20016942476515,17.3624700039069,8.370829803650725,0.101388254870962,0.03819618417320131,0.09509422829125237,0.03533542843615013,0.3566769004980225,0.0001726621810470882,SVR
6.9,94.20016942476515,17.37737755570435,8.377714708119978,0.10166113846967348,0.038292045183071374,0.09538361691793062,0.0354370733738992,0.3581337376506073,0.00016726648788936672,SVR
6.95,94.20016942476515,17.39119890485851,8.385009685269218,0.10194908926095192,0.03838924384860435,0.09568929661366447,0.0355401659181866,0.3592398547479402,0.0001618707947316452,SVR
7.0,94.20016942476515,17.406428365324416,8.391716531864265,0.10222783232343945,0.03848541273105957,0.09598460926545387,0.035642106734651735,0.36055640387842425,0.0001618707947316452,SVR
7.05,94.2012485633967,17.421647110406823,8.39840719137984,0.10251271387178754,0.03858222555543936,0.0962860758136391,0.03574438416545827,0.3612470526026126,0.0001564751015739237,SVR
7.1,94.2012485633967,17.43850455064392,8.404428784943859,0.10277429707607387,0.038677132370889225,0.09656361321068126,0.03584502489857397,0.3620240324173245,0.0001564751015739237,SVR
7.15,94.2012485633967,17.454361433792922,8.410833472722073,0.1030540167158574,0.038773993937078415,0.09686055156770874,0.03594775872068027,0.3629305088678217,0.00015107940841620218,SVR
7.2,94.2012485633967,17.469908122847144,8.417346074363444,0.10333568951023295,0.03887128915465113,0.09715911901297924,0.03605090871136371,0.36366971883042953,0.00015107940841620218,SVR
7.25,94.20178813271247,17.48584713862367,8.423686013823765,0.10361722279356615,0.03896884433356273,0.09745712823978872,0.03615413901754652,0.36447367711093004,0.00015107940841620218,SVR
7.3,94.20178813271247,17.502221456415803,8.429837104023568,0.10389331514625028,0.039066189169647,0.09775006624777331,0.036257367268420375,0.36515353444880294,0.00015107940841620218,SVR
7.35,94.20178813271247,17.518200443434935,8.43613387793863,0.10417917327189437,0.039164900225504805,0.09805351921964409,0.03636205907571589,0.3657038951508906,0.00015107940841620218,SVR
7.4,94.20232770202824,17.534405630843697,8.442328133683693,0.10445777682333961,0.03926335133513332,0.09834796728297475,0.036466191115958196,0.36636216971613256,0.00015107940841620218,SVR
7.45,94.20232770202824,17.551456652843008,8.448171669373506,0.10472745166807852,0.03936136724207443,0.09863423923751917,0.036570141755211075,0.3669395088840088,0.0001456837152584807,SVR
7.5,94.20232770202824,17.569574246472857,8.453578153917544,0.10497564181230543,0.03945781003331663,0.09889770421793022,0.036672421326781994,0.36741432988188827,0.00014028802210075918,SVR
7.55,94.20340684065978,17.587563416752875,8.459027804006842,0.10523541137304203,0.03955598704857017,0.09917365805601695,0.036776543699250416,0.36776504993714015,0.00014028802210075918,SVR
7.6,94.20448597929133,17.607003912561446,8.463889323541949,0.10546141926154544,0.03965153294279679,0.09941361876832845,0.036877811088226506,0.36813195707186525,0.00013489232894303767,SVR
7.65,94.20448597929133,17.626928711945716,8.46855120243022,0.10568421839607624,0.039747476169990074,0.09964923607038122,0.03697947599045648,0.3684233245023822,0.00013489232894303767,SVR
7.7,94.20556511792287,17.646785811953432,8.473234664091123,0.1059107843287488,0.039844523038818996,0.09988933667823632,0.03708214925384475,0.36868771346711054,0.00013489232894303767,SVR
7.75,94.20556511792287,17.667156229384247,8.477707693718873,0.10612800302158813,0.03994142895694216,0.10011991614832122,0.037184920017222796,0.3689089368865771,0.00013489232894303767,SVR
7.8,94.20610468723865,17.687677972374846,8.482115975028732,0.10634619829172356,0.040039233556608635,0.10035110558721613,0.037288441318050855,0.36917332585130547,0.00012949663578531615,SVR
7.85,94.20772339518597,17.707591491643814,8.48676166683753,0.10658448315194809,0.04013973230977309,0.10060290926585642,0.03739458452652962,0.3694808803612956,0.00012410094262759467,SVR
7.9,94.20772339518597,17.727664875586814,8.491337214635278,0.10682346556738409,0.04024104622931613,0.10085658529880066,0.03750203062470699,0.36976685209865484,0.00011870524946987314,SVR
7.95,94.20772339518597,17.748344566774897,8.495664560547771,0.10703719648416633,0.04034068553421985,0.10108345726755173,0.03760769801682895,0.3700312410633832,0.00011870524946987314,SVR
8.0,94.20772339518597,17.76788101302581,8.500445144685512,0.10728008520878635,0.04044400539167144,0.10134098360805964,0.03771724238151281,0.37024167309653433,0.00011870524946987314,SVR
8.05,94.20772339518597,17.78817315457978,8.504918174313262,0.10751460327086917,0.04054733580276084,0.10158918035716331,0.03782675614534406,0.37053843622020904,0.00011870524946987314,SVR
8.1,94.20826296450173,17.80796704560883,8.509585448894692,0.10774479649064118,0.040651080564022446,0.10183161076523921,0.037936441711594555,0.37073807686704474,0.00011870524946987314,SVR
8.15,94.20826296450173,17.82742718817212,8.514382220111907,0.10798615059379602,0.04075679708284394,0.102086914312224,0.038048472219437676,0.3709593002865113,0.00011870524946987314,SVR
8.2,94.20826296450173,17.846403863251176,8.519367840589641,0.1082307134509235,0.040863709318578474,0.10234547579310307,0.03816175610158557,0.37117512801282015,0.00011870524946987314,SVR
8.25,94.2088025338175,17.86543538752511,8.524326482601587,0.10848322843746121,0.04097226569735143,0.10261233484536082,0.038276602858419176,0.3714287255912331,0.00011870524946987314,SVR
8.3,94.2088025338175,17.88479254248846,8.529150232284591,0.10873546440191438,0.041081695998184155,0.10287889154639177,0.0383925410441591,0.37166613609017285,0.00010791386315443013,SVR
8.35,94.20988167244904,17.903814301597496,8.53410347860338,0.10898463112343725,0.04119173769324879,0.10314248973093092,0.0385088276459631,0.37189815089595485,0.00010791386315443013,SVR
8.4,94.2109608110806,17.92294627318356,8.539008163683748,0.109237146109975,0.041303029376482336,0.10341067247027559,0.03862674996279719,0.3721355613948946,0.00010251816999670863,SVR
8.45,94.21150038039636,17.942282491551477,8.543826517673592,0.10948380163273674,0.04141468595968863,0.10367070597061938,0.03874483822953511,0.3723675762006766,9.712247683898712e-05,SVR
8.5,94.21203994971215,17.96121748732842,8.548801346765012,0.10975124430079906,0.041529323944187506,0.10395413344329518,0.0388662045546907,0.37254023838172373,9.712247683898712e-05,SVR
8.55,94.21257951902791,17.979510557222756,8.554029773434845,0.11002538349889117,0.04164564420462614,0.10424466556323628,0.0389893541289201,0.37270750486961307,9.712247683898712e-05,SVR
8.6,94.21365865765947,17.99730937345901,8.559452445058355,0.11032030984228387,0.04176501799221037,0.10455547487242924,0.03911539980758733,0.3728909584369756,9.712247683898712e-05,SVR
8.65,94.21419822697523,18.01499098973443,8.564918282227126,0.11062179320466406,0.041886071624062285,0.10487428156462972,0.03924349479717756,0.37305822492486496,9.712247683898712e-05,SVR
8.7,94.21527736560678,18.031854634212042,8.570707860985362,0.11094294762400647,0.04201010785765586,0.10521306485235837,0.039374516416153305,0.3732416784922275,9.712247683898712e-05,SVR
8.75,94.21581693492254,18.048384194625037,8.576626936379382,0.11127010101816733,0.042135794888885636,0.10555984867106111,0.03950777524641884,0.3734898803774827,9.712247683898712e-05,SVR
8.8,94.21635650423832,18.064172994106542,8.58283737920392,0.11161078698342981,0.042263840532360014,0.1059208437353248,0.03964335294818875,0.37375426934221107,9.712247683898712e-05,SVR
8.85,94.2168960735541,18.080203788611698,8.588945303858461,0.11195523974683404,0.04239327983568958,0.10628568459754317,0.03978038128457469,0.37400786692062393,9.712247683898712e-05,SVR
8.9,94.2168960735541,18.09604749445108,8.595123372524052,0.11230248273108402,0.04252408213787913,0.10665409354293733,0.03991908735617967,0.3742506731127214,9.712247683898712e-05,SVR
8.95,94.2168960735541,18.11074657927837,8.60175467941489,0.11267706987962207,0.042658647970259866,0.10705152505798472,0.040061786613914165,0.3744772922253457,9.712247683898712e-05,SVR
9.0,94.21851478150141,18.125108396320332,8.608515482941517,0.11305821404714757,0.04279494791433362,0.10745673522775433,0.0402064821865113,0.374763263962705,9.712247683898712e-05,SVR
9.05,94.21959392013295,18.139053250139476,8.615438157262872,0.11344786838825247,0.04293321165583537,0.10786965653418852,0.04035297334881983,0.374995278768487,9.712247683898712e-05,SVR
9.1,94.22121262808027,18.15215034516541,8.622695364560009,0.11388300332914267,0.043077057730569496,0.1083311067156102,0.04050520634655071,0.3752057108016381,9.172678368126562e-05,SVR
9.15,94.22175219739603,18.16435942084169,8.630303291912396,0.11432888062028887,0.04322315579361209,0.10880444786512733,0.04066029197705066,0.3754053514484738,8.63310905235441e-05,SVR
9.2,94.22283133602758,18.176383196331706,8.637981363275832,0.11480028843217342,0.04337298122270959,0.10930366144789436,0.04081890675838915,0.37566974041320217,8.63310905235441e-05,SVR
9.25,94.22391047465912,18.18771876652929,8.645929219297157,0.11528704245870947,0.0435255125282612,0.10981929862335937,0.040980256781656094,0.3759341293779305,8.63310905235441e-05,SVR
9.3,94.2244500439749,18.198313653396454,8.654168442748997,0.11580337282621012,0.043682182132961975,0.11036664893001735,0.041146200840122285,0.37618233126318573,8.63310905235441e-05,SVR
9.35,94.22498961329066,18.210027894521915,8.66195442797559,0.11630031115883302,0.04383823217936946,0.1108935604649831,0.041311520201375955,0.3765222599321222,8.63310905235441e-05,SVR
9.4,94.22606875192223,18.221371723106568,8.669880701224283,0.11679878411292108,0.043995597093794886,0.11142204883411974,0.04147830431149646,0.376932332612109,8.63310905235441e-05,SVR
9.45,94.22660832123799,18.2312129357151,8.678400500720326,0.11734190060054064,0.04415849640992085,0.11199898924029247,0.041651245374046034,0.3772884483605186,8.09353973658226e-05,SVR
9.5,94.2282270291853,18.243125043457177,8.68608396777692,0.11784358230860127,0.044318582352122354,0.11253095709933802,0.0418207551413646,0.3777362908926095,8.09353973658226e-05,SVR
9.55,94.22876659850108,18.254544261113878,8.693956284094035,0.11837456133554196,0.0444827016941057,0.11309366459570423,0.041994584921310016,0.37811938510680776,8.09353973658226e-05,SVR
9.6,94.22984573713262,18.26796712064579,8.701019246437493,0.11884652719159565,0.04464233438625781,0.11359368022034022,0.04216358899839642,0.37855104055942546,8.09353973658226e-05,SVR
9.65,94.2303853064484,18.28088065918231,8.708276453734628,0.11934109383649968,0.04480531724099787,0.11411802620247366,0.04233624534809215,0.37903125725046266,8.09353973658226e-05,SVR
9.7,94.2303853064484,18.293016281488768,8.715835819848596,0.11985533153836604,0.04497140461180574,0.11466345396243699,0.0425123884242736,0.379452121316765,8.09353973658226e-05,SVR
9.75,94.23092487576416,18.305493469507766,8.723249502247306,0.1203670580414713,0.04513847105627074,0.11520555709140468,0.04268947083402193,0.3798891724625404,8.09353973658226e-05,SVR
9.8,94.23146444507994,18.31841912411715,8.730474335385495,0.12084837113735815,0.04530380255797599,0.11571582295209625,0.042864741305216864,0.38043413747147026,8.09353973658226e-05,SVR
9.85,94.23200401439571,18.330657359410452,8.737963557488413,0.12135619133127935,0.0454728729339772,0.1162542125822392,0.043043847965885264,0.38095751970776925,8.09353973658226e-05,SVR
9.9,94.23254358371148,18.343732854878194,8.745107455229236,0.12184517753449199,0.04564130940605666,0.11677201713199423,0.04322221361773737,0.3814701105577528,8.09353973658226e-05,SVR
9.95,94.23308315302725,18.357725426132067,8.75187365444902,0.12230388984152848,0.045807996922478146,0.11725857743422369,0.04339896782227591,0.382047449725629,8.09353973658226e-05,SVR
10.0,94.23308315302725,18.372300219323243,8.758397047476704,0.1227480930001672,0.04597449452184581,0.117729817080363,0.043575554434353535,0.3824952922577199,8.09353973658226e-05,SVR
10.05,94.23308315302725,18.386821143341688,8.764931231890705,0.12318825033857973,0.046141792314940144,0.11819691135732484,0.04375300350157362,0.38308881850506926,7.553970420810109e-05,SVR
10.1,94.23416229165879,18.402446712579284,8.771012178079458,0.12357706761343094,0.04630527549873205,0.11860890559814938,0.04392607991435778,0.38361220074136826,7.553970420810109e-05,SVR
10.15,94.23470186097457,18.41841118515074,8.77694744055295,0.12395890933616786,0.04646930407177763,0.11901298520452562,0.04409977025549042,0.3841463743639827,7.553970420810109e-05,SVR
10.2,94.23524143029034,18.43472579731425,8.782731623618028,0.12434186714724305,0.04663462875093517,0.1194188367296692,0.04427487805847767,0.38469133937291256,7.553970420810109e-05,SVR
10.25,94.23524143029034,18.451351876440327,8.788380914354162,0.12472175571538792,0.04680088974414518,0.11982196464909617,0.04445122029740312,0.3851607646776343,7.014401105037959e-05,SVR
10.3,94.23686013823766,18.468465203955642,8.793825168750303,0.12508434491428938,0.046966719683504105,0.12020615056226094,0.044626806226786477,0.3857165210728796,7.014401105037959e-05,SVR
10.35,94.23739970755342,18.485291448703197,8.79937194131644,0.12546409397139202,0.04713538243734949,0.12060858099202418,0.044805466058246916,0.3863801913312794,7.014401105037959e-05,SVR
10.4,94.23739970755342,18.501732577864527,8.805059001904679,0.1258418898739026,0.04730498542908168,0.12100947904702465,0.04498535227998854,0.38709242282809864,7.014401105037959e-05,SVR
10.45,94.23847884618498,18.51785936730177,8.81085937204923,0.12621271022429892,0.04747510322037885,0.12140188087372247,0.045165296248300395,0.3876158050643976,7.014401105037959e-05,SVR
10.5,94.23847884618498,18.533326352857248,8.816913339772194,0.12662398877695824,0.0476504499022794,0.12183771187770175,0.045351215911632194,0.38820933131174695,6.474831789265808e-05,SVR
10.55,94.23901841550075,18.54985058592037,8.822530256349381,0.12699076330712825,0.047822637340766576,0.12222650641260534,0.045533729878965604,0.38893774988803936,6.474831789265808e-05,SVR
10.6,94.24009755413229,18.56549197692844,8.828487101595506,0.1273741396513303,0.04799763317364544,0.1226320629344204,0.0457189523315022,0.3895474632148619,6.474831789265808e-05,SVR
10.65,94.24009755413229,18.580913129892576,8.834519486545839,0.12777063003350728,0.048175148511018354,0.12305278658864753,0.045907232149168205,0.3902003420869462,6.474831789265808e-05,SVR
10.7,94.2417162620796,18.59533295662333,8.840940361403527,0.12818944218245,0.04835613188271525,0.12349566724111277,0.04609879244489273,0.3907938683342956,6.474831789265808e-05,SVR
10.75,94.24225583139538,18.610488554238557,8.847053681751227,0.12859346616091039,0.04853694492328864,0.12392455627440423,0.04629075353541352,0.3915168912174303,6.474831789265808e-05,SVR
10.8,94.24279540071116,18.625486028887465,8.853215563337343,0.12899093312038332,0.04871833182607646,0.12434544657998545,0.046482857032265484,0.39229926672529986,6.474831789265808e-05,SVR
10.85,94.2438745393427,18.640175527648477,8.859485358786616,0.12938951616819452,0.048901029747139106,0.12476724609967646,0.0466761314145475,0.3930384766879077,6.474831789265808e-05,SVR
10.9,94.24441410865848,18.654597723133378,8.86584688101957,0.12979939961043097,0.04908603266406428,0.12520159518166102,0.04687209347201639,0.39377229095735783,6.474831789265808e-05,SVR
10.95,94.24441410865848,18.669295157557986,8.872084302309895,0.13020732989807532,0.04927213706919398,0.12563295780518247,0.04706933772548584,0.394446752602073,6.474831789265808e-05,SVR
11.0,94.24495367797424,18.683778452584683,8.878391867611272,0.13060284370295625,0.04945826094559379,0.12605205232814434,0.0472664917286665,0.3954071859841475,6.474831789265808e-05,SVR
11.05,94.24549324729001,18.69782519471453,8.884855908014224,0.13104341957449564,0.04964988788214609,0.126519103579362,0.047469582574437875,0.3961787701057016,6.474831789265808e-05,SVR
11.1,94.24711195523733,18.71188287232923,8.891298365644543,0.13148190278040067,0.04984251903572007,0.12698262310286196,0.04767334737306167,0.39716078626040696,5.935262473493657e-05,SVR
11.15,94.24711195523733,18.725580688193688,8.89786492421749,0.13192973322613885,0.05003715367803643,0.12745630906103475,0.047879636472864855,0.3981751765740586,5.935262473493657e-05,SVR
11.2,94.2476515245531,18.738577922162616,8.904690476062008,0.13240058299385424,0.05023508288465361,0.12795413098836675,0.04808918201037733,0.39927050228507605,5.935262473493657e-05,SVR
11.25,94.24927023250042,18.751291166690066,8.911607754690205,0.13289221990687033,0.05043609130181673,0.12847445626449114,0.0483019221086138,0.4003118710645163,5.935262473493657e-05,SVR
11.3,94.24927023250042,18.763327450425198,8.91877323520366,0.13337855540027949,0.050637629973302546,0.12899017004150565,0.0485156462775716,0.40152590202500366,5.935262473493657e-05,SVR
11.35,94.24980980181618,18.775384914433147,8.925906341558168,0.13385861289678574,0.05083956010931834,0.1294983333714992,0.048729486519641665,0.4028262640760145,5.935262473493657e-05,SVR
11.4,94.25034937113196,18.787509670868484,8.9329854909811,0.1343381123491229,0.0510423075610322,0.13000619483961826,0.04894422850997658,0.4041428132064986,5.935262473493657e-05,SVR
11.45,94.25088894044774,18.798272296659743,8.94058262694717,0.1348690913760636,0.05125094173519695,0.13056970636256426,0.04916552747239172,0.40548634080277124,5.3956931577215064e-05,SVR
11.5,94.2514285097635,18.808579459202576,8.948336238014816,0.13541485857348662,0.05146198680756694,0.1311481614618815,0.04938908966510941,0.4068244727058862,5.3956931577215064e-05,SVR
11.55,94.25196807907928,18.818077804828842,8.956386612206137,0.1359791807395337,0.051675786266374084,0.13174629649645062,0.049615587617368,0.40817339599531655,5.3956931577215064e-05,SVR
11.6,94.25304721771083,18.828722873263445,8.963945978320105,0.13652132064985728,0.05188814941071284,0.13232013226319828,0.04984026229652506,0.41002951444157276,4.856123841949356e-05,SVR
11.65,94.25412635634237,18.83748484553497,8.97222297162405,0.13711591671208037,0.05210618590724312,0.13295034892720572,0.05007132351914977,0.41176692763835904,4.316554526177205e-05,SVR
11.7,94.25574506428968,18.847458897457997,8.979976582691695,0.1376827500768886,0.0523219996419142,0.13354885169474542,0.050299376940779156,0.4138550608903973,4.316554526177205e-05,SVR
11.75,94.25682420292122,18.85654722916344,8.98804314396249,0.13828139195933803,0.05254126228225441,0.1341837726244927,0.050531692362727,0.4159431941424355,4.316554526177205e-05,SVR
11.8,94.25790334155278,18.86558757807768,8.996082726767494,0.13886064180690968,0.052758807541865425,0.1347967735487232,0.05076182443476552,0.4184198173018297,4.316554526177205e-05,SVR
11.85,94.25844291086854,18.875422820961365,9.003755402437774,0.13940822264788244,0.05297330693980732,0.1353781215854189,0.05098944263377035,0.42086946199543523,4.316554526177205e-05,SVR
11.9,94.25844291086854,18.88434190288154,9.01174642400436,0.13996542975077292,0.05318879689907046,0.13596867776429372,0.05121792666409085,0.4233083153027254,4.316554526177205e-05,SVR
11.95,94.25952204950009,18.892698268992305,9.019910107751992,0.14054049426707602,0.05340589257836434,0.1365779475425601,0.051447785435187104,0.4260817015857942,4.316554526177205e-05,SVR
12.0,94.26006161881585,18.903359680789062,9.027097171038077,0.1410368745555298,0.05361512677112537,0.13710392095938637,0.051669408559684375,0.4288119223236013,3.237415894632904e-05,SVR
12.05,94.26060118813163,18.91467043191565,9.033965888427858,0.14149767952820055,0.05382045924363414,0.13759155488391256,0.051886825012494454,0.43198998559349927,3.237415894632904e-05,SVR
12.1,94.26168032676317,18.926635484325804,9.040510864228173,0.1419213745636233,0.054021579313624654,0.13804065182200137,0.05209992881316009,0.43479035034235675,3.237415894632904e-05,SVR
12.15,94.26221989607895,18.938835174874914,9.046904760620073,0.1423500919965683,0.05422276681092191,0.13849482330179336,0.052313001668831786,0.4377633772722613,3.237415894632904e-05,SVR
12.2,94.26275946539472,18.95017029540551,9.053584628749332,0.1427913654233191,0.05442462208231886,0.13896275379507725,0.05252704688692346,0.44088208791742434,2.6978465788607532e-05,SVR
12.25,94.26329903471049,18.962156233138327,9.059940755289128,0.14320152788764004,0.054622759367391416,0.13939737860687687,0.05273698816486385,0.4441195038120572,2.6978465788607532e-05,SVR
12.3,94.26437817334204,18.97372893264062,9.066399399998922,0.1436208980807519,0.05482109360658648,0.13984081802831091,0.052946808020893875,0.44701159534459595,2.6978465788607532e-05,SVR
12.35,94.26653645060513,18.984665879129075,9.07305228966239,0.14403775707510263,0.05501860581585097,0.14028086540321794,0.05315527592552456,0.4502004500008093,2.6978465788607532e-05,SVR
12.4,94.26653645060513,18.99598928358637,9.079489351599554,0.14444666394004305,0.055214703488503956,0.14071405074782348,0.053363172492830804,0.4532436209417643,2.6978465788607532e-05,SVR
12.45,94.2670760199209,19.007144824393993,9.085931809229873,0.1448391085019937,0.055408528467024064,0.14113074066442288,0.053568798428322684,0.45609794262219894,2.6978465788607532e-05,SVR
12.5,94.2670760199209,19.019280979919085,9.0919264243281,0.145198209924838,0.055598694137280164,0.14151168111362958,0.05377046048140402,0.4589468686094759,2.6978465788607532e-05,SVR
12.55,94.26923429718398,19.030788199631356,9.098115284380007,0.14555982254644337,0.055788583673577,0.1418936647282385,0.05397101464989353,0.46176342043780655,2.1582772630886026e-05,SVR
12.6,94.26923429718398,19.04186005760557,9.104428245374542,0.14592548098827515,0.05597865836747512,0.14228155208571822,0.05417257788214252,0.46407277710931133,2.1582772630886026e-05,SVR
12.65,94.26977386649976,19.053608457347906,9.11042286047277,0.1462649113541571,0.056166082883300696,0.14264139245505486,0.05437121002324372,0.4664252993260779,2.1582772630886026e-05,SVR
12.7,94.27031343581554,19.065711018584622,9.116228626310479,0.14658899550538756,0.05635192116852518,0.14298494975789003,0.05456819091842713,0.4688695483265258,2.1582772630886026e-05,SVR
12.75,94.2708530051313,19.07883377324691,9.121575758229781,0.14688489842607627,0.05653476830288016,0.143298165263429,0.05476178483774706,0.4713893370311817,2.1582772630886026e-05,SVR
12.8,94.27193214376285,19.091501430838463,9.127057782478026,0.14718331254552613,0.05671773819996665,0.1436144029029802,0.05495561739984122,0.47375265063426375,2.1582772630886026e-05,SVR
12.85,94.27247171307862,19.104315527942486,9.132431892863117,0.14747154235888918,0.056899501899795896,0.1439194701404549,0.05514805748185656,0.4763317919636546,2.1582772630886026e-05,SVR
12.9,94.27355085171017,19.116594087080735,9.137967874042939,0.14776521310290122,0.05708144076655842,0.14423110769230768,0.055340955734023665,0.478862372054626,2.1582772630886026e-05,SVR
12.95,94.27355085171017,19.127889373635284,9.143849179584855,0.14808022903638315,0.057265285186377246,0.1445652586080586,0.05553591013966626,0.48123108135086573,2.1582772630886026e-05,SVR
13.0,94.27409042102593,19.139592319609914,9.149514657400463,0.14838003826625584,0.057447284142195826,0.14488244989440305,0.05572886266876532,0.4840638202586695,1.618707947316452e-05,SVR
13.05,94.27516955965748,19.151662871385746,9.154980494569235,0.1486731509660988,0.057628257736193414,0.14519140738197028,0.05592010719993773,0.486475695100171,1.618707947316452e-05,SVR
13.1,94.27570912897325,19.162536788921983,9.160877987190624,0.14900281555902076,0.057812649743525395,0.1455414416336622,0.056115667872761774,0.4888821742485148,1.618707947316452e-05,SVR
13.15,94.27624869828902,19.173747359441546,9.166592026244652,0.14932076122439067,0.05799570217362912,0.14587800559736727,0.05630946809198609,0.49146131557790573,1.0791386315443013e-05,SVR
13.2,94.27624869828902,19.184294177568844,9.172516497331829,0.14965823843568063,0.05818017353550893,0.14623537998569178,0.05650502771556853,0.49415376646360876,1.0791386315443013e-05,SVR
13.25,94.27624869828902,19.19511566524939,9.178279097624277,0.14997967187710767,0.058362752208815316,0.1465757365460008,0.05669857856406435,0.49679226041773455,1.0791386315443013e-05,SVR
13.3,94.27732783692056,19.20561546989953,9.184117237620931,0.1502984546087313,0.05854466740440962,0.14691219175055945,0.056890837631770184,0.4993767974402832,1.0791386315443013e-05,SVR
13.35,94.27786740623634,19.215606531201495,9.190106457026001,0.1506420703058818,0.05872862162360836,0.14727597014788696,0.057085607827922824,0.5018426292133619,1.0791386315443013e-05,SVR
13.4,94.27786740623634,19.22543514122903,9.196111863510547,0.15097117685463463,0.05891095815201158,0.14762505160020145,0.05727895422892546,0.5045027059401186,1.0791386315443013e-05,SVR
13.45,94.27840697555212,19.236043018893096,9.201750362860365,0.1512832630562285,0.05909114503277418,0.14795582480298056,0.05746991109810357,0.5072005525189793,1.0791386315443013e-05,SVR
13.5,94.28002568349943,19.245475442775682,9.207809726276485,0.15161767102458815,0.0592732405383697,0.14830946079710638,0.05766243556748051,0.509687967064689,1.0791386315443013e-05,SVR
13.55,94.28056525281521,19.25566024753065,9.213512973944198,0.15192543238387116,0.059452245490192346,0.14863519138342496,0.057851931450447015,0.5127473250851171,1.0791386315443013e-05,SVR
13.6,94.28110482213098,19.26606631302536,9.219065142203494,0.1522295664560548,0.059630050036135515,0.14895633106321607,0.058040167352371067,0.5157851003329142,1.0791386315443013e-05,SVR
13.65,94.28164439144675,19.276265402226397,9.224638893235419,0.15252923617488515,0.05980662025607246,0.14927347180587747,0.05822708616745474,0.5189361851370237,1.0791386315443013e-05,SVR
13.7,94.28164439144675,19.286464933476495,9.230147895949454,0.15283141709247677,0.0599824779424328,0.14959398055340942,0.05841357634082502,0.522281514894811,1.0791386315443013e-05,SVR
13.75,94.28218396076252,19.29660894599465,9.235608337425067,0.15312369272606602,0.060156136266627365,0.14990327332661843,0.05859741733537209,0.5258912336173267,1.0791386315443013e-05,SVR
13.8,94.28380266870984,19.305557035380836,9.241478851580668,0.15346130944839823,0.06033305145441228,0.15025922922759088,0.05878406398144472,0.5292149806024831,1.0791386315443013e-05,SVR
13.85,94.28380266870984,19.31417416544091,9.247414114054163,0.1537908345302779,0.060508066664711695,0.15060814073561138,0.058969598170720054,0.5325279362013241,1.0791386315443013e-05,SVR
13.9,94.28542137665715,19.322598252756773,9.253360167913971,0.15412287081091872,0.0606822510167994,0.1509575678886587,0.05915329704852663,0.5358301004138497,5.395693157721506e-06,SVR
13.95,94.28596094597293,19.331074349581872,9.259214494990099,0.15444737349527604,0.060854419634517175,0.15130102058451553,0.05933553652773789,0.5396556468626742,5.395693157721506e-06,SVR
14.0,94.2865005152887,19.33896284639847,9.2652252971678,0.15477606151090198,0.06102535895123505,0.15164994405530374,0.05951682784728563,0.5436214813335996,5.395693157721506e-06,SVR
14.05,94.28704008460447,19.345905885748437,9.271532862469178,0.15511744503137592,0.061195757695917605,0.15201232827262579,0.05969754635147612,0.5477222081334678,5.395693157721506e-06,SVR
14.1,94.28811922323601,19.35432474812002,9.277171361818995,0.1554274385673355,0.061361432552143706,0.15234069277298032,0.059872893525150434,0.5517258124564972,5.395693157721506e-06,SVR
14.15,94.28811922323601,19.361369840095627,9.283273890780379,0.1557596143590186,0.06152725594403091,0.15269299144477444,0.06004873593790675,0.5561502808458288,5.395693157721506e-06,SVR
14.2,94.28865879255179,19.369472877678934,9.288869224584936,0.15606109772139878,0.06168814696171484,0.15301201071256895,0.06021901123343252,0.5604398569062174,5.395693157721506e-06,SVR
14.25,94.28865879255179,19.377335196928666,9.29446995408265,0.15635965135189087,0.061846461717345425,0.15332864861400414,0.06038688858453135,0.5650531745560693,5.395693157721506e-06,SVR
14.3,94.28973793118332,19.384567046456233,9.300232554375098,0.15668094528227566,0.06200469042325291,0.15366734960801143,0.06055394382673393,0.5693535420027734,5.395693157721506e-06,SVR
14.35,94.2902775004991,19.39167272836223,9.305962780508597,0.15698661397592442,0.062159417620022306,0.15399079659629983,0.06071770581910013,0.5734380817231686,5.395693157721506e-06,SVR
14.4,94.2902775004991,19.397521479080503,9.3121138707084,0.15732297509887602,0.06231515356219624,0.1543475259769615,0.06088284447765111,0.5774740602051442,5.395693157721506e-06,SVR
14.45,94.2902775004991,19.40328698294755,9.318216399669783,0.1576658932408151,0.06246955067425509,0.15471120943513916,0.06104656291130992,0.5816395353229052,5.395693157721506e-06,SVR
14.5,94.2902775004991,19.409692379181127,9.323984395655389,0.15798328086201593,0.06261961504192673,0.15504781637873316,0.06120568590639572,0.5851683186480551,5.395693157721506e-06,SVR
14.55,94.2902775004991,19.415345089815194,9.329989802139933,0.1583161542089104,0.06276994915138101,0.15540084678199265,0.06136509464762067,0.5882978206795336,5.395693157721506e-06,SVR
14.6,94.29081706981486,19.42192690618024,9.335563553171859,0.15863354183011116,0.06291769627923471,0.15573671049258372,0.0615214166810894,0.5910873940420757,5.395693157721506e-06,SVR
14.65,94.2924357777622,19.428481126564506,9.341088742965365,0.15893432763727985,0.06306274426051284,0.15605347335412428,0.06167421580245945,0.5940388381993493,5.395693157721506e-06,SVR
14.7,94.29351491639373,19.43425921827588,9.346867530337285,0.15925548205662238,0.06320878834214975,0.15639360913725914,0.06182879227960084,0.5970118651292539,5.395693157721506e-06,SVR
14.75,94.29351491639373,19.440242586460354,9.352506029687104,0.15957482283241514,0.06335360937211074,0.1567322758802222,0.06198235206739448,0.5996773375491683,5.395693157721506e-06,SVR
14.8,94.29513362434105,19.445676233649888,9.358311795524813,0.15990546400263306,0.06349871596035167,0.1570815619134813,0.06213563940400235,0.6023913712075022,5.395693157721506e-06,SVR
14.85,94.2962127629726,19.45028811619803,9.364392741713564,0.16025661329606705,0.06364495637798985,0.15745244975452324,0.062290020797216544,0.6049759082300508,5.395693157721506e-06,SVR
14.9,94.29675233228836,19.45552681571438,9.370171529085484,0.1605798603810438,0.06378771970232865,0.15779449444104296,0.06244106323638013,0.6076144021841766,5.395693157721506e-06,SVR
14.95,94.29675233228836,19.459978023690745,9.376214705422132,0.1609178956365029,0.06393116594756218,0.15815297471432738,0.06259316394327849,0.6100262770256781,5.395693157721506e-06,SVR
15.0,94.29675233228836,19.465125075698847,9.381934140169317,0.16124714169629797,0.06407323281127263,0.1585021342046085,0.06274380159274752,0.6121359930503472,5.395693157721506e-06,SVR
0.0,48.581202484177126,13.342472221587395,7.8670285378211116,0.07090383653208009,0.020858479115351266,0.07488122971667203,0.022359776715663963,0.06400371223689251,0.01762772954627616,RF
0.05,49.49739118235824,13.37952164394587,7.8705627168394185,0.0711955541215002,0.021029425404947105,0.07430467882487599,0.02223925804304123,0.06553608909368543,0.017206865479973885,RF
0.1,50.12868728181166,13.423134229963388,7.871453006210443,0.07127521492664556,0.021180378691978845,0.07375381906248317,0.022161325361271127,0.06661522772522972,0.016856145424721986,RF
0.15,52.02149644154036,13.439761407361349,7.883118494817436,0.07206401035973084,0.02140075528915961,0.07300814222148465,0.02172203390345295,0.06813141750254946,0.016311180415792114,RF
0.2,53.29110304155223,13.473567624636287,7.887909870341494,0.07251979293487938,0.021589948017023044,0.07266702014863416,0.021542315829801595,0.06941019678092947,0.015048588216885282,RF
0.25,54.705314218191035,13.505772095015077,7.893300167806057,0.07288600942088024,0.021769703720960498,0.07247111365362421,0.021517995703774374,0.0729821456513411,0.014455061969535917,RF
0.3,55.45693427506164,13.541225090779015,7.897346937674349,0.07325710879336114,0.02194939886110389,0.07312156294999028,0.0218667101049021,0.07518898415284919,0.014034197903233639,RF
0.35,57.0794192075885,13.578688625238508,7.90056277079635,0.07349204538857082,0.022116258051534277,0.07352585372493785,0.022068061453721137,0.07651632466964868,0.013672686461666299,RF
0.4,58.679242228852935,13.618785016600157,7.902731839445754,0.07366768979080895,0.02227857448807965,0.07330296777990289,0.022086445491347292,0.0768454619522697,0.012237432081712378,RF
0.45,59.83931625776305,13.633123256559525,7.915190494946933,0.07462515407401811,0.022517244078273276,0.07410676236677426,0.02221576485104286,0.07951633006534184,0.011573761823312632,RF
0.5,61.16719634387832,13.667089253012403,7.919733668585735,0.07500699579675502,0.02269885986226815,0.07357474957437611,0.02209941111225641,0.08380590612573044,0.01120685468858757,RF
0.55,61.62529069296887,13.707832115085212,7.9215196430209405,0.07518277971003544,0.0228600175612,0.0734027236367457,0.022136209607400193,0.08526274327831525,0.010964048496490101,RF
0.6,62.1362628350051,13.74594789374526,7.9243577776219025,0.0754481297124635,0.023030990002030786,0.07323961951736294,0.02215106380926252,0.08565662887882892,0.009771600308633648,RF
0.65,63.21432232791786,13.77232881102072,7.9318469997248195,0.07592748965375837,0.023222051100164443,0.07299475186288484,0.02206631505845965,0.09030771638078486,0.009221239606546056,RF
0.7,64.18392838836041,13.805453011174421,7.936589814010457,0.07635969486276051,0.023407861162763118,0.07255456085545671,0.021957420800108776,0.09212066928177928,0.008821958312874663,RF
0.75,64.99382193133441,13.836033612695797,7.94233622722343,0.07688718611364409,0.02360395884095482,0.07257238596986426,0.021929213591822407,0.09264405151807827,0.008579152120777195,RF
0.8,65.60191655020962,13.873611958558318,7.945255297221758,0.07713509723578638,0.023773408208453316,0.07224461831521113,0.021909315007707673,0.09608110805954687,0.008395698553414665,RF
0.85,66.81055181753925,13.910931514363005,7.9481851586064005,0.07733069171707141,0.023935356784229988,0.07161424160488444,0.021730967804199048,0.10077536110676458,0.008077352657109096,RF
0.9,68.81613096426432,13.952038862930563,7.949561060361619,0.07746280867411633,0.02409045862544405,0.07046514662965837,0.021319968464101037,0.10244802598565825,0.006922674321356693,RF
0.95,69.70642033528837,13.977007673131766,7.957352441281369,0.0781660838382803,0.024300408123580183,0.07074179504446973,0.021330561774331534,0.10541565722240508,0.006561162879789352,RF
1.0,71.47836596828412,14.006723574330135,7.963212164050654,0.07872203534179019,0.02449638564904334,0.07263054684350773,0.02193930267340333,0.10748220770181241,0.006269795449272391,RF
1.05,71.99635251142537,14.049119108830949,7.96395676970642,0.0787809090016349,0.024643917513501305,0.07265269946714831,0.02205858893727362,0.10979156437331722,0.006161881586117961,RF
1.1,72.7204545331916,14.087082780146812,7.966433392865815,0.07894064914505243,0.024801049787847224,0.07283324889630867,0.022196472671163193,0.11280775684848354,0.0060539677229635306,RF
1.15,73.85193138836581,14.112872555519171,7.973733765708212,0.07957807509725735,0.025004138254673406,0.07366443766438716,0.022391214649611895,0.11378977300318885,0.005741017519815683,RF
1.2,75.0611062250112,14.150328058639861,7.9763183027307605,0.07980045569866133,0.02516612027883487,0.07365148873218175,0.02248334862033141,0.1183437380283058,0.004812958296687584,RF
1.25,76.12513691571388,14.190480377949061,7.977753557110714,0.07991890057356218,0.02531616211915971,0.07372950604245668,0.022582603694406497,0.12189949981924428,0.004580943490905559,RF
1.3,77.15841215541755,14.221929983007156,7.9826258680321365,0.08034385120836547,0.025495591598838886,0.07491766959440561,0.022994476188403525,0.12498044061230326,0.0044244683893316355,RF
1.35,77.9904280403382,14.259990516439474,7.984805728067856,0.08056539474351573,0.025654847699581602,0.07544287872037192,0.023232072404378596,0.12586533429016958,0.004311158833019484,RF
1.4,78.68539331905274,14.298193314713869,7.986915444092525,0.08077005744254936,0.02581332796360341,0.07555721418089556,0.02338158116201666,0.1271225307959187,0.0038255464488245483,RF
1.45,80.86255550819335,14.325819655857767,7.993212218007586,0.08125011493905564,0.025998081866163005,0.07761078709505219,0.024155970695023125,0.1302034715889777,0.003566553177253916,RF
1.5,81.86453572758225,14.357103029372327,7.997998197838485,0.08167115926467494,0.026176649080054844,0.07855505495577436,0.024514220530936433,0.1342988026956883,0.0033938909962068276,RF
1.55,82.0242482450508,14.39923137323381,7.9983812920526836,0.08169180689893327,0.02631515138913944,0.07846060671762553,0.024623975726507492,0.13544808533828298,0.003280581439894676,RF
1.6,82.50176708950916,14.435421803136908,8.001122304176807,0.08192116305245152,0.026474537400328735,0.07834620129101455,0.02466462036319641,0.13676463446876702,0.0028813001462232846,RF
1.65,84.30069118829351,14.466650017963554,8.00580037014455,0.0822353419196797,0.02664146663671034,0.07816013098049758,0.02468236078319553,0.13989953219340323,0.0025521628636022728,RF
1.7,84.76687907712063,14.498083153791926,8.010343543783351,0.08269503080401223,0.026821816041528616,0.07860091676055532,0.024826886722613205,0.14353622938170751,0.0024874145457096145,RF
1.75,85.13324664252994,14.539265056827238,8.010931674337543,0.08275278837551865,0.026962408074123246,0.07880573842058564,0.025043085947372864,0.144960692375346,0.002341730830451134,RF
1.8,85.42947019688884,14.574142041253378,8.014012615130603,0.08299484003388494,0.027121130709359044,0.07894711513367736,0.02516269623263017,0.14828443936050245,0.002271586819400754,RF
1.85,85.96957908197676,14.608976434934007,8.017055786071557,0.08316685714902364,0.027272272105047565,0.07925327308102682,0.025360163719071783,0.14995710423939612,0.002169068649404046,RF
1.9,86.84961663600114,14.643863760634222,8.020028813001462,0.08341686093680026,0.02743025629882811,0.07951329208938812,0.025473240740089928,0.153291642610868,0.0018453270599407554,RF
1.95,87.14044449720232,14.669792675865857,8.026492853404413,0.08402638468054799,0.027620669571441398,0.08010557027863777,0.025646663776462898,0.15813157937334418,0.001726621810470882,RF
2.0,87.69134476860569,14.701899568978689,8.030420918023234,0.08435284051949733,0.027782516924824883,0.08036342813544096,0.025780313630654982,0.1615902186874437,0.001629499333631895,RF
2.05,88.03882740796296,14.738920285432798,8.032341784787382,0.0845081163095617,0.027927488149606536,0.08033813290840558,0.02585567209537599,0.16223230617321255,0.001564751015739237,RF
2.1,88.28972713979701,14.7788550477411,8.033064807670517,0.0845700592123367,0.028063536595753065,0.08024904108048646,0.02593936553899317,0.1649301527520733,0.0015539596294237938,RF
2.15,88.77587909330772,14.794734882754362,8.043354394522293,0.085459302595868,0.02827905553151296,0.0809525334435456,0.026049127222851843,0.16735821467304798,0.0014622328457425283,RF
2.2,88.9933255275639,14.828825729512715,8.046316630065881,0.08571042247198285,0.028432536361143443,0.08110761356663879,0.026163418620498726,0.17043915546610694,0.00128957066469544,RF
2.25,89.36239093955206,14.864479908573271,8.048577425498967,0.08588369518650216,0.028576628187075306,0.08113920602833026,0.02624913102351843,0.17424311914230062,0.0012194266536450606,RF
2.3,89.51886604112597,14.90496375310867,8.048847210156852,0.08589443753675816,0.028703868533360537,0.08115992497046556,0.026391472697284802,0.1762988782353925,0.0011762611083832885,RF
2.35,89.73037721290865,14.932405017282555,8.05429686024615,0.08636110197320497,0.028875237246215237,0.08169065601924233,0.02657543935189047,0.17837622010111528,0.0011654697220678455,RF
2.4,89.91976604274468,14.971022212243422,8.05524650224191,0.08642025465513427,0.029007347911400524,0.08170431457356991,0.0266963202999295,0.18021615146789832,0.0010575558589134154,RF
2.45,90.04602526263537,14.995425540270729,8.06182924789433,0.08693323675762007,0.029182718286522726,0.08222156872097551,0.026866009708524204,0.18303270329622895,0.0010035989273362003,RF
2.5,90.15501826442134,15.032630620583967,8.063199753956392,0.08701164196338483,0.02931353896895613,0.08225029633663895,0.026986543359235088,0.18792120129712464,0.0009820161547053141,RF
2.55,90.28775231610129,15.068867714294601,8.064904792994232,0.08715519882589717,0.029449821510651147,0.08232700715340072,0.027101177680799563,0.19009026994652867,0.0009658290752321497,RF
2.6,90.40753670420271,15.108576161940956,8.06519616042475,0.08717989228038178,0.029574901725975836,0.0822791914296798,0.02720584827413343,0.1907485445117707,0.0008687065983931626,RF
2.65,90.6363140940901,15.12922950279823,8.073057685355549,0.08787591287034689,0.02976436496000706,0.08290639225141239,0.027351782307561957,0.19507589042426335,0.0008417281326045551,RF
2.7,90.80573885924255,15.167106425175117,8.073942579033416,0.08795306247673107,0.02989161726505797,0.08288537006292597,0.02744511741841265,0.1991280559857122,0.000820145359973669,RF
2.75,90.98919242660509,15.197226798874041,8.077876039345394,0.08833141642341083,0.030047163923878656,0.08318574969312056,0.0275641102501055,0.20087626056881397,0.000809353973658226,RF
2.8,91.1051998294961,15.232705134410361,8.079624243928496,0.08844581547808539,0.03017680870057917,0.08323831782431537,0.027673530002832313,0.2040165539866079,0.000798562587342783,RF
2.85,91.16886900875721,15.268913471101573,8.081027124149504,0.08852017486362383,0.03030165419572573,0.08327934718227335,0.027792357168844265,0.20594281644391446,0.0007931668941850615,RF
2.9,91.95610064046878,15.305354873553487,8.082311299121042,0.08862201792449266,0.03042942045225581,0.0828977419979463,0.02770756313826716,0.20719461725650587,0.0007338142694501249,RF
2.95,92.12282755904238,15.328522651123519,8.088807713682938,0.08928218417659023,0.030608583308813476,0.0835109698126911,0.027855155684872138,0.213275563445258,0.0007068358036615174,RF
3.0,92.29602930940524,15.359734847575156,8.092012755418624,0.08948196398914388,0.030741460206683103,0.08362225370787173,0.027951142226566014,0.21620002913674305,0.0006960444173460744,RF
3.05,92.37156901361332,15.397250625105176,8.092654842904393,0.08950414624486736,0.030856665170850384,0.08359902772861356,0.028054239134220036,0.21785650693616354,0.0006852530310306313,RF
3.1,92.47786416882045,15.433856398720037,8.093631463365941,0.08956971643474178,0.03097610004448047,0.08360506945481702,0.02815374241399759,0.22016046791451063,0.0006798573378729098,RF
3.15,92.66941127591957,15.457819105615837,8.099604495691539,0.09010543883712022,0.03113992528392999,0.08406560962345774,0.028276735242629164,0.22228097532549518,0.0006744616447151884,RF
3.2,92.75250495054847,15.489711604066576,8.10235090350882,0.09025806391738116,0.03126567386361373,0.08417891507321074,0.028388914480504943,0.22592846390011492,0.0006474831789265808,RF
3.25,92.83182163996699,15.521712268167622,8.104967814690314,0.09041473481786837,0.0313893901579166,0.08429935459871664,0.028499916190337867,0.23044465907312783,0.0006259004062956948,RF
3.3,92.8798433090707,15.556926089492112,8.106246593968693,0.09051267156955317,0.0315064149362058,0.08437773652381532,0.028613521721645246,0.23240869138253845,0.0006205047131379733,RF
3.35,92.92246928501669,15.588697313294158,8.108868900843348,0.09072598395320855,0.03163448667179864,0.08458015032285036,0.028738946219975206,0.233347541991982,0.0006151090199802518,RF
3.4,92.96455569164694,15.624539622236528,8.109840125611736,0.09076295437941435,0.03174577675493166,0.0845936334869467,0.028846749227722256,0.23454538587299617,0.0006151090199802518,RF
3.45,92.99369243469863,15.653488337702958,8.113493009879514,0.09100681968133037,0.03187512647606217,0.08483776842202985,0.028977463477532134,0.24037813017649312,0.0005881305541916443,RF
3.5,93.02444788569764,15.686706016296782,8.115332941246297,0.09110949980845288,0.03198747606480677,0.08492999752907397,0.02908996991144115,0.24537993773370095,0.0005827348610339228,RF
3.55,93.04872850490739,15.72048579139633,8.116897692262036,0.09115665454074556,0.03209346606973015,0.08496525991301827,0.029196651489499348,0.24588713289052677,0.0005773391678762012,RF
3.6,93.17606686342961,15.752583317382875,8.119120717843018,0.09129867678179278,0.032209209381015486,0.08503705194399085,0.029283655460131636,0.24683137919312806,0.0005557563952453152,RF
3.65,93.24621087448,15.780633622815678,8.122892307360265,0.09156625896089743,0.032335318184283694,0.08527949634293121,0.02939822778339213,0.25189253937507083,0.0005287779294567077,RF
3.7,93.31635488553037,15.813974734289468,8.12448943253495,0.09165345336232619,0.03244264833491522,0.0853282684768656,0.029492334940690243,0.2537270750486961,0.0005287779294567077,RF
3.75,93.36006000010791,15.848567619119645,8.125557779780179,0.09169237694312399,0.032545253735123,0.08534196988909243,0.029589172792099463,0.2547684438281364,0.0005287779294567077,RF
3.8,93.38434061931767,15.881153073842107,8.127376128374332,0.09181975052473117,0.03265529235721727,0.08546349782749377,0.029699929338215903,0.2583242056190749,0.0005179865431412646,RF
3.85,93.40538382263277,15.91639355391674,8.128082964177993,0.09183997962586264,0.03275395305948135,0.08547157687264241,0.02979918513039898,0.2604501087232171,0.0005125908499835431,RF
3.9,93.59962877631075,15.949032384407156,8.129788003215833,0.09189313333297362,0.03285507850409768,0.08540434843864393,0.02984890456097862,0.26236018410105055,0.0005125908499835431,RF
3.95,93.63416121252016,15.974709043915288,8.13422326299148,0.09225628057604417,0.032985077337707516,0.08576992519088368,0.029977295288094293,0.26539256365569003,0.0005125908499835431,RF
4.0,93.67301020325576,16.00552563788089,8.136538015356143,0.09238797899996223,0.03309104829513186,0.08588567087732638,0.030078688029932358,0.26896451252610165,0.0005125908499835431,RF
4.05,93.74099593704305,16.039043155385652,8.137741254930315,0.09244364390583437,0.03318941867235346,0.08590151591234825,0.030163057163875323,0.2690022823782057,0.0005125908499835431,RF
4.1,93.77930535846288,16.071579820561258,8.13931679733237,0.09256362340220038,0.03329425347295046,0.08600492508803019,0.030263176110865833,0.2707073214160457,0.0005125908499835431,RF
4.15,93.8467515229344,16.096506684397962,8.14390853220959,0.09291630731709949,0.033421649603640774,0.08633750534988417,0.030378337764598584,0.27221811550020775,0.0005125908499835431,RF
4.2,93.87642783530185,16.128887852993294,8.145457096145856,0.09296136938375787,0.03351772577399364,0.08636638734596284,0.03047154293634267,0.27662100111690846,0.0005071951568258216,RF
4.25,93.90232716245892,16.15909427138555,8.147825805442096,0.0930262420184209,0.03361463486496871,0.0864187831203457,0.030566739342055237,0.2771551747395229,0.0004964037705103787,RF
4.3,93.90826242493242,16.188787525477423,8.150372572612541,0.09316742719321439,0.03371883342900465,0.08656485342128094,0.030675754610036205,0.27897352333367503,0.0004910080773526571,RF
4.35,93.9125789794586,16.21331045969668,8.15496970318292,0.09347937388376598,0.03383997569310619,0.08689408157379157,0.030803328690183138,0.2793728046273464,0.0004856123841949356,RF
4.4,93.91581639535322,16.24155936845674,8.158061435362294,0.0935791242790005,0.03394105017722696,0.08699908135840556,0.03091026111867023,0.28160122590148545,0.00047482099787949256,RF
4.45,93.92337036577403,16.267011823583157,8.162172953548477,0.09371096221396083,0.03404204275601924,0.08713453135789419,0.031015366634778056,0.2872720994102507,0.00047482099787949256,RF
4.5,93.9298451975633,16.290728651589763,8.166894185061484,0.0938980465216664,0.03414577492046593,0.08732948177593446,0.03112371158207206,0.28995915460279603,0.00047482099787949256,RF
4.55,93.93362218277372,16.317689587076156,8.170293471750849,0.09400170322608492,0.03424144089004623,0.08743617283014532,0.03122418917454677,0.2913134735853841,0.0004694253047217711,RF
4.6,93.9395574452472,16.351501665101082,8.17093016354346,0.09402374597076615,0.03432924373352749,0.08745574690553183,0.03131577238542731,0.29186383428747176,0.0004694253047217711,RF
4.65,93.97786686666703,16.365490955360688,8.179412193187398,0.09448008659008379,0.034456618478556904,0.08791592237558277,0.03143911441805335,0.29891060955145604,0.0004694253047217711,RF
4.7,93.98649997571938,16.392234714386376,8.18269817032045,0.09458444084971374,0.03454683938550333,0.08802110455370062,0.03153228958135641,0.30115521790506816,0.0004640296115640496,RF
4.75,94.00646404040295,16.416642270427836,8.186890623904,0.09471432563008203,0.03463929868868971,0.08814606840579708,0.03162423100541896,0.30262824213712614,0.0004640296115640496,RF
4.8,94.01617628808685,16.44046699784671,8.19129890521386,0.0948379324135475,0.03473136795784805,0.08827110754520984,0.03171899309100985,0.3026552206029148,0.00045863391840632805,RF
4.85,94.02157198124456,16.465927148551856,8.195005746413212,0.09497228154726896,0.03482341814611812,0.08841012073249813,0.03181507047029898,0.3068206957206758,0.00045323822524860656,RF
4.9,94.1219318739782,16.48306452140554,8.202003960438777,0.095167876028554,0.03492073522595815,0.088551230493181,0.03188621874323279,0.3072577468664512,0.0004478425320908851,RF
4.95,94.13434196824096,16.503766594928557,8.207529150232284,0.09549949377606796,0.03503024825117747,0.08889450548543522,0.03199842805971251,0.310943005293175,0.00043705114577544205,RF
5.0,94.14675206250371,16.528440016790025,8.21142484069216,0.0956268673576751,0.03511915514514566,0.08902148856348684,0.032088797347397294,0.311466387529474,0.0004316554526177205,RF
5.05,94.1489103397668,16.559223461982192,8.212865490765271,0.09568253226354724,0.03520157259730164,0.08907901669446214,0.03217555532354105,0.3127073969557499,0.000426259759459999,RF
5.1,94.14944990908258,16.59061050610402,8.214047147566813,0.0957158754026536,0.03528196330190831,0.08911406948249183,0.03226069496769013,0.3129232246820588,0.000426259759459999,RF
5.15,94.15268732497721,16.61086947947821,8.219604711519265,0.0959877824240691,0.03538316532791098,0.08940068806161745,0.03236705557192547,0.31878294745134433,0.000415468373144556,RF
5.2,94.15592474087184,16.640486127639072,8.221363707488683,0.09604163368639153,0.03546173768076792,0.08945554870431285,0.03244938763980033,0.31946280478921724,0.000415468373144556,RF
5.25,94.15862258745071,16.669428160128,8.223354718263883,0.09610943605294255,0.03554089406097228,0.08952543877322973,0.03253251559410817,0.3229915881143671,0.000404676986829113,RF
5.3,94.16078086471379,16.699183649851737,8.224973426211198,0.09617472722073238,0.035618622308442836,0.08959331948129345,0.03261433257084596,0.32387648179223344,0.0003992812936713915,RF
5.35,94.16293914197688,16.725683970128408,8.227887100516368,0.09634590726961739,0.03570719291829107,0.08977335357992151,0.03270759147398309,0.3239682085759147,0.0003992812936713915,RF
5.4,94.16347871129264,16.756879733237525,8.228912282216335,0.09638566791666892,0.03578345458514584,0.08981432350042404,0.032788241916463554,0.32483691517430785,0.00038848990735594846,RF
5.45,94.16833483513459,16.78373698451758,8.231593941715722,0.09646184094575709,0.035860670234489946,0.08989147109010169,0.03286854252508145,0.3311660632483152,0.00038848990735594846,RF
5.5,94.16941397376614,16.80737279298971,8.235489632175597,0.09661655869165234,0.03594308738862031,0.09005503451041959,0.03295563629189022,0.33261750470774226,0.000383094214198227,RF
5.55,94.17103268171346,16.83034811279422,8.239638920213885,0.09674379276221719,0.036023240009743274,0.09018889240818197,0.033040126542075804,0.33266067025300405,0.0003776985210405055,RF
5.6,94.17157225102922,16.860006924303708,8.241111944445944,0.09679499331473618,0.03609671699753473,0.0902428932395964,0.03311789838844436,0.3331732611029876,0.0003776985210405055,RF
5.65,94.17319095897655,16.88025071419107,8.246286414184198,0.09699714481500865,0.03618287702681416,0.0904564458042559,0.0332087785413246,0.3378621184570476,0.00036690713472506246,RF
5.7,94.17696794418696,16.90043377083172,8.251439301149823,0.09717809063685366,0.03626581503257328,0.09064584069072595,0.03329548974721579,0.3388926958501724,0.00036690713472506246,RF
5.75,94.17912622145003,16.91951017160953,8.25701305218175,0.09736768614332042,0.03634951144209453,0.09084566964393136,0.03338356048937611,0.3399988129475053,0.0003615114415673409,RF
5.8,94.18128449871313,16.947307103621686,8.259079602661156,0.09744330112823943,0.03642213224691258,0.09092417070278261,0.033459837961432794,0.3407757927622172,0.00035611574840961944,RF
5.85,94.18290320666044,16.968430119060713,8.263784647094688,0.09759467060911982,0.036501569995721746,0.09108288225858197,0.0335434734417881,0.34259414135636934,0.00035611574840961944,RF
5.9,94.18398234529198,16.987641520165653,8.269239692877145,0.09775915412797503,0.036582435601781434,0.09125677555369685,0.033628889318635696,0.3427344293784701,0.0003453243620941764,RF
5.95,94.18398234529198,17.00358390659744,8.275978913631139,0.09798097668520986,0.03666872090841851,0.09149199977084455,0.03372039432945284,0.34464450475630354,0.0003453243620941764,RF
6.0,94.18452191460776,17.02721482732142,8.2796210065126,0.09811769750665018,0.03674661942283528,0.09163589772850961,0.03380275347706018,0.34528119654891465,0.0003453243620941764,RF
6.05,94.18614062255509,17.05142154492428,8.283025688895124,0.09825762708206309,0.036825355317443506,0.09178333427284915,0.03388572382279293,0.3452919879352301,0.00033453297577873344,RF
6.1,94.18614062255509,17.072691844170627,8.287595840999714,0.09844512992289553,0.036909116399951654,0.09198152242807549,0.033974485799389394,0.34616069453362325,0.00033453297577873344,RF
6.15,94.18883846913394,17.090888143077535,8.293369232678476,0.0986394688048,0.03699327845238348,0.09218536491696407,0.03406278356312888,0.34832976318302733,0.00033453297577873344,RF
6.2,94.18937803844972,17.114985222880076,8.296752332288367,0.09876726091953401,0.03707050185079893,0.09232066066313786,0.034144499700026254,0.34884235403301084,0.0003291372826210119,RF
6.25,94.18937803844972,17.142723651757727,8.298673199052516,0.09886324451662681,0.03714520856614672,0.09242197309869159,0.03422367093782653,0.34886393680564176,0.0003291372826210119,RF
6.3,94.18991760776548,17.167848375098362,8.301630038902948,0.09898531667862714,0.03722281915547234,0.09255074957752125,0.034305751372591564,0.3497596218698235,0.0003237415894632904,RF
6.35,94.19045717708126,17.194125275552242,8.304117453448658,0.09906986037025248,0.03729725396288072,0.09263982952006691,0.03438447414515205,0.34977041325613895,0.00031834589630556887,RF
6.4,94.19045717708126,17.21944323711807,8.306987962208565,0.09919263008746418,0.037376180564456754,0.09276957904746627,0.03446812103085552,0.34984595296034704,0.00031834589630556887,RF
6.45,94.1915363157128,17.244973505377157,8.309739765719003,0.09930116967836274,0.03745310348824674,0.09288434150588881,0.03454956462683128,0.3530186205370873,0.0003075545099901259,RF
6.5,94.1915363157128,17.26905797686097,8.313031138545213,0.09944821431693221,0.03753286204433257,0.09304030576050593,0.034634137205904476,0.3538009960449569,0.0003075545099901259,RF
6.55,94.19207588502857,17.29266098566869,8.316505964938786,0.09956358994890276,0.03761000476466779,0.09316329932576801,0.034716081589349405,0.35410315486178934,0.0003075545099901259,RF
6.6,94.19261545434435,17.321084267273708,8.318043737488736,0.09961897583269032,0.037681743123020695,0.09322156631723665,0.03479195225641127,0.355117545175441,0.0003075545099901259,RF
6.65,94.19261545434435,17.338989335515095,8.32374158946329,0.09982070879983596,0.03776644414867846,0.09343573699948446,0.034881785501063224,0.3580581979463992,0.00030215881683240436,RF
6.7,94.19261545434435,17.357891808273617,8.329013181678384,0.10000221266585012,0.037848809278633024,0.09362843136850545,0.034969137769884535,0.3580851764121878,0.0002913674305169614,RF
6.75,94.19423416229165,17.374027934796676,8.33539089099081,0.10022780202122665,0.0379363053462272,0.09386661240856263,0.03506135084683765,0.3581283419574496,0.00028597173735923985,RF
6.8,94.19477373160743,17.387697935335915,8.342750616457943,0.10048519989424443,0.038027560214899336,0.09413859548386358,0.03515785940691415,0.35895388301058095,0.00028597173735923985,RF
6.85,94.19585287023897,17.39819382891107,8.351340559965037,0.10077580139532626,0.038121230417372524,0.09444646906791308,0.0352569550532429,0.36136575785208247,0.00028057604420151836,RF
6.9,94.20016942476515,17.39831725461838,8.364058208737786,0.10122223673064161,0.03822998940641314,0.09491695183980202,0.03537074800965512,0.3613765492383979,0.0002751803510437968,RF
6.95,94.2012485633967,17.40727321441584,8.373241678492228,0.10159947458898305,0.0383330104305343,0.09531662021009701,0.03547962924430895,0.3614736717152369,0.0002751803510437968,RF
7.0,94.20178813271247,17.417878522503297,8.38176147798827,0.10195662285723535,0.0384348345337425,0.09569535344556009,0.03558743062233184,0.36211036350784803,0.00026978465788607533,RF
7.05,94.20178813271247,17.436296417177644,8.387146379759676,0.10221137002044968,0.03852727742586869,0.09596444766219708,0.03568533949302475,0.3621319462804789,0.00026978465788607533,RF
7.1,94.20178813271247,17.45692577933582,8.391646387853216,0.10235143910690485,0.03860945448448379,0.0961131381374329,0.035772480337984316,0.3621535290531098,0.00026438896472835385,RF
7.15,94.20178813271247,17.447847612943868,8.407989942427953,0.1029312469986457,0.038733509067841176,0.09672789327956832,0.035904003284599875,0.3651157645966989,0.0002589932715706323,RF
7.2,94.20178813271247,17.463674771026735,8.414351464660907,0.10321654708012065,0.03882915060762551,0.09703045766294169,0.0360054059559466,0.3651319516761721,0.0002535975784129108,RF
7.25,94.20178813271247,17.48218587931102,8.419639243955475,0.10350073107325733,0.038925618909174745,0.09733198535973468,0.036107699429608654,0.36515353444880294,0.00024820188525518933,RF
7.3,94.20178813271247,17.497955824354303,8.426022348961059,0.10378728675411289,0.039023191225711795,0.09763617882201996,0.03621117801300548,0.3652182827666956,0.00024820188525518933,RF
7.35,94.20286727134402,17.516513977459343,8.431288545482996,0.1040777487441524,0.0391220590654334,0.09794354512598158,0.0363157252003481,0.36532080093669234,0.00024820188525518933,RF
7.4,94.20340684065978,17.525869937798948,8.440234604738498,0.10451441830650773,0.0392360375829666,0.09840652316856634,0.03643640661124084,0.3653477794024809,0.0002428061920974678,RF
7.45,94.20340684065978,17.5470222297829,8.444432454015205,0.10474489054836429,0.039329776865812516,0.09864954794661779,0.03653565392997738,0.3675492222108313,0.0002428061920974678,RF
7.5,94.20448597929133,17.567353491058515,8.44894325349506,0.10499894015636718,0.0394260491741449,0.0989192815249267,0.03663773658546272,0.3676409489945126,0.00023741049893974628,RF
7.55,94.20448597929133,17.587112874213876,8.45368067208754,0.10517304993714016,0.03951543820589738,0.09910380645161289,0.03673249522073534,0.36776504993714015,0.0002320148057820248,RF
7.6,94.2050255486071,17.61107763285614,8.45673463441481,0.10528521681513814,0.03959967099551583,0.09922289796269038,0.03682180073894296,0.36778123701661336,0.0002320148057820248,RF
7.65,94.20556511792287,17.62894950319886,8.46220586727674,0.10555921650218796,0.03969966540843559,0.09951347881370493,0.036927808324554445,0.36925965694182905,0.0002320148057820248,RF
7.7,94.20610468723865,17.65208281550379,8.465561988420843,0.10569747194509342,0.03978699602936927,0.0996593711389215,0.037020165788511084,0.369319009566564,0.0002320148057820248,RF
7.75,94.20610468723865,17.676075597986312,8.46857278520285,0.10583893614197148,0.0398755141466516,0.09980894334889316,0.03711396824170554,0.3694323191228761,0.00022661911262430328,RF
7.8,94.20664425655441,17.700118796485295,8.471561999212229,0.10600104797310783,0.03996690584484259,0.09998030470342961,0.03721064431787795,0.36945390189550703,0.00022661911262430328,RF
7.85,94.20772339518597,17.718889034208196,8.476644742166803,0.10618269135016428,0.040060488089552405,0.10017167481872642,0.037309419144870626,0.37065174577652116,0.00022661911262430328,RF
7.9,94.20826296450173,17.745110503434596,8.478738271111999,0.10628104663497598,0.04014655621023515,0.10027491071541073,0.03740040721359614,0.37070030701494067,0.00022661911262430328,RF
7.95,94.20826296450173,17.75859480121769,8.485925334398084,0.10654109521779717,0.040249236547141354,0.10055005804156954,0.037509210987943076,0.3707488682533602,0.00022661911262430328,RF
8.0,94.20826296450173,17.77459573942421,8.492103403063675,0.10687926998429854,0.0403604049332649,0.10090857885783995,0.03762706614377566,0.3709161347412495,0.00022661911262430328,RF
8.05,94.20826296450173,17.792964531475274,8.497331829733506,0.10714601509714947,0.040465643835424565,0.1011912786671172,0.0377386258247189,0.3710024658317731,0.00021582772630886026,RF
8.1,94.20826296450173,17.8153385471849,8.500957735535495,0.1073001747988755,0.04056095200289962,0.10135476771344623,0.03783967155244963,0.37102404860440397,0.00021043203315113877,RF
8.15,94.20826296450173,17.824390444470357,8.509903794790997,0.10767894727868214,0.04067875609747995,0.10175682637357601,0.037964609294241,0.37170390594227687,0.00021043203315113877,RF
8.2,94.20934210313328,17.839997214601873,8.51622215147869,0.1080592543799539,0.040797540787225584,0.10216038038728298,0.038090453083577315,0.37176865426016953,0.00020503633999341726,RF
8.25,94.20988167244904,17.8556387294586,8.522524321086909,0.10843481810578795,0.04091695820546493,0.10255858915705433,0.03821689439968315,0.37189275520279713,0.00020503633999341726,RF
8.3,94.20988167244904,17.878002491952117,8.526134039809424,0.10859372118295177,0.04101627111720544,0.1027265179551208,0.03832212948570058,0.37207081307700196,0.00020503633999341726,RF
8.35,94.20988167244904,17.89597505531781,8.531497358808199,0.10888223001839929,0.04112915416640416,0.10303216613784488,0.03844178152381203,0.372243475258049,0.00020503633999341726,RF
8.4,94.20988167244904,17.909222189986455,8.538749170412178,0.10925081819211904,0.04125082104147558,0.10342340765856059,0.038570813163150273,0.3722812451101531,0.00019964064683569574,RF
8.45,94.20988167244904,17.923263240482303,8.54568263611985,0.10969069650844693,0.04138064319274026,0.1038897284567187,0.03870844252865978,0.37232980634857255,0.00018884926052025274,RF
8.5,94.21042124176482,17.944176397237428,8.549864298317083,0.10993804958642012,0.04149279168371103,0.10415168729059639,0.03882726610887767,0.37255102976803917,0.00018884926052025274,RF
8.55,94.21150038039636,17.959372781880482,8.556328338720034,0.11025599525179003,0.04161280449166706,0.10449019627158443,0.03895486135370375,0.37277764888066345,0.00018345356736253123,RF
8.6,94.21150038039636,17.976470857993593,8.562026190694587,0.11054003973388442,0.04173045419666002,0.10479036013859855,0.03907950062363071,0.3734413191390632,0.00018345356736253123,RF
8.65,94.21311908834369,17.991722171101724,8.568452461245434,0.1109329028289619,0.04185945619548789,0.1052068864656831,0.039216217689666454,0.3735114631501136,0.00018345356736253123,RF
8.7,94.21419822697523,18.011361137579126,8.573119735826863,0.11117872128546992,0.041975220169390336,0.1054679285722467,0.0393390200642613,0.37374887364905335,0.00018345356736253123,RF
8.75,94.21527736560678,18.03456135580913,8.576357151721496,0.11133734534054918,0.04208349228643646,0.1056364166494857,0.03945381069168076,0.3741211764769361,0.00017805787420480972,RF
8.8,94.21527736560678,18.05825952379109,8.579389531276135,0.11150726979005354,0.042193733341860364,0.10581588582686181,0.039570638721084024,0.37454204054323836,0.00017805787420480972,RF
8.85,94.21527736560678,18.07761186278505,8.584153928334404,0.11172741821478097,0.04230978857515093,0.10604955114196045,0.03969372267011821,0.37458520608850016,0.0001726621810470882,RF
8.9,94.21581693492254,18.10013054481447,8.587650337500607,0.11196667965230152,0.04242882382361777,0.10630289419459031,0.0398197349413229,0.37470930703112776,0.0001726621810470882,RF
8.95,94.21581693492254,18.115763734799142,8.593898550177249,0.11225756017546797,0.042554034026193954,0.10661133656715137,0.03995250416832535,0.374801033814809,0.0001726621810470882,RF
9.0,94.21851478150141,18.137807282106237,8.597578412910815,0.1124835680639713,0.04267398599838214,0.10684949281288297,0.04007893275474061,0.37523268926742676,0.00016726648788936672,RF
9.05,94.21851478150141,18.159566829089286,8.601366189507536,0.11271459834999703,0.042795466637235866,0.10709440355518901,0.04020774060302985,0.3752758548126885,0.0001618707947316452,RF
9.1,94.22121262808027,18.181972401269118,8.604894972832685,0.11287294338299166,0.04291111118781634,0.107260874455255,0.0403295805745365,0.3752974375853194,0.0001618707947316452,RF
9.15,94.2222917667118,18.191378751107326,8.613619808668721,0.11331365876557332,0.043055288012132674,0.10772768215318537,0.04048208548883223,0.3755240566979437,0.00015107940841620218,RF
9.2,94.22283133602758,18.208373727600648,8.61930686925696,0.11366690072464157,0.04319221706604343,0.10810211391201766,0.04062710037783259,0.37563736625425587,0.00015107940841620218,RF
9.25,94.22337090534334,18.220685509469316,8.626866235370928,0.11414667919906325,0.043342822777839594,0.10861039138277584,0.04078657396934081,0.3756481576405713,0.00015107940841620218,RF
9.3,94.22337090534334,18.229620530063624,8.635769129081167,0.11462227234221642,0.043494127017867354,0.10911454984624369,0.040946998657184853,0.3760852087863467,0.00015107940841620218,RF
9.35,94.2244500439749,18.237532893784273,8.645076699778237,0.11518003748927604,0.04365472700752013,0.10970643840370153,0.04111732443685114,0.37631722359212877,0.00015107940841620218,RF
9.4,94.22498961329066,18.23472909215487,8.658663055149379,0.11596255492545847,0.043838315163378896,0.11053628778560383,0.04131197014136823,0.3770510378615789,0.00015107940841620218,RF
9.45,94.22552918260645,18.241824257345936,8.668272784663282,0.11660207354329771,0.044008997688323,0.11121436537613597,0.041492788738199775,0.37774708227892495,0.00014028802210075918,RF
9.5,94.22606875192223,18.250208178654642,8.677353736247728,0.11722150257104781,0.04417865305131546,0.11187111457235788,0.04167250319674349,0.37835139991258976,0.00014028802210075918,RF
9.55,94.22606875192223,18.263772295532124,8.684351950273292,0.1176740763922237,0.04433330062436439,0.11235097677401619,0.04183649321480371,0.3788963649215196,0.00014028802210075918,RF
9.6,94.22606875192223,18.278064509835897,8.691053401175182,0.11798379090609874,0.04447529567974889,0.11267952173713867,0.04198708316205464,0.37904744432993587,0.00014028802210075918,RF
9.65,94.22606875192223,18.26610482343552,8.70824947526884,0.11911466741486948,0.04469828080879151,0.11387939933116493,0.04222361056681653,0.3793280203741374,0.00013489232894303767,RF
9.7,94.22660832123799,18.278467083650426,8.715706323212812,0.11958663327092314,0.04485867579139178,0.11437918688907593,0.04239347149378492,0.38002946048464115,0.00013489232894303767,RF
9.75,94.2282270291853,18.294450248096013,8.72170093831104,0.12003460322770362,0.04501773480500813,0.1148547043221329,0.04256221506627781,0.38079564891303763,0.00013489232894303767,RF
9.8,94.2303853064484,18.30837603764051,8.728510303076085,0.12058650891098724,0.045188058234542715,0.11543940045808519,0.04274233222044575,0.3809737067872424,0.00012410094262759467,RF
9.85,94.23092487576416,18.326763697431968,8.733522902019608,0.1209470054442544,0.045340966429573124,0.11582249098436216,0.042904721244160976,0.38215536358878344,0.00012410094262759467,RF
9.9,94.23092487576416,18.33401771635664,8.742970760738778,0.1217454271392574,0.045537126898720796,0.11666949813617648,0.04311278008672327,0.38264097597297836,0.00012410094262759467,RF
9.95,94.23092487576416,18.350412400775067,8.748749548110698,0.12212126988717605,0.045693535776153295,0.11706746269203681,0.043278594912041536,0.38333702039032447,0.00011870524946987314,RF
10.0,94.23200401439571,18.370470160076856,8.753049915557401,0.12248720735109232,0.045849939580020524,0.11745490290478289,0.043444174373166076,0.38409241743240546,0.00011870524946987314,RF
10.05,94.23200401439571,18.388202765587994,8.75826755084092,0.12278631902575361,0.04600090882399752,0.11777232337969458,0.043604300572110795,0.3844323461013419,0.00011870524946987314,RF
10.1,94.23200401439571,18.402692425611757,8.764780152482288,0.12308933700959894,0.04615372772215152,0.11809388927125622,0.043766388671426674,0.38449169872607686,0.00011870524946987314,RF
10.15,94.23308315302725,18.418663407012694,8.770693832183152,0.12355404829145375,0.04632354916109952,0.11858583581551149,0.043946136489988394,0.38501508096237586,0.00010791386315443013,RF
10.2,94.23470186097457,18.438369022485393,8.775107509186167,0.12383153575456068,0.04647657963765736,0.11887841106683159,0.04410771155828039,0.3851607646776343,0.00010791386315443013,RF
10.25,94.2357809996061,18.45674383177627,8.780049964118641,0.12411167392747109,0.04663135450362932,0.11917461950186087,0.0442713975627004,0.38545213210815127,0.00010791386315443013,RF
10.3,94.23686013823766,18.473611915235942,8.785580549605305,0.12434926123248423,0.04678295544013557,0.11942552000549665,0.044431832924070463,0.38629386024075585,0.00010251816999670863,RF
10.35,94.23739970755342,18.489315435373182,8.791569769010376,0.1247154777184851,0.04694838579463719,0.11981359481944197,0.044607047977072094,0.38640716979706796,0.00010251816999670863,RF
10.4,94.23739970755342,18.510982870534995,8.795168696346575,0.12488470461277805,0.047096137003996195,0.1199928738240969,0.0447637179811302,0.38677407693179305,9.712247683898712e-05,RF
10.45,94.23901841550075,18.518070479706008,8.804594972293115,0.12544121416045714,0.04728297082411108,0.12058252693294244,0.04496157316437597,0.38689278218126294,9.172678368126562e-05,RF
10.5,94.24009755413229,18.533849624215858,8.810524839073452,0.12582403246049,0.04745380861063659,0.12098721405260567,0.045142358986032055,0.388479115969633,9.172678368126562e-05,RF
10.55,94.24117669276384,18.54913457101186,8.816632763727993,0.12628748814296428,0.0476334518343353,0.12147701271040878,0.04533231472981225,0.3889917068196166,9.172678368126562e-05,RF
10.6,94.2417162620796,18.563861722753266,8.822956516108842,0.12658548372928727,0.04779846099365527,0.12179237265331123,0.04550704584060643,0.3894341536585497,9.172678368126562e-05,RF
10.65,94.24279540071116,18.568966023578206,8.83311660632483,0.12726504201626257,0.0480017974706501,0.12251234599199601,0.04572222870471713,0.39003847129221453,9.172678368126562e-05,RF
10.7,94.2438745393427,18.58323854298444,8.83958604242094,0.12773072987541342,0.04818517160462006,0.12300522183608621,0.04591620217125889,0.39168955339847733,9.172678368126562e-05,RF
10.75,94.24441410865848,18.59758940361399,8.845990730199155,0.12823352767181237,0.048372616388435305,0.12353920593590048,0.046115222543163234,0.3930762465400118,8.63310905235441e-05,RF
10.8,94.24603281660579,18.617216296219294,8.850274910566386,0.12851017806866558,0.04853943089027761,0.12383180896438406,0.046291753658902764,0.3933999881294751,8.63310905235441e-05,RF
10.85,94.24603281660579,18.632471272925468,8.856296504130404,0.12898995654308731,0.04872733943063439,0.12433969494300648,0.046490942413699894,0.39403128422892847,8.63310905235441e-05,RF
10.9,94.24711195523733,18.64262642012755,8.864346878321724,0.12960422366227276,0.048929620676261804,0.12499047759502149,0.046705089091649596,0.39482445112311354,7.553970420810109e-05,RF
10.95,94.2476515245531,18.65221255119477,8.872591497466722,0.13021123620725933,0.04913182222872951,0.12563382321150496,0.04691929219678438,0.3965186987746381,7.014401105037959e-05,RF
11.0,94.24819109386887,18.67258078886282,8.87650337500607,0.13052122974321895,0.04930615628951614,0.1259621639062706,0.04710393559537465,0.3975007149293434,7.014401105037959e-05,RF
11.05,94.24927023250042,18.68676864312508,8.882859501545866,0.1309140928382965,0.0494892192207081,0.1263785919221411,0.04729786605144961,0.3988280554461429,7.014401105037959e-05,RF
11.1,94.24980980181618,18.696020723644178,8.891174264701915,0.13142484276410568,0.04968491331539011,0.1269197792484371,0.04750534030168385,0.39951870417033125,7.014401105037959e-05,RF
11.15,94.24980980181618,18.710390382992212,8.89741168599224,0.131928338115716,0.04988056699456187,0.12745280872014475,0.04771273923710982,0.40105108102712417,7.014401105037959e-05,RF
11.2,94.24980980181618,18.724877749636306,8.903584358964675,0.13230557597405748,0.050065095505711914,0.12785306189745588,0.04790844783672042,0.4018982048528864,7.014401105037959e-05,RF
11.25,94.25088894044774,18.743407992359227,8.908122136910318,0.13253437408340657,0.05023637712850346,0.1280946483930432,0.048089581518289404,0.4025726664976016,7.014401105037959e-05,RF
11.3,94.25304721771083,18.75732404492608,8.914499846222744,0.13286989814010458,0.05041959545914959,0.12844828944023995,0.048283047178356686,0.4030744659612697,7.014401105037959e-05,RF
11.35,94.25412635634237,18.772991364189455,8.920159928345194,0.13321518796976248,0.050604972433152796,0.1288144901650981,0.0484794460549704,0.40372734483335404,7.014401105037959e-05,RF
11.4,94.257363772237,18.790664530265772,8.92499986510767,0.13345598402874823,0.050781333276474896,0.1290676045566432,0.0486654729357403,0.4052327432243583,7.014401105037959e-05,RF
11.45,94.257363772237,18.803183849540137,8.93186858249745,0.13384187157171143,0.05097228526806452,0.12947700232411696,0.048867988690130586,0.40640360863958386,7.014401105037959e-05,RF
11.5,94.257363772237,18.821730119322627,8.936314633659412,0.13411447614833838,0.051153652518843594,0.1297651792775774,0.049060234246942905,0.4075043300437591,7.014401105037959e-05,RF
11.55,94.25790334155278,18.836969325783397,8.94205565117923,0.1344717639276329,0.05134400856414307,0.13014304581232,0.04926179531021205,0.4083622452558368,7.014401105037959e-05,RF
11.6,94.25844291086854,18.84621088002996,8.950186960767915,0.13480979918309202,0.05153408509438314,0.13050048276967463,0.049463048144752886,0.40890181457160896,6.474831789265808e-05,RF
11.65,94.25898248018432,18.85355743990296,8.959052084626052,0.13543704082921007,0.051753218049170414,0.13116532870807646,0.04969518064467216,0.4103262775652474,6.474831789265808e-05,RF
11.7,94.25952204950009,18.8684108770754,8.964895620315865,0.13589268389331632,0.05195696885212871,0.13164811796627243,0.049910989152619316,0.41173455347941273,5.935262473493657e-05,RF
11.75,94.26114075744741,18.878748932150092,8.972492756281936,0.1364342657594708,0.05216887830557592,0.13222204003503207,0.050135477012977506,0.41404930584407523,5.935262473493657e-05,RF
11.8,94.26221989607895,18.885954174635398,8.981314714594811,0.13715093398369418,0.05239864895360132,0.1329821504645132,0.05037893593607683,0.415333480815613,5.3956931577215064e-05,RF
11.85,94.26275946539472,18.893206989858324,8.990088111669266,0.1378991317034743,0.05263250783124953,0.1337754215455066,0.05062679023156849,0.4172867217387082,5.3956931577215064e-05,RF
11.9,94.26275946539472,18.888876574347155,9.003447847927784,0.13903349598830209,0.052903994122899936,0.1349788281625644,0.05091473272614003,0.41963384826231703,5.3956931577215064e-05,RF
11.95,94.26383860402626,18.893470932043975,9.013170886997997,0.13971486791882717,0.05313112624900579,0.135700265824089,0.05115513197463642,0.42295219955431573,4.856123841949356e-05,RF
12.0,94.26437817334204,18.904766659196742,9.020158309637248,0.14026970333399877,0.05334566702538329,0.13628793607436623,0.05138235041516898,0.4264324216410461,4.856123841949356e-05,RF
12.05,94.2649177426578,18.918004367153674,9.026293212757578,0.1406398261291837,0.05354118027355501,0.136679945049913,0.05158941542326182,0.4292651605488499,4.856123841949356e-05,RF
12.1,94.26545731197358,18.926658189867766,9.0342410687789,0.1412074965602456,0.0537569883766219,0.1372815147820612,0.0518180012512525,0.42972919016041394,4.856123841949356e-05,RF
12.15,94.26599688128935,18.921309784090194,9.047724905980047,0.14242500942627595,0.05403525909514147,0.1385724486165329,0.05211285238280497,0.4349684082165615,3.7769852104050545e-05,RF
12.2,94.2670760199209,18.928426955223905,9.056152978692408,0.1429292023330977,0.05424366478926927,0.13910645804427954,0.05233351040307818,0.437536758159637,3.7769852104050545e-05,RF
12.25,94.2670760199209,18.943880012916665,9.061181764715403,0.14318394949631202,0.0544271352227275,0.139376105868077,0.05252801644859982,0.4409414405421592,3.7769852104050545e-05,RF
12.3,94.26815515855245,18.96089370155976,9.06552529770737,0.14347008664404073,0.05461294927024203,0.1396783416633278,0.05272451444856042,0.4451069156599203,2.6978465788607532e-05,RF
12.35,94.26923429718398,18.9765613955994,9.070322068924584,0.1437470160629785,0.05479614139559444,0.13997124703512062,0.05291842947001129,0.4475295818877372,2.6978465788607532e-05,RF
12.4,94.26977386649976,18.990686199647353,9.075663805150729,0.14406384564001012,0.054982006228331694,0.14030712604099288,0.05311555840565263,0.45401520506331844,2.6978465788607532e-05,RF
12.45,94.26977386649976,19.00139946260681,9.082257342189465,0.1443610041600794,0.05516299817587479,0.140622347461265,0.05330749025169012,0.45664290763112886,2.6978465788607532e-05,RF
12.5,94.26977386649976,19.020776137011556,9.085343678675681,0.14450972293115633,0.05532963628325532,0.1407801061626782,0.05348419503835434,0.4596914742652415,2.6978465788607532e-05,RF
12.55,94.2708530051313,19.03059778351463,9.092207000372303,0.1449737366577997,0.055526794398649534,0.14127203988209366,0.05369309493898852,0.4606680947267891,2.1582772630886026e-05,RF
12.6,94.27139257444708,19.036565027180302,9.10059730323256,0.14542812412252537,0.055724406162785775,0.14175382256919797,0.053902539045245196,0.461774211824122,2.1582772630886026e-05,RF
12.65,94.27139257444708,19.05128397525123,9.105437239995036,0.1456862195507546,0.05590275763543853,0.14202700977586483,0.05409161239706845,0.46532997361506045,2.1582772630886026e-05,RF
12.7,94.27139257444708,19.065660747783156,9.110368903541193,0.14597333327577924,0.05608385444908528,0.14233157059456486,0.0542836544312095,0.46688393324448424,2.1582772630886026e-05,RF
12.75,94.27247171307862,19.077098112406716,9.116433662650472,0.14627551419337084,0.056266485752075567,0.1426518131388866,0.054477045189282036,0.4684702670328544,2.1582772630886026e-05,RF
12.8,94.27301128239439,19.088616068064855,9.122449860521332,0.14662652397576253,0.0564550654717059,0.14302229403785505,0.054676616660693164,0.4692256640749354,2.1582772630886026e-05,RF
12.85,94.27355085171017,19.10022116866364,9.128401310074299,0.14706793691355557,0.05665313318860594,0.14349088498168494,0.054886734167047944,0.47082818494277867,2.1582772630886026e-05,RF
12.9,94.27409042102593,19.11067411356803,9.1347952064662,0.14736830418759747,0.05683867260079442,0.1438088223396157,0.05508320567243928,0.4714378982696012,1.618707947316452e-05,RF
12.95,94.27462999034171,19.11296426083264,9.144410331673258,0.14803112114949846,0.05705952578436571,0.14451166154233577,0.05531728435126067,0.47395229128109945,1.618707947316452e-05,RF
13.0,94.27462999034171,19.126157848658366,9.149638758343091,0.14839092012755417,0.0572519291420934,0.14489212751685535,0.05552120253872373,0.4760943814647149,1.618707947316452e-05,RF
13.05,94.27462999034171,19.140085531106106,9.15449488218504,0.1486428770699228,0.057432473295839795,0.14515879406142326,0.05571259749431635,0.47964474756249564,1.618707947316452e-05,RF
13.1,94.27462999034171,19.145974866442454,9.162534464990046,0.14910061279966327,0.057633538833691364,0.1456437364956903,0.05592575911480512,0.48065374218298956,1.618707947316452e-05,RF
13.15,94.27570912897325,19.151909728838863,9.170487716704526,0.14969855712690125,0.05784736969196124,0.1462766160115382,0.05615189610698041,0.48454403694970677,1.618707947316452e-05,RF
13.2,94.27570912897325,19.161564427882585,9.176908591562215,0.15000659750826886,0.05803314189471562,0.1466030642155628,0.05634886066599457,0.48798109349117536,1.618707947316452e-05,RF
13.25,94.27624869828902,19.175147566198177,9.18165680154101,0.15023400050719515,0.05820863614745782,0.14684358236085276,0.056534645255182446,0.4920440504389396,1.618707947316452e-05,RF
13.3,94.2767882676048,19.187014976728324,9.187063286085047,0.15053311218185642,0.05839174835231584,0.14716001162963727,0.05672864687098007,0.4936088014546789,1.0791386315443013e-05,RF
13.35,94.27732783692056,19.202428617059034,9.19096437223808,0.15073177590607173,0.05856324409081112,0.14737107592987914,0.056910516824533415,0.49750988760771153,1.0791386315443013e-05,RF
13.4,94.27840697555212,19.208438147288742,9.198577695283625,0.1511120830073435,0.05875210774035111,0.1477741081560588,0.05711053755652137,0.5021339966438788,1.0791386315443013e-05,RF
13.45,94.27840697555212,19.2208659688405,9.203487776057152,0.15133557969708575,0.05892176388200314,0.14801087251686892,0.05729040793520677,0.507130408507929,1.0791386315443013e-05,RF
13.5,94.27948611418367,19.238145379905614,9.206423033134952,0.15148890233255816,0.059084915113392936,0.14817224794684397,0.05746287979999172,0.5095692618152191,1.0791386315443013e-05,RF
13.55,94.28002568349943,19.247172832751573,9.212595706107384,0.1519349191347466,0.05927554430176718,0.14864506851635645,0.05766497072574365,0.5114199845683176,1.0791386315443013e-05,RF
13.6,94.28056525281521,19.248184248195354,9.2219356509634,0.15240088601598203,0.05946836143748729,0.14913860008126684,0.05786911301930471,0.5146358176903196,1.0791386315443013e-05,RF
13.65,94.28110482213098,19.261647959275624,9.226203644251159,0.1526020609389585,0.059633393251286894,0.1493512723110556,0.05804379235374163,0.5188066885012383,1.0791386315443013e-05,RF
13.7,94.28110482213098,19.271738230149907,9.231777395283085,0.15292502900185076,0.05981014643935737,0.1496938309430334,0.058231224925441895,0.5211052537864277,1.0791386315443013e-05,RF
13.75,94.2827235300783,19.283555996586447,9.236617332045562,0.15323223231696456,0.05998536478485114,0.15001753684680405,0.05841608436565128,0.5219793560779785,1.0791386315443013e-05,RF
13.8,94.28326309939406,19.29301545856894,9.242379932338007,0.153519206530947,0.060159546962174196,0.15032120079204292,0.05860046708267973,0.5240135323984396,5.395693157721506e-06,RF
13.85,94.28326309939406,19.303267120694027,9.247775625495729,0.1538787264869181,0.06034044368433139,0.15070251974956791,0.058792289161124923,0.5258049025268031,5.395693157721506e-06,RF
13.9,94.28326309939406,19.309959466996496,9.2545688031813,0.15418620882411654,0.060516984865600136,0.15102864585837078,0.05897949110768763,0.527045911953079,5.395693157721506e-06,RF
13.95,94.28326309939406,19.315016004198412,9.26198248558001,0.15470253919161725,0.060714225568031334,0.1515762832125811,0.05918864715811499,0.5285351232646102,5.395693157721506e-06,RF
14.0,94.28488180734138,19.328236801427646,9.266110190845668,0.15492115299487946,0.060883614342768205,0.15180702575812202,0.059367653495175275,0.5302941192340274,5.395693157721506e-06,RF
14.05,94.28596094597293,19.34062371084984,9.270513076462368,0.15513530244478854,0.0610518510242735,0.15203271181105965,0.05954539426971145,0.5328678648702606,5.395693157721506e-06,RF
14.1,94.28596094597293,19.341590132679116,9.279453740024712,0.15565553912147323,0.06125031124198065,0.15258447653983273,0.05975584654180054,0.5338444853318082,5.395693157721506e-06,RF
14.15,94.2865005152887,19.348008365917362,9.28616058661976,0.15612178502479315,0.06144321899637057,0.15307825042347661,0.059960087846288555,0.5378912552000993,5.395693157721506e-06,RF
14.2,94.28757965392023,19.35668176297488,9.291901604139575,0.1563516992224806,0.06161231646629884,0.1533206379087361,0.06013873211506247,0.5416412619447157,5.395693157721506e-06,RF
14.25,94.28865879255179,19.3663936520239,9.297140822195724,0.15664048708001269,0.06178516998473394,0.15362486780964588,0.060321313567932494,0.5456934275061646,5.395693157721506e-06,RF
14.3,94.28973793118332,19.3776983451843,9.301662413061894,0.15694210995343513,0.06195758993514486,0.15394433062088697,0.06050382832888892,0.5513319268559835,5.395693157721506e-06,RF
14.35,94.2902775004991,19.3903455552314,9.305493355203875,0.15715151602790647,0.06211613989041353,0.15416568424787266,0.060671619426211486,0.557736614634199,5.395693157721506e-06,RF
14.4,94.2902775004991,19.394767338400598,9.312491569229442,0.1575115940280468,0.06228567976082225,0.15454756667486877,0.060851395729330085,0.5673733226138896,5.395693157721506e-06,RF
14.45,94.29081706981486,19.39819764420208,9.319705610981314,0.15787390420486364,0.06244930402335034,0.1549310778245742,0.06102457094168067,0.5725423966589868,5.395693157721506e-06,RF
14.5,94.29135663913064,19.40937750606138,9.323757776542763,0.1581049344908894,0.062599097817089,0.1551747648395163,0.061183035683694195,0.5769776564346338,5.395693157721506e-06,RF
14.55,94.29135663913064,19.416672002854217,9.329272174949955,0.15846584955728335,0.06275908556018925,0.1555575306403895,0.061352678656106885,0.5789848542893062,0.0,RF
14.6,94.29135663913064,19.420023878622107,9.33631895021394,0.15887475642222376,0.06292342463836544,0.15599119378780335,0.061526936043541425,0.5828697533628657,0.0,RF
14.65,94.29189620844642,19.42901596448228,9.34095924632958,0.15912210950019695,0.06306715607203889,0.156253219954908,0.061679175875853504,0.5936935138372551,0.0,RF
14.7,94.29297534707797,19.430515381617607,9.34846465551197,0.1595470601350002,0.0632238825545609,0.15670239813225295,0.061844702073664354,0.5967852460166295,0.0,RF
14.75,94.29351491639373,19.435625516756865,9.354475457689672,0.15987979397085247,0.06337101509511245,0.1570555554055059,0.06200069073791843,0.5979021545002778,0.0,RF
14.8,94.29459405502529,19.44720124528693,9.35786934868588,0.16005836810497853,0.06350332471417083,0.1572455042200974,0.06214101710565977,0.5999417265138967,0.0,RF
14.85,94.29567319365682,19.455225726468615,9.362639141437304,0.160310743580474,0.06364228312297486,0.15751164326136835,0.06228767774581914,0.6016036000064748,0.0,RF
14.9,94.29567319365682,19.45784886081477,9.369534837292873,0.16062715462437882,0.06378740420931552,0.15784719528956687,0.062441557460629814,0.6035784237022009,0.0,RF
14.95,94.29567319365682,19.45860829794607,9.377148160338418,0.16108963372955704,0.06394701872661784,0.15833765162707922,0.06261080713723609,0.6044525259937518,0.0,RF
15.0,94.29783147091992,19.468803709660587,9.380973706787243,0.16127825265872772,0.0640809806011117,0.15853612354876545,0.06275210037381164,0.6051593617974133,0.0,RF
0.0,3.9555826539256365,11.398366321389075,7.377417944996304,0.036373737477945096,0.007677803225960669,0.04130752584913382,0.009355746079217839,0.0,0.006960444173460744,ADR
0.05,5.666556954239126,11.448037184106461,7.377417944996304,0.036373737477945096,0.007745068830488815,0.03983527709007807,0.00883307800353868,0.0,0.006582745652420239,ADR
0.1,5.666556954239126,11.497708046823833,7.377417944996304,0.036373737477945096,0.007813113334007861,0.03983527709007807,0.008911674241626625,0.0,0.006582745652420239,ADR
0.15,5.666556954239126,11.547379323029098,7.377417944996304,0.036373737477945096,0.007881945769997838,0.03983527709007807,0.008991180581258501,0.0,0.006474831789265808,ADR
0.2,6.559004602526263,11.534897196262678,7.402281299067084,0.037659471243653306,0.008076141691702838,0.04241481539980256,0.009220831363902476,0.0,0.006474831789265808,ADR
0.25,6.601630578472263,11.584573454673217,7.402281299067084,0.037659471243653306,0.008147255530280067,0.0423078970167552,0.009259340101092688,0.0,0.006474831789265808,ADR
0.3,6.794796393518693,11.634249713083761,7.402281299067084,0.037659471243653306,0.00821919282829835,0.041840194393710776,0.009161116899302853,0.0,0.006474831789265808,ADR
0.35,7.748215374488083,11.665021984003141,7.4098460608742105,0.037855065724938346,0.008311016383436056,0.041191344846796644,0.009082174552358964,0.0,0.006259004062956948,ADR
0.4,8.333648082100867,11.714709033799998,7.4098460608742105,0.037855065724938346,0.008384734016646406,0.041255763289090315,0.009116022908799239,0.0,0.006259004062956948,ADR
0.45,8.491741891622107,11.764396083596848,7.4098460608742105,0.037855065724938346,0.008459305259818667,0.040969060363451514,0.00908223699252308,0.0,0.006259004062956948,ADR
0.5,8.49228146093788,11.71008644907865,7.451446855120243,0.039864024733857424,0.008729374975300613,0.04351608005591206,0.009409431734188851,0.0,0.006151090199802518,ADR
0.55,9.69660017374132,11.759778894568669,7.451446855120243,0.039864024733857424,0.008806742636256536,0.04322761782872405,0.009347960491550669,0.0,0.006151090199802518,ADR
0.6,9.712247683898712,11.809471340058668,7.451446855120243,0.039864024733857424,0.008885006172503691,0.04319963022222221,0.009419582006088202,0.0,0.006151090199802518,ADR
0.65,10.427177027296812,11.8588940008908,7.451554768983398,0.03986681495470315,0.008964447698091644,0.04260988522639067,0.009340609632695748,0.0,0.006151090199802518,ADR
0.7,11.704877167045264,11.902529780811259,7.453977435211215,0.03992945541268958,0.009050604534970337,0.04265113649564375,0.009363780466268103,0.0,0.006151090199802518,ADR
0.75,12.070165593823011,11.95222222630127,7.453977435211215,0.03992945541268958,0.009131652953954579,0.042142852749217696,0.009255012806228848,0.0,0.006151090199802518,ADR
0.8,12.300022122341947,12.00191467179129,7.453977435211215,0.03992945541268958,0.009213639869399288,0.04183849236708193,0.009221076878745037,0.0,0.006151090199802518,ADR
0.85,13.542650256565208,11.946836245391232,7.495885783967237,0.042096619943561044,0.009507681085049383,0.04381169863341169,0.00947416434134543,0.0,0.006151090199802518,ADR
0.9,13.542650256565208,11.995993420580431,7.496101611693546,0.042102200385252475,0.009593275357896166,0.04381169863341169,0.009557819636209252,0.0,0.006043176336648088,ADR
0.95,13.542650256565208,12.045695299300984,7.496101611693546,0.042102200385252475,0.009679316025309798,0.04381169863341169,0.009642443613733556,0.0,0.005935262473493658,ADR
1.0,13.576643123458856,11.975317384952222,7.544134072183583,0.044560942994501765,0.01000456440609833,0.04596576551943406,0.00992399216277398,0.0,0.005935262473493658,ADR
1.05,17.31423977381254,12.025021911333845,7.544134072183583,0.044560942994501765,0.010093905704029496,0.04482840100969178,0.009601257888698863,0.0,0.005719434747184797,ADR
1.1,17.31423977381254,12.074735939596476,7.544134072183583,0.044560942994501765,0.010184281854959388,0.04482840100969178,0.009685780328063482,0.0,0.005719434747184797,ADR
1.15,17.31423977381254,12.124449967859123,7.544134072183583,0.044560942994501765,0.010275704512395152,0.04482840100969178,0.00977128149114865,0.0,0.005719434747184797,ADR
1.2,18.8746742350256,12.06639851452916,7.58724026482062,0.0467844699864568,0.01058361034572732,0.04643894594208284,0.009971041828273042,0.0,0.005719434747184797,ADR
1.25,19.216761181225145,12.116117089820133,7.58724026482062,0.0467844699864568,0.010678335061427588,0.04607253887406991,0.00993504084510511,0.0,0.005611520884030367,ADR
1.3,19.433128476849777,12.165836513775941,7.58724026482062,0.0467844699864568,0.010774156667196869,0.04584744913371834,0.009948596261379028,0.0,0.005611520884030367,ADR
1.35,21.484031446099724,12.214197695144573,7.58778522982955,0.04681572045992887,0.010874132108580264,0.045363100987015584,0.009866477109718698,0.0,0.005503607020875937,ADR
1.4,22.39158703522848,12.263922514793537,7.58778522982955,0.04681572045992887,0.010972202542831898,0.04536248565025663,0.009920679108885652,0.0,0.005503607020875937,ADR
1.45,22.69212714411357,12.313648533807868,7.58778522982955,0.04681572045992887,0.011071408620573445,0.04510413696024347,0.009920174156685332,0.0,0.005395693157721507,ADR
1.5,22.69212714411357,12.267528921329246,7.626127025408319,0.048833050131385114,0.011367209530202768,0.04626241887007799,0.010120443818544026,0.0,0.005287779294567077,ADR
1.55,24.90544047741093,12.317264532364524,7.626127025408319,0.048833050131385114,0.01146979040529687,0.04607732120109189,0.01011361258752608,0.0,0.005287779294567077,ADR
1.6,25.033857974564704,12.367000143399785,7.626127025408319,0.048833050131385114,0.01157355911094206,0.0459735908267954,0.010169103925894131,0.0,0.005287779294567077,ADR
1.65,26.13673765600298,12.416735754435065,7.626127025408319,0.048833050131385114,0.01167852940156787,0.04579778695293145,0.010211710618362355,0.0,0.005287779294567077,ADR
1.7,27.90868328899872,12.461804090888899,7.627993935240891,0.04901776275137183,0.01180261077927294,0.046307754079344204,0.010367509585371311,0.0,0.005287779294567077,ADR
1.75,28.676490425342493,12.511539701924175,7.627993935240891,0.04901776275137183,0.01191012353342133,0.04576016256797185,0.010265456596415014,0.0,0.005287779294567077,ADR
1.8,28.841059066652996,12.561275312959454,7.627993935240891,0.04901776275137183,0.012018881226588733,0.04564658834094141,0.010316661437546606,0.0,0.005287779294567077,ADR
1.85,31.085667420265146,12.53173470227489,7.65970442392882,0.05065757554240205,0.01228863352769197,0.04621694924668471,0.01042136474765336,0.0,0.005287779294567077,ADR
1.9,31.08674655889669,12.581475143535142,7.65970442392882,0.05065757554240205,0.012400799297574384,0.04621714000069427,0.010514735333942793,0.0,0.005179865431412647,ADR
1.95,31.08674655889669,12.631216150263562,7.65970442392882,0.05065757554240205,0.012514263905558088,0.04621714000069427,0.010609009601877734,0.0,0.005179865431412647,ADR
2.0,31.378653558729425,12.613403078657324,7.68672605526269,0.05224214196068696,0.012782560565779429,0.04700318913249075,0.01072896838321657,0.0,0.005179865431412647,ADR
2.05,36.19377013268009,12.662874300727873,7.686833969125844,0.052244932181532686,0.01289977509582517,0.04674964003637502,0.010703434827578866,0.0,0.005179865431412647,ADR
2.1,36.19484927131164,12.712345522798405,7.686941882988998,0.05224772240237841,0.013018345292109278,0.04674901709873138,0.010799309323011068,0.0,0.005179865431412647,ADR
2.15,36.19484927131164,12.762086529526844,7.686941882988998,0.05224772240237841,0.013138015247206482,0.04674901709873138,0.010896562549263196,0.0,0.005179865431412647,ADR
2.2,37.930104190834875,12.763778888685753,7.706161342016802,0.05324159906762421,0.01335536107501745,0.04746635924719404,0.011150605821280699,0.0,0.005179865431412647,ADR
2.25,38.613738513918186,12.813519895414188,7.706161342016802,0.05324159906762421,0.013478342531667216,0.047083760102845,0.01110978004367975,0.0,0.005179865431412647,ADR
2.3,39.10474659127085,12.86299111748474,7.706269255879957,0.05324438928846993,0.013603018498481887,0.04681721952700278,0.011111700312206112,0.0,0.005179865431412647,ADR
2.35,41.19395898194062,12.893361585776939,7.7140174712544445,0.05404574071536099,0.013806926208661037,0.04794363345820343,0.011339960426684635,0.0,0.005179865431412647,ADR
2.4,42.14629882427846,12.943102592505374,7.7140174712544445,0.05404574071536099,0.013934658401933319,0.048102931264482576,0.011494022687540436,0.0,0.005179865431412647,ADR
2.45,42.47759438416256,12.992843599233796,7.7140174712544445,0.05404574071536099,0.014063869664295119,0.04792942074309304,0.011537049288372172,0.0,0.005179865431412647,ADR
2.5,42.47759438416256,12.968744545098811,7.743553495599812,0.05635827575229452,0.01441862339687992,0.04987178192442044,0.011830325844735081,0.0,0.005179865431412647,ADR
2.55,44.790188471562,13.018485551827247,7.743553495599812,0.05635827575229452,0.014552063680560383,0.04992100844466396,0.011942990844449027,0.0,0.005179865431412647,ADR
2.6,45.16680785397096,13.068226558555667,7.743553495599812,0.05635827575229452,0.014687049129902152,0.049720344526872844,0.011982708557607212,0.0,0.005179865431412647,ADR
2.65,46.04576626936379,13.117698264603995,7.743661409462967,0.05636106597314023,0.01482386856545893,0.049865921957392936,0.012140534914144678,0.0,0.005071951568258216,ADR
2.7,47.58030140341979,13.105286281848626,7.7685247635337475,0.05893253350455664,0.015211132436817671,0.05296694636093532,0.012671358352664499,0.0,0.005071951568258216,ADR
2.75,48.38479925323607,13.155032684270214,7.7685247635337475,0.05893253350455664,0.015352219080620086,0.052516170530705994,0.01263171771600109,0.0,0.005071951568258216,ADR
2.8,48.8240086762746,13.204779086691811,7.7685247635337475,0.05893253350455664,0.015494939430761098,0.052276341839159204,0.01266238572182896,0.0,0.005071951568258216,ADR
2.85,50.63642200795325,13.235618280502012,7.776089525340873,0.05932372246712673,0.01567741854398672,0.05258731180870788,0.01287372788960817,0.0,0.004964037705103786,ADR
2.9,50.63696157726903,13.285370078616765,7.776089525340873,0.05932372246712673,0.015823672113186832,0.052587302481698926,0.012991599697801686,0.0,0.004964037705103786,ADR
2.95,50.63696157726903,13.3351218767315,7.776089525340873,0.05932372246712673,0.01597161921890185,0.052587302481698926,0.01311076701610922,0.0,0.004964037705103786,ADR
3.0,50.883544754576896,13.280871689231168,7.817690319586906,0.06334164048496488,0.016510549059948334,0.055990259925347806,0.013524797269893824,0.0,0.004964037705103786,ADR
3.05,54.84128568576562,13.330353702688035,7.81779823345006,0.0633444307058106,0.01666433218845185,0.0562528711223054,0.013767771508225564,0.0,0.004964037705103786,ADR
3.1,54.84182525508139,13.380110878519659,7.81779823345006,0.0633444307058106,0.016819623159496904,0.05625257205824477,0.01389362920455579,0.0,0.004856123841949356,ADR
3.15,54.84344396302872,13.429598287669682,7.817906147313215,0.06335001114750205,0.016977255796469963,0.05625294680401011,0.014021000210137092,0.0,0.004856123841949356,ADR
3.2,56.16053266282853,13.473029031250151,7.820436727404186,0.06347808228432064,0.017148575161619908,0.05685418515814148,0.014367142032129111,0.0,0.004856123841949356,ADR
3.25,56.785353930492676,13.522786225058057,7.820436727404186,0.06347808228432064,0.01730939393366011,0.0565131055662188,0.014380710418254559,0.0,0.004856123841949356,ADR
3.3,57.27744114647688,13.572543418865967,7.820436727404186,0.06347808228432064,0.01747207489931528,0.05624972142359212,0.014420862077652565,0.0,0.004856123841949356,ADR
3.35,58.76341504211339,13.5175297407838,7.862345076160209,0.06781241134606356,0.01805884949470739,0.06039579652550776,0.015082164029174483,0.0,0.004856123841949356,ADR
3.4,59.41197735967151,13.566747365275937,7.862560903886518,0.06782357222944646,0.018228714762821462,0.06064994322041594,0.01532294486532323,0.0,0.004856123841949356,ADR
3.45,59.66503536876865,13.616234774425948,7.862668817749673,0.06782636245029217,0.018399728698419753,0.060502371263983216,0.015416237369211607,0.0,0.004856123841949356,ADR
3.5,59.666114507400195,13.546182014109894,7.910593364376554,0.072721525902025,0.01904670983016391,0.06434643955109828,0.01593116254903355,0.00010791386315443013,0.004748209978794926,ADR
3.55,61.44939109602715,13.595939207917803,7.910593364376554,0.072721525902025,0.019223917623287144,0.06478552882707268,0.016215772111976196,0.00010791386315443013,0.004748209978794926,ADR
3.6,61.725650585702496,13.645696401725695,7.910593364376554,0.072721525902025,0.019403177385945342,0.06461197377576532,0.016310851335052653,0.00010791386315443013,0.004748209978794926,ADR
3.65,62.349392714735096,13.695453595533605,7.910593364376554,0.072721525902025,0.019584512878825868,0.06491410215137511,0.016557227402747385,0.00010791386315443013,0.004748209978794926,ADR
3.7,63.41827952927973,13.637445307748909,7.953699557013592,0.07716857988593503,0.020198797240584515,0.06903080131024801,0.017293776353187133,0.00010791386315443013,0.004748209978794926,ADR
3.75,63.94328047352603,13.687202501556813,7.953699557013592,0.07716857988593503,0.020386701366821917,0.06867675458196915,0.017342514869883703,0.00010791386315443013,0.004748209978794926,ADR
3.8,64.3565905694075,13.736959695364723,7.953699557013592,0.07716857988593503,0.020576781320294328,0.06840175166423527,0.01741432331757095,0.00010791386315443013,0.004748209978794926,ADR
3.85,65.66612529878651,13.785896474070178,7.9540232986030555,0.07718532121100936,0.02077049957165691,0.06916412545500858,0.017831547551612165,0.0003291372826210119,0.004748209978794926,ADR
3.9,65.66774400673383,13.835642606707115,7.9540232986030555,0.07718532121100936,0.020964820235950275,0.0691649699599027,0.017996785738156183,0.0003291372826210119,0.004748209978794926,ADR
3.95,65.66774400673383,13.88538873934404,7.9540232986030555,0.07718532121100936,0.021161391027487594,0.0691649699599027,0.018163672402224346,0.0003291372826210119,0.004748209978794926,ADR
4.0,65.83339178667588,13.840823520476087,7.991749985161844,0.08107321493743692,0.02173691072941176,0.07181640632401996,0.01856322809358242,0.0010521601657556938,0.004532382252486066,ADR
4.05,68.63915222869106,13.890544293355179,7.991749985161844,0.08107321493743692,0.021939478104188184,0.07280111059578181,0.019076330021313516,0.0010521601657556938,0.004532382252486066,ADR
4.1,68.6402313673226,13.94026506623426,7.991749985161844,0.08107321493743692,0.02214439109861538,0.07280037254054225,0.019252504103074837,0.0010521601657556938,0.004532382252486066,ADR
4.15,68.64292921390145,13.989985839113354,7.991749985161844,0.08107321493743692,0.022351676873688785,0.07280035667908628,0.01943101801775732,0.0010521601657556938,0.004532382252486066,ADR
4.2,69.65731952755311,14.039436826999044,7.991857899024998,0.08107879537912838,0.022561903551295243,0.07364447647523586,0.019904957717143693,0.002811156135172905,0.004532382252486066,ADR
4.25,70.06091737575068,14.089069650079669,7.991857899024998,0.08107879537912838,0.0227724819454398,0.07336918281656732,0.01999746952500945,0.002811156135172905,0.004532382252486066,ADR
4.3,70.41541441621297,14.138434360496355,7.991965812888153,0.0810815855999741,0.022985770524408887,0.07312998401569311,0.02010121366237762,0.002811156135172905,0.0044244683893316355,ADR
4.35,71.47620769102103,14.108796357550302,8.023676301576081,0.0843612111820345,0.02352072610113168,0.07624152077844627,0.02077944300451249,0.002811156135172905,0.0044244683893316355,ADR
4.4,72.02602882379286,14.15843457632408,8.023676301576081,0.0843612111820345,0.023740455605566414,0.07659293779216109,0.021095881013258773,0.002811156135172905,0.0044244683893316355,ADR
4.45,72.14959019710467,14.207803010439958,8.023784215439237,0.08436400140288022,0.02396300014465917,0.0765060471293852,0.021262920400507538,0.002811156135172905,0.0044244683893316355,ADR
4.5,72.15390675163084,14.198938426151146,8.047185336664274,0.08678423896445855,0.024422330143994548,0.07813626161151617,0.021618190460864717,0.006431666244004036,0.0044244683893316355,ADR
4.55,73.45696664922059,14.247856050103708,8.047401164390584,0.08679260962699573,0.024648706618554343,0.07873317232260908,0.022016397097450794,0.006431666244004036,0.0044244683893316355,ADR
4.6,73.62315399847841,14.297043458714151,8.047509078253738,0.08679819006868715,0.02487742800418542,0.07861627767354598,0.022179402633575002,0.006431666244004036,0.0044244683893316355,ADR
4.65,74.11308293719952,14.346500651982486,8.047509078253738,0.08679819006868715,0.025108251419936948,0.07902611304930254,0.022520780004984753,0.006431666244004036,0.0044244683893316355,ADR
4.7,75.12477540427231,14.347909197681302,8.066728537281541,0.08878594339917878,0.02553432796475813,0.08113113660032607,0.02313850257288934,0.006431666244004036,0.0044244683893316355,ADR
4.75,75.38107082926409,14.397312434018067,8.066750120054174,0.08878650144334793,0.025771630368429502,0.08094523711222139,0.023288309346897212,0.006431666244004036,0.0044244683893316355,ADR
4.8,75.68538792335957,14.446499842628517,8.066858033917327,0.08879208188503937,0.026012166817189458,0.08072520801311757,0.023426046448941418,0.006431666244004036,0.0044244683893316355,ADR
4.85,76.53952615022689,14.495575000241466,8.066858033917327,0.08879208188503937,0.026248167017005435,0.08146190233551633,0.023888884933360974,0.01417988161849212,0.004316554526177205,ADR
4.9,76.54168442748997,14.544380393776352,8.066965947780481,0.08879487210588508,0.026487171453205872,0.0814621570736728,0.0241033157895829,0.01417988161849212,0.004316554526177205,ADR
4.95,76.54438227406884,14.593455768316623,8.066965947780481,0.08879487210588508,0.0267286702699505,0.08146147303717698,0.024319907114682033,0.01417988161849212,0.004208640663022775,ADR
5.0,76.7175840244317,14.606654982703702,8.08131849158002,0.09027926959580865,0.02711677917833137,0.08226464384631074,0.024582244748991625,0.02936336216432044,0.004208640663022775,ADR
5.05,78.85751593078405,14.654976382562342,8.08131849158002,0.09027926959580865,0.02735140477322096,0.08352226267713089,0.025230198885368222,0.02936336216432044,0.004208640663022775,ADR
5.1,78.85967420804714,14.703301342265613,8.08131849158002,0.09027926959580865,0.027588747327591683,0.08352121516492993,0.025444362050346614,0.02936336216432044,0.004100726799868345,ADR
5.15,78.86183248531023,14.75108856850164,8.08153431930633,0.09028764025834579,0.027829651281547216,0.08352105223834644,0.02566093961487871,0.02936336216432044,0.004100726799868345,ADR
5.2,79.5713661355506,14.79941837832738,8.08153431930633,0.09028764025834579,0.028072526778056363,0.08411896278615603,0.026080450908965064,0.05422671623510114,0.003992812936713915,ADR
5.25,79.77748161417556,14.84623761721091,8.081642233169484,0.09029043047919151,0.028296737478152006,0.08396843285944243,0.026225200445881537,0.05422671623510114,0.003992812936713915,ADR
5.3,80.044028856167,14.89333162056249,8.081642233169484,0.09029043047919151,0.02852327178055378,0.08377544088224986,0.026353738774255935,0.05422671623510114,0.0038848990735594847,ADR
5.35,80.92028942498098,14.921514135279235,8.08920699497661,0.09107280840433166,0.028828641194413165,0.0850240213373163,0.026887459398810324,0.05422671623510114,0.0038848990735594847,ADR
5.4,81.37622549680844,14.968608554513803,8.08920699497661,0.09107280840433166,0.02906086946554132,0.08525054952691011,0.027172304391856642,0.05422671623510114,0.0038848990735594847,ADR
5.45,81.41021836370209,15.015702973748363,8.08920699497661,0.09107280840433166,0.02929578681331288,0.08522592067868504,0.027377112976645482,0.05422671623510114,0.0038848990735594847,ADR
5.5,81.4118370716494,15.04903837543075,8.094710601997486,0.09164201345685874,0.029588570900817773,0.08556130023925825,0.027626128601748245,0.09032390346025802,0.0038848990735594847,ADR
5.55,82.24007597135966,15.094058150646173,8.09481851586064,0.09164759389855019,0.029798228178107816,0.08601448332874069,0.027961190186372394,0.09032390346025802,0.0038848990735594847,ADR
5.6,82.30050773472615,15.139347710519477,8.09481851586064,0.09164759389855019,0.03000976703516919,0.08597183567822725,0.028135737352971247,0.09032390346025802,0.0038848990735594847,ADR
5.65,82.79529279728919,15.184367485734905,8.094926429723795,0.09165875478193308,0.03022484235796051,0.08624429406896193,0.028430617081703947,0.09032390346025802,0.0038848990735594847,ADR
5.7,83.47245228858326,15.223330784289962,8.097457009814766,0.09191489705557025,0.030466130998659875,0.0868748697237269,0.028805860957901778,0.09032390346025802,0.0037769852104050546,ADR
5.75,83.71202106478609,15.268090063856977,8.097672837541074,0.09192047749726168,0.03068578723990434,0.08670124460830443,0.028936691892031147,0.09032390346025802,0.0036690713472506244,ADR
5.8,83.91220128093757,15.313390415116604,8.097672837541074,0.09192047749726168,0.030907441664436902,0.08655709027308914,0.02908017819752247,0.09032390346025802,0.0036690713472506244,ADR
5.85,84.48468432497181,15.356325572273922,8.09778075140423,0.09192326771810741,0.031095276446139637,0.08704771868333992,0.02942978505087389,0.13223225221628096,0.0036690713472506244,ADR
5.9,84.48630303291912,15.398993869915882,8.097996579130537,0.09194558948487319,0.03128717929966708,0.08706190324496586,0.029604335862613938,0.13223225221628096,0.0035611574840961942,ADR
5.95,84.49008001812953,15.441934414772973,8.098104492993693,0.09195116992656462,0.03147966780988827,0.08706065323013257,0.02977861851555405,0.13223225221628096,0.0035611574840961942,ADR
6.0,84.67892927864979,15.482136645352526,8.099307732567864,0.09207435817690321,0.031685773697316615,0.08699714139341652,0.029904355328257907,0.17896974634846466,0.0035611574840961942,ADR
6.05,85.93558621508312,15.523010100160903,8.099307732567864,0.09207435817690321,0.03184137580722165,0.08754645780984133,0.030220280492078946,0.17896974634846466,0.0035611574840961942,ADR
6.1,85.93666535371467,15.563883554969268,8.099307732567864,0.09207435817690321,0.03199877970464105,0.08754568313984516,0.030363722336457746,0.17896974634846466,0.0035611574840961942,ADR
6.15,85.93774449234621,15.604757009777645,8.099307732567864,0.09207435817690321,0.03215800625329096,0.08754604486692491,0.030509177886442095,0.17896974634846466,0.0035611574840961942,ADR
6.2,86.25609038865177,15.645090887089552,8.099523560294173,0.09209667994366898,0.03232124572641711,0.0877341998861511,0.030706666986876234,0.22186011125919292,0.0035611574840961942,ADR
6.25,86.45033534232975,15.683550038994504,8.099631474157327,0.09209947016451468,0.032446946249870066,0.08759548873119005,0.03075936990971319,0.22186011125919292,0.0035611574840961942,ADR
6.3,86.56526360658921,15.721874298570512,8.09979334495206,0.09210365549578325,0.03257423691403576,0.0875156154929753,0.030838033475148942,0.22186011125919292,0.0035611574840961942,ADR
6.35,87.23001300362051,15.759793881159688,8.100117086541523,0.09213713814593191,0.03270585402524389,0.08777423161332623,0.03103579718546096,0.22186011125919292,0.0035611574840961942,ADR
6.4,87.48522928998074,15.79825303306464,8.100225000404677,0.09213992836677763,0.03283598467041277,0.08776646408328657,0.031139628451170805,0.22186011125919292,0.0035611574840961942,ADR
6.45,87.4954811069804,15.83671218496958,8.100332914267831,0.09214271858762337,0.0329676200316136,0.08776032620037247,0.031257241024389947,0.22186011125919292,0.0035611574840961942,ADR
6.5,87.50033723082235,15.874783891731765,8.10059730323256,0.09216071551207826,0.03310225154310654,0.08776294935467757,0.03137820520687682,0.25939794855746146,0.003453243620941764,ADR
6.55,88.00213669449046,15.911575234881663,8.100624281698348,0.0921614130672897,0.03320394391415139,0.08781198369068714,0.03147026415596289,0.2593709700916728,0.003453243620941764,ADR
6.6,88.02587774438443,15.948434024196027,8.100624281698348,0.0921614130672897,0.03330674546327235,0.08779812662666037,0.031558041619395155,0.2593709700916728,0.003453243620941764,ADR
6.65,88.36526684400512,15.985292813510403,8.100624281698348,0.0921614130672897,0.0334107373982292,0.08785877325517494,0.031672367328258025,0.2593709700916728,0.003453243620941764,ADR
6.7,88.69062714141572,16.019659752585923,8.101622484932527,0.09219559327264976,0.0335192451243696,0.08796809792362492,0.03179033356533207,0.2593709700916728,0.003345329757787334,ADR
6.75,88.86005190656819,16.056523937593447,8.101622484932527,0.09219559327264976,0.033625677552949644,0.08785061407397063,0.031837238380533504,0.2593709700916728,0.003345329757787334,ADR
6.8,88.94044773461823,16.092578768627313,8.10194622652199,0.09220675415603263,0.033734426671366884,0.08779583023126017,0.03191305738615254,0.2593709700916728,0.003345329757787334,ADR
6.85,89.31221099318523,16.127860611329282,8.10194622652199,0.09220675415603263,0.03381560656250823,0.0878224560157076,0.03198746625000626,0.2910814587796021,0.003237415894632904,ADR
6.9,89.31382970113255,16.163144667595578,8.10194622652199,0.09220675415603263,0.03389772644325337,0.08782305118167319,0.032064444884268725,0.2910814587796021,0.003237415894632904,ADR
6.95,89.3170671170272,16.19788915454609,8.102162054248298,0.0922151248185698,0.03398160927485324,0.08782111749851995,0.03214114418393355,0.2910814587796021,0.003237415894632904,ADR
7.0,89.47246307996957,16.223919597046887,8.105863499754497,0.09231082939357803,0.03407491891934257,0.0878187465595639,0.03218134355072382,0.3156426540335504,0.003237415894632904,ADR
7.05,90.05843535689813,16.25432405820599,8.10734731537287,0.0923603558135896,0.034144332428908075,0.08782780108802453,0.0322141909065719,0.3144825800046403,0.003237415894632904,ADR
7.1,90.06652889663471,16.28816827375314,8.107455229236024,0.09237151669697247,0.03421078425422687,0.08782796340827809,0.032274550238101565,0.3144825800046403,0.003237415894632904,ADR
7.15,90.07084545116089,16.32201373536798,8.107563143099178,0.0923743069178182,0.03427718332821444,0.0878282461615877,0.03233723255888737,0.3144825800046403,0.003129502031478474,ADR
7.2,90.19710467105156,16.356133127600348,8.107563143099178,0.0923743069178182,0.03434407908122289,0.08780058179642868,0.03238336270359344,0.3337020390324443,0.003129502031478474,ADR
7.25,90.31688905915298,16.389241239561777,8.10758472587181,0.09237542300615648,0.03439504671168172,0.08771966243495612,0.03239478678960647,0.3337020390324443,0.0029136743051696137,ADR
7.3,90.39512660993995,16.389051580947278,8.120928275050854,0.09272880447626704,0.03448073268970275,0.08805226445097056,0.03245728482015545,0.3337020390324443,0.0029136743051696137,ADR
7.35,90.66760911440488,16.422220795280403,8.120928275050854,0.09272880447626704,0.03453296343997817,0.08804845294786268,0.03250007878975159,0.3337020390324443,0.0029136743051696137,ADR
7.4,90.78955177976938,16.455124055174426,8.121036188914008,0.09273438491795849,0.034586342142564584,0.08799104297439128,0.032522652769722916,0.3337020390324443,0.0028057604420151836,ADR
7.45,90.79764531950597,16.488028880542814,8.121144102777164,0.09273717513880421,0.03464006407075724,0.08798796277588276,0.03257309450169658,0.3337020390324443,0.0028057604420151836,ADR
7.5,90.804659720611,16.520933705911208,8.121252016640318,0.09273996535964994,0.03469440643441371,0.08798638967027353,0.03262461762273416,0.3480545828319835,0.0028057604420151836,ADR
7.55,91.03397667981417,16.553390688747513,8.121252016640318,0.09273996535964994,0.03473655050204224,0.08788091438867685,0.032615064961036236,0.3480545828319835,0.0028057604420151836,ADR
7.6,91.04153065023498,16.585578167319593,8.121359930503472,0.09274275558049566,0.03477945402362016,0.08787806659159607,0.032655607585597844,0.3480545828319835,0.0026978465788607534,ADR
7.65,91.19530790523005,16.61750097653327,8.121575758229781,0.09275949690556998,0.034824207500790065,0.08784813693459162,0.03267982002515593,0.3480545828319835,0.0026978465788607534,ADR
7.7,91.30753832291066,16.64996335506273,8.121575758229781,0.09275949690556998,0.03486784316751361,0.08779867814658764,0.03269876980140107,0.3480545828319835,0.0026978465788607534,ADR
7.75,91.39386941343419,16.632205319526697,8.141663923855978,0.09328168673684666,0.0349628496736559,0.08830618609895918,0.03277158960376816,0.3480545828319835,0.0026978465788607534,ADR
7.8,91.47858179601043,16.664672734495852,8.141663923855978,0.09328168673684666,0.035007780422425555,0.08825094764657308,0.032791022871864806,0.3480545828319835,0.0025899327157063233,ADR
7.85,91.62156766469003,16.6962227027552,8.141879751582287,0.09328726717853811,0.035047155700045046,0.08818981320926945,0.03280129259033863,0.35561934463910905,0.0025899327157063233,ADR
7.9,91.62804249647931,16.728042454229573,8.141987665445441,0.09329005739938381,0.03508671283324983,0.08819012843237131,0.032840983038115064,0.35561934463910905,0.0025899327157063233,ADR
7.95,91.6302007737424,16.760131990361835,8.141987665445441,0.09329005739938381,0.03512645583582849,0.08818911696433303,0.03288080532274114,0.35561934463910905,0.0025899327157063233,ADR
8.0,91.71275487905554,16.74401567820038,8.161271872791138,0.09378866986451412,0.03521496647696673,0.08867637186863873,0.03294882458281976,0.3674682868134655,0.002374104989397463,ADR
8.05,91.98146039831006,16.759437918168437,8.167833035670927,0.09396668595447112,0.03526842240537608,0.08871020207424093,0.0329342551839016,0.361122951659985,0.002374104989397463,ADR
8.1,91.98793523009934,16.790993280678077,8.167940949534081,0.09396947617531685,0.03530532394336651,0.08870699120152038,0.03297037594102272,0.361122951659985,0.002374104989397463,ADR
8.15,91.99494963120436,16.8228132399412,8.167940949534081,0.09396947617531685,0.03534228988121861,0.08870447372094524,0.033007025177175735,0.36123086552313943,0.002374104989397463,ADR
8.2,92.06887062746516,16.854094543859258,8.168156777260391,0.09398342727954545,0.03538103359392011,0.08866492352051758,0.033024813238082804,0.3636535317509564,0.002266191126243033,ADR
8.25,92.13631679193668,16.885258988399627,8.1683726049867,0.09399458816292834,0.03541782939028757,0.08862363972616376,0.03304203273690551,0.3636535317509564,0.002266191126243033,ADR
8.3,92.19081329282966,16.916963002255766,8.1683726049867,0.09399458816292834,0.035453960525102426,0.0885872927074798,0.03306289379224245,0.3636535317509564,0.002266191126243033,ADR
8.35,92.27228825951126,16.870901588476237,8.199478776040964,0.09480165954255314,0.03556912711471483,0.0894106470344013,0.0331646964299082,0.3636535317509564,0.002266191126243033,ADR
8.4,92.33487830014083,16.90233233074975,8.199586689904118,0.09480444976339886,0.03560674105504681,0.0893696812308987,0.03318454918564853,0.36386935947726523,0.002266191126243033,ADR
8.45,92.34081356261431,16.93375576856169,8.199694603767274,0.09481561064678173,0.03564547558078272,0.08937375731865511,0.03322320844774109,0.36386935947726523,0.002266191126243033,ADR
8.5,92.34620925577204,16.911586484084566,8.221239606546055,0.09537295726071449,0.03573756405791609,0.08996860093018909,0.033319398928255646,0.37234059773488803,0.002266191126243033,ADR
8.55,92.4400943167164,16.925013295140452,8.228523792308978,0.09556143667884293,0.03579371086581656,0.0901085871049836,0.03334989880681409,0.365056411971964,0.0021582772630886027,ADR
8.6,92.44710871782144,16.956656810822526,8.228523792308978,0.09556143667884293,0.03583203606423568,0.09010582468263928,0.03338844443366487,0.365056411971964,0.0020503633999341725,ADR
8.65,92.51995057545066,16.98830147205393,8.228523792308978,0.09556143667884293,0.03587080508742006,0.09005735123345193,0.033407008210763846,0.365056411971964,0.0020503633999341725,ADR
8.7,92.5658139672913,17.019941724857336,8.228523792308978,0.09556143667884293,0.03590991559976489,0.09002674724723848,0.0334339919606377,0.3652722396982728,0.0019424495367797424,ADR
8.75,92.60790037392154,16.990717571576493,8.252869159836619,0.0961937007224833,0.03601098415384733,0.09067745433570468,0.033529800603999904,0.3652722396982728,0.0019424495367797424,ADR
8.8,92.6472889339729,17.02195422790129,8.25303103063135,0.09620207138502049,0.03605207400070703,0.09065622028350784,0.033560822237547465,0.3652722396982728,0.0018345356736253122,ADR
8.85,92.70070629623434,17.053585596036534,8.25303103063135,0.09620207138502049,0.03609253852585612,0.09062053560722914,0.033586862874001276,0.3655959812877361,0.001726621810470882,ADR
8.9,92.70394371212898,17.084679896565852,8.25324685835766,0.09621044204755763,0.03613428506537791,0.0906206817491313,0.03362924416825288,0.3655959812877361,0.001726621810470882,ADR
8.95,92.71041854391825,17.1160455852669,8.253354772220813,0.09621602248924908,0.03617623769144021,0.09061961967838998,0.03367162743955635,0.3655959812877361,0.001618707947316452,ADR
9.0,92.75304451986425,17.114973461036463,8.266439328128287,0.09656326547349904,0.03625177462481108,0.09096016921269096,0.0337390436153212,0.36997188843864826,0.001618707947316452,ADR
9.05,92.85718139780828,17.13593734766216,8.270707321416046,0.09667501381837017,0.03630512816803853,0.0910103555361864,0.033763762149662195,0.3657038951508906,0.001618707947316452,ADR
9.1,92.86365622959754,17.16757121750725,8.270707321416046,0.09667501381837017,0.036348147590085436,0.09100731503076574,0.033807264537638264,0.3657038951508906,0.001618707947316452,ADR
9.15,92.87174976933412,17.19893749100935,8.2708152352792,0.09667780403921589,0.036391935556101616,0.09100599360918418,0.033851775157158176,0.3657038951508906,0.001510794084162022,ADR
9.2,92.90034694307005,17.22835103309945,8.271705524650224,0.09672384268317029,0.036440419068624365,0.09103564591839697,0.03389368113577282,0.365811809014045,0.001510794084162022,ADR
9.25,92.92678583954287,17.259984902944545,8.271705524650224,0.09672384268317029,0.036484881844490114,0.09102025418060197,0.03393323860642838,0.365811809014045,0.001510794084162022,ADR
9.3,92.96023913712075,17.262144798915585,8.283495114199846,0.0970426254147939,0.036560750144444355,0.09132276888429704,0.03400172333157119,0.365811809014045,0.001510794084162022,ADR
9.35,92.99045501880398,17.293780874007737,8.283495114199846,0.0970426254147939,0.036606416817026,0.09130614726532128,0.034041817434742626,0.365811809014045,0.0014028802210075918,ADR
9.4,93.01797305390836,17.325420139545987,8.283495114199846,0.0970426254147939,0.03665261239558995,0.09128843458841136,0.03408216462680776,0.365811809014045,0.0014028802210075918,ADR
9.45,93.02660616296072,17.356519835768456,8.283710941926154,0.09705936673986822,0.03670096698864652,0.09129211027266555,0.034130024675238506,0.365811809014045,0.0014028802210075918,ADR
9.5,93.0368579799604,17.362871684149646,8.293827866596882,0.09738582257881755,0.03677987644539701,0.09163503876400586,0.03421137402291003,0.3705869974586285,0.0012949663578531616,ADR
9.55,93.07570697069599,17.38203443869317,8.298818882767774,0.0975868579907518,0.03684738135474402,0.09181503072463769,0.03426980951468247,0.3659197228771994,0.0012949663578531616,ADR
9.6,93.08272137180103,17.413669173507614,8.298818882767774,0.0975868579907518,0.03689587017494629,0.09181365735915552,0.03431987117408819,0.3660276367403538,0.0012949663578531616,ADR
9.65,93.09782931264265,17.444763474036932,8.299034710494084,0.09759522865328897,0.036945718126084666,0.09180625052596195,0.03436758473900709,0.3660276367403538,0.0012949663578531616,ADR
9.7,93.11671423869467,17.476397343882017,8.299034710494084,0.09759522865328897,0.036995325449891064,0.09179422362321528,0.034414132511387724,0.3660276367403538,0.0012949663578531616,ADR
9.75,93.13074304090475,17.487635493590926,8.307192998548558,0.09780784348173287,0.037066218122329284,0.09201034110844601,0.03448482187472342,0.3660276367403538,0.0012949663578531616,ADR
9.8,93.1453114124306,17.48617981091859,8.320428633864449,0.09849228465518821,0.03718339726434021,0.0927360025951607,0.034605205680238574,0.3661355506035083,0.0012949663578531616,ADR
9.85,93.16041935327222,17.51780828507052,8.320428633864449,0.09849228465518821,0.03723512900053281,0.09272830140683552,0.03465574580308151,0.3661355506035083,0.0012949663578531616,ADR
9.9,93.16905246232457,17.549166974564564,8.320536547727604,0.0985034455385711,0.037288545794397755,0.0927306401348213,0.03470974545162788,0.3661355506035083,0.0012949663578531616,ADR
9.95,93.1744481554823,17.5805256640586,8.320644461590758,0.09850902598026255,0.037342031275348735,0.09273036099673966,0.03476489681375159,0.3661355506035083,0.0012949663578531616,ADR
10.0,93.19549135879741,17.598165803699153,8.326239795395315,0.0986564891519589,0.03740987990720298,0.0928690000347379,0.03483015866204953,0.3681913096966002,0.0012949663578531616,ADR
10.05,93.22786551774374,17.624654880118353,8.328295554488408,0.09870964285906988,0.03746931429112269,0.09290543764975517,0.03488354820955645,0.3661355506035083,0.0012949663578531616,ADR
10.1,93.23272164158568,17.655744802138393,8.328511382214716,0.09871801352160706,0.037525041214382035,0.0929031424090375,0.034939929655393255,0.3661355506035083,0.0011870524946987315,ADR
10.15,93.23973604269072,17.686567162840404,8.32883512380418,0.09873475484668136,0.037582183866373256,0.09291261220805072,0.03499919432595183,0.3662434644666627,0.0011870524946987315,ADR
10.2,93.25430441421658,17.718198060743845,8.32883512380418,0.09873475484668136,0.037638295037757355,0.09290512854754064,0.03505451035756996,0.3662434644666627,0.0010791386315443013,ADR
10.25,93.2672540777951,17.699611516523447,8.348923289430378,0.09977913450923473,0.03779678717357681,0.09400826061149518,0.03521874211152792,0.3662434644666627,0.0010791386315443013,ADR
10.3,93.27858503342632,17.715409026950628,8.355257833197541,0.09994292047287856,0.037870630593466285,0.09417721502117123,0.03529357548600578,0.3662434644666627,0.0010791386315443013,ADR
10.35,93.29423254358372,17.746503327479946,8.35547366092385,0.09995408135626144,0.037930446084104265,0.09416904589225294,0.0353509337437441,0.3662434644666627,0.0010791386315443013,ADR
10.4,93.30880091510956,17.777867412667145,8.355581574787005,0.09995966179795288,0.03799040607897361,0.09416062285753939,0.03540917689765828,0.3662434644666627,0.0010791386315443013,ADR
10.45,93.31689445484615,17.809505379778596,8.355581574787005,0.09995966179795288,0.03805051615838753,0.09415948275483238,0.03547132779118511,0.3662434644666627,0.0009712247683898712,ADR
10.5,93.3276858411616,17.803739609570062,8.370543831913366,0.10067786464364142,0.03818090428480779,0.0949230778125307,0.03560713430825533,0.37984600691727866,0.000863310905235441,ADR
10.55,93.34711033652938,17.80083436592054,8.384362202090292,0.1013692813692111,0.038310072140345625,0.09564685930301783,0.035738976937853356,0.3663513783298171,0.000863310905235441,ADR
10.6,93.35574344558174,17.832203846800898,8.384470115953446,0.10137486181090255,0.03837349246202924,0.09564653241551503,0.03580397129122497,0.3663513783298171,0.000863310905235441,ADR
10.65,93.37031181710759,17.86357332768126,8.3845780298166,0.10137765203174827,0.03843737382246491,0.09563624081458111,0.03586628791630375,0.3663513783298171,0.000863310905235441,ADR
10.7,93.38272191137035,17.894945595037274,8.384685943679754,0.10138323247343972,0.03850224781466487,0.09562890953319197,0.0359303673416631,0.3664592921929716,0.000755397042081011,ADR
10.75,93.39782985221197,17.921067764321755,8.386892782181263,0.10145703381480903,0.038574432780560795,0.09569664139759786,0.036003917200873134,0.3664592921929716,0.000755397042081011,ADR
10.8,93.404844253317,17.952707029860004,8.386892782181263,0.10145703381480903,0.038640226866082254,0.09569244212350526,0.03607123547351381,0.3664592921929716,0.000755397042081011,ADR
10.85,93.4226500407375,17.90658086776259,8.417998953235527,0.1030711765740586,0.038864016963156736,0.09740198896865597,0.036304311485794376,0.3664592921929716,0.000755397042081011,ADR
10.9,93.43128314978983,17.93795034864295,8.418106867098682,0.10307675701575003,0.0389327476477873,0.0973971699074261,0.03637337788032143,0.3664592921929716,0.000755397042081011,ADR
10.95,93.43667884294756,17.96958509543048,8.418106867098682,0.10307675701575003,0.039001648760614266,0.09739602483123422,0.03644519845866831,0.366567206056126,0.000755397042081011,ADR
11.0,93.44423281336837,17.965688325831984,8.43231912287612,0.1038077948773289,0.03914215903794728,0.09816778930957425,0.03659172477647449,0.38139996654670244,0.000755397042081011,ADR
11.05,93.45556376899958,17.96024360253748,8.447151883366697,0.10457398952156391,0.0392876705761204,0.09898066243273826,0.03674332120443354,0.366567206056126,0.0006474831789265808,ADR
11.1,93.46743429394657,17.991882868075727,8.447151883366697,0.10457398952156391,0.039359776022353896,0.0989740621846605,0.03681614845405188,0.366567206056126,0.0006474831789265808,ADR
11.15,93.47768611094625,18.023522133613973,8.447151883366697,0.10457398952156391,0.039432716410303936,0.09896932662991717,0.03689062584219041,0.366567206056126,0.0006474831789265808,ADR
11.2,93.4841609427355,18.055162545133804,8.447151883366697,0.10457398952156391,0.039506501447678,0.09896456117790334,0.03696630538037708,0.366567206056126,0.0005395693157721507,ADR
11.25,93.49117534384055,18.025943787546122,8.471497250894336,0.1058385176088446,0.03970431368343742,0.10030373128643155,0.03717396851657637,0.366567206056126,0.0005395693157721507,ADR
11.3,93.50358543810331,18.056077654693368,8.472101568528,0.10586669883938639,0.0397832269396349,0.10032040864893559,0.037254357485457995,0.366567206056126,0.0005395693157721507,ADR
11.35,93.51275811647143,18.08772231592477,8.472101568528,0.10586669883938639,0.039860302202467134,0.10031638659050257,0.03733341180055508,0.366567206056126,0.0005395693157721507,ADR
11.4,93.52247036415532,18.118827407840403,8.47231739625431,0.10588344016446072,0.03993989669751156,0.10031790270469858,0.0374137435604796,0.366567206056126,0.0005395693157721507,ADR
11.45,93.53272218115501,18.150203401127914,8.472425310117464,0.10589460104784361,0.040019858149987694,0.10031898894125656,0.037495439324538166,0.366567206056126,0.0004316554526177205,ADR
11.5,93.54027615157581,18.159838477608908,8.481231081350865,0.10634815144631554,0.04014358896421851,0.10079859308610359,0.03762432230313965,0.3752434806537422,0.0004316554526177205,ADR
11.55,93.54944882994394,18.169522667688394,8.490015269811636,0.1067991906460263,0.04026839057783699,0.10127308645848955,0.03775493663803899,0.3666751199192804,0.0004316554526177205,ADR
11.6,93.55862150831207,18.20116732891979,8.490015269811636,0.1067991906460263,0.040350435105442735,0.1012712097119294,0.03784021605910569,0.3666751199192804,0.0004316554526177205,ADR
11.65,93.56995246394328,18.232542205493314,8.490123183674791,0.10680477108771776,0.040433970317813595,0.10126684836462609,0.037925186321972185,0.3666751199192804,0.0004316554526177205,ADR
11.7,93.575348157101,18.260790232270136,8.491482898350537,0.10690898583630545,0.04052802562196719,0.10137580810259132,0.038023292775947196,0.3666751199192804,0.0003237415894632904,ADR
11.75,93.58290212752182,18.2924402891947,8.491482898350537,0.10690898583630545,0.040613011484672966,0.101375526199262,0.03811221810975411,0.3666751199192804,0.0003237415894632904,ADR
11.8,93.5909956672584,18.294880954697458,8.503164574037005,0.10752422953278691,0.04075849783166652,0.10201846989709147,0.0382637551210594,0.3667830337824349,0.0003237415894632904,ADR
11.85,93.60610360810001,18.32652561592886,8.503164574037005,0.10752422953278691,0.040845692219552525,0.10201198992408478,0.03835246597766065,0.3667830337824349,0.0003237415894632904,ADR
11.9,93.61365757852083,18.358170277160262,8.503164574037005,0.10752422953278691,0.04093389627086477,0.10201046454981931,0.038444402133252766,0.3667830337824349,0.0003237415894632904,ADR
11.95,93.61959284099431,18.389543824662525,8.503272487900158,0.1075353904161698,0.041024181220937976,0.10201189533623811,0.038537305657493026,0.36689094764558927,0.0003237415894632904,ADR
12.0,93.62606767278359,18.402729819601372,8.510653796139922,0.10795308647677422,0.04115482020354164,0.10244888667588746,0.03867331061476185,0.3758424025942493,0.0003237415894632904,ADR
12.05,93.63631948978326,18.41171628764825,8.519713164951735,0.10860530059946154,0.04130970867769838,0.10313555062550779,0.03883468916368937,0.3669988615087437,0.0003237415894632904,ADR
12.1,93.64279432157252,18.443353368668504,8.519713164951735,0.10860530059946154,0.04140245430561894,0.10313244194501901,0.03893118678168621,0.3669988615087437,0.00021582772630886026,ADR
12.15,93.65196699994065,18.474453937954333,8.519928992678045,0.10862204192453587,0.04149789970782278,0.10313530088495576,0.0390284458440605,0.3669988615087437,0.00010791386315443013,ADR
12.2,93.6627583862561,18.50609859918573,8.519928992678045,0.10862204192453587,0.04159281479378463,0.10312967403276721,0.039125923196992915,0.3669988615087437,0.00010791386315443013,ADR
12.25,93.66977278736113,18.517400418074928,8.528065697959889,0.10904280722807055,0.04172979703593312,0.10356832211796013,0.0392681963108283,0.3670204442813746,0.00010791386315443013,ADR
12.3,93.67354977257153,18.515954911877976,8.54130133327578,0.11041168957498122,0.041959750287481154,0.10502815980830375,0.03951185962797861,0.3670204442813746,0.00010791386315443013,ADR
12.35,93.68272245093966,18.53663174762768,8.545688031813008,0.11052511205235979,0.042069978909783444,0.1051434146925846,0.039625492826639915,0.3670204442813746,0.00010791386315443013,ADR
12.4,93.69027642136048,18.568270989707013,8.545688031813008,0.11052511205235979,0.04217029207938349,0.10514000011518149,0.03972990688938562,0.36712835814452904,0.00010791386315443013,ADR
12.45,93.703226084939,18.599639391448736,8.545795945676161,0.11053627293574268,0.042272833903455306,0.10514393177591082,0.03983536287586802,0.36712835814452904,0.00010791386315443013,ADR
12.5,93.71239876330712,18.601250545425636,8.557806758645249,0.11094741197735965,0.042415310011416005,0.10556283666513126,0.039982817387785086,0.3739431186027313,0.00010791386315443013,ADR
12.55,93.72211101099103,18.61585183067975,8.564621519103452,0.11122643406193174,0.0425465320009925,0.10585988057433013,0.040121070078633816,0.36712835814452904,0.00010791386315443013,ADR
12.6,93.72696713483298,18.646950447763587,8.56483734682976,0.11124317538700608,0.04265355509568865,0.10586377327338566,0.04023172267821387,0.36712835814452904,0.00010791386315443013,ADR
12.65,93.73721895183265,18.678045796999594,8.56505317455607,0.11125433627038894,0.04276120642469619,0.10586082746393746,0.04034183084156705,0.36723627200768344,0.00010791386315443013,ADR
12.7,93.74423335293768,18.660388930710262,8.584769037354384,0.11176410961890218,0.042918365667817024,0.10640146039749279,0.040506604773088505,0.36723627200768344,0.00010791386315443013,ADR
12.75,93.75556430856889,18.64206806739603,8.604749289117427,0.11383054717724311,0.04322889331817695,0.10859921767955802,0.04083375209418546,0.3673441858708379,0.00010791386315443013,ADR
12.8,93.76797440283165,18.65785910299142,8.611083832884592,0.11415811910453075,0.043372189620063104,0.10894638798961921,0.04098362020333603,0.3673441858708379,0.00010791386315443013,ADR
12.85,93.77930535846288,18.68894692868894,8.6112996606109,0.11418044087129652,0.04348737922341358,0.1089537540678005,0.041100995601421386,0.3673441858708379,0.00010791386315443013,ADR
12.9,93.78739889819946,18.72030453904436,8.611407574474056,0.11419160175467938,0.04360280640649428,0.10895387187821813,0.04121979302221495,0.3673441858708379,0.00010791386315443013,ADR
12.95,93.79333416067294,18.75193193405765,8.611407574474056,0.11419160175467938,0.04371848145079892,0.10895114205833285,0.04134070212193322,0.3673441858708379,0.00010791386315443013,ADR
13.0,93.800348561778,18.707628437108923,8.641779931258869,0.11551695665639686,0.0439639008480015,0.11036085589871321,0.041599697788127804,0.39586581990255376,0.00010791386315443013,ADR
13.05,93.8079025321988,18.667412177727165,8.670517393016894,0.11779503246588571,0.04430487173661647,0.11277372424463783,0.041959091471615105,0.3673441858708379,0.00010791386315443013,ADR
13.1,93.81707521056693,18.698769788082572,8.670625306880048,0.11780619334926859,0.04442761572730362,0.1127797992569332,0.04208687517335035,0.3673441858708379,0.00010791386315443013,ADR
13.15,93.82786659688237,18.73012739843799,8.670733220743204,0.11781177379096003,0.0445512343584925,0.11277634420969096,0.04221481629062223,0.3673441858708379,0.00010791386315443013,ADR
13.2,93.84405367635553,18.761485583199466,8.670841134606357,0.1178229346743429,0.04467682321382556,0.11276967650238033,0.04234119118353092,0.3673441858708379,0.0,ADR
13.25,93.85322635472366,18.78786592039617,8.672940059244711,0.11792868404439574,0.04481298669862947,0.11288411403866828,0.042485345552323174,0.36756001359714674,0.0,ADR
13.3,93.8602407558287,18.819487919716323,8.672940059244711,0.11792868404439574,0.04494026430596933,0.11288415024661692,0.042619325075321846,0.36756001359714674,0.0,ADR
13.35,93.86887386488105,18.684040893390517,8.739765719003092,0.1220610011169085,0.045471462215771884,0.11727970680002298,0.04318170883390495,0.3676679274603012,0.0,ADR
13.4,93.87588826598609,18.715387712359615,8.739873632866246,0.12207216200029136,0.04560489942489387,0.1172823868079065,0.0433207142406784,0.3676679274603012,0.0,ADR
13.45,93.88560051366998,18.747004315986597,8.739873632866246,0.12207216200029136,0.04573878885040451,0.11727575230027414,0.043459221155226345,0.3676679274603012,0.0,ADR
13.5,93.89423362272234,18.709556047194752,8.76749958183378,0.12335468701202698,0.0459984871972223,0.11862985450846754,0.043731765450042794,0.39610862609465125,0.0,ADR
13.55,93.9028667317747,18.670043116416107,8.795951071854446,0.12576264760188413,0.046370718170949704,0.12118934942223598,0.044125457521214384,0.36768411453977434,0.0,ADR
13.6,93.90826242493242,18.70165891068911,8.795951071854446,0.12576264760188413,0.04651126684428866,0.1211869916285056,0.044273168151686484,0.36768411453977434,0.0,ADR
13.65,93.91743510330055,18.73327470496212,8.795951071854446,0.12576264760188413,0.04665344299456183,0.12118406839021029,0.04442217399396023,0.36768411453977434,0.0,ADR
13.7,93.9222912271425,18.708073850284325,8.818677731434768,0.12635026811199296,0.04685419614557002,0.12180775577500876,0.04463398197559869,0.36768411453977434,0.0,ADR
13.75,93.92876605893176,18.678556420543416,8.843131012825562,0.12886258296148015,0.04724471738474813,0.12447272467414594,0.04504638212025027,0.3677920284029288,0.0,ADR
13.8,93.93685959866835,18.708476629065753,8.843805474470278,0.12889146174723334,0.047396178699760434,0.12449704990350147,0.04520532696874208,0.3679538991976604,0.0,ADR
13.85,93.94441356908916,18.74007893410586,8.843805474470278,0.12889146174723334,0.047546505273017035,0.12449535544196196,0.04536333261687089,0.3679538991976604,0.0,ADR
13.9,93.94819055429956,18.77140913827975,8.843913388333432,0.12890262263061622,0.047699617999367554,0.12449940874239734,0.04552379232165058,0.36806181306081487,0.0,ADR
13.95,93.95142797019419,18.803005447866823,8.843913388333432,0.12890262263061622,0.04785334676461137,0.12449704909747705,0.04568548638102592,0.36816972692396926,0.0,ADR
14.0,93.96167978719386,18.794992573742952,8.859755143444502,0.12965849345772198,0.048082003010822154,0.12529399905823982,0.045924708242527,0.38457263412344267,0.0,ADR
14.05,93.96545677240427,18.785222322357615,8.876298338666077,0.131080669022786,0.048378091193080376,0.12679475125323716,0.04623685954307166,0.3682452666281774,0.0,ADR
14.1,93.97031289624621,18.816810059026203,8.876298338666077,0.131080669022786,0.0485382312134512,0.126793988906625,0.04640604979509243,0.3682452666281774,0.0,ADR
14.15,93.97894600529857,18.84812801103691,8.87640625252923,0.1310918299061689,0.048701306875683976,0.12679718626201383,0.046576722698671594,0.3682452666281774,0.0,ADR
14.2,93.99027696092979,18.878542184433076,8.876875677833953,0.13111610482752664,0.04886753475798792,0.12681811753494648,0.046750130636348086,0.36913555599920145,0.0,ADR
14.25,93.99243523819287,18.91008540663312,8.876875677833953,0.13111610482752664,0.049032542443644016,0.12681728349760904,0.046924585571310656,0.36913555599920145,0.0,ADR
14.3,93.99675179271905,18.91269378266648,8.888449439657265,0.13230473890780375,0.04931461346040314,0.12808031199664766,0.04722319495330711,0.3693513837255103,0.0,ADR
14.35,94.00106834724524,18.914806196537718,8.900217446434256,0.13260901249102963,0.0495135420167416,0.12840005152254397,0.047432447984296945,0.3693513837255103,0.0,ADR
14.4,94.00808274835026,18.946338627351437,8.900217446434256,0.13260901249102963,0.049684953644817384,0.1283964070987442,0.04761215989837213,0.3693513837255103,0.0,ADR
14.45,94.0150971494553,18.97786977795904,8.900217446434256,0.13260901249102963,0.049858327827794896,0.1283896469832014,0.04779293859751608,0.36945929758866475,0.0,ADR
14.5,94.01941370398148,18.990659035303118,8.907712064230331,0.1330131759805323,0.05007277274912339,0.12881496029245504,0.04801831538082205,0.38407083465977454,0.0,ADR
14.55,94.02588853577075,18.997564261037365,8.917462081766335,0.13387019231329553,0.05032949088837033,0.12972289978824864,0.04828888159319103,0.37442873098692625,0.0,ADR
14.6,94.0307446596127,19.028842824488017,8.917462081766335,0.13387019231329553,0.050505159606031934,0.12972065140299532,0.04847386437611635,0.37442873098692625,0.0,ADR
14.65,94.03560078345464,19.05985056748675,8.917569995629488,0.13388135319667838,0.05068393102639521,0.12972077700698303,0.04866080120401978,0.37453664485008065,0.0,ADR
14.7,94.04315475387546,19.0805751551209,8.921789427678826,0.1339904508317461,0.05087417268760755,0.12983051904551532,0.04885949597030176,0.37453664485008065,0.0,ADR
14.75,94.04585260045431,19.091506559673782,8.92992613296067,0.13483198143881553,0.051137956563637295,0.1307158181046254,0.0491373463511095,0.37453664485008065,0.0,ADR
14.8,94.0539461401909,19.122509942733956,8.930034046823826,0.13483477165966123,0.05132259194085684,0.13071376624807096,0.049330514034530155,0.38777228016597154,0.0,ADR
14.85,94.06096054129594,19.141884797724696,8.934528659224208,0.13506440683526408,0.051519883259018816,0.13095334414831977,0.04953729585399348,0.38777228016597154,0.0,ADR
14.9,94.06689580376944,19.172496183716394,8.934528659224208,0.13506440683526408,0.05169695412199058,0.13094878925299847,0.04972265972222609,0.38777228016597154,0.0,ADR
14.95,94.0695936503483,19.203103591284915,8.934528659224208,0.13506440683526408,0.05187600587411844,0.13094681341271747,0.04991131255864639,0.38788019402912594,0.0,ADR
15.0,94.07660805145332,19.213309795563887,8.942686947278682,0.1355648329439441,0.05210552240405743,0.13145949374551918,0.05015027449270179,0.3995294955566467,0.0,ADR
