sf_max,min_tp,max_tp,line28,variant,adr_order,adr_window,mae_adr_lm,mae_friis_lm,mae_ml_lm,mae_energy_pp,mae_toa_pp,n_unreachable,score
11,7.0,20.0,repaired,corrected,blocks,100,0.8,0.95,1.3333333333333333,16.99796620830779,5.863918253207651,0,5.369521779484877
11,7.0,20.0,repaired,corrected,test_order,100,0.8,0.95,1.3333333333333333,17.050714052404274,5.86231431314165,0,5.374636169887925
11,7.0,20.0,repaired,corrected,test_order,50,1.05,0.95,1.3333333333333333,15.975831941531927,5.364445780639816,0,5.467361105550507
11,7.0,20.0,repaired,corrected,blocks,50,1.05,0.95,1.3333333333333333,15.982396726390833,5.378511987183071,0,5.469424204690724
11,7.0,20.0,repaired,corrected,test_order,20,1.5,0.95,1.3333333333333333,13.789828452910674,4.879502436107554,0,5.650266422235156
11,7.0,20.0,repaired,corrected,blocks,20,1.5,0.95,1.3333333333333333,13.821408455711532,4.887376361528921,0,5.654211815057378
12,7.0,20.0,repaired,corrected,test_order,50,1.05,0.95,1.3333333333333333,21.767190855581305,3.7507154963969462,0,5.8851239685311585
12,2.0,20.0,repaired,corrected,test_order,20,1.5,0.95,0.5,27.64761689866785,2.00850488460623,0,5.915612178327408
12,7.0,20.0,repaired,corrected,blocks,50,1.05,0.95,1.3333333333333333,21.99882724765116,3.893491361992781,0,5.922565194297727
12,2.0,20.0,repaired,corrected,blocks,20,1.5,0.95,0.5,27.676597581877317,2.117101479917666,0,5.929369906179499
12,7.0,20.0,repaired,corrected,blocks,20,1.5,0.95,1.3333333333333333,11.841897143830403,10.118028779142056,0,5.979325925630579
12,7.0,20.0,repaired,corrected,test_order,20,1.5,0.95,1.3333333333333333,11.818206789974894,10.20819274359235,0,5.985973286690058
12,7.0,20.0,repaired,corrected,blocks,10,2.0,0.95,1.3333333333333333,12.272416624839066,6.184402098156561,0,6.129015205632896
12,7.0,20.0,repaired,corrected,test_order,10,2.0,0.95,1.3333333333333333,12.378044746740564,6.1452581310538745,0,6.135663621112776
11,7.0,20.0,repaired,corrected,expanding,100,0.95,0.95,1.3333333333333333,23.11659852982662,6.41904098112344,0,6.18689728442834
11,7.0,20.0,repaired,corrected,expanding,50,0.95,0.95,1.3333333333333333,23.11659852982662,6.41904098112344,0,6.18689728442834
11,7.0,20.0,repaired,corrected,expanding,10,0.95,0.95,1.3333333333333333,23.11659852982662,6.41904098112344,0,6.18689728442834
11,7.0,20.0,repaired,corrected,expanding,20,0.95,0.95,1.3333333333333333,23.11659852982662,6.41904098112344,0,6.18689728442834
11,7.0,20.0,repaired,corrected,blocks,10,2.0,0.95,1.3333333333333333,14.317454085513722,5.255868499135121,0,6.2406655917982174
11,7.0,20.0,repaired,corrected,test_order,10,2.0,0.95,1.3333333333333333,14.3244406947855,5.263214633630578,0,6.24209886617494
11,2.0,20.0,repaired,corrected,blocks,100,0.8,0.95,0.5,26.682488063881063,13.479531953458947,0,6.266202001734001
11,2.0,20.0,repaired,corrected,test_order,100,0.8,0.95,0.5,26.741951744624345,13.477766930790805,0,6.271971867541515
11,2.0,20.0,repaired,corrected,test_order,50,1.05,0.95,0.5,25.530216027792722,12.929897802605163,0,6.346011383039788
11,2.0,20.0,repaired,corrected,blocks,50,1.05,0.95,0.5,25.53761663871219,12.945376668636337,0,6.348299330734853
11,2.0,20.0,repaired,corrected,test_order,20,1.5,0.95,0.5,23.065891356754026,12.39625193016325,0,6.496214328691728
11,2.0,20.0,repaired,corrected,blocks,20,1.5,0.95,0.5,23.101492114217923,12.40491662852112,0,6.500640874273904
12,7.0,20.0,repaired,corrected,blocks,100,0.8,0.95,1.3333333333333333,25.59529503862881,8.76464322120988,0,6.519327159317202
12,7.0,20.0,repaired,corrected,test_order,100,0.8,0.95,1.3333333333333333,25.925233147861064,9.264191033624604,0,6.6022757514818995
11,7.0,20.0,repaired,corrected,per_device_max,50,1.2,0.95,1.3333333333333333,24.761611442044863,6.549027134290163,0,6.614397190966836
11,7.0,20.0,repaired,corrected,per_device_max,20,1.2,0.95,1.3333333333333333,24.761611442044863,6.549027134290163,0,6.614397190966836
11,7.0,20.0,repaired,corrected,per_device_max,10,1.2,0.95,1.3333333333333333,24.761611442044863,6.549027134290163,0,6.614397190966836
11,7.0,20.0,repaired,corrected,per_device_max,100,1.2,0.95,1.3333333333333333,24.761611442044863,6.549027134290163,0,6.614397190966836
12,7.0,20.0,repaired,corrected,per_device_sf,100,3.1,0.95,1.3333333333333333,5.046169837641301,7.74618431220842,0,6.662568748318305
11,7.0,20.0,as printed,corrected,blocks,100,0.8,1.0,1.375,29.156669043311314,5.863918253207651,0,6.677058729651897
11,7.0,20.0,as printed,corrected,test_order,100,0.8,1.0,1.375,29.217848471671278,5.86231431314165,0,6.683016278481292
11,7.0,20.0,as printed,corrected,test_order,50,1.05,1.0,1.375,27.97114968759892,5.364445780639816,0,6.758559546823873
11,7.0,20.0,as printed,corrected,blocks,50,1.05,1.0,1.375,27.978763833576902,5.378511987183071,0,6.760727582075997
11,7.0,20.0,as printed,corrected,test_order,20,1.5,1.0,1.375,25.435720114740676,4.879502436107554,0,6.906522255084822
11,7.0,20.0,as printed,corrected,blocks,20,1.5,1.0,1.375,25.472348086026646,4.887376361528921,0,6.910972444755556
12,2.0,20.0,repaired,corrected,per_device_sf,100,3.1,0.95,0.5,19.36330595948315,4.973832938961309,0,6.983713889844446
12,2.0,20.0,repaired,corrected,blocks,10,2.0,0.95,0.5,28.203257030305625,7.139112593977597,0,6.984236962428323
12,2.0,20.0,repaired,corrected,test_order,10,2.0,0.95,0.5,28.332473130559276,7.298675410996004,0,7.0131148541555275
11,2.0,20.0,repaired,corrected,blocks,10,2.0,0.95,0.5,23.660694096211767,12.810416179093393,0,7.0971110275305165
11,2.0,20.0,repaired,corrected,test_order,10,2.0,0.95,0.5,23.66857023807749,12.818500080844194,0,7.098707031892168
11,2.0,20.0,repaired,corrected,expanding,10,0.95,0.95,0.5,33.580142464443696,14.090405276685368,0,7.167054774112907
11,2.0,20.0,repaired,corrected,expanding,100,0.95,0.95,0.5,33.580142464443696,14.090405276685368,0,7.167054774112907
11,2.0,20.0,repaired,corrected,expanding,20,0.95,0.95,0.5,33.580142464443696,14.090405276685368,0,7.167054774112907
11,2.0,20.0,repaired,corrected,expanding,50,0.95,0.95,0.5,33.580142464443696,14.090405276685368,0,7.167054774112907
12,7.0,20.0,as printed,corrected,blocks,20,1.5,1.0,1.375,23.907212894288165,10.118028779142056,0,7.277524167343022
12,7.0,20.0,as printed,corrected,test_order,20,1.5,1.0,1.375,23.879491552013956,10.20819274359235,0,7.283768429560631
12,2.0,20.0,as printed,corrected,test_order,20,1.5,1.0,0.5416666666666666,40.979093250846596,2.00850488460623,0,7.340426480211948
12,7.0,20.0,as printed,corrected,test_order,50,1.05,1.0,1.375,35.52132663161939,3.7507154963969462,0,7.352204212801634
12,2.0,20.0,as printed,corrected,blocks,20,1.5,1.0,0.5416666666666666,41.012529431777914,2.117101479917666,0,7.354629757836225
11,2.0,20.0,as printed,corrected,blocks,100,0.8,1.0,0.5,37.29318989713576,13.479531953458947,0,7.3772721850594705
11,2.0,20.0,as printed,corrected,test_order,100,0.8,1.0,0.5,37.360011684069796,13.477766930790805,0,7.38377786148606
12,7.0,20.0,as printed,corrected,blocks,50,1.05,1.0,1.375,35.79237668629124,3.893491361992781,0,7.393586804828401
12,7.0,20.0,as printed,corrected,blocks,10,2.0,1.0,1.375,24.41098662268187,6.184402098156561,0,7.434538872083843
11,2.0,20.0,as printed,corrected,test_order,50,1.05,1.0,0.5,35.998334356356914,12.929897802605163,0,7.442823215896207
12,7.0,20.0,as printed,corrected,test_order,10,2.0,1.0,1.375,24.534587702635033,6.1452581310538745,0,7.44298458336889
11,2.0,20.0,as printed,corrected,blocks,50,1.05,1.0,0.5,36.00665072762523,12.945376668636337,0,7.445202739626157
11,7.0,20.0,as printed,corrected,blocks,10,2.0,1.0,1.375,26.047685118119308,5.255868499135121,0,7.505355361725442
11,7.0,20.0,as printed,corrected,test_order,10,2.0,1.0,1.375,26.055788515874102,5.263214633630578,0,7.506900314950467
11,2.0,20.0,as printed,corrected,test_order,20,1.5,1.0,0.5,33.2290712356403,12.39625193016325,0,7.562532316580355
11,2.0,20.0,as printed,corrected,blocks,20,1.5,1.0,0.5,33.2690772729425,12.40491662852112,0,7.567399390146361
11,7.0,20.0,repaired,corrected,per_device_sf,100,3.1,0.95,1.3333333333333333,15.714528933076934,6.175313961793358,0,7.572317622820362
11,7.0,20.0,as printed,corrected,expanding,10,0.95,1.0,1.375,36.253346342399105,6.41904098112344,0,7.592238732352254
11,7.0,20.0,as printed,corrected,expanding,20,0.95,1.0,1.375,36.253346342399105,6.41904098112344,0,7.592238732352254
11,7.0,20.0,as printed,corrected,expanding,50,0.95,1.0,1.375,36.253346342399105,6.41904098112344,0,7.592238732352254
11,7.0,20.0,as printed,corrected,expanding,100,0.95,1.0,1.375,36.253346342399105,6.41904098112344,0,7.592238732352254
11,2.0,20.0,repaired,corrected,per_device_max,10,1.2,0.95,0.5,35.43459783235963,14.233445850175308,0,7.616804368253493
11,2.0,20.0,repaired,corrected,per_device_max,100,1.2,0.95,0.5,35.43459783235963,14.233445850175308,0,7.616804368253493
11,2.0,20.0,repaired,corrected,per_device_max,50,1.2,0.95,0.5,35.43459783235963,14.233445850175308,0,7.616804368253493
11,2.0,20.0,repaired,corrected,per_device_max,20,1.2,0.95,0.5,35.43459783235963,14.233445850175308,0,7.616804368253493
12,7.0,20.0,repaired,corrected,expanding,10,0.95,0.95,1.3333333333333333,31.344403107826377,12.946112932145182,0,7.662384937330489
12,7.0,20.0,repaired,corrected,expanding,100,0.95,0.95,1.3333333333333333,31.344403107826377,12.946112932145182,0,7.662384937330489
12,7.0,20.0,repaired,corrected,expanding,20,0.95,0.95,1.3333333333333333,31.344403107826377,12.946112932145182,0,7.662384937330489
12,7.0,20.0,repaired,corrected,expanding,50,0.95,0.95,1.3333333333333333,31.344403107826377,12.946112932145182,0,7.662384937330489
12,7.0,20.0,as printed,corrected,per_device_sf,100,3.1,1.0,1.375,15.955171155863425,7.74618431220842,0,7.845135546807184
11,7.0,20.0,as printed,corrected,per_device_max,10,1.2,1.0,1.375,38.16130962200136,6.549027134290163,0,8.046033675629154
11,7.0,20.0,as printed,corrected,per_device_max,50,1.2,1.0,1.375,38.16130962200136,6.549027134290163,0,8.046033675629154
11,7.0,20.0,as printed,corrected,per_device_max,20,1.2,1.0,1.375,38.16130962200136,6.549027134290163,0,8.046033675629154
11,7.0,20.0,as printed,corrected,per_device_max,100,1.2,1.0,1.375,38.16130962200136,6.549027134290163,0,8.046033675629154
12,7.0,20.0,as printed,corrected,blocks,100,0.8,1.0,1.375,40.000794813767925,8.76464322120988,0,8.051543803497779
12,7.0,20.0,as printed,corrected,test_order,100,0.8,1.0,1.375,40.38687293278285,9.264191033624604,0,8.140106396640745
11,2.0,20.0,as printed,corrected,blocks,10,2.0,1.0,0.5,33.89747556963061,12.810416179093393,0,8.1707891748724
11,2.0,20.0,as printed,corrected,test_order,10,2.0,1.0,0.5,33.90632631460696,12.818500080844194,0,8.172482639545114
12,2.0,20.0,as printed,corrected,per_device_sf,100,3.1,1.0,0.5416666666666666,31.421150208173156,4.973832938961309,0,8.281164981380114
12,2.0,20.0,repaired,corrected,test_order,50,1.05,0.95,0.5,39.81832389696265,18.10817313102996,0,8.292649702799261
11,2.0,20.0,as printed,corrected,expanding,50,0.95,1.0,0.5,45.044368211994595,14.090405276685368,0,8.363477348867997
11,2.0,20.0,as printed,corrected,expanding,20,0.95,1.0,0.5,45.044368211994595,14.090405276685368,0,8.363477348867997
11,2.0,20.0,as printed,corrected,expanding,10,0.95,1.0,0.5,45.044368211994595,14.090405276685368,0,8.363477348867997
11,2.0,20.0,as printed,corrected,expanding,100,0.95,1.0,0.5,45.044368211994595,14.090405276685368,0,8.363477348867997
12,2.0,20.0,repaired,corrected,blocks,50,1.05,0.95,0.5,40.10168736798983,18.57418775947505,0,8.367587512746487
12,7.0,20.0,repaired,corrected,per_device_sf,50,3.9,0.95,1.3333333333333333,17.569959424293295,4.70299192739789,0,8.410628468502452
12,2.0,20.0,as printed,corrected,blocks,10,2.0,1.0,0.5416666666666666,41.62015763983489,7.139112593977597,0,8.417593690047916
12,2.0,20.0,as printed,corrected,test_order,10,2.0,1.0,0.5416666666666666,41.76923945671588,7.298675410996004,0,8.448458153437855
11,2.0,20.0,repaired,corrected,per_device_sf,100,3.1,0.95,0.5,25.235644013747862,13.822200919754726,0,8.455784493350258
11,2.0,20.0,as printed,corrected,per_device_max,100,1.2,1.0,0.5,47.12829608064673,14.233445850175308,0,8.836174193082204
11,2.0,20.0,as printed,corrected,per_device_max,20,1.2,1.0,0.5,47.12829608064673,14.233445850175308,0,8.836174193082204
11,2.0,20.0,as printed,corrected,per_device_max,10,1.2,1.0,0.5,47.12829608064673,14.233445850175308,0,8.836174193082204
11,2.0,20.0,as printed,corrected,per_device_max,50,1.2,1.0,0.5,47.12829608064673,14.233445850175308,0,8.836174193082204
11,7.0,20.0,as printed,corrected,per_device_sf,100,3.1,1.0,1.375,27.668078178993294,6.175313961793358,0,8.859339214078664
12,7.0,20.0,repaired,corrected,chronological,100,3.75,0.95,1.3333333333333333,24.527882059996163,3.894014508917819,0,8.87552299022473
12,2.0,20.0,repaired,corrected,blocks,100,0.8,0.95,0.5,44.50128791254309,24.860044318807166,0,9.186133223135027
12,2.0,20.0,repaired,corrected,test_order,100,0.8,0.95,0.5,44.904905008374904,25.46171697100536,0,9.286662197938025
12,7.0,20.0,as printed,corrected,expanding,10,0.95,1.0,1.375,46.72813175139598,12.946112932145182,0,9.292424468354117
12,7.0,20.0,as printed,corrected,expanding,50,0.95,1.0,1.375,46.72813175139598,12.946112932145182,0,9.292424468354117
12,7.0,20.0,as printed,corrected,expanding,20,0.95,1.0,1.375,46.72813175139598,12.946112932145182,0,9.292424468354117
12,7.0,20.0,as printed,corrected,expanding,100,0.95,1.0,1.375,46.72813175139598,12.946112932145182,0,9.292424468354117
11,7.0,20.0,repaired,corrected,per_device_sf,50,3.9,0.95,1.3333333333333333,23.302724365611454,10.193790987665697,0,9.532984868661048
11,2.0,20.0,as printed,corrected,per_device_sf,100,3.1,1.0,0.5,35.66731165286475,13.822200919754726,0,9.548951257261947
12,7.0,20.0,as printed,corrected,per_device_sf,50,3.9,1.0,1.375,30.609923035858078,4.70299192739789,0,9.806291496325597
11,7.0,20.0,repaired,corrected,chronological,100,3.75,0.95,1.3333333333333333,26.423879136779153,12.038990382430015,0,9.87962028525425
12,2.0,20.0,as printed,corrected,test_order,50,1.05,1.0,0.5416666666666666,55.02092788654861,18.10817313102996,0,9.904576768424525
12,7.0,20.0,repaired,corrected,per_device_max,20,1.2,0.95,1.3333333333333333,41.02122332042705,23.908580832077394,0,9.976313748583777
12,7.0,20.0,repaired,corrected,per_device_max,100,1.2,0.95,1.3333333333333333,41.02122332042705,23.908580832077394,0,9.976313748583777
12,7.0,20.0,repaired,corrected,per_device_max,50,1.2,0.95,1.3333333333333333,41.02122332042705,23.908580832077394,0,9.976313748583777
12,7.0,20.0,repaired,corrected,per_device_max,10,1.2,0.95,1.3333333333333333,41.02122332042705,23.908580832077394,0,9.976313748583777
12,2.0,20.0,as printed,corrected,blocks,50,1.05,1.0,0.5416666666666666,55.34785573079955,18.57418775947505,0,9.983871015694126
12,2.0,20.0,repaired,corrected,per_device_sf,50,3.9,0.95,0.5,34.68380225963945,13.177794861053032,0,10.136159712069249
12,7.0,20.0,as printed,corrected,chronological,100,3.75,1.0,1.375,38.7517581506145,3.894014508917819,0,10.389577265953232
12,2.0,20.0,repaired,corrected,expanding,100,0.95,0.95,0.5,51.53423814648952,29.896350971624987,0,10.54305891181145
12,2.0,20.0,repaired,corrected,expanding,10,0.95,0.95,0.5,51.53423814648952,29.896350971624987,0,10.54305891181145
12,2.0,20.0,repaired,corrected,expanding,20,0.95,0.95,0.5,51.53423814648952,29.896350971624987,0,10.54305891181145
12,2.0,20.0,repaired,corrected,expanding,50,0.95,0.95,0.5,51.53423814648952,29.896350971624987,0,10.54305891181145
11,2.0,20.0,repaired,corrected,per_device_sf,50,3.9,0.95,0.5,33.78996577507874,18.244250840715704,0,10.553421661579446
12,2.0,20.0,as printed,corrected,blocks,100,0.8,1.0,0.5416666666666666,60.423851999415405,24.860044318807166,0,10.870056298488922
11,7.0,20.0,as printed,corrected,per_device_sf,50,3.9,1.0,1.375,36.46922383334468,10.193790987665697,0,10.941301482101037
11,2.0,20.0,repaired,corrected,chronological,100,3.75,0.95,0.5,37.308504855530934,20.274762346751626,0,10.958326720228257
12,2.0,20.0,as printed,corrected,test_order,100,0.8,1.0,0.5416666666666666,60.88952129180793,25.46171697100536,0,10.976790492947995
11,7.0,20.0,as printed,corrected,chronological,100,3.75,1.0,1.375,40.08928580921889,12.038990382430015,0,11.33782761916489
12,2.0,20.0,repaired,corrected,chronological,100,3.75,0.95,0.5,43.19550930002871,18.575895289798023,0,11.377140458982675
11,7.0,20.0,repaired,corrected,chronological,50,4.3,0.95,1.3333333333333333,32.03570258568309,16.697886317344974,0,11.45669222363614
12,2.0,20.0,as printed,corrected,per_device_sf,50,3.9,1.0,0.5416666666666666,49.09702356654257,13.177794861053032,0,11.669148509426227
11,2.0,20.0,as printed,corrected,per_device_sf,50,3.9,1.0,0.5,45.28015530727347,18.244250840715704,0,11.752440614798918
12,7.0,20.0,as printed,corrected,per_device_max,10,1.2,1.0,1.375,58.05149344010753,23.908580832077394,0,11.771007427218493
12,7.0,20.0,as printed,corrected,per_device_max,20,1.2,1.0,1.375,58.05149344010753,23.908580832077394,0,11.771007427218493
12,7.0,20.0,as printed,corrected,per_device_max,100,1.2,1.0,1.375,58.05149344010753,23.908580832077394,0,11.771007427218493
12,7.0,20.0,as printed,corrected,per_device_max,50,1.2,1.0,1.375,58.05149344010753,23.908580832077394,0,11.771007427218493
12,7.0,20.0,repaired,corrected,chronological,50,4.35,0.95,1.3333333333333333,39.26077666827644,15.066559864887958,0,12.066066986649773
11,2.0,20.0,as printed,corrected,chronological,100,3.75,1.0,0.5,49.23408257538358,20.274762346751626,0,12.200884492213522
12,7.0,20.0,repaired,corrected,per_device_sf,20,4.75,0.95,1.3333333333333333,36.20748307094029,15.491991614381114,0,12.203280801865473
11,7.0,20.0,repaired,corrected,per_device_sf,20,4.75,0.95,1.3333333333333333,33.921078533357026,18.378153990802584,0,12.263256585749295
12,2.0,20.0,as printed,corrected,expanding,20,0.95,1.0,0.5416666666666666,68.53804981882179,29.896350971624987,0,12.335106745711345
12,2.0,20.0,as printed,corrected,expanding,50,0.95,1.0,0.5416666666666666,68.53804981882179,29.896350971624987,0,12.335106745711345
12,2.0,20.0,as printed,corrected,expanding,100,0.95,1.0,0.5416666666666666,68.53804981882179,29.896350971624987,0,12.335106745711345
12,2.0,20.0,as printed,corrected,expanding,10,0.95,1.0,0.5416666666666666,68.53804981882179,29.896350971624987,0,12.335106745711345
11,2.0,20.0,repaired,corrected,chronological,50,4.25,0.95,0.5,43.634823659061226,25.401548009109323,0,12.603637166817055
11,7.0,20.0,repaired,as_printed,blocks,100,0.8,1.7,1.875,51.71933729437205,32.369742394880994,0,12.783907968925305
11,7.0,20.0,as printed,as_printed,blocks,100,0.8,1.7,1.875,51.71933729437205,32.369742394880994,0,12.783907968925305
11,7.0,20.0,as printed,as_printed,test_order,100,0.8,1.7,1.875,51.79616304957702,32.36757781357283,0,12.791374086314985
11,7.0,20.0,repaired,as_printed,test_order,100,0.8,1.7,1.875,51.79616304957702,32.36757781357283,0,12.791374086314985
11,7.0,20.0,repaired,as_printed,test_order,50,1.05,1.7,1.875,50.230627408479734,31.69568430444566,0,12.81763117129254
11,7.0,20.0,as printed,as_printed,test_order,50,1.05,1.7,1.875,50.230627408479734,31.69568430444566,0,12.81763117129254
11,7.0,20.0,repaired,as_printed,blocks,50,1.05,1.7,1.875,50.240188833466526,31.714667213100203,0,12.820485604656673
11,7.0,20.0,as printed,as_printed,blocks,50,1.05,1.7,1.875,50.240188833466526,31.714667213100203,0,12.820485604656673
11,7.0,20.0,repaired,as_printed,test_order,20,1.5,1.7,1.875,47.04677465069016,31.04123385374471,0,12.883800850443489
11,7.0,20.0,as printed,as_printed,test_order,20,1.5,1.7,1.875,47.04677465069016,31.04123385374471,0,12.883800850443489
11,7.0,20.0,repaired,as_printed,blocks,20,1.5,1.7,1.875,47.09277003886401,31.051860031212453,0,12.889463007007647
11,7.0,20.0,as printed,as_printed,blocks,20,1.5,1.7,1.875,47.09277003886401,31.051860031212453,0,12.889463007007647
11,7.0,20.0,as printed,corrected,chronological,50,4.3,1.0,1.375,46.5981423614033,16.697886317344974,0,13.004602867874826
12,2.0,20.0,as printed,corrected,chronological,100,3.75,1.0,0.5416666666666666,58.91732264575237,18.575895289798023,0,13.040988460221707
12,2.0,20.0,repaired,corrected,per_device_max,50,1.2,0.95,0.5,63.37200396319062,43.099926229230086,0,13.297193019242071
12,2.0,20.0,repaired,corrected,per_device_max,20,1.2,0.95,0.5,63.37200396319062,43.099926229230086,0,13.297193019242071
12,2.0,20.0,repaired,corrected,per_device_max,10,1.2,0.95,0.5,63.37200396319062,43.099926229230086,0,13.297193019242071
12,2.0,20.0,repaired,corrected,per_device_max,100,1.2,0.95,0.5,63.37200396319062,43.099926229230086,0,13.297193019242071
11,2.0,20.0,repaired,corrected,per_device_sf,20,4.65,0.95,0.5,45.76024499814897,27.25056381404441,0,13.401080881219338
11,7.0,20.0,repaired,as_printed,blocks,10,2.0,1.7,1.875,47.81524658323186,31.549154917832123,0,13.511440150106399
11,7.0,20.0,as printed,as_printed,blocks,10,2.0,1.7,1.875,47.81524658323186,31.549154917832123,0,13.511440150106399
11,7.0,20.0,as printed,as_printed,test_order,10,2.0,1.7,1.875,47.82542238364267,31.559068820323343,0,13.5134491203966
11,7.0,20.0,repaired,as_printed,test_order,10,2.0,1.7,1.875,47.82542238364267,31.559068820323343,0,13.5134491203966
11,7.0,20.0,repaired,corrected,chronological,20,4.9,0.95,1.3333333333333333,41.78662935073175,23.136764387620918,0,13.675672707168602
12,7.0,20.0,as printed,corrected,chronological,50,4.35,1.0,1.375,55.991501238327736,15.066559864887958,0,13.830806110321568
11,7.0,20.0,as printed,corrected,per_device_sf,20,4.75,1.0,1.375,48.78488998489548,18.378153990802584,0,13.841304397569806
11,7.0,20.0,repaired,corrected,per_device_sf,10,5.2,0.95,1.3333333333333333,41.18455524916612,22.856944521899408,0,13.887483310439887
11,7.0,20.0,as printed,as_printed,expanding,20,0.95,1.7,1.875,60.63095362626317,33.11890273201118,0,13.899985635827434
11,7.0,20.0,as printed,as_printed,expanding,10,0.95,1.7,1.875,60.63095362626317,33.11890273201118,0,13.899985635827434
11,7.0,20.0,as printed,as_printed,expanding,100,0.95,1.7,1.875,60.63095362626317,33.11890273201118,0,13.899985635827434
11,7.0,20.0,as printed,as_printed,expanding,50,0.95,1.7,1.875,60.63095362626317,33.11890273201118,0,13.899985635827434
11,7.0,20.0,repaired,as_printed,expanding,10,0.95,1.7,1.875,60.63095362626317,33.11890273201118,0,13.899985635827434
11,7.0,20.0,repaired,as_printed,expanding,20,0.95,1.7,1.875,60.63095362626317,33.11890273201118,0,13.899985635827434
11,7.0,20.0,repaired,as_printed,expanding,50,0.95,1.7,1.875,60.63095362626317,33.11890273201118,0,13.899985635827434
11,7.0,20.0,repaired,as_printed,expanding,100,0.95,1.7,1.875,60.63095362626317,33.11890273201118,0,13.899985635827434
12,7.0,20.0,as printed,corrected,per_device_sf,20,4.75,1.0,1.375,52.418680106501334,15.491991614381114,0,13.916067172088244
11,2.0,20.0,as printed,corrected,chronological,50,4.25,1.0,0.5,56.34322755063892,25.401548009109323,0,13.924477555974825
12,7.0,20.0,repaired,corrected,per_device_sf,10,5.2,0.95,1.3333333333333333,46.289471859987906,20.63407044964309,0,14.175687564296434
11,2.0,20.0,repaired,as_printed,blocks,100,0.8,1.7,2.7083333333333335,56.0860752891584,35.680855205389356,0,14.385026382788109
11,2.0,20.0,as printed,as_printed,blocks,100,0.8,1.7,2.7083333333333335,56.0860752891584,35.680855205389356,0,14.385026382788109
11,2.0,20.0,as printed,as_printed,test_order,100,0.8,1.7,2.7083333333333335,56.165929206154914,35.678620588666,0,14.392788312815425
11,2.0,20.0,repaired,as_printed,test_order,100,0.8,1.7,2.7083333333333335,56.165929206154914,35.678620588666,0,14.392788312815425
11,7.0,20.0,as printed,as_printed,per_device_max,100,1.2,1.7,1.875,63.026868785789674,33.29432424770781,0,14.407119303349749
11,7.0,20.0,repaired,as_printed,per_device_max,10,1.2,1.7,1.875,63.026868785789674,33.29432424770781,0,14.407119303349749
11,7.0,20.0,repaired,as_printed,per_device_max,20,1.2,1.7,1.875,63.026868785789674,33.29432424770781,0,14.407119303349749
11,7.0,20.0,as printed,as_printed,per_device_max,20,1.2,1.7,1.875,63.026868785789674,33.29432424770781,0,14.407119303349749
11,7.0,20.0,as printed,as_printed,per_device_max,10,1.2,1.7,1.875,63.026868785789674,33.29432424770781,0,14.407119303349749
11,7.0,20.0,as printed,as_printed,per_device_max,50,1.2,1.7,1.875,63.026868785789674,33.29432424770781,0,14.407119303349749
11,7.0,20.0,repaired,as_printed,per_device_max,50,1.2,1.7,1.875,63.026868785789674,33.29432424770781,0,14.407119303349749
11,7.0,20.0,repaired,as_printed,per_device_max,100,1.2,1.7,1.875,63.026868785789674,33.29432424770781,0,14.407119303349749
11,2.0,20.0,as printed,as_printed,test_order,50,1.05,1.7,2.7083333333333335,54.53868645656243,34.9849878449324,0,14.410700763482817
11,2.0,20.0,repaired,as_printed,test_order,50,1.05,1.7,2.7083333333333335,54.53868645656243,34.9849878449324,0,14.410700763482817
11,2.0,20.0,repaired,as_printed,blocks,50,1.05,1.7,2.7083333333333335,54.54862475440574,35.00458494899016,0,14.413654303672924
11,2.0,20.0,as printed,as_printed,blocks,50,1.05,1.7,2.7083333333333335,54.54862475440574,35.00458494899016,0,14.413654303672924
11,2.0,20.0,as printed,as_printed,test_order,20,1.5,1.7,2.7083333333333335,51.229339048635154,34.30936253289881,0,14.46220349148673
11,2.0,20.0,repaired,as_printed,test_order,20,1.5,1.7,2.7083333333333335,51.229339048635154,34.30936253289881,0,14.46220349148673
11,2.0,20.0,repaired,as_printed,blocks,20,1.5,1.7,2.7083333333333335,51.27714738972673,34.320332522238225,0,14.468081324529829
11,2.0,20.0,as printed,as_printed,blocks,20,1.5,1.7,2.7083333333333335,51.27714738972673,34.320332522238225,0,14.468081324529829
11,7.0,20.0,repaired,corrected,chronological,10,5.25,0.95,1.3333333333333333,45.52595399493081,25.498725905897317,0,14.635801323416146
12,7.0,20.0,repaired,corrected,chronological,20,4.9,0.95,1.3333333333333333,49.42263373834381,25.67460944578356,0,14.69305765174607
11,2.0,20.0,as printed,corrected,per_device_sf,20,4.65,1.0,0.5,58.73165104024306,27.25056381404441,0,14.748221485428747
11,7.0,20.0,as printed,as_printed,per_device_sf,100,3.1,1.7,1.875,49.850046906930366,32.78998336555937,0,14.939003027248972
11,7.0,20.0,repaired,as_printed,per_device_sf,100,3.1,1.7,1.875,49.850046906930366,32.78998336555937,0,14.939003027248972
11,2.0,20.0,repaired,corrected,chronological,20,4.8,0.95,0.5,54.6272431956869,32.48707819341095,0,14.961432138909785
11,2.0,20.0,as printed,as_printed,blocks,10,2.0,1.7,2.7083333333333335,52.02810104910762,34.833717473819,0,15.094515185625996
11,2.0,20.0,repaired,as_printed,blocks,10,2.0,1.7,2.7083333333333335,52.02810104910762,34.833717473819,0,15.094515185625996
11,2.0,20.0,repaired,as_printed,test_order,10,2.0,1.7,2.7083333333333335,52.03867793857925,34.84395214239769,0,15.096596341431027
11,2.0,20.0,as printed,as_printed,test_order,10,2.0,1.7,2.7083333333333335,52.03867793857925,34.84395214239769,0,15.096596341431027
12,2.0,20.0,repaired,corrected,chronological,50,4.3,0.95,0.5,61.21842926167682,32.45029055090533,0,15.116871981258214
12,2.0,20.0,repaired,corrected,per_device_sf,20,4.65,0.95,0.5,57.483299975319596,32.9626952550908,0,15.14459952304104
11,2.0,20.0,repaired,corrected,per_device_sf,10,5.15,0.95,0.5,53.948525932524554,32.179156210249054,0,15.212768214277363
12,2.0,20.0,as printed,corrected,per_device_max,10,1.2,1.0,0.5416666666666666,82.19575680967877,43.099926229230086,0,15.271234970557552
12,2.0,20.0,as printed,corrected,per_device_max,100,1.2,1.0,0.5416666666666666,82.19575680967877,43.099926229230086,0,15.271234970557552
12,2.0,20.0,as printed,corrected,per_device_max,50,1.2,1.0,0.5416666666666666,82.19575680967877,43.099926229230086,0,15.271234970557552
12,2.0,20.0,as printed,corrected,per_device_max,20,1.2,1.0,0.5416666666666666,82.19575680967877,43.099926229230086,0,15.271234970557552
11,7.0,20.0,as printed,corrected,chronological,20,4.9,1.0,1.375,57.9077254483326,23.136764387620918,0,15.379448983595353
11,2.0,20.0,repaired,as_printed,expanding,20,0.95,1.7,2.7083333333333335,65.34895163801984,36.45425475915949,0,15.538653973051268
11,2.0,20.0,repaired,as_printed,expanding,50,0.95,1.7,2.7083333333333335,65.34895163801984,36.45425475915949,0,15.538653973051268
11,2.0,20.0,as printed,as_printed,expanding,50,0.95,1.7,2.7083333333333335,65.34895163801984,36.45425475915949,0,15.538653973051268
11,2.0,20.0,as printed,as_printed,expanding,100,0.95,1.7,2.7083333333333335,65.34895163801984,36.45425475915949,0,15.538653973051268
11,2.0,20.0,as printed,as_printed,expanding,20,0.95,1.7,2.7083333333333335,65.34895163801984,36.45425475915949,0,15.538653973051268
11,2.0,20.0,as printed,as_printed,expanding,10,0.95,1.7,2.7083333333333335,65.34895163801984,36.45425475915949,0,15.538653973051268
11,2.0,20.0,repaired,as_printed,expanding,100,0.95,1.7,2.7083333333333335,65.34895163801984,36.45425475915949,0,15.538653973051268
11,2.0,20.0,repaired,as_printed,expanding,10,0.95,1.7,2.7083333333333335,65.34895163801984,36.45425475915949,0,15.538653973051268
11,7.0,20.0,as printed,corrected,per_device_sf,10,5.2,1.0,1.375,57.20941161209788,22.856944521899408,0,15.58163561339973
12,7.0,20.0,repaired,corrected,chronological,10,5.25,0.95,1.3333333333333333,54.82654814188441,29.734554950694775,0,15.989443642591251
11,2.0,20.0,repaired,corrected,chronological,10,5.2,0.95,0.5,58.842769514256354,35.08624988904598,0,16.042901940330232
11,2.0,20.0,as printed,as_printed,per_device_max,100,1.2,1.7,2.7083333333333335,67.83930412162448,36.635352069357694,0,16.05579895243155
11,2.0,20.0,as printed,as_printed,per_device_max,10,1.2,1.7,2.7083333333333335,67.83930412162448,36.635352069357694,0,16.05579895243155
11,2.0,20.0,as printed,as_printed,per_device_max,50,1.2,1.7,2.7083333333333335,67.83930412162448,36.635352069357694,0,16.05579895243155
11,2.0,20.0,repaired,as_printed,per_device_max,10,1.2,1.7,2.7083333333333335,67.83930412162448,36.635352069357694,0,16.05579895243155
11,2.0,20.0,repaired,as_printed,per_device_max,100,1.2,1.7,2.7083333333333335,67.83930412162448,36.635352069357694,0,16.05579895243155
11,2.0,20.0,repaired,as_printed,per_device_max,20,1.2,1.7,2.7083333333333335,67.83930412162448,36.635352069357694,0,16.05579895243155
11,2.0,20.0,repaired,as_printed,per_device_max,50,1.2,1.7,2.7083333333333335,67.83930412162448,36.635352069357694,0,16.05579895243155
11,2.0,20.0,as printed,as_printed,per_device_max,20,1.2,1.7,2.7083333333333335,67.83930412162448,36.635352069357694,0,16.05579895243155
12,7.0,20.0,as printed,corrected,per_device_sf,10,5.2,1.0,1.375,64.21615108268678,20.63407044964309,0,16.060022153232985
11,7.0,20.0,as printed,corrected,chronological,10,5.25,1.0,1.375,62.2447698925753,25.498725905897317,0,16.39934957984726
11,2.0,20.0,as printed,corrected,chronological,20,4.8,1.0,0.5,68.69586208291898,32.48707819341095,0,16.418294027632992
11,2.0,20.0,as printed,as_printed,per_device_sf,100,3.1,1.7,2.7083333333333335,54.143105004741635,36.11469314780315,0,16.534113148587814
11,2.0,20.0,repaired,as_printed,per_device_sf,100,3.1,1.7,2.7083333333333335,54.143105004741635,36.11469314780315,0,16.534113148587814
12,7.0,20.0,as printed,corrected,chronological,20,4.9,1.0,1.375,67.88243033542203,25.67460944578356,0,16.63070397812056
11,2.0,20.0,as printed,corrected,per_device_sf,10,5.15,1.0,0.5,67.933159542804,32.179156210249054,0,16.661231575305305
12,2.0,20.0,as printed,corrected,per_device_sf,20,4.65,1.0,0.5416666666666666,75.40172194975902,32.9626952550908,0,17.028108387151647
12,2.0,20.0,as printed,corrected,chronological,50,4.3,1.0,0.5416666666666666,79.71109097732203,32.45029055090533,0,17.0578048194894
11,7.0,20.0,as printed,as_printed,per_device_sf,50,3.9,1.7,1.875,60.90204068474412,38.21307892994981,0,17.38651196146939
11,7.0,20.0,repaired,as_printed,per_device_sf,50,3.9,1.7,1.875,60.90204068474412,38.21307892994981,0,17.38651196146939
12,2.0,20.0,repaired,corrected,per_device_sf,10,5.15,0.95,0.5,69.81673422632987,39.155992740809296,0,17.497272696713917
11,2.0,20.0,as printed,corrected,chronological,10,5.2,1.0,0.5,73.43302261441023,35.08624988904598,0,17.55192725034562
11,7.0,20.0,repaired,as_printed,chronological,100,3.75,1.7,1.875,65.44791505200688,40.70324935738682,0,17.94011644093937
11,7.0,20.0,as printed,as_printed,chronological,100,3.75,1.7,1.875,65.44791505200688,40.70324935738682,0,17.94011644093937
12,7.0,20.0,as printed,corrected,chronological,10,5.25,1.0,1.375,74.20583781657466,29.734554950694775,0,18.019039276726943
12,2.0,20.0,repaired,corrected,chronological,20,4.8,0.95,0.5,73.64955495261212,45.226992134553974,0,18.13765470871661
11,2.0,20.0,as printed,as_printed,per_device_sf,50,3.9,1.7,2.7083333333333335,65.63072385632097,41.71325393870027,0,19.042731112835458
11,2.0,20.0,repaired,as_printed,per_device_sf,50,3.9,1.7,2.7083333333333335,65.63072385632097,41.71325393870027,0,19.042731112835458
12,2.0,20.0,as printed,corrected,per_device_sf,10,5.15,1.0,0.5416666666666666,89.6313015680387,39.155992740809296,0,19.570396097551466
11,2.0,20.0,repaired,as_printed,chronological,100,3.75,1.7,2.7083333333333335,70.35577827890944,44.28399427550039,0,19.62231058877432
11,2.0,20.0,as printed,as_printed,chronological,100,3.75,1.7,2.7083333333333335,70.35577827890944,44.28399427550039,0,19.62231058877432
12,2.0,20.0,repaired,corrected,chronological,10,5.2,0.95,0.5,80.26034692147094,50.11693083313864,0,19.687727775460957
11,7.0,20.0,as printed,as_printed,chronological,50,4.3,1.7,1.875,73.62137847831191,46.99061586885997,0,19.93619943471719
11,7.0,20.0,repaired,as_printed,chronological,50,4.3,1.7,1.875,73.62137847831191,46.99061586885997,0,19.93619943471719
12,2.0,20.0,as printed,corrected,chronological,20,4.8,1.0,0.5416666666666666,94.05338114273286,45.226992134553974,0,20.26970399439535
11,7.0,20.0,repaired,as_printed,per_device_sf,20,4.75,1.7,1.875,76.36737565613792,49.25820433788661,0,20.887557999402453
11,7.0,20.0,as printed,as_printed,per_device_sf,20,4.75,1.7,1.875,76.36737565613792,49.25820433788661,0,20.887557999402453
11,2.0,20.0,as printed,as_printed,chronological,50,4.25,1.7,2.7083333333333335,78.8514067081619,50.774789654484216,0,21.620952969597944
11,2.0,20.0,repaired,as_printed,chronological,50,4.25,1.7,2.7083333333333335,78.8514067081619,50.774789654484216,0,21.620952969597944
12,7.0,20.0,as printed,as_printed,test_order,20,1.5,1.7,1.875,110.8503306500503,55.551557961642494,0,21.71518886116928
12,7.0,20.0,repaired,as_printed,test_order,20,1.5,1.7,1.875,110.8503306500503,55.551557961642494,0,21.71518886116928
12,7.0,20.0,repaired,as_printed,blocks,20,1.5,1.7,1.875,110.90711841867011,55.74094065501282,0,21.739805907368293
12,7.0,20.0,as printed,as_printed,blocks,20,1.5,1.7,1.875,110.90711841867011,55.74094065501282,0,21.739805907368293
12,2.0,20.0,as printed,corrected,chronological,10,5.2,1.0,0.5416666666666666,101.68051797634068,50.11693083313864,0,21.921411547614596
12,7.0,20.0,as printed,as_printed,per_device_sf,100,3.1,1.7,1.875,94.61718909888116,60.722823341093836,0,22.2090012439975
12,7.0,20.0,repaired,as_printed,per_device_sf,100,3.1,1.7,1.875,94.61718909888116,60.722823341093836,0,22.2090012439975
11,2.0,20.0,repaired,as_printed,per_device_sf,20,4.65,1.7,2.7083333333333335,81.70564003298539,53.11574635381724,0,22.5404719720136
11,2.0,20.0,as printed,as_printed,per_device_sf,20,4.65,1.7,2.7083333333333335,81.70564003298539,53.11574635381724,0,22.5404719720136
11,7.0,20.0,repaired,as_printed,chronological,20,4.9,1.7,1.875,87.82332977139295,55.680139506234546,0,22.82534692776275
11,7.0,20.0,as printed,as_printed,chronological,20,4.9,1.7,1.875,87.82332977139295,55.680139506234546,0,22.82534692776275
11,7.0,20.0,repaired,as_printed,per_device_sf,10,5.2,1.7,1.875,86.94642573229078,55.30251139915504,0,22.999893713144584
11,7.0,20.0,as printed,as_printed,per_device_sf,10,5.2,1.7,1.875,86.94642573229078,55.30251139915504,0,22.999893713144584
12,7.0,20.0,repaired,as_printed,blocks,10,2.0,1.7,1.875,111.93910978625134,64.4988762807917,0,23.218798606704304
12,7.0,20.0,as printed,as_printed,blocks,10,2.0,1.7,1.875,111.93910978625134,64.4988762807917,0,23.218798606704304
12,7.0,20.0,as printed,as_printed,test_order,10,2.0,1.7,1.875,112.19230926916622,64.77713948013086,0,23.27194487492971
12,7.0,20.0,repaired,as_printed,test_order,10,2.0,1.7,1.875,112.19230926916622,64.77713948013086,0,23.27194487492971
12,2.0,20.0,repaired,as_printed,test_order,20,1.5,1.7,2.7083333333333335,117.42509987169824,59.94696328772275,0,23.64553964927543
12,2.0,20.0,as printed,as_printed,test_order,20,1.5,1.7,2.7083333333333335,117.42509987169824,59.94696328772275,0,23.64553964927543
12,2.0,20.0,repaired,as_printed,blocks,20,1.5,1.7,2.7083333333333335,117.48408498654697,60.14297779652522,0,23.671039611640552
12,2.0,20.0,as printed,as_printed,blocks,20,1.5,1.7,2.7083333333333335,117.48408498654697,60.14297779652522,0,23.671039611640552
11,7.0,20.0,repaired,as_printed,chronological,10,5.25,1.7,1.875,93.26955121736724,58.867701099981616,0,24.038725231734887
11,7.0,20.0,as printed,as_printed,chronological,10,5.25,1.7,1.875,93.26955121736724,58.867701099981616,0,24.038725231734887
12,2.0,20.0,as printed,as_printed,per_device_sf,100,3.1,1.7,2.7083333333333335,100.56383305274115,65.29931637343128,0,24.094648275950576
12,2.0,20.0,repaired,as_printed,per_device_sf,100,3.1,1.7,2.7083333333333335,100.56383305274115,65.29931637343128,0,24.094648275950576
11,2.0,20.0,repaired,as_printed,chronological,20,4.8,1.7,2.7083333333333335,93.61315280757024,59.74546438262672,0,24.544195052353032
11,2.0,20.0,as printed,as_printed,chronological,20,4.8,1.7,2.7083333333333335,93.61315280757024,59.74546438262672,0,24.544195052353032
11,2.0,20.0,as printed,as_printed,per_device_sf,10,5.15,1.7,2.7083333333333335,92.70170179547002,59.3556180506317,0,24.764065317943505
11,2.0,20.0,repaired,as_printed,per_device_sf,10,5.15,1.7,2.7083333333333335,92.70170179547002,59.3556180506317,0,24.764065317943505
12,2.0,20.0,repaired,as_printed,blocks,10,2.0,1.7,2.7083333333333335,118.5560082337384,69.20759937973386,0,25.18469409468056
12,2.0,20.0,as printed,as_printed,blocks,10,2.0,1.7,2.7083333333333335,118.5560082337384,69.20759937973386,0,25.18469409468056
12,2.0,20.0,as printed,as_printed,test_order,10,2.0,1.7,2.7083333333333335,118.81900501882724,69.49560681782441,0,25.239794516998497
12,2.0,20.0,repaired,as_printed,test_order,10,2.0,1.7,2.7083333333333335,118.81900501882724,69.49560681782441,0,25.239794516998497
11,2.0,20.0,repaired,as_printed,chronological,10,5.2,1.7,2.7083333333333335,99.27419303467916,63.036160101599854,0,25.839368646961233
11,2.0,20.0,as printed,as_printed,chronological,10,5.2,1.7,2.7083333333333335,99.27419303467916,63.036160101599854,0,25.839368646961233
12,7.0,20.0,repaired,as_printed,test_order,50,1.05,1.7,1.875,134.69888135408368,83.62793113091398,0,26.457681248499767
12,7.0,20.0,as printed,as_printed,test_order,50,1.05,1.7,1.875,134.69888135408368,83.62793113091398,0,26.457681248499767
12,7.0,20.0,repaired,as_printed,blocks,50,1.05,1.7,1.875,135.25413324761865,84.44061872237849,0,26.594475196999714
12,7.0,20.0,as printed,as_printed,blocks,50,1.05,1.7,1.875,135.25413324761865,84.44061872237849,0,26.594475196999714
12,7.0,20.0,as printed,as_printed,per_device_sf,50,3.9,1.7,1.875,124.63776496817324,75.02979494234447,0,27.44175599105177
12,7.0,20.0,repaired,as_printed,per_device_sf,50,3.9,1.7,1.875,124.63776496817324,75.02979494234447,0,27.44175599105177
10,2.0,20.0,repaired,corrected,blocks,100,0.3333333333333333,0.25,,,,16,27.583333333333336
10,2.0,20.0,repaired,corrected,test_order,100,0.3333333333333333,0.25,,,,16,27.583333333333336
10,7.0,20.0,repaired,corrected,blocks,100,0.3333333333333333,0.25,,,,16,27.583333333333336
10,7.0,20.0,repaired,corrected,test_order,100,0.3333333333333333,0.25,,,,16,27.583333333333336
10,7.0,20.0,repaired,corrected,blocks,50,0.5,0.25,,,,16,27.75
10,2.0,20.0,repaired,corrected,blocks,50,0.5,0.25,,,,16,27.75
10,2.0,20.0,repaired,corrected,test_order,50,0.5,0.25,,,,16,27.75
10,7.0,20.0,repaired,corrected,test_order,50,0.5,0.25,,,,16,27.75
10,2.0,20.0,as printed,corrected,blocks,100,0.3333333333333333,0.75,,,,16,28.083333333333336
10,2.0,20.0,as printed,corrected,test_order,100,0.3333333333333333,0.75,,,,16,28.083333333333336
10,7.0,20.0,as printed,corrected,test_order,100,0.3333333333333333,0.75,,,,16,28.083333333333336
10,7.0,20.0,as printed,corrected,blocks,100,0.3333333333333333,0.75,,,,16,28.083333333333336
10,2.0,20.0,as printed,corrected,test_order,50,0.5,0.75,,,,16,28.25
10,7.0,20.0,as printed,corrected,test_order,50,0.5,0.75,,,,16,28.25
10,7.0,20.0,as printed,corrected,blocks,50,0.5,0.75,,,,16,28.25
10,2.0,20.0,as printed,corrected,blocks,50,0.5,0.75,,,,16,28.25
12,7.0,20.0,as printed,as_printed,blocks,100,0.8,1.7,1.875,143.8751687124418,95.40258711495852,0,28.302775582740033
12,7.0,20.0,repaired,as_printed,blocks,100,0.8,1.7,1.875,143.8751687124418,95.40258711495852,0,28.302775582740033
10,2.0,20.0,repaired,corrected,blocks,20,1.0833333333333333,0.25,,,,16,28.333333333333336
10,7.0,20.0,repaired,corrected,blocks,20,1.0833333333333333,0.25,,,,16,28.333333333333336
10,2.0,20.0,repaired,corrected,test_order,20,1.0833333333333333,0.25,,,,16,28.333333333333336
10,7.0,20.0,repaired,corrected,test_order,20,1.0833333333333333,0.25,,,,16,28.333333333333336
12,7.0,20.0,repaired,as_printed,test_order,100,0.8,1.7,1.875,144.66605808117845,96.45185009667334,0,28.486790817785177
12,7.0,20.0,as printed,as_printed,test_order,100,0.8,1.7,1.875,144.66605808117845,96.45185009667334,0,28.486790817785177
10,7.0,20.0,repaired,corrected,expanding,10,1.25,0.25,,,,16,28.5
10,7.0,20.0,repaired,corrected,expanding,20,1.25,0.25,,,,16,28.5
10,7.0,20.0,repaired,corrected,expanding,50,1.25,0.25,,,,16,28.5
10,7.0,20.0,repaired,corrected,expanding,100,1.25,0.25,,,,16,28.5
10,2.0,20.0,repaired,corrected,expanding,10,1.25,0.25,,,,16,28.5
10,2.0,20.0,repaired,corrected,expanding,20,1.25,0.25,,,,16,28.5
10,2.0,20.0,repaired,corrected,expanding,50,1.25,0.25,,,,16,28.5
10,2.0,20.0,repaired,corrected,expanding,100,1.25,0.25,,,,16,28.5
12,2.0,20.0,repaired,as_printed,test_order,50,1.05,1.7,2.7083333333333335,142.19644652684835,89.0065167125362,0,28.57862965727179
12,2.0,20.0,as printed,as_printed,test_order,50,1.05,1.7,2.7083333333333335,142.19644652684835,89.0065167125362,0,28.57862965727179
10,7.0,20.0,repaired,corrected,blocks,10,1.4166666666666667,0.25,,,,16,28.666666666666664
10,2.0,20.0,repaired,corrected,blocks,10,1.4166666666666667,0.25,,,,16,28.666666666666664
10,7.0,20.0,repaired,corrected,test_order,10,1.4166666666666667,0.25,,,,16,28.666666666666664
10,2.0,20.0,repaired,corrected,test_order,10,1.4166666666666667,0.25,,,,16,28.666666666666664
12,2.0,20.0,as printed,as_printed,blocks,50,1.05,1.7,2.7083333333333335,142.77318334018256,89.8476630507567,0,28.72041797242726
12,2.0,20.0,repaired,as_printed,blocks,50,1.05,1.7,2.7083333333333335,142.77318334018256,89.8476630507567,0,28.72041797242726
10,2.0,20.0,as printed,corrected,test_order,20,1.0833333333333333,0.75,,,,16,28.833333333333336
12,7.0,14.0,as printed,corrected,chronological,10,1.0,0.8333333333333334,,,,17,28.833333333333336
10,7.0,20.0,as printed,corrected,test_order,20,1.0833333333333333,0.75,,,,16,28.833333333333336
12,2.0,14.0,as printed,corrected,per_device_sf,10,1.0,0.8333333333333334,,,,17,28.833333333333336
10,2.0,20.0,as printed,corrected,blocks,20,1.0833333333333333,0.75,,,,16,28.833333333333336
10,7.0,20.0,as printed,corrected,blocks,20,1.0833333333333333,0.75,,,,16,28.833333333333336
12,7.0,14.0,as printed,corrected,per_device_sf,10,1.0,0.8333333333333334,,,,17,28.833333333333336
12,2.0,14.0,as printed,corrected,chronological,10,1.0,0.8333333333333334,,,,17,28.833333333333336
10,7.0,20.0,repaired,corrected,per_device_max,100,1.6666666666666667,0.25,,,,16,28.916666666666664
10,7.0,20.0,repaired,corrected,per_device_max,10,1.6666666666666667,0.25,,,,16,28.916666666666664
10,7.0,20.0,repaired,corrected,per_device_max,50,1.6666666666666667,0.25,,,,16,28.916666666666664
10,2.0,20.0,repaired,corrected,per_device_max,10,1.6666666666666667,0.25,,,,16,28.916666666666664
10,7.0,20.0,repaired,corrected,per_device_max,20,1.6666666666666667,0.25,,,,16,28.916666666666664
10,2.0,20.0,repaired,corrected,per_device_max,100,1.6666666666666667,0.25,,,,16,28.916666666666664
10,2.0,20.0,repaired,corrected,per_device_max,20,1.6666666666666667,0.25,,,,16,28.916666666666664
10,2.0,20.0,repaired,corrected,per_device_max,50,1.6666666666666667,0.25,,,,16,28.916666666666664
10,2.0,20.0,as printed,corrected,expanding,100,1.25,0.75,,,,16,29.0
10,7.0,20.0,as printed,corrected,expanding,50,1.25,0.75,,,,16,29.0
10,7.0,20.0,as printed,corrected,expanding,20,1.25,0.75,,,,16,29.0
10,2.0,20.0,as printed,corrected,expanding,50,1.25,0.75,,,,16,29.0
10,7.0,20.0,as printed,corrected,expanding,100,1.25,0.75,,,,16,29.0
10,7.0,20.0,as printed,corrected,expanding,10,1.25,0.75,,,,16,29.0
10,2.0,20.0,as printed,corrected,expanding,20,1.25,0.75,,,,16,29.0
10,2.0,20.0,as printed,corrected,expanding,10,1.25,0.75,,,,16,29.0
10,7.0,20.0,as printed,corrected,blocks,10,1.4166666666666667,0.75,,,,16,29.166666666666668
10,2.0,20.0,as printed,corrected,test_order,10,1.4166666666666667,0.75,,,,16,29.166666666666668
10,7.0,20.0,as printed,corrected,test_order,10,1.4166666666666667,0.75,,,,16,29.166666666666668
10,2.0,20.0,as printed,corrected,blocks,10,1.4166666666666667,0.75,,,,16,29.166666666666668
12,7.0,14.0,as printed,corrected,chronological,20,1.375,0.8333333333333334,,,,17,29.208333333333336
12,2.0,14.0,as printed,corrected,chronological,20,1.375,0.8333333333333334,,,,17,29.208333333333336
12,7.0,14.0,as printed,corrected,per_device_sf,20,1.5,0.8333333333333334,,,,17,29.333333333333336
12,2.0,14.0,as printed,corrected,per_device_sf,20,1.5,0.8333333333333334,,,,17,29.333333333333336
10,7.0,20.0,as printed,corrected,per_device_max,10,1.6666666666666667,0.75,,,,16,29.416666666666668
10,7.0,20.0,as printed,corrected,per_device_max,100,1.6666666666666667,0.75,,,,16,29.416666666666668
10,7.0,20.0,as printed,corrected,per_device_max,20,1.6666666666666667,0.75,,,,16,29.416666666666668
10,7.0,20.0,as printed,corrected,per_device_max,50,1.6666666666666667,0.75,,,,16,29.416666666666668
10,2.0,20.0,as printed,corrected,per_device_max,100,1.6666666666666667,0.75,,,,16,29.416666666666668
10,2.0,20.0,as printed,corrected,per_device_max,50,1.6666666666666667,0.75,,,,16,29.416666666666668
10,2.0,20.0,as printed,corrected,per_device_max,10,1.6666666666666667,0.75,,,,16,29.416666666666668
10,2.0,20.0,as printed,corrected,per_device_max,20,1.6666666666666667,0.75,,,,16,29.416666666666668
12,2.0,20.0,as printed,as_printed,per_device_sf,50,3.9,1.7,2.7083333333333335,131.7460252485839,80.10729043358724,0,29.493664901550446
12,2.0,20.0,repaired,as_printed,per_device_sf,50,3.9,1.7,2.7083333333333335,131.7460252485839,80.10729043358724,0,29.493664901550446
12,2.0,14.0,as printed,corrected,chronological,50,1.75,0.8333333333333334,,,,17,29.583333333333336
12,7.0,14.0,as printed,corrected,chronological,50,1.75,0.8333333333333334,,,,17,29.583333333333336
10,2.0,20.0,repaired,corrected,per_device_sf,100,2.5,0.25,,,,16,29.75
10,7.0,20.0,repaired,corrected,per_device_sf,100,2.5,0.25,,,,16,29.75
12,2.0,14.0,as printed,corrected,per_device_sf,50,2.0,0.8333333333333334,,,,17,29.833333333333336
12,7.0,14.0,as printed,corrected,per_device_sf,50,2.0,0.8333333333333334,,,,17,29.833333333333336
12,7.0,20.0,repaired,as_printed,chronological,100,3.75,1.7,1.875,141.3164901202159,84.44359650166014,0,29.901008662187603
12,7.0,20.0,as printed,as_printed,chronological,100,3.75,1.7,1.875,141.3164901202159,84.44359650166014,0,29.901008662187603
10,7.0,20.0,as printed,as_printed,test_order,100,0.3333333333333333,2.5833333333333335,,,,16,29.916666666666668
10,7.0,20.0,repaired,as_printed,blocks,100,0.3333333333333333,2.5833333333333335,,,,16,29.916666666666668
10,7.0,20.0,repaired,as_printed,test_order,100,0.3333333333333333,2.5833333333333335,,,,16,29.916666666666668
10,7.0,20.0,as printed,as_printed,blocks,100,0.3333333333333333,2.5833333333333335,,,,16,29.916666666666668
12,7.0,14.0,as printed,corrected,chronological,100,2.125,0.8333333333333334,,,,17,29.958333333333336
12,2.0,14.0,as printed,corrected,chronological,100,2.125,0.8333333333333334,,,,17,29.958333333333336
10,7.0,20.0,repaired,as_printed,test_order,50,0.5,2.5833333333333335,,,,16,30.083333333333336
10,7.0,20.0,as printed,as_printed,blocks,50,0.5,2.5833333333333335,,,,16,30.083333333333336
10,7.0,20.0,as printed,as_printed,test_order,50,0.5,2.5833333333333335,,,,16,30.083333333333336
10,7.0,20.0,repaired,as_printed,blocks,50,0.5,2.5833333333333335,,,,16,30.083333333333336
10,2.0,20.0,repaired,as_printed,test_order,100,0.3333333333333333,2.8333333333333335,,,,16,30.166666666666668
10,2.0,20.0,as printed,as_printed,blocks,100,0.3333333333333333,2.8333333333333335,,,,16,30.166666666666668
10,2.0,20.0,as printed,as_printed,test_order,100,0.3333333333333333,2.8333333333333335,,,,16,30.166666666666668
10,2.0,20.0,repaired,as_printed,blocks,100,0.3333333333333333,2.8333333333333335,,,,16,30.166666666666668
10,2.0,20.0,as printed,corrected,per_device_sf,100,2.5,0.75,,,,16,30.25
10,7.0,20.0,as printed,corrected,per_device_sf,100,2.5,0.75,,,,16,30.25
10,2.0,20.0,as printed,as_printed,test_order,50,0.5,2.8333333333333335,,,,16,30.333333333333336
10,2.0,20.0,as printed,as_printed,blocks,50,0.5,2.8333333333333335,,,,16,30.333333333333336
10,2.0,20.0,repaired,as_printed,blocks,50,0.5,2.8333333333333335,,,,16,30.333333333333336
10,2.0,20.0,repaired,as_printed,test_order,50,0.5,2.8333333333333335,,,,16,30.333333333333336
10,2.0,20.0,repaired,corrected,chronological,100,3.1666666666666665,0.25,,,,16,30.416666666666664
10,7.0,20.0,repaired,corrected,chronological,100,3.1666666666666665,0.25,,,,16,30.416666666666664
12,7.0,14.0,as printed,corrected,per_device_sf,100,2.625,0.8333333333333334,,,,17,30.458333333333336
12,2.0,14.0,as printed,corrected,per_device_sf,100,2.625,0.8333333333333334,,,,17,30.458333333333336
10,2.0,20.0,repaired,corrected,per_device_sf,50,3.25,0.25,,,,16,30.5
12,2.0,20.0,as printed,as_printed,blocks,100,0.8,1.7,2.7083333333333335,151.72780119833865,101.19349836305895,0,30.500463289473096
12,2.0,20.0,repaired,as_printed,blocks,100,0.8,1.7,2.7083333333333335,151.72780119833865,101.19349836305895,0,30.500463289473096
10,7.0,20.0,repaired,corrected,per_device_sf,50,3.3333333333333335,0.25,,,,16,30.583333333333336
10,7.0,20.0,as printed,as_printed,blocks,20,1.0833333333333333,2.5833333333333335,,,,16,30.666666666666668
10,7.0,20.0,repaired,as_printed,test_order,20,1.0833333333333333,2.5833333333333335,,,,16,30.666666666666668
10,7.0,20.0,repaired,as_printed,blocks,20,1.0833333333333333,2.5833333333333335,,,,16,30.666666666666668
10,7.0,20.0,as printed,as_printed,test_order,20,1.0833333333333333,2.5833333333333335,,,,16,30.666666666666668
12,2.0,20.0,as printed,as_printed,test_order,100,0.8,1.7,2.7083333333333335,152.54929324462617,102.27950450388032,0,30.691213108183984
12,2.0,20.0,repaired,as_printed,test_order,100,0.8,1.7,2.7083333333333335,152.54929324462617,102.27950450388032,0,30.691213108183984
12,7.0,20.0,repaired,as_printed,expanding,50,0.95,1.7,1.875,157.65626378577767,104.18545287436991,0,30.70917166601476
12,7.0,20.0,as printed,as_printed,expanding,100,0.95,1.7,1.875,157.65626378577767,104.18545287436991,0,30.70917166601476
12,7.0,20.0,as printed,as_printed,expanding,20,0.95,1.7,1.875,157.65626378577767,104.18545287436991,0,30.70917166601476
12,7.0,20.0,as printed,as_printed,expanding,10,0.95,1.7,1.875,157.65626378577767,104.18545287436991,0,30.70917166601476
12,7.0,20.0,repaired,as_printed,expanding,10,0.95,1.7,1.875,157.65626378577767,104.18545287436991,0,30.70917166601476
12,7.0,20.0,repaired,as_printed,expanding,20,0.95,1.7,1.875,157.65626378577767,104.18545287436991,0,30.70917166601476
12,7.0,20.0,as printed,as_printed,expanding,50,0.95,1.7,1.875,157.65626378577767,104.18545287436991,0,30.70917166601476
12,7.0,20.0,repaired,as_printed,expanding,100,0.95,1.7,1.875,157.65626378577767,104.18545287436991,0,30.70917166601476
10,7.0,20.0,as printed,as_printed,expanding,10,1.25,2.5833333333333335,,,,16,30.833333333333336
10,7.0,20.0,repaired,as_printed,expanding,20,1.25,2.5833333333333335,,,,16,30.833333333333336
10,7.0,20.0,as printed,as_printed,expanding,20,1.25,2.5833333333333335,,,,16,30.833333333333336
10,2.0,20.0,repaired,corrected,chronological,50,3.5833333333333335,0.25,,,,16,30.833333333333336
12,7.0,14.0,as printed,corrected,test_order,10,3.0,0.8333333333333334,,,,17,30.833333333333336
12,2.0,14.0,as printed,corrected,test_order,10,3.0,0.8333333333333334,,,,17,30.833333333333336
10,7.0,20.0,repaired,as_printed,expanding,50,1.25,2.5833333333333335,,,,16,30.833333333333336
10,7.0,20.0,repaired,as_printed,expanding,100,1.25,2.5833333333333335,,,,16,30.833333333333336
10,7.0,20.0,as printed,as_printed,expanding,100,1.25,2.5833333333333335,,,,16,30.833333333333336
10,7.0,20.0,repaired,as_printed,expanding,10,1.25,2.5833333333333335,,,,16,30.833333333333336
10,7.0,20.0,as printed,as_printed,expanding,50,1.25,2.5833333333333335,,,,16,30.833333333333336
10,7.0,20.0,as printed,corrected,chronological,100,3.1666666666666665,0.75,,,,16,30.916666666666664
10,2.0,20.0,as printed,corrected,chronological,100,3.1666666666666665,0.75,,,,16,30.916666666666664
10,7.0,20.0,repaired,corrected,chronological,50,3.6666666666666665,0.25,,,,16,30.916666666666664
10,2.0,20.0,repaired,as_printed,test_order,20,1.0833333333333333,2.8333333333333335,,,,16,30.916666666666668
10,2.0,20.0,repaired,as_printed,blocks,20,1.0833333333333333,2.8333333333333335,,,,16,30.916666666666668
10,2.0,20.0,as printed,as_printed,test_order,20,1.0833333333333333,2.8333333333333335,,,,16,30.916666666666668
10,2.0,20.0,as printed,as_printed,blocks,20,1.0833333333333333,2.8333333333333335,,,,16,30.916666666666668
12,2.0,14.0,as printed,corrected,blocks,10,3.125,0.8333333333333334,,,,17,30.958333333333336
12,7.0,14.0,as printed,corrected,blocks,10,3.125,0.8333333333333334,,,,17,30.958333333333336
10,7.0,20.0,repaired,as_printed,blocks,10,1.4166666666666667,2.5833333333333335,,,,16,31.0
10,7.0,20.0,as printed,as_printed,blocks,10,1.4166666666666667,2.5833333333333335,,,,16,31.0
10,7.0,20.0,repaired,as_printed,test_order,10,1.4166666666666667,2.5833333333333335,,,,16,31.0
10,7.0,20.0,as printed,as_printed,test_order,10,1.4166666666666667,2.5833333333333335,,,,16,31.0
10,2.0,20.0,as printed,corrected,per_device_sf,50,3.25,0.75,,,,16,31.0
10,2.0,20.0,repaired,as_printed,expanding,10,1.25,2.8333333333333335,,,,16,31.083333333333336
10,2.0,20.0,repaired,as_printed,expanding,20,1.25,2.8333333333333335,,,,16,31.083333333333336
10,2.0,20.0,repaired,as_printed,expanding,50,1.25,2.8333333333333335,,,,16,31.083333333333336
10,2.0,20.0,repaired,as_printed,expanding,100,1.25,2.8333333333333335,,,,16,31.083333333333336
10,7.0,20.0,as printed,corrected,per_device_sf,50,3.3333333333333335,0.75,,,,16,31.083333333333336
10,2.0,20.0,as printed,as_printed,expanding,50,1.25,2.8333333333333335,,,,16,31.083333333333336
10,2.0,20.0,as printed,as_printed,expanding,10,1.25,2.8333333333333335,,,,16,31.083333333333336
10,2.0,20.0,as printed,as_printed,expanding,100,1.25,2.8333333333333335,,,,16,31.083333333333336
10,2.0,20.0,as printed,as_printed,expanding,20,1.25,2.8333333333333335,,,,16,31.083333333333336
10,2.0,20.0,repaired,corrected,per_device_sf,20,3.9166666666666665,0.25,,,,16,31.166666666666664
10,2.0,20.0,repaired,as_printed,blocks,10,1.4166666666666667,2.8333333333333335,,,,16,31.25
10,7.0,20.0,as printed,as_printed,per_device_max,10,1.6666666666666667,2.5833333333333335,,,,16,31.25
10,7.0,20.0,repaired,as_printed,per_device_max,10,1.6666666666666667,2.5833333333333335,,,,16,31.25
10,7.0,20.0,repaired,as_printed,per_device_max,100,1.6666666666666667,2.5833333333333335,,,,16,31.25
10,7.0,20.0,as printed,as_printed,per_device_max,20,1.6666666666666667,2.5833333333333335,,,,16,31.25
10,7.0,20.0,as printed,as_printed,per_device_max,50,1.6666666666666667,2.5833333333333335,,,,16,31.25
10,2.0,20.0,as printed,as_printed,blocks,10,1.4166666666666667,2.8333333333333335,,,,16,31.25
10,7.0,20.0,repaired,as_printed,per_device_max,50,1.6666666666666667,2.5833333333333335,,,,16,31.25
10,7.0,20.0,repaired,as_printed,per_device_max,20,1.6666666666666667,2.5833333333333335,,,,16,31.25
10,2.0,20.0,repaired,as_printed,test_order,10,1.4166666666666667,2.8333333333333335,,,,16,31.25
10,7.0,20.0,as printed,as_printed,per_device_max,100,1.6666666666666667,2.5833333333333335,,,,16,31.25
10,2.0,20.0,as printed,as_printed,test_order,10,1.4166666666666667,2.8333333333333335,,,,16,31.25
10,7.0,20.0,repaired,corrected,per_device_sf,20,4.083333333333333,0.25,,,,16,31.333333333333332
10,2.0,20.0,repaired,corrected,chronological,20,4.083333333333333,0.25,,,,16,31.333333333333332
10,2.0,20.0,as printed,corrected,chronological,50,3.5833333333333335,0.75,,,,16,31.333333333333336
10,7.0,20.0,as printed,corrected,chronological,50,3.6666666666666665,0.75,,,,16,31.416666666666664
10,7.0,20.0,repaired,corrected,chronological,20,4.166666666666667,0.25,,,,16,31.416666666666668
12,7.0,14.0,as printed,corrected,blocks,20,3.625,0.8333333333333334,,,,17,31.458333333333332
12,2.0,14.0,as printed,corrected,test_order,20,3.625,0.8333333333333334,,,,17,31.458333333333332
12,7.0,14.0,as printed,corrected,test_order,20,3.625,0.8333333333333334,,,,17,31.458333333333332
12,2.0,14.0,as printed,corrected,blocks,20,3.625,0.8333333333333334,,,,17,31.458333333333332
10,2.0,20.0,repaired,as_printed,per_device_max,50,1.6666666666666667,2.8333333333333335,,,,16,31.5
10,2.0,20.0,as printed,as_printed,per_device_max,50,1.6666666666666667,2.8333333333333335,,,,16,31.5
10,2.0,20.0,as printed,as_printed,per_device_max,20,1.6666666666666667,2.8333333333333335,,,,16,31.5
10,2.0,20.0,as printed,as_printed,per_device_max,10,1.6666666666666667,2.8333333333333335,,,,16,31.5
10,2.0,20.0,repaired,as_printed,per_device_max,100,1.6666666666666667,2.8333333333333335,,,,16,31.5
10,2.0,20.0,repaired,as_printed,per_device_max,10,1.6666666666666667,2.8333333333333335,,,,16,31.5
10,2.0,20.0,as printed,as_printed,per_device_max,100,1.6666666666666667,2.8333333333333335,,,,16,31.5
10,2.0,20.0,repaired,as_printed,per_device_max,20,1.6666666666666667,2.8333333333333335,,,,16,31.5
10,7.0,20.0,repaired,corrected,per_device_sf,10,4.333333333333333,0.25,,,,16,31.583333333333332
10,2.0,20.0,repaired,corrected,per_device_sf,10,4.333333333333333,0.25,,,,16,31.583333333333332
10,2.0,20.0,repaired,corrected,chronological,10,4.333333333333333,0.25,,,,16,31.583333333333332
10,2.0,20.0,as printed,corrected,per_device_sf,20,3.9166666666666665,0.75,,,,16,31.666666666666664
10,7.0,20.0,repaired,corrected,chronological,10,4.416666666666667,0.25,,,,16,31.666666666666668
10,2.0,20.0,as printed,corrected,chronological,20,4.083333333333333,0.75,,,,16,31.833333333333332
10,7.0,20.0,as printed,corrected,per_device_sf,20,4.083333333333333,0.75,,,,16,31.833333333333332
12,2.0,14.0,as printed,as_printed,per_device_sf,10,1.0,3.875,,,,18,31.875
12,2.0,14.0,as printed,as_printed,chronological,10,1.0,3.875,,,,18,31.875
12,7.0,14.0,as printed,as_printed,per_device_sf,10,1.0,3.875,,,,18,31.875
12,7.0,14.0,as printed,as_printed,chronological,10,1.0,3.875,,,,18,31.875
10,7.0,20.0,as printed,corrected,chronological,20,4.166666666666667,0.75,,,,16,31.916666666666668
12,2.0,14.0,as printed,corrected,test_order,50,4.125,0.8333333333333334,,,,17,31.958333333333332
12,7.0,14.0,as printed,corrected,test_order,50,4.125,0.8333333333333334,,,,17,31.958333333333332
12,2.0,14.0,as printed,corrected,blocks,50,4.125,0.8333333333333334,,,,17,31.958333333333332
12,7.0,14.0,as printed,corrected,blocks,50,4.125,0.8333333333333334,,,,17,31.958333333333332
12,2.0,20.0,as printed,as_printed,chronological,100,3.75,1.7,2.7083333333333335,149.07011708269886,89.85074510610627,0,32.050419552213846
12,2.0,20.0,repaired,as_printed,chronological,100,3.75,1.7,2.7083333333333335,149.07011708269886,89.85074510610627,0,32.050419552213846
10,2.0,20.0,as printed,corrected,chronological,10,4.333333333333333,0.75,,,,16,32.08333333333333
10,7.0,20.0,as printed,corrected,per_device_sf,10,4.333333333333333,0.75,,,,16,32.08333333333333
10,2.0,20.0,as printed,corrected,per_device_sf,10,4.333333333333333,0.75,,,,16,32.08333333333333
10,7.0,20.0,as printed,as_printed,per_device_sf,100,2.5,2.5833333333333335,,,,16,32.083333333333336
10,7.0,20.0,repaired,as_printed,per_device_sf,100,2.5,2.5833333333333335,,,,16,32.083333333333336
10,7.0,20.0,as printed,corrected,chronological,10,4.416666666666667,0.75,,,,16,32.16666666666667
12,2.0,14.0,as printed,as_printed,chronological,20,1.375,3.875,,,,18,32.25
12,7.0,14.0,as printed,as_printed,chronological,20,1.375,3.875,,,,18,32.25
12,2.0,14.0,as printed,corrected,test_order,100,4.5,0.8333333333333334,,,,17,32.33333333333333
12,2.0,14.0,as printed,corrected,blocks,100,4.5,0.8333333333333334,,,,17,32.33333333333333
12,7.0,14.0,as printed,corrected,test_order,100,4.5,0.8333333333333334,,,,17,32.33333333333333
12,7.0,14.0,as printed,corrected,blocks,100,4.5,0.8333333333333334,,,,17,32.33333333333333
10,2.0,20.0,as printed,as_printed,per_device_sf,100,2.5,2.8333333333333335,,,,16,32.333333333333336
10,2.0,20.0,repaired,as_printed,per_device_sf,100,2.5,2.8333333333333335,,,,16,32.333333333333336
12,2.0,14.0,as printed,as_printed,per_device_sf,20,1.5,3.875,,,,18,32.375
12,7.0,14.0,as printed,as_printed,per_device_sf,20,1.5,3.875,,,,18,32.375
12,2.0,14.0,as printed,as_printed,chronological,50,1.75,3.875,,,,18,32.625
12,7.0,14.0,as printed,as_printed,chronological,50,1.75,3.875,,,,18,32.625
10,7.0,20.0,repaired,as_printed,chronological,100,3.1666666666666665,2.5833333333333335,,,,16,32.75
10,7.0,20.0,as printed,as_printed,chronological,100,3.1666666666666665,2.5833333333333335,,,,16,32.75
12,7.0,14.0,as printed,as_printed,per_device_sf,50,2.0,3.875,,,,18,32.875
12,2.0,14.0,as printed,as_printed,per_device_sf,50,2.0,3.875,,,,18,32.875
10,7.0,20.0,repaired,as_printed,per_device_sf,50,3.3333333333333335,2.5833333333333335,,,,16,32.91666666666667
10,7.0,20.0,as printed,as_printed,per_device_sf,50,3.3333333333333335,2.5833333333333335,,,,16,32.91666666666667
12,2.0,20.0,repaired,as_printed,expanding,100,0.95,1.7,2.7083333333333335,166.0421420396649,110.28392308493562,0,32.990939845793385
12,2.0,20.0,repaired,as_printed,expanding,20,0.95,1.7,2.7083333333333335,166.0421420396649,110.28392308493562,0,32.990939845793385
12,2.0,20.0,as printed,as_printed,expanding,100,0.95,1.7,2.7083333333333335,166.0421420396649,110.28392308493562,0,32.990939845793385
12,2.0,20.0,as printed,as_printed,expanding,50,0.95,1.7,2.7083333333333335,166.0421420396649,110.28392308493562,0,32.990939845793385
12,2.0,20.0,as printed,as_printed,expanding,20,0.95,1.7,2.7083333333333335,166.0421420396649,110.28392308493562,0,32.990939845793385
12,2.0,20.0,repaired,as_printed,expanding,50,0.95,1.7,2.7083333333333335,166.0421420396649,110.28392308493562,0,32.990939845793385
12,2.0,20.0,repaired,as_printed,expanding,10,0.95,1.7,2.7083333333333335,166.0421420396649,110.28392308493562,0,32.990939845793385
12,2.0,20.0,as printed,as_printed,expanding,10,0.95,1.7,2.7083333333333335,166.0421420396649,110.28392308493562,0,32.990939845793385
10,2.0,20.0,repaired,as_printed,chronological,100,3.1666666666666665,2.8333333333333335,,,,16,33.0
10,2.0,20.0,as printed,as_printed,chronological,100,3.1666666666666665,2.8333333333333335,,,,16,33.0
12,7.0,14.0,as printed,as_printed,chronological,100,2.125,3.875,,,,18,33.0
12,2.0,14.0,as printed,as_printed,chronological,100,2.125,3.875,,,,18,33.0
10,2.0,20.0,as printed,as_printed,per_device_sf,50,3.25,2.8333333333333335,,,,16,33.083333333333336
10,2.0,20.0,repaired,as_printed,per_device_sf,50,3.25,2.8333333333333335,,,,16,33.083333333333336
10,7.0,20.0,as printed,as_printed,chronological,50,3.6666666666666665,2.5833333333333335,,,,16,33.25
10,7.0,20.0,repaired,as_printed,chronological,50,3.6666666666666665,2.5833333333333335,,,,16,33.25
10,2.0,20.0,repaired,as_printed,chronological,50,3.5833333333333335,2.8333333333333335,,,,16,33.41666666666667
10,2.0,20.0,as printed,as_printed,chronological,50,3.5833333333333335,2.8333333333333335,,,,16,33.41666666666667
12,7.0,14.0,repaired,corrected,chronological,10,1.0,5.5,,,,18,33.5
12,2.0,14.0,repaired,corrected,chronological,10,1.0,5.5,,,,18,33.5
12,7.0,14.0,as printed,as_printed,per_device_sf,100,2.625,3.875,,,,18,33.5
12,2.0,14.0,repaired,corrected,per_device_sf,10,1.0,5.5,,,,18,33.5
12,7.0,14.0,repaired,corrected,per_device_sf,10,1.0,5.5,,,,18,33.5
12,2.0,14.0,as printed,as_printed,per_device_sf,100,2.625,3.875,,,,18,33.5
10,7.0,20.0,as printed,as_printed,per_device_sf,20,4.083333333333333,2.5833333333333335,,,,16,33.666666666666664
10,7.0,20.0,repaired,as_printed,per_device_sf,20,4.083333333333333,2.5833333333333335,,,,16,33.666666666666664
10,2.0,20.0,repaired,as_printed,per_device_sf,20,3.9166666666666665,2.8333333333333335,,,,16,33.75
10,2.0,20.0,as printed,as_printed,per_device_sf,20,3.9166666666666665,2.8333333333333335,,,,16,33.75
10,7.0,20.0,repaired,as_printed,chronological,20,4.166666666666667,2.5833333333333335,,,,16,33.75
10,7.0,20.0,as printed,as_printed,chronological,20,4.166666666666667,2.5833333333333335,,,,16,33.75
12,2.0,14.0,repaired,corrected,chronological,20,1.375,5.5,,,,18,33.875
12,2.0,14.0,as printed,as_printed,test_order,10,3.0,3.875,,,,18,33.875
12,7.0,14.0,as printed,as_printed,test_order,10,3.0,3.875,,,,18,33.875
12,7.0,14.0,repaired,corrected,chronological,20,1.375,5.5,,,,18,33.875
10,7.0,20.0,as printed,as_printed,per_device_sf,10,4.333333333333333,2.5833333333333335,,,,16,33.916666666666664
10,7.0,20.0,repaired,as_printed,per_device_sf,10,4.333333333333333,2.5833333333333335,,,,16,33.916666666666664
10,2.0,20.0,repaired,as_printed,chronological,20,4.083333333333333,2.8333333333333335,,,,16,33.916666666666664
10,2.0,20.0,as printed,as_printed,chronological,20,4.083333333333333,2.8333333333333335,,,,16,33.916666666666664
12,2.0,14.0,as printed,as_printed,blocks,10,3.125,3.875,,,,18,34.0
12,7.0,14.0,as printed,as_printed,blocks,10,3.125,3.875,,,,18,34.0
12,2.0,14.0,repaired,corrected,per_device_sf,20,1.5,5.5,,,,18,34.0
12,7.0,14.0,repaired,corrected,per_device_sf,20,1.5,5.5,,,,18,34.0
10,7.0,20.0,repaired,as_printed,chronological,10,4.416666666666667,2.5833333333333335,,,,16,34.0
10,7.0,20.0,as printed,as_printed,chronological,10,4.416666666666667,2.5833333333333335,,,,16,34.0
10,2.0,20.0,as printed,as_printed,per_device_sf,10,4.333333333333333,2.8333333333333335,,,,16,34.166666666666664
10,2.0,20.0,as printed,as_printed,chronological,10,4.333333333333333,2.8333333333333335,,,,16,34.166666666666664
10,2.0,20.0,repaired,as_printed,per_device_sf,10,4.333333333333333,2.8333333333333335,,,,16,34.166666666666664
10,2.0,20.0,repaired,as_printed,chronological,10,4.333333333333333,2.8333333333333335,,,,16,34.166666666666664
12,7.0,14.0,repaired,corrected,chronological,50,1.75,5.5,,,,18,34.25
12,2.0,14.0,repaired,corrected,chronological,50,1.75,5.5,,,,18,34.25
12,7.0,14.0,as printed,corrected,per_device_max,20,6.5,0.8333333333333334,,,,17,34.33333333333333
12,7.0,14.0,as printed,corrected,per_device_max,50,6.5,0.8333333333333334,,,,17,34.33333333333333
12,7.0,14.0,as printed,corrected,per_device_max,100,6.5,0.8333333333333334,,,,17,34.33333333333333
12,7.0,14.0,as printed,corrected,expanding,10,6.5,0.8333333333333334,,,,17,34.33333333333333
12,2.0,14.0,as printed,corrected,expanding,10,6.5,0.8333333333333334,,,,17,34.33333333333333
12,2.0,14.0,as printed,corrected,per_device_max,10,6.5,0.8333333333333334,,,,17,34.33333333333333
12,2.0,14.0,as printed,corrected,per_device_max,50,6.5,0.8333333333333334,,,,17,34.33333333333333
12,2.0,14.0,as printed,corrected,per_device_max,100,6.5,0.8333333333333334,,,,17,34.33333333333333
12,2.0,14.0,as printed,corrected,expanding,100,6.5,0.8333333333333334,,,,17,34.33333333333333
12,2.0,14.0,as printed,corrected,expanding,20,6.5,0.8333333333333334,,,,17,34.33333333333333
12,2.0,14.0,as printed,corrected,expanding,50,6.5,0.8333333333333334,,,,17,34.33333333333333
12,7.0,14.0,as printed,corrected,expanding,20,6.5,0.8333333333333334,,,,17,34.33333333333333
12,7.0,14.0,as printed,corrected,expanding,50,6.5,0.8333333333333334,,,,17,34.33333333333333
12,7.0,14.0,as printed,corrected,expanding,100,6.5,0.8333333333333334,,,,17,34.33333333333333
12,7.0,14.0,as printed,corrected,per_device_max,10,6.5,0.8333333333333334,,,,17,34.33333333333333
12,2.0,14.0,as printed,corrected,per_device_max,20,6.5,0.8333333333333334,,,,17,34.33333333333333
12,7.0,14.0,as printed,as_printed,blocks,20,3.625,3.875,,,,18,34.5
12,2.0,14.0,as printed,as_printed,test_order,20,3.625,3.875,,,,18,34.5
12,2.0,14.0,as printed,as_printed,blocks,20,3.625,3.875,,,,18,34.5
12,2.0,14.0,repaired,corrected,per_device_sf,50,2.0,5.5,,,,18,34.5
12,7.0,14.0,as printed,as_printed,test_order,20,3.625,3.875,,,,18,34.5
12,7.0,14.0,repaired,corrected,per_device_sf,50,2.0,5.5,,,,18,34.5
12,7.0,14.0,repaired,corrected,chronological,100,2.125,5.5,,,,18,34.625
12,2.0,14.0,repaired,corrected,chronological,100,2.125,5.5,,,,18,34.625
12,7.0,14.0,as printed,as_printed,test_order,50,4.125,3.875,,,,18,35.0
12,2.0,14.0,as printed,as_printed,test_order,50,4.125,3.875,,,,18,35.0
12,2.0,14.0,as printed,as_printed,blocks,50,4.125,3.875,,,,18,35.0
12,7.0,14.0,as printed,as_printed,blocks,50,4.125,3.875,,,,18,35.0
12,2.0,14.0,repaired,corrected,per_device_sf,100,2.625,5.5,,,,18,35.125
12,7.0,14.0,repaired,corrected,per_device_sf,100,2.625,5.5,,,,18,35.125
12,7.0,14.0,as printed,as_printed,test_order,100,4.5,3.875,,,,18,35.375
12,7.0,14.0,as printed,as_printed,blocks,100,4.5,3.875,,,,18,35.375
12,2.0,14.0,as printed,as_printed,blocks,100,4.5,3.875,,,,18,35.375
12,2.0,14.0,as printed,as_printed,test_order,100,4.5,3.875,,,,18,35.375
12,2.0,14.0,repaired,corrected,test_order,10,3.0,5.5,,,,18,35.5
12,7.0,14.0,repaired,corrected,test_order,10,3.0,5.5,,,,18,35.5
12,7.0,20.0,as printed,as_printed,per_device_max,10,1.2,1.7,1.875,180.85241486735603,127.21130039041593,0,35.5813715257772
12,7.0,20.0,as printed,as_printed,per_device_max,50,1.2,1.7,1.875,180.85241486735603,127.21130039041593,0,35.5813715257772
12,7.0,20.0,repaired,as_printed,per_device_max,10,1.2,1.7,1.875,180.85241486735603,127.21130039041593,0,35.5813715257772
12,7.0,20.0,as printed,as_printed,per_device_max,100,1.2,1.7,1.875,180.85241486735603,127.21130039041593,0,35.5813715257772
12,7.0,20.0,repaired,as_printed,per_device_max,20,1.2,1.7,1.875,180.85241486735603,127.21130039041593,0,35.5813715257772
12,7.0,20.0,as printed,as_printed,per_device_max,20,1.2,1.7,1.875,180.85241486735603,127.21130039041593,0,35.5813715257772
12,7.0,20.0,repaired,as_printed,per_device_max,50,1.2,1.7,1.875,180.85241486735603,127.21130039041593,0,35.5813715257772
12,7.0,20.0,repaired,as_printed,per_device_max,100,1.2,1.7,1.875,180.85241486735603,127.21130039041593,0,35.5813715257772
12,7.0,14.0,repaired,corrected,blocks,10,3.125,5.5,,,,18,35.625
12,2.0,14.0,repaired,corrected,blocks,10,3.125,5.5,,,,18,35.625
12,7.0,14.0,repaired,corrected,blocks,20,3.625,5.5,,,,18,36.125
12,2.0,14.0,repaired,corrected,test_order,20,3.625,5.5,,,,18,36.125
12,2.0,14.0,repaired,corrected,blocks,20,3.625,5.5,,,,18,36.125
12,7.0,14.0,repaired,corrected,test_order,20,3.625,5.5,,,,18,36.125
12,7.0,20.0,repaired,as_printed,per_device_sf,20,4.75,1.7,1.875,169.31347504607353,109.53288147043259,0,36.20963565165061
12,7.0,20.0,as printed,as_printed,per_device_sf,20,4.75,1.7,1.875,169.31347504607353,109.53288147043259,0,36.20963565165061
12,7.0,20.0,repaired,as_printed,chronological,50,4.35,1.7,1.875,176.6324763320539,108.63929375991582,0,36.45217700919697
12,7.0,20.0,as printed,as_printed,chronological,50,4.35,1.7,1.875,176.6324763320539,108.63929375991582,0,36.45217700919697
12,7.0,14.0,repaired,as_printed,per_device_sf,10,1.0,8.5,,,,18,36.5
11,7.0,14.0,as printed,corrected,expanding,20,,0.5,,,,20,36.5
11,7.0,14.0,as printed,corrected,expanding,10,,0.5,,,,20,36.5
11,7.0,14.0,as printed,corrected,expanding,50,,0.5,,,,20,36.5
11,7.0,14.0,as printed,corrected,expanding,100,,0.5,,,,20,36.5
11,7.0,14.0,as printed,corrected,test_order,10,,0.5,,,,20,36.5
11,7.0,14.0,as printed,corrected,per_device_sf,20,,0.5,,,,20,36.5
11,7.0,14.0,as printed,corrected,per_device_sf,10,,0.5,,,,20,36.5
11,7.0,14.0,as printed,corrected,test_order,50,,0.5,,,,20,36.5
11,7.0,14.0,as printed,corrected,test_order,100,,0.5,,,,20,36.5
11,7.0,14.0,as printed,corrected,per_device_sf,50,,0.5,,,,20,36.5
11,7.0,14.0,as printed,corrected,test_order,20,,0.5,,,,20,36.5
11,7.0,14.0,as printed,corrected,chronological,10,,0.5,,,,20,36.5
11,7.0,14.0,as printed,corrected,chronological,20,,0.5,,,,20,36.5
11,7.0,14.0,as printed,corrected,chronological,100,,0.5,,,,20,36.5
11,7.0,14.0,as printed,corrected,chronological,50,,0.5,,,,20,36.5
11,2.0,14.0,as printed,corrected,chronological,20,,0.5,,,,20,36.5
11,2.0,14.0,as printed,corrected,test_order,50,,0.5,,,,20,36.5
11,2.0,14.0,as printed,corrected,per_device_sf,50,,0.5,,,,20,36.5
11,2.0,14.0,as printed,corrected,per_device_sf,100,,0.5,,,,20,36.5
11,2.0,14.0,as printed,corrected,blocks,10,,0.5,,,,20,36.5
12,7.0,14.0,repaired,as_printed,chronological,10,1.0,8.5,,,,18,36.5
11,2.0,14.0,as printed,corrected,per_device_sf,10,,0.5,,,,20,36.5
11,2.0,14.0,as printed,corrected,per_device_sf,20,,0.5,,,,20,36.5
11,2.0,14.0,as printed,corrected,chronological,100,,0.5,,,,20,36.5
11,2.0,14.0,as printed,corrected,chronological,50,,0.5,,,,20,36.5
11,2.0,14.0,as printed,corrected,test_order,100,,0.5,,,,20,36.5
11,2.0,14.0,as printed,corrected,chronological,10,,0.5,,,,20,36.5
11,2.0,14.0,as printed,corrected,per_device_max,50,,0.5,,,,20,36.5
11,2.0,14.0,as printed,corrected,expanding,20,,0.5,,,,20,36.5
11,2.0,14.0,as printed,corrected,expanding,10,,0.5,,,,20,36.5
11,2.0,14.0,as printed,corrected,per_device_max,100,,0.5,,,,20,36.5
11,7.0,14.0,as printed,corrected,per_device_max,50,,0.5,,,,20,36.5
11,7.0,14.0,as printed,corrected,blocks,50,,0.5,,,,20,36.5
11,7.0,14.0,as printed,corrected,blocks,10,,0.5,,,,20,36.5
11,2.0,14.0,as printed,corrected,expanding,50,,0.5,,,,20,36.5
11,2.0,14.0,as printed,corrected,expanding,100,,0.5,,,,20,36.5
11,2.0,14.0,as printed,corrected,test_order,10,,0.5,,,,20,36.5
11,2.0,14.0,as printed,corrected,test_order,20,,0.5,,,,20,36.5
11,2.0,14.0,as printed,corrected,blocks,20,,0.5,,,,20,36.5
11,2.0,14.0,as printed,corrected,blocks,50,,0.5,,,,20,36.5
11,2.0,14.0,as printed,corrected,blocks,100,,0.5,,,,20,36.5
11,2.0,14.0,as printed,corrected,per_device_max,10,,0.5,,,,20,36.5
11,2.0,14.0,as printed,corrected,per_device_max,20,,0.5,,,,20,36.5
12,2.0,14.0,repaired,as_printed,chronological,10,1.0,8.5,,,,18,36.5
12,2.0,14.0,repaired,as_printed,per_device_sf,10,1.0,8.5,,,,18,36.5
11,7.0,14.0,as printed,corrected,per_device_sf,100,,0.5,,,,20,36.5
11,7.0,14.0,as printed,corrected,per_device_max,100,,0.5,,,,20,36.5
11,7.0,14.0,as printed,corrected,blocks,100,,0.5,,,,20,36.5
11,7.0,14.0,as printed,corrected,per_device_max,20,,0.5,,,,20,36.5
11,7.0,14.0,as printed,corrected,per_device_max,10,,0.5,,,,20,36.5
11,7.0,14.0,as printed,corrected,blocks,20,,0.5,,,,20,36.5
12,2.0,14.0,repaired,corrected,test_order,50,4.125,5.5,,,,18,36.625
12,7.0,14.0,repaired,corrected,test_order,50,4.125,5.5,,,,18,36.625
12,7.0,14.0,repaired,corrected,blocks,50,4.125,5.5,,,,18,36.625
12,2.0,14.0,repaired,corrected,blocks,50,4.125,5.5,,,,18,36.625
12,7.0,14.0,repaired,as_printed,chronological,20,1.375,8.5,,,,18,36.875
12,2.0,14.0,repaired,as_printed,chronological,20,1.375,8.5,,,,18,36.875
12,7.0,14.0,repaired,as_printed,per_device_sf,20,1.5,8.5,,,,18,37.0
12,2.0,14.0,repaired,corrected,test_order,100,4.5,5.5,,,,18,37.0
12,2.0,14.0,repaired,as_printed,per_device_sf,20,1.5,8.5,,,,18,37.0
12,2.0,14.0,repaired,corrected,blocks,100,4.5,5.5,,,,18,37.0
12,7.0,14.0,repaired,corrected,test_order,100,4.5,5.5,,,,18,37.0
12,7.0,14.0,repaired,corrected,blocks,100,4.5,5.5,,,,18,37.0
12,2.0,14.0,repaired,as_printed,chronological,50,1.75,8.5,,,,18,37.25
12,7.0,14.0,repaired,as_printed,chronological,50,1.75,8.5,,,,18,37.25
12,2.0,14.0,as printed,as_printed,expanding,50,6.5,3.875,,,,18,37.375
12,2.0,14.0,as printed,as_printed,expanding,20,6.5,3.875,,,,18,37.375
12,2.0,14.0,as printed,as_printed,expanding,100,6.5,3.875,,,,18,37.375
12,2.0,14.0,as printed,as_printed,per_device_max,20,6.5,3.875,,,,18,37.375
12,2.0,14.0,as printed,as_printed,per_device_max,100,6.5,3.875,,,,18,37.375
12,2.0,14.0,as printed,as_printed,per_device_max,50,6.5,3.875,,,,18,37.375
12,2.0,14.0,as printed,as_printed,expanding,10,6.5,3.875,,,,18,37.375
12,2.0,14.0,as printed,as_printed,per_device_max,10,6.5,3.875,,,,18,37.375
12,7.0,14.0,as printed,as_printed,expanding,100,6.5,3.875,,,,18,37.375
12,7.0,14.0,as printed,as_printed,per_device_max,50,6.5,3.875,,,,18,37.375
12,7.0,14.0,as printed,as_printed,per_device_max,20,6.5,3.875,,,,18,37.375
12,7.0,14.0,as printed,as_printed,per_device_max,10,6.5,3.875,,,,18,37.375
12,7.0,14.0,as printed,as_printed,expanding,10,6.5,3.875,,,,18,37.375
12,7.0,14.0,as printed,as_printed,expanding,20,6.5,3.875,,,,18,37.375
12,7.0,14.0,as printed,as_printed,expanding,50,6.5,3.875,,,,18,37.375
12,7.0,14.0,as printed,as_printed,per_device_max,100,6.5,3.875,,,,18,37.375
12,7.0,14.0,repaired,as_printed,per_device_sf,50,2.0,8.5,,,,18,37.5
12,2.0,14.0,repaired,as_printed,per_device_sf,50,2.0,8.5,,,,18,37.5
12,2.0,14.0,repaired,as_printed,chronological,100,2.125,8.5,,,,18,37.625
12,7.0,14.0,repaired,as_printed,chronological,100,2.125,8.5,,,,18,37.625
12,2.0,20.0,repaired,as_printed,per_device_max,10,1.2,1.7,2.7083333333333335,190.1358451178077,134.11609122182566,0,38.033526967296666
12,2.0,20.0,repaired,as_printed,per_device_max,20,1.2,1.7,2.7083333333333335,190.1358451178077,134.11609122182566,0,38.033526967296666
12,2.0,20.0,repaired,as_printed,per_device_max,50,1.2,1.7,2.7083333333333335,190.1358451178077,134.11609122182566,0,38.033526967296666
12,2.0,20.0,as printed,as_printed,per_device_max,10,1.2,1.7,2.7083333333333335,190.1358451178077,134.11609122182566,0,38.033526967296666
12,2.0,20.0,as printed,as_printed,per_device_max,100,1.2,1.7,2.7083333333333335,190.1358451178077,134.11609122182566,0,38.033526967296666
12,2.0,20.0,as printed,as_printed,per_device_max,50,1.2,1.7,2.7083333333333335,190.1358451178077,134.11609122182566,0,38.033526967296666
12,2.0,20.0,as printed,as_printed,per_device_max,20,1.2,1.7,2.7083333333333335,190.1358451178077,134.11609122182566,0,38.033526967296666
12,2.0,20.0,repaired,as_printed,per_device_max,100,1.2,1.7,2.7083333333333335,190.1358451178077,134.11609122182566,0,38.033526967296666
12,7.0,14.0,repaired,as_printed,per_device_sf,100,2.625,8.5,,,,18,38.125
12,2.0,14.0,repaired,as_printed,per_device_sf,100,2.625,8.5,,,,18,38.125
12,2.0,20.0,as printed,as_printed,per_device_sf,20,4.65,1.7,2.7083333333333335,178.15041749609634,115.81860828219361,0,38.455235911162326
12,2.0,20.0,repaired,as_printed,per_device_sf,20,4.65,1.7,2.7083333333333335,178.15041749609634,115.81860828219361,0,38.455235911162326
12,7.0,14.0,repaired,as_printed,test_order,10,3.0,8.5,,,,18,38.5
12,2.0,14.0,repaired,as_printed,test_order,10,3.0,8.5,,,,18,38.5
12,7.0,14.0,repaired,as_printed,blocks,10,3.125,8.5,,,,18,38.625
12,2.0,14.0,repaired,as_printed,blocks,10,3.125,8.5,,,,18,38.625
12,2.0,20.0,repaired,as_printed,chronological,50,4.3,1.7,2.7083333333333335,185.75262025778648,114.89372885930793,0,38.772968245042776
12,2.0,20.0,as printed,as_printed,chronological,50,4.3,1.7,2.7083333333333335,185.75262025778648,114.89372885930793,0,38.772968245042776
12,2.0,14.0,repaired,corrected,per_device_max,20,6.5,5.5,,,,18,39.0
12,2.0,14.0,repaired,corrected,expanding,100,6.5,5.5,,,,18,39.0
12,2.0,14.0,repaired,corrected,expanding,50,6.5,5.5,,,,18,39.0
12,2.0,14.0,repaired,corrected,expanding,20,6.5,5.5,,,,18,39.0
12,2.0,14.0,repaired,corrected,expanding,10,6.5,5.5,,,,18,39.0
12,2.0,14.0,repaired,corrected,per_device_max,10,6.5,5.5,,,,18,39.0
12,2.0,14.0,repaired,corrected,per_device_max,100,6.5,5.5,,,,18,39.0
12,2.0,14.0,repaired,corrected,per_device_max,50,6.5,5.5,,,,18,39.0
12,7.0,14.0,repaired,corrected,per_device_max,10,6.5,5.5,,,,18,39.0
12,7.0,14.0,repaired,corrected,per_device_max,100,6.5,5.5,,,,18,39.0
12,7.0,14.0,repaired,corrected,expanding,20,6.5,5.5,,,,18,39.0
12,7.0,14.0,repaired,corrected,expanding,50,6.5,5.5,,,,18,39.0
12,7.0,14.0,repaired,corrected,expanding,100,6.5,5.5,,,,18,39.0
12,7.0,14.0,repaired,corrected,expanding,10,6.5,5.5,,,,18,39.0
12,7.0,14.0,repaired,corrected,per_device_max,50,6.5,5.5,,,,18,39.0
12,7.0,14.0,repaired,corrected,per_device_max,20,6.5,5.5,,,,18,39.0
12,2.0,14.0,repaired,as_printed,test_order,20,3.625,8.5,,,,18,39.125
12,7.0,14.0,repaired,as_printed,test_order,20,3.625,8.5,,,,18,39.125
12,7.0,14.0,repaired,as_printed,blocks,20,3.625,8.5,,,,18,39.125
12,2.0,14.0,repaired,as_printed,blocks,20,3.625,8.5,,,,18,39.125
12,7.0,14.0,repaired,as_printed,test_order,50,4.125,8.5,,,,18,39.625
12,2.0,14.0,repaired,as_printed,test_order,50,4.125,8.5,,,,18,39.625
12,7.0,14.0,repaired,as_printed,blocks,50,4.125,8.5,,,,18,39.625
12,2.0,14.0,repaired,as_printed,blocks,50,4.125,8.5,,,,18,39.625
12,7.0,14.0,repaired,as_printed,test_order,100,4.5,8.5,,,,18,40.0
12,2.0,14.0,repaired,as_printed,blocks,100,4.5,8.5,,,,18,40.0
12,2.0,14.0,repaired,as_printed,test_order,100,4.5,8.5,,,,18,40.0
12,7.0,14.0,repaired,as_printed,blocks,100,4.5,8.5,,,,18,40.0
12,7.0,20.0,repaired,as_printed,per_device_sf,10,5.2,1.7,1.875,193.48084924705358,120.33343516482121,0,40.15642844118748
12,7.0,20.0,as printed,as_printed,per_device_sf,10,5.2,1.7,1.875,193.48084924705358,120.33343516482121,0,40.15642844118748
12,7.0,20.0,as printed,as_printed,chronological,20,4.9,1.7,1.875,200.9913015130519,130.9207119881843,0,41.66620135012362
12,7.0,20.0,repaired,as_printed,chronological,20,4.9,1.7,1.875,200.9913015130519,130.9207119881843,0,41.66620135012362
12,2.0,14.0,repaired,as_printed,expanding,20,6.5,8.5,,,,18,42.0
12,2.0,14.0,repaired,as_printed,expanding,10,6.5,8.5,,,,18,42.0
12,2.0,14.0,repaired,as_printed,per_device_max,50,6.5,8.5,,,,18,42.0
12,2.0,14.0,repaired,as_printed,per_device_max,100,6.5,8.5,,,,18,42.0
12,2.0,14.0,repaired,as_printed,expanding,100,6.5,8.5,,,,18,42.0
12,2.0,14.0,repaired,as_printed,expanding,50,6.5,8.5,,,,18,42.0
12,2.0,14.0,repaired,as_printed,per_device_max,10,6.5,8.5,,,,18,42.0
12,2.0,14.0,repaired,as_printed,per_device_max,20,6.5,8.5,,,,18,42.0
12,7.0,14.0,repaired,as_printed,per_device_max,20,6.5,8.5,,,,18,42.0
12,7.0,14.0,repaired,as_printed,per_device_max,10,6.5,8.5,,,,18,42.0
12,7.0,14.0,repaired,as_printed,expanding,100,6.5,8.5,,,,18,42.0
12,7.0,14.0,repaired,as_printed,expanding,50,6.5,8.5,,,,18,42.0
12,7.0,14.0,repaired,as_printed,expanding,10,6.5,8.5,,,,18,42.0
12,7.0,14.0,repaired,as_printed,expanding,20,6.5,8.5,,,,18,42.0
12,7.0,14.0,repaired,as_printed,per_device_max,50,6.5,8.5,,,,18,42.0
12,7.0,14.0,repaired,as_printed,per_device_max,100,6.5,8.5,,,,18,42.0
12,2.0,20.0,as printed,as_printed,per_device_sf,10,5.15,1.7,2.7083333333333335,203.25296702942106,126.99737646594035,0,42.58336768286947
12,2.0,20.0,repaired,as_printed,per_device_sf,10,5.15,1.7,2.7083333333333335,203.25296702942106,126.99737646594035,0,42.58336768286947
12,2.0,20.0,repaired,as_printed,chronological,20,4.8,1.7,2.7083333333333335,211.05400364061256,137.95539923536742,0,44.10927362093133
12,2.0,20.0,as printed,as_printed,chronological,20,4.8,1.7,2.7083333333333335,211.05400364061256,137.95539923536742,0,44.10927362093133
12,7.0,20.0,repaired,as_printed,chronological,10,5.25,1.7,1.875,213.944938367152,139.44832520200453,0,44.16432635691565
12,7.0,20.0,as printed,as_printed,chronological,10,5.25,1.7,1.875,213.944938367152,139.44832520200453,0,44.16432635691565
11,7.0,14.0,repaired,as_printed,per_device_max,50,,,,,,22,45.0
11,7.0,14.0,repaired,as_printed,blocks,10,,,,,,22,45.0
11,7.0,14.0,repaired,as_printed,per_device_sf,100,,,,,,22,45.0
11,7.0,14.0,repaired,as_printed,per_device_sf,50,,,,,,22,45.0
11,7.0,14.0,repaired,as_printed,per_device_sf,20,,,,,,22,45.0
11,7.0,14.0,repaired,as_printed,per_device_sf,10,,,,,,22,45.0
11,7.0,14.0,as printed,as_printed,expanding,100,,,,,,22,45.0
11,7.0,14.0,as printed,as_printed,expanding,50,,,,,,22,45.0
11,7.0,14.0,repaired,as_printed,expanding,20,,,,,,22,45.0
11,7.0,14.0,repaired,as_printed,expanding,10,,,,,,22,45.0
11,7.0,14.0,repaired,as_printed,per_device_max,100,,,,,,22,45.0
11,7.0,14.0,repaired,as_printed,blocks,20,,,,,,22,45.0
11,7.0,14.0,repaired,as_printed,per_device_max,20,,,,,,22,45.0
11,7.0,14.0,repaired,as_printed,per_device_max,10,,,,,,22,45.0
11,7.0,14.0,repaired,as_printed,blocks,100,,,,,,22,45.0
11,7.0,14.0,repaired,as_printed,blocks,50,,,,,,22,45.0
11,7.0,14.0,repaired,as_printed,chronological,20,,,,,,22,45.0
11,7.0,14.0,repaired,as_printed,chronological,10,,,,,,22,45.0
11,7.0,14.0,repaired,as_printed,test_order,100,,,,,,22,45.0
11,7.0,14.0,repaired,as_printed,test_order,50,,,,,,22,45.0
11,7.0,14.0,repaired,as_printed,test_order,20,,,,,,22,45.0
11,7.0,14.0,repaired,as_printed,test_order,10,,,,,,22,45.0
10,2.0,14.0,repaired,as_printed,expanding,50,,,,,,22,45.0
10,2.0,14.0,repaired,as_printed,per_device_max,10,,,,,,22,45.0
10,2.0,14.0,repaired,as_printed,blocks,100,,,,,,22,45.0
10,2.0,14.0,repaired,as_printed,blocks,50,,,,,,22,45.0
10,2.0,14.0,repaired,as_printed,blocks,20,,,,,,22,45.0
10,2.0,14.0,repaired,as_printed,chronological,10,,,,,,22,45.0
10,2.0,14.0,repaired,as_printed,test_order,100,,,,,,22,45.0
10,2.0,14.0,repaired,as_printed,test_order,50,,,,,,22,45.0
10,2.0,14.0,repaired,as_printed,test_order,20,,,,,,22,45.0
10,2.0,14.0,repaired,as_printed,test_order,10,,,,,,22,45.0
10,2.0,14.0,repaired,as_printed,expanding,100,,,,,,22,45.0
11,7.0,14.0,repaired,as_printed,expanding,100,,,,,,22,45.0
10,2.0,14.0,repaired,as_printed,expanding,20,,,,,,22,45.0
11,7.0,14.0,as printed,as_printed,expanding,20,,,,,,22,45.0
11,7.0,14.0,as printed,as_printed,expanding,10,,,,,,22,45.0
11,7.0,14.0,as printed,as_printed,per_device_max,100,,,,,,22,45.0
11,7.0,14.0,as printed,as_printed,per_device_max,50,,,,,,22,45.0
11,7.0,14.0,as printed,as_printed,per_device_max,20,,,,,,22,45.0
11,7.0,14.0,as printed,as_printed,per_device_max,10,,,,,,22,45.0
11,7.0,14.0,as printed,as_printed,blocks,100,,,,,,22,45.0
11,7.0,14.0,as printed,as_printed,blocks,50,,,,,,22,45.0
10,7.0,14.0,repaired,corrected,expanding,100,,,,,,22,45.0
10,7.0,14.0,as printed,as_printed,chronological,100,,,,,,22,45.0
10,7.0,14.0,as printed,as_printed,chronological,50,,,,,,22,45.0
10,7.0,14.0,as printed,corrected,expanding,20,,,,,,22,45.0
10,7.0,14.0,as printed,corrected,expanding,10,,,,,,22,45.0
10,7.0,14.0,as printed,corrected,per_device_max,100,,,,,,22,45.0
10,7.0,14.0,as printed,corrected,per_device_max,50,,,,,,22,45.0
10,7.0,14.0,as printed,corrected,per_device_max,20,,,,,,22,45.0
10,7.0,14.0,as printed,corrected,per_device_max,10,,,,,,22,45.0
10,7.0,14.0,as printed,corrected,blocks,100,,,,,,22,45.0
10,7.0,14.0,as printed,corrected,blocks,50,,,,,,22,45.0
10,7.0,14.0,as printed,corrected,per_device_sf,10,,,,,,22,45.0
10,7.0,14.0,repaired,corrected,expanding,50,,,,,,22,45.0
10,7.0,14.0,repaired,corrected,expanding,20,,,,,,22,45.0
10,7.0,14.0,repaired,corrected,expanding,10,,,,,,22,45.0
10,7.0,14.0,repaired,corrected,per_device_max,100,,,,,,22,45.0
10,7.0,14.0,repaired,corrected,per_device_max,50,,,,,,22,45.0
10,7.0,14.0,repaired,corrected,per_device_max,20,,,,,,22,45.0
10,7.0,14.0,repaired,corrected,per_device_max,10,,,,,,22,45.0
10,7.0,14.0,repaired,corrected,chronological,100,,,,,,22,45.0
10,7.0,14.0,repaired,corrected,chronological,50,,,,,,22,45.0
10,7.0,14.0,as printed,as_printed,chronological,10,,,,,,22,45.0
11,7.0,14.0,repaired,as_printed,expanding,50,,,,,,22,45.0
10,7.0,14.0,as printed,as_printed,expanding,100,,,,,,22,45.0
10,7.0,14.0,as printed,as_printed,expanding,50,,,,,,22,45.0
10,7.0,14.0,as printed,as_printed,expanding,20,,,,,,22,45.0
10,7.0,14.0,as printed,as_printed,expanding,10,,,,,,22,45.0
10,7.0,14.0,as printed,as_printed,per_device_max,100,,,,,,22,45.0
10,7.0,14.0,as printed,as_printed,per_device_max,50,,,,,,22,45.0
10,7.0,14.0,as printed,as_printed,per_device_max,20,,,,,,22,45.0
10,7.0,14.0,as printed,as_printed,per_device_max,10,,,,,,22,45.0
10,7.0,14.0,as printed,as_printed,chronological,20,,,,,,22,45.0
10,2.0,14.0,repaired,as_printed,per_device_max,20,,,,,,22,45.0
10,7.0,14.0,as printed,as_printed,test_order,100,,,,,,22,45.0
10,7.0,14.0,as printed,as_printed,test_order,50,,,,,,22,45.0
10,7.0,14.0,as printed,as_printed,test_order,20,,,,,,22,45.0
10,7.0,14.0,as printed,as_printed,test_order,10,,,,,,22,45.0
10,7.0,14.0,as printed,corrected,blocks,20,,,,,,22,45.0
10,7.0,14.0,as printed,corrected,blocks,10,,,,,,22,45.0
10,7.0,14.0,as printed,corrected,per_device_sf,100,,,,,,22,45.0
10,7.0,14.0,as printed,corrected,per_device_sf,50,,,,,,22,45.0
10,7.0,14.0,as printed,corrected,per_device_sf,20,,,,,,22,45.0
10,2.0,14.0,as printed,as_printed,expanding,50,,,,,,22,45.0
11,7.0,14.0,repaired,corrected,chronological,50,,,,,,22,45.0
10,2.0,14.0,as printed,as_printed,per_device_max,20,,,,,,22,45.0
10,2.0,14.0,as printed,as_printed,per_device_max,10,,,,,,22,45.0
10,2.0,14.0,as printed,as_printed,blocks,100,,,,,,22,45.0
11,7.0,14.0,repaired,corrected,per_device_max,20,,,,,,22,45.0
10,2.0,14.0,as printed,as_printed,blocks,20,,,,,,22,45.0
10,2.0,14.0,as printed,as_printed,blocks,10,,,,,,22,45.0
10,2.0,14.0,as printed,as_printed,per_device_sf,100,,,,,,22,45.0
10,2.0,14.0,as printed,as_printed,per_device_sf,50,,,,,,22,45.0
10,2.0,14.0,as printed,as_printed,expanding,100,,,,,,22,45.0
11,7.0,14.0,repaired,corrected,chronological,100,,,,,,22,45.0
10,2.0,14.0,as printed,as_printed,expanding,20,,,,,,22,45.0
10,2.0,14.0,as printed,as_printed,expanding,10,,,,,,22,45.0
10,2.0,14.0,as printed,as_printed,per_device_max,100,,,,,,22,45.0
10,2.0,14.0,as printed,as_printed,per_device_max,50,,,,,,22,45.0
10,2.0,14.0,repaired,corrected,blocks,10,,,,,,22,45.0
10,2.0,14.0,repaired,corrected,per_device_sf,100,,,,,,22,45.0
10,2.0,14.0,repaired,corrected,per_device_sf,50,,,,,,22,45.0
10,2.0,14.0,repaired,corrected,per_device_sf,20,,,,,,22,45.0
10,2.0,14.0,repaired,corrected,per_device_sf,10,,,,,,22,45.0
11,7.0,14.0,as printed,as_printed,per_device_sf,100,,,,,,22,45.0
11,7.0,14.0,repaired,corrected,chronological,20,,,,,,22,45.0
11,7.0,14.0,repaired,corrected,chronological,10,,,,,,22,45.0
11,7.0,14.0,repaired,corrected,test_order,100,,,,,,22,45.0
11,7.0,14.0,repaired,corrected,test_order,50,,,,,,22,45.0
11,7.0,14.0,repaired,corrected,test_order,20,,,,,,22,45.0
11,7.0,14.0,repaired,corrected,test_order,10,,,,,,22,45.0
11,7.0,14.0,repaired,corrected,expanding,100,,,,,,22,45.0
11,7.0,14.0,repaired,corrected,expanding,50,,,,,,22,45.0
11,7.0,14.0,as printed,as_printed,blocks,20,,,,,,22,45.0
11,7.0,14.0,as printed,as_printed,blocks,10,,,,,,22,45.0
10,2.0,14.0,repaired,as_printed,chronological,100,,,,,,22,45.0
11,7.0,14.0,as printed,as_printed,per_device_sf,50,,,,,,22,45.0
11,2.0,14.0,as printed,as_printed,blocks,50,,,,,,22,45.0
10,2.0,14.0,repaired,corrected,test_order,20,,,,,,22,45.0
10,2.0,14.0,as printed,as_printed,test_order,10,,,,,,22,45.0
11,7.0,14.0,as printed,as_printed,chronological,50,,,,,,22,45.0
10,2.0,14.0,as printed,as_printed,blocks,50,,,,,,22,45.0
10,2.0,14.0,as printed,corrected,test_order,10,,,,,,22,45.0
11,7.0,14.0,as printed,as_printed,per_device_sf,20,,,,,,22,45.0
11,7.0,14.0,as printed,as_printed,per_device_sf,10,,,,,,22,45.0
10,2.0,14.0,repaired,as_printed,blocks,10,,,,,,22,45.0
10,2.0,14.0,repaired,corrected,test_order,100,,,,,,22,45.0
10,2.0,14.0,repaired,corrected,test_order,50,,,,,,22,45.0
10,7.0,14.0,as printed,corrected,chronological,20,,,,,,22,45.0
10,7.0,14.0,as printed,corrected,chronological,10,,,,,,22,45.0
10,7.0,14.0,as printed,corrected,test_order,100,,,,,,22,45.0
10,7.0,14.0,as printed,corrected,test_order,50,,,,,,22,45.0
10,7.0,14.0,as printed,corrected,test_order,20,,,,,,22,45.0
10,7.0,14.0,as printed,corrected,test_order,10,,,,,,22,45.0
10,7.0,14.0,as printed,corrected,expanding,100,,,,,,22,45.0
10,7.0,14.0,as printed,corrected,expanding,50,,,,,,22,45.0
10,2.0,14.0,repaired,corrected,chronological,10,,,,,,22,45.0
10,2.0,14.0,repaired,as_printed,per_device_sf,100,,,,,,22,45.0
10,2.0,14.0,repaired,as_printed,per_device_sf,50,,,,,,22,45.0
10,2.0,14.0,repaired,as_printed,per_device_sf,20,,,,,,22,45.0
10,2.0,14.0,repaired,as_printed,per_device_sf,10,,,,,,22,45.0
10,7.0,14.0,as printed,corrected,chronological,100,,,,,,22,45.0
10,7.0,14.0,as printed,corrected,chronological,50,,,,,,22,45.0
10,2.0,14.0,repaired,as_printed,expanding,10,,,,,,22,45.0
10,2.0,14.0,repaired,as_printed,per_device_max,100,,,,,,22,45.0
10,2.0,14.0,repaired,as_printed,per_device_max,50,,,,,,22,45.0
10,2.0,14.0,repaired,corrected,expanding,50,,,,,,22,45.0
10,2.0,14.0,repaired,as_printed,chronological,50,,,,,,22,45.0
10,2.0,14.0,repaired,as_printed,chronological,20,,,,,,22,45.0
10,2.0,14.0,repaired,corrected,per_device_max,20,,,,,,22,45.0
10,2.0,14.0,repaired,corrected,per_device_max,10,,,,,,22,45.0
10,2.0,14.0,repaired,corrected,blocks,100,,,,,,22,45.0
10,2.0,14.0,repaired,corrected,blocks,50,,,,,,22,45.0
10,2.0,14.0,repaired,corrected,blocks,20,,,,,,22,45.0
11,7.0,14.0,repaired,corrected,expanding,10,,,,,,22,45.0
10,2.0,14.0,repaired,corrected,test_order,10,,,,,,22,45.0
10,2.0,14.0,repaired,corrected,expanding,100,,,,,,22,45.0
10,7.0,14.0,repaired,corrected,chronological,20,,,,,,22,45.0
10,2.0,14.0,repaired,corrected,expanding,20,,,,,,22,45.0
10,2.0,14.0,repaired,corrected,expanding,10,,,,,,22,45.0
10,2.0,14.0,repaired,corrected,per_device_max,100,,,,,,22,45.0
10,2.0,14.0,repaired,corrected,per_device_max,50,,,,,,22,45.0
10,2.0,14.0,as printed,as_printed,per_device_sf,20,,,,,,22,45.0
10,2.0,14.0,as printed,as_printed,per_device_sf,10,,,,,,22,45.0
10,2.0,14.0,repaired,corrected,chronological,100,,,,,,22,45.0
10,2.0,14.0,repaired,corrected,chronological,50,,,,,,22,45.0
10,2.0,14.0,repaired,corrected,chronological,20,,,,,,22,45.0
11,2.0,14.0,as printed,as_printed,expanding,100,,,,,,22,45.0
11,2.0,14.0,repaired,corrected,chronological,10,,,,,,22,45.0
11,2.0,14.0,repaired,corrected,test_order,100,,,,,,22,45.0
11,2.0,14.0,as printed,as_printed,per_device_max,50,,,,,,22,45.0
11,2.0,14.0,as printed,as_printed,per_device_max,20,,,,,,22,45.0
11,2.0,14.0,as printed,as_printed,per_device_max,10,,,,,,22,45.0
11,2.0,14.0,as printed,as_printed,blocks,100,,,,,,22,45.0
11,7.0,14.0,repaired,corrected,expanding,20,,,,,,22,45.0
11,2.0,14.0,as printed,as_printed,blocks,20,,,,,,22,45.0
11,2.0,14.0,as printed,as_printed,blocks,10,,,,,,22,45.0
11,2.0,14.0,as printed,as_printed,per_device_sf,100,,,,,,22,45.0
11,2.0,14.0,repaired,corrected,chronological,20,,,,,,22,45.0
11,2.0,14.0,as printed,as_printed,expanding,50,,,,,,22,45.0
11,2.0,14.0,as printed,as_printed,expanding,20,,,,,,22,45.0
11,2.0,14.0,as printed,as_printed,expanding,10,,,,,,22,45.0
11,2.0,14.0,as printed,as_printed,per_device_max,100,,,,,,22,45.0
11,2.0,14.0,as printed,as_printed,chronological,10,,,,,,22,45.0
11,2.0,14.0,as printed,as_printed,test_order,100,,,,,,22,45.0
11,2.0,14.0,as printed,as_printed,test_order,50,,,,,,22,45.0
11,2.0,14.0,as printed,as_printed,test_order,20,,,,,,22,45.0
11,2.0,14.0,as printed,as_printed,test_order,10,,,,,,22,45.0
11,2.0,14.0,repaired,corrected,expanding,100,,,,,,22,45.0
11,2.0,14.0,repaired,as_printed,chronological,100,,,,,,22,45.0
11,2.0,14.0,repaired,as_printed,chronological,50,,,,,,22,45.0
11,2.0,14.0,repaired,corrected,per_device_max,50,,,,,,22,45.0
11,2.0,14.0,repaired,corrected,per_device_max,20,,,,,,22,45.0
11,2.0,14.0,repaired,corrected,per_device_max,10,,,,,,22,45.0
11,2.0,14.0,repaired,corrected,blocks,100,,,,,,22,45.0
11,2.0,14.0,repaired,corrected,blocks,50,,,,,,22,45.0
11,2.0,14.0,repaired,corrected,test_order,50,,,,,,22,45.0
11,2.0,14.0,repaired,corrected,test_order,20,,,,,,22,45.0
11,2.0,14.0,repaired,corrected,test_order,10,,,,,,22,45.0
11,2.0,14.0,as printed,as_printed,chronological,100,,,,,,22,45.0
11,2.0,14.0,repaired,corrected,expanding,50,,,,,,22,45.0
11,2.0,14.0,repaired,corrected,expanding,20,,,,,,22,45.0
11,2.0,14.0,repaired,corrected,expanding,10,,,,,,22,45.0
11,2.0,14.0,repaired,corrected,per_device_max,100,,,,,,22,45.0
11,2.0,14.0,as printed,as_printed,per_device_sf,50,,,,,,22,45.0
11,2.0,14.0,as printed,as_printed,per_device_sf,20,,,,,,22,45.0
11,2.0,14.0,as printed,as_printed,per_device_sf,10,,,,,,22,45.0
11,2.0,14.0,repaired,corrected,chronological,100,,,,,,22,45.0
11,2.0,14.0,repaired,corrected,chronological,50,,,,,,22,45.0
10,2.0,14.0,as printed,corrected,per_device_max,50,,,,,,22,45.0
10,2.0,14.0,as printed,corrected,blocks,10,,,,,,22,45.0
10,2.0,14.0,as printed,corrected,per_device_sf,100,,,,,,22,45.0
10,2.0,14.0,as printed,corrected,per_device_sf,50,,,,,,22,45.0
10,2.0,14.0,as printed,corrected,per_device_sf,20,,,,,,22,45.0
10,2.0,14.0,as printed,corrected,per_device_sf,10,,,,,,22,45.0
10,2.0,14.0,as printed,corrected,expanding,100,,,,,,22,45.0
10,2.0,14.0,as printed,corrected,expanding,50,,,,,,22,45.0
10,2.0,14.0,as printed,corrected,expanding,20,,,,,,22,45.0
10,2.0,14.0,as printed,corrected,expanding,10,,,,,,22,45.0
10,2.0,14.0,as printed,corrected,per_device_max,100,,,,,,22,45.0
10,2.0,14.0,as printed,corrected,blocks,20,,,,,,22,45.0
10,2.0,14.0,as printed,corrected,per_device_max,20,,,,,,22,45.0
10,2.0,14.0,as printed,corrected,per_device_max,10,,,,,,22,45.0
10,2.0,14.0,as printed,corrected,chronological,100,,,,,,22,45.0
10,2.0,14.0,as printed,corrected,chronological,50,,,,,,22,45.0
10,2.0,14.0,as printed,corrected,chronological,20,,,,,,22,45.0
10,2.0,14.0,as printed,corrected,chronological,10,,,,,,22,45.0
10,2.0,14.0,as printed,corrected,test_order,100,,,,,,22,45.0
10,2.0,14.0,as printed,corrected,test_order,50,,,,,,22,45.0
10,2.0,14.0,as printed,corrected,test_order,20,,,,,,22,45.0
10,2.0,14.0,as printed,as_printed,chronological,100,,,,,,22,45.0
11,2.0,14.0,as printed,as_printed,chronological,50,,,,,,22,45.0
11,2.0,14.0,as printed,as_printed,chronological,20,,,,,,22,45.0
11,7.0,14.0,as printed,as_printed,chronological,20,,,,,,22,45.0
11,7.0,14.0,as printed,as_printed,chronological,10,,,,,,22,45.0
11,7.0,14.0,as printed,as_printed,test_order,100,,,,,,22,45.0
11,7.0,14.0,as printed,as_printed,test_order,50,,,,,,22,45.0
11,7.0,14.0,as printed,as_printed,test_order,20,,,,,,22,45.0
11,7.0,14.0,as printed,as_printed,test_order,10,,,,,,22,45.0
11,7.0,14.0,as printed,as_printed,chronological,100,,,,,,22,45.0
11,7.0,14.0,repaired,corrected,per_device_max,50,,,,,,22,45.0
11,2.0,14.0,repaired,corrected,per_device_sf,10,,,,,,22,45.0
10,2.0,14.0,as printed,as_printed,chronological,50,,,,,,22,45.0
10,2.0,14.0,as printed,as_printed,chronological,20,,,,,,22,45.0
10,2.0,14.0,as printed,as_printed,chronological,10,,,,,,22,45.0
10,2.0,14.0,as printed,as_printed,test_order,100,,,,,,22,45.0
10,2.0,14.0,as printed,as_printed,test_order,50,,,,,,22,45.0
10,2.0,14.0,as printed,as_printed,test_order,20,,,,,,22,45.0
11,7.0,14.0,repaired,corrected,per_device_max,100,,,,,,22,45.0
10,2.0,14.0,as printed,corrected,blocks,100,,,,,,22,45.0
10,2.0,14.0,as printed,corrected,blocks,50,,,,,,22,45.0
11,2.0,14.0,repaired,as_printed,per_device_max,100,,,,,,22,45.0
11,2.0,14.0,repaired,as_printed,blocks,20,,,,,,22,45.0
11,2.0,14.0,repaired,as_printed,blocks,10,,,,,,22,45.0
11,2.0,14.0,repaired,as_printed,per_device_sf,100,,,,,,22,45.0
11,2.0,14.0,repaired,as_printed,per_device_sf,50,,,,,,22,45.0
11,2.0,14.0,repaired,as_printed,per_device_sf,20,,,,,,22,45.0
11,2.0,14.0,repaired,as_printed,per_device_sf,10,,,,,,22,45.0
11,7.0,14.0,repaired,corrected,blocks,100,,,,,,22,45.0
11,7.0,14.0,repaired,corrected,blocks,50,,,,,,22,45.0
11,2.0,14.0,repaired,as_printed,expanding,20,,,,,,22,45.0
11,2.0,14.0,repaired,as_printed,expanding,10,,,,,,22,45.0
11,7.0,14.0,repaired,as_printed,chronological,50,,,,,,22,45.0
11,2.0,14.0,repaired,as_printed,per_device_max,50,,,,,,22,45.0
11,2.0,14.0,repaired,as_printed,per_device_max,20,,,,,,22,45.0
11,2.0,14.0,repaired,as_printed,per_device_max,10,,,,,,22,45.0
11,2.0,14.0,repaired,as_printed,blocks,100,,,,,,22,45.0
11,2.0,14.0,repaired,as_printed,blocks,50,,,,,,22,45.0
11,2.0,14.0,repaired,as_printed,chronological,20,,,,,,22,45.0
11,2.0,14.0,repaired,as_printed,chronological,10,,,,,,22,45.0
11,2.0,14.0,repaired,as_printed,test_order,100,,,,,,22,45.0
11,2.0,14.0,repaired,as_printed,test_order,50,,,,,,22,45.0
11,2.0,14.0,repaired,as_printed,test_order,20,,,,,,22,45.0
10,7.0,14.0,as printed,as_printed,per_device_sf,50,,,,,,22,45.0
10,7.0,14.0,repaired,corrected,chronological,10,,,,,,22,45.0
10,7.0,14.0,repaired,corrected,test_order,100,,,,,,22,45.0
10,7.0,14.0,repaired,corrected,test_order,50,,,,,,22,45.0
10,7.0,14.0,repaired,corrected,test_order,20,,,,,,22,45.0
10,7.0,14.0,repaired,corrected,test_order,10,,,,,,22,45.0
10,7.0,14.0,as printed,as_printed,blocks,100,,,,,,22,45.0
10,7.0,14.0,as printed,as_printed,blocks,50,,,,,,22,45.0
10,7.0,14.0,as printed,as_printed,blocks,20,,,,,,22,45.0
10,7.0,14.0,as printed,as_printed,blocks,10,,,,,,22,45.0
10,7.0,14.0,as printed,as_printed,per_device_sf,100,,,,,,22,45.0
11,2.0,14.0,repaired,as_printed,test_order,10,,,,,,22,45.0
10,7.0,14.0,as printed,as_printed,per_device_sf,20,,,,,,22,45.0
10,7.0,14.0,as printed,as_printed,per_device_sf,10,,,,,,22,45.0
11,7.0,14.0,repaired,corrected,blocks,20,,,,,,22,45.0
11,7.0,14.0,repaired,corrected,blocks,10,,,,,,22,45.0
11,7.0,14.0,repaired,corrected,per_device_sf,100,,,,,,22,45.0
11,7.0,14.0,repaired,corrected,per_device_sf,50,,,,,,22,45.0
11,7.0,14.0,repaired,corrected,per_device_sf,20,,,,,,22,45.0
11,7.0,14.0,repaired,corrected,per_device_sf,10,,,,,,22,45.0
11,7.0,14.0,repaired,as_printed,chronological,100,,,,,,22,45.0
10,7.0,14.0,repaired,corrected,blocks,10,,,,,,22,45.0
11,7.0,14.0,repaired,corrected,per_device_max,10,,,,,,22,45.0
10,7.0,14.0,repaired,corrected,per_device_sf,10,,,,,,22,45.0
10,7.0,14.0,repaired,as_printed,chronological,100,,,,,,22,45.0
10,7.0,14.0,repaired,as_printed,chronological,50,,,,,,22,45.0
10,7.0,14.0,repaired,as_printed,chronological,20,,,,,,22,45.0
10,7.0,14.0,repaired,as_printed,chronological,10,,,,,,22,45.0
10,7.0,14.0,repaired,corrected,blocks,100,,,,,,22,45.0
10,7.0,14.0,repaired,corrected,blocks,50,,,,,,22,45.0
10,7.0,14.0,repaired,corrected,blocks,20,,,,,,22,45.0
10,7.0,14.0,repaired,corrected,per_device_sf,20,,,,,,22,45.0
10,7.0,14.0,repaired,as_printed,per_device_sf,100,,,,,,22,45.0
10,7.0,14.0,repaired,as_printed,per_device_sf,50,,,,,,22,45.0
10,7.0,14.0,repaired,as_printed,per_device_sf,20,,,,,,22,45.0
10,7.0,14.0,repaired,as_printed,per_device_sf,10,,,,,,22,45.0
11,2.0,14.0,repaired,corrected,blocks,20,,,,,,22,45.0
11,2.0,14.0,repaired,corrected,blocks,10,,,,,,22,45.0
11,2.0,14.0,repaired,corrected,per_device_sf,100,,,,,,22,45.0
11,2.0,14.0,repaired,corrected,per_device_sf,50,,,,,,22,45.0
11,2.0,14.0,repaired,corrected,per_device_sf,20,,,,,,22,45.0
10,7.0,14.0,repaired,as_printed,blocks,20,,,,,,22,45.0
11,2.0,14.0,repaired,as_printed,expanding,100,,,,,,22,45.0
11,2.0,14.0,repaired,as_printed,expanding,50,,,,,,22,45.0
10,7.0,14.0,repaired,as_printed,per_device_max,100,,,,,,22,45.0
10,7.0,14.0,repaired,as_printed,per_device_max,50,,,,,,22,45.0
10,7.0,14.0,repaired,as_printed,per_device_max,20,,,,,,22,45.0
10,7.0,14.0,repaired,as_printed,per_device_max,10,,,,,,22,45.0
10,7.0,14.0,repaired,as_printed,blocks,100,,,,,,22,45.0
10,7.0,14.0,repaired,as_printed,blocks,50,,,,,,22,45.0
10,7.0,14.0,repaired,corrected,per_device_sf,50,,,,,,22,45.0
10,7.0,14.0,repaired,as_printed,blocks,10,,,,,,22,45.0
10,7.0,14.0,repaired,as_printed,test_order,100,,,,,,22,45.0
10,7.0,14.0,repaired,as_printed,test_order,50,,,,,,22,45.0
10,7.0,14.0,repaired,as_printed,test_order,20,,,,,,22,45.0
10,7.0,14.0,repaired,as_printed,test_order,10,,,,,,22,45.0
10,7.0,14.0,repaired,as_printed,expanding,100,,,,,,22,45.0
10,7.0,14.0,repaired,as_printed,expanding,50,,,,,,22,45.0
10,7.0,14.0,repaired,as_printed,expanding,20,,,,,,22,45.0
10,7.0,14.0,repaired,as_printed,expanding,10,,,,,,22,45.0
10,7.0,14.0,repaired,corrected,per_device_sf,100,,,,,,22,45.0
12,2.0,20.0,repaired,as_printed,chronological,10,5.2,1.7,2.7083333333333335,224.50911512662796,146.78163296146602,0,46.73740814214273
12,2.0,20.0,as printed,as_printed,chronological,10,5.2,1.7,2.7083333333333335,224.50911512662796,146.78163296146602,0,46.73740814214273
